cell_id,roi_index_1based,source_record_index_1based,branch_file,local_index_1based,area_pixels,area_um2,height_pixels,width_pixels,components_8connected,sha256_mask_C_order
20210805A07_1,1,1,1.mat,1,37,1.293853,7,7,1,dd987f42f23746c952c4f2e086cfa9f16f7158a6e85fbe0a1f2e63a1a9ee5cd4
20210805A07_1,2,2,1.mat,2,13,0.45459700000000003,2,12,1,2884f14fef00aee90a41fcde9efc2b9199bb377cac84a1dac36aadd6d551ef9b
20210805A07_1,3,3,1.mat,3,9,0.31472100000000003,2,6,1,65bf6d4264cbf8678a18c37e9a73b704a77b0f373461c62138729e2df37eaf36
20210805A07_1,4,4,1.mat,4,46,1.608574,9,10,1,e0300356cabd00947af2c00f4b634b740a3055ce5724789600bc077fd34fd53f
20210805A07_1,5,5,1.mat,5,12,0.419628,3,4,1,b362a89477f3b910f15122d4352ba76f0a15ffef2061317d28239f377374127a
20210805A07_1,6,6,1.mat,6,28,0.979132,10,8,1,22c27dc4c5e6efa02561d13ef8ef78f19158d25bcc50c1b27869edad607fd350
20210805A07_1,7,7,1.mat,7,27,0.944163,7,5,1,a97936b42dcce1754133f3deeb643c2f2deaa22ef7d8e052807b6199896a569c
20210805A07_1,8,8,1.mat,8,92,3.217148,12,13,1,f9c6818767065c1b0bee310fffeb57e1b159c80dbb99a50dd67d68349a9b342b
20210805A07_1,9,9,1.mat,9,25,0.874225,7,7,1,645c14172f3f6f45758115b0479e96bc0f77601850fcd25d61dca5ee3ae40cd3
20210805A07_1,10,10,1.mat,10,42,1.468698,8,7,1,e4b28c406f3300d3f7479decfc965ee72547e46aab38ead407408c51d09860ff
20210805A07_1,11,11,1.mat,11,32,1.119008,5,7,1,4a21bf7d4b0ea2aa39c1cd5bb30f92a1f540ab0900dbef8965705b2622ff19b8
20210805A07_1,12,12,1.mat,12,37,1.293853,7,9,1,42e4c6e5272f2a2306d250f564fa2f1b23f3713cf9c42eb0a3d975bbbee39964
20210805A07_1,13,13,1.mat,13,9,0.31472100000000003,3,3,1,dff57e556a3e7f7f379db4c6f41b57b77afcafacf8ae9de5f95c5b60ea43ef18
20210805A07_1,14,14,1.mat,14,28,0.979132,7,10,1,02603b29a3513609bfff99bbbed30875f49c35885024471e94c7abcd61a02ed8
20210805A07_1,15,15,1.mat,15,26,0.9091940000000001,5,8,1,bea9e2f8cb3426fd43c54fcbf758cfa0e8ce66593a560272ab682a40c1f063cb
20210805A07_1,16,16,1.mat,16,9,0.31472100000000003,3,3,1,1622e4583aa68352f68629b3fc72f3cac3c4f03de9f17e8d359baaed45bd239d
20210805A07_1,17,17,1.mat,17,5,0.174845,2,4,1,5ce0a3ec9c822c364a6044f480304ec484706985675104cb05a3b19d23a7989e
20210805A07_1,18,18,1.mat,18,37,1.293853,5,10,1,ec54bb57802a1f5d67fbb87720278d0d9d1609d2cbe9c29e808a3188b046a9b3
20210805A07_1,19,19,1.mat,19,15,0.524535,4,7,1,c907085744fc5a0ad3795ef6f03c0278b3cc2319bd252a2f73f58cb062b81605
20210805A07_1,20,20,1.mat,20,18,0.6294420000000001,9,4,1,8ca4ab983788f17e733dc02896c1bca28ca3a6dcd3aa95045484538e6916503e
20210805A07_1,21,21,1.mat,21,21,0.734349,4,6,1,82e7d1dc55ab84362d325cf17069b31e72bd8ec41dd9a051c5f20dfa11ab97e2
20210805A07_1,22,22,1.mat,22,98,3.426962,9,18,1,c42e2660376765ee54794c6e64f44655ad8435cd2c09e969500b2d3532bdd554
20210805A07_1,23,23,1.mat,23,39,1.363791,10,12,1,e56fb2e07c818fcadf803d0670a99e173b17e9b86532e010a231e432e67d9478
20210805A07_1,24,24,1.mat,24,13,0.45459700000000003,4,5,1,dd9a44ca9fad025badb84bae428998a10ccde4b6aa7f4360fc20866095c7265c
20210805A07_1,25,25,1.mat,25,69,2.412861,15,10,1,f7a9bb3a692a4f16e415cda2394dc100739fc6f91ea5469b382f603ecda6c6bb
20210805A07_1,26,26,1.mat,26,7,0.244783,5,2,1,da8a10966c953f4ed1359dd91a8f6bc820ac0c1e190a4de989ec3be52e6656be
20210805A07_1,27,27,1.mat,27,12,0.419628,6,4,1,46570f09bc89a23569f502a783ebfa4f17a111cb96914e4c09e6eb304930215e
20210805A07_1,28,28,1.mat,28,9,0.31472100000000003,3,3,1,e56137e48ca8c051c2eb24e542d29d5fea1164a0887e29b26511e6b662c22175
20210805A07_1,29,29,1.mat,29,11,0.384659,3,4,1,535d8865848f6e3937754b278ff05b58850052f203fa88fa60cbe7cfffb19d66
20210805A07_1,30,30,1.mat,30,34,1.188946,5,9,1,418794b86e633a5fc18be0171d6020e768538502652bc600e9ef73e4b958bc86
20210805A07_1,31,31,1.mat,31,4,0.139876,3,2,1,9230aafd5f01e7c091feb8205a3b32c9c2d4d2ee58e46b32cae1ef36fd792378
20210805A07_1,32,32,1.mat,32,15,0.524535,4,4,1,91dba3daa912ab752aab02627bb61828aadabc06efcb0595747c9d9c65ebbd38
20210805A07_1,33,33,1.mat,33,120,4.19628,18,12,1,ea6a36ada4b06de39ab28196154471264c6363d7e7aabdc97ea31333b09241eb
20210805A07_1,34,34,1.mat,34,98,3.426962,13,17,1,e1f56fcfb78877385582e1ff5f99afef9233d1b032821f49ba7112bcfb0b2eee
20210805A07_1,35,35,1.mat,35,68,2.377892,7,16,1,048e804ed690b2862017894cae7eb88e0c52dfe33722a3bf069c2d58525dc7f0
20210805A07_1,36,36,1.mat,36,4,0.139876,2,3,1,5327c4fecaff9f86ccf3f8c603b8e26769f05d1ad9948bc3f5bfb61d2a4e1b37
20210805A07_1,37,37,1.mat,37,12,0.419628,4,3,1,849182b78f38ba763d9d72589f2677c37d719c252671994ddb17c53a5f5e256e
20210805A07_1,38,38,1.mat,38,14,0.489566,7,8,1,2a36b7733b49150a4d61cf9778e67f0f31812f5b2b5cee0c7829f812654e7ba7
20210805A07_1,39,39,1.mat,39,8,0.279752,4,3,1,9e15612a0b8f2270a223fcab36e9d9b0bf1510152c11e7b19850f5b43b8eea7d
20210805A07_1,40,40,1.mat,40,26,0.9091940000000001,8,8,1,173096ee7160f78932cc39d174a6d85bbe6585a866559894b8ecda79a983fd0e
20210805A07_1,41,41,1.mat,41,17,0.594473,10,6,1,ac959ff5cd92d0e68d4aacba867b9d664c867e4a62f9688dc9f4350e10683edd
20210805A07_1,42,42,1.mat,42,55,1.923295,7,12,1,659d93e799089747b989cd551c0912a4e8a9362b73c720a1bd7d71b983613868
20210805A07_1,43,43,1.mat,43,27,0.944163,5,6,1,46fc8a6cff2ee503019ef40b571e19bf28e8754d20b92d0aae40a1f60975d1d9
20210805A07_1,44,44,1.mat,44,26,0.9091940000000001,9,12,1,4850c24e4311cc46947d078218d99f9d81bbee2da6a1f6fb7bd7f570b2d34b4c
20210805A07_1,45,45,1.mat,45,9,0.31472100000000003,3,3,1,e36bde1efa108159ff5bfb144be7162566933d84b8b4b5acf1e2f573a2f081ff
20210805A07_1,46,46,1.mat,46,40,1.39876,6,9,1,7fcfde78d49c788421872d472369cb90f3b79e3a9aedcfeb1c5c176aac7ea4a4
20210805A07_1,47,47,1.mat,47,64,2.238016,13,10,1,2e285428e3cff543604cefc02368bde112bf3df303ce90605691d00667516c99
20210805A07_1,48,48,1.mat,48,4,0.139876,2,4,1,57b66946bbbe0a35d68a595712956797da082daf58b8436856d3cd9ec5e622ab
20210805A07_1,49,49,1.mat,49,4,0.139876,4,1,1,b04802cb5366b1cd353b2f4f720dd0270abadd0c79d623e4e37f9572b8f32f79
20210805A07_1,50,50,1.mat,50,4,0.139876,4,2,1,46cf00fca651a05841495d3c7f3900e8b091dabc7ea64782345c4b1d99f5a896
20210805A07_1,51,51,1.mat,51,9,0.31472100000000003,3,3,1,0ae6ef563031b35f959475abacc1ecc222614f4f77c02bd10111cb07fb5d366f
20210805A07_1,52,52,1.mat,52,25,0.874225,6,5,1,7a03d260a08e285e6cf928455abf6109a4e8ce7228b7203c27015c4230397b9a
20210805A07_1,53,53,1.mat,53,26,0.9091940000000001,8,6,1,bafa6b0ab9efc1b75f14eda735164bff317252047b8b10ebb5669146c648b9b5
20210805A07_1,54,54,1.mat,54,63,2.203047,10,8,1,d7ece3c10721a43edb26b15d74682d40c38207148448ec814d01c743e32326cb
20210805A07_1,55,55,1.mat,55,72,2.5177680000000002,9,11,1,54759d2a6ccd5347f7db8c4fe595a6c88048f8ae497d76287c214fdc14225f7c
20210805A07_1,56,56,1.mat,56,5,0.174845,2,3,1,5ce1f9f47f55bd4310bb22317bac9f58aabdcbf50aa48a7fb38532859e25d387
20210805A07_1,57,57,1.mat,57,7,0.244783,4,4,1,435355cf2023acd4b4bdf87bc74a710c600945fe2531f6b8c4e7cff709d1c082
20210805A07_1,58,58,1.mat,58,4,0.139876,3,3,1,e42a893e767a5816f888884e058fc201b06bb1f6298a5458589045ffb1fe01a7
20210805A07_1,59,59,1.mat,59,25,0.874225,5,6,1,65c9d3a71b511d7c56843963d302a794dc907e44d8b51ab22f5a2129b54e8436
20210805A07_1,60,60,1.mat,60,12,0.419628,3,4,1,39a2b16a5214038496a0532e78cf2439ad85735a162688ea4e69583c00a3fe45
20210805A07_1,61,61,1.mat,61,6,0.209814,4,3,1,119a7e4b52599cdfd0ff48b065e108a068b3ce03414492f7e899ef6f6bbbfc7d
20210805A07_1,62,62,1.mat,62,27,0.944163,7,7,1,f4cdd2ad31f79effa000ff771913a9b3a18ce5855adacfd8bdb4f7d1fb2e047a
20210805A07_1,63,63,1.mat,63,59,2.063171,13,8,1,3390103c7ac144418d2973747b2092f2a16294d7be0e504354e3f2bf96ac7397
20210805A07_1,64,64,1.mat,64,17,0.594473,7,5,1,dc5caca71e068b414257efb6d4780f71fda6cdb09ea2b7437bfa2fa7b18383a7
20210805A07_1,65,65,1.mat,65,28,0.979132,9,9,1,0235f495108b0c54bf8d4a2dfe8260f0e8e89cdfe64af2795a41989ff11d1f35
20210805A07_1,66,66,1.mat,66,4,0.139876,3,3,1,c46392406b75e940ac53758223566c1e1ae8bdc735762dfcb85c7c762bc7dcaf
20210805A07_1,67,67,1.mat,67,190,6.64411,21,15,1,77c5c0dc35b54082a5edf0d4fe03f24578beb02c2273f25988a9240fac46c700
20210805A07_1,68,68,1.mat,68,9,0.31472100000000003,4,6,1,00908e6178eb0ff92c32c2dd70661fdf3bb62a90acb84c76c35bc196aeec2e09
20210805A07_1,69,69,1.mat,69,15,0.524535,4,4,1,5bc97bceea976a21c1aa13438fc08e031afe21ecd803539424e7f118ff93bbac
20210805A07_1,70,70,1.mat,70,42,1.468698,5,10,1,4cbdbdbb63a1e28df7fe763377c401ee36f1bef00b4905e31e277477fcc9cc98
20210805A07_1,71,71,1.mat,71,18,0.6294420000000001,14,5,1,35aca6707a7ae0d38f564c47bc849199cc175f460173b80cada91bdd2912946e
20210805A07_1,72,72,1.mat,72,9,0.31472100000000003,3,3,1,a349aa14853f0527d7a366cf12d334bd0c05fdd699544692aec1b7680f686828
20210805A07_1,73,73,1.mat,73,36,1.2588840000000001,9,6,1,0d210d5a41013cd12c006b48f5b7cc98a2fc24d64e8efac42363f53f1592cefe
20210805A07_1,74,74,1.mat,74,27,0.944163,8,10,1,4dc32e413f56c98fe874535ed26feaaacc8afed07ac946fde6f03306ea45dce7
20210805A07_1,75,75,1.mat,75,5,0.174845,4,3,1,5b9a6051f89b1a61ee236f66ce14e2f6dc1c9388b6b6fe0af18ac16c5b82be3b
20210805A07_1,76,76,1.mat,76,4,0.139876,3,2,1,561713b6b5b0fe17930ead2d9ccb13e1cb1a57b3b083c6dbecedf8d09b711609
20210805A07_1,77,77,1.mat,77,85,2.972365,12,20,1,74c4de159ba0ff6ffe0339b59927d46639b1b8113f08f94b3cdfb6ad435f50ce
20210805A07_1,78,78,2.mat,1,126,4.406094,15,12,1,352b43c22c4f4e7589125d53079db1ac2fdaf854bd753a2b9169bcff3a7b17f8
20210805A07_1,79,79,2.mat,2,11,0.384659,3,9,1,a17df3041184e46cc65f1b11d156b3db7d79de0f255e15274347e759f4543c82
20210805A07_1,80,80,2.mat,3,13,0.45459700000000003,6,6,1,36c77e00224b2cc9f3438f45a19cee92c3333e4f73cb0ffbe5d472a679c118bd
20210805A07_1,81,81,2.mat,4,31,1.084039,6,8,1,5e735f5b04c22dd2917d4782316f95bda1c837d05bb546154c253eb711ce9e88
20210805A07_1,82,82,2.mat,5,72,2.5177680000000002,10,12,1,d027bfc5e272a9fe79a189c0140eecbd928e0705df80eb316eb73752858309aa
20210805A07_1,83,84,2.mat,7,15,0.524535,5,3,1,95372fc055bdae1d88f9fe9bfcfc1cf80f01e77b570f5a5db6ee140d48e02885
20210805A07_1,84,85,2.mat,8,44,1.538636,15,14,1,b9417e18d8aa5199b22a799c287f5efb040e6575e078562f3495110a55a568ba
20210805A07_1,85,86,2.mat,9,33,1.153977,10,8,1,140cc17a284ce1c7541aec071d6cd9115c74f0c6ae9216f0c8e0ee6c161f4bff
20210805A07_1,86,87,2.mat,10,6,0.209814,5,5,1,7e2e7d7913367acb32c59d7360737cb99e2a128d8aa937b418f8de160285067b
20210805A07_1,87,88,2.mat,11,17,0.594473,5,5,1,6227fd056ad11d8e489abeeafc564017b440e1e6f91f78cbaf11df907f75ca9e
20210805A07_1,88,89,2.mat,12,11,0.384659,4,4,1,e514de4c6f9dfa33303592a6123fa1d897c2cf119f9a47e7fac860298cddc35b
20210805A07_1,89,90,2.mat,13,5,0.174845,3,4,1,dd4f60d2504b0040b46f88424eecd39757191953e6306f615b4868758ffe2523
20210805A07_1,90,91,2.mat,14,9,0.31472100000000003,3,3,1,c80f1daba823c05c2939c999c998cd99dad38e8b7fa57c499cfb567731f24aa0
20210805A07_1,91,92,2.mat,15,15,0.524535,4,4,1,ae2b75ff6135134e05efee3c552914dca6bb951ecc4cf7067ba4e25f3a78f2a8
20210805A07_1,92,93,2.mat,16,45,1.573605,9,6,1,25d3b353742bde603547d5fbd423bec844c6c865674484c224c2afc0d2613c4d
20210805A07_1,93,94,2.mat,17,5,0.174845,3,5,1,25ac1d8adce11e8a03b23920f627d986f322fe197d3904568652bef65ff7c9dd
20210805A07_1,94,95,2.mat,18,101,3.531869,15,11,1,4bed51acd8e11b7915b145fc5e5b8fe8e15e0df8101443deb31f442ad2b60d92
20210805A07_1,95,96,2.mat,19,14,0.489566,4,4,1,b798d5250734a648bdf035b93618f9c60c7fdad82a4cef2549b5fe648a693a71
20210805A07_1,96,97,2.mat,20,8,0.279752,4,3,1,aea522c133a46644a24caab7d7bea6cede5facc8f47e0cbc1946789fc41255d2
20210805A07_1,97,98,2.mat,21,29,1.014101,8,5,1,8612be7d13488a6d165797bedf31eefb0ddcdd4a832f42ac10892f3a8cb5af6f
20210805A07_1,98,99,2.mat,22,11,0.384659,4,4,1,3476bb664f27b578436a9759d153bac42b3f0a1a997c9330ecf666c845c21552
20210805A07_1,99,100,2.mat,23,23,0.804287,6,4,1,db5f75c4c6c1c4ffbe28933a62af51350f937aea68b274fdf7342b604af8729c
20210805A07_1,100,101,2.mat,24,42,1.468698,8,11,1,138ce4277605d84531eafbb17160fab4d661b7cd459166e9076fd4776ca7d1ef
20210805A07_1,101,102,2.mat,25,15,0.524535,4,4,1,026e2207e0b509c0a8bdc4205aee4bbb7016e83d136927533c4cb9151aee9560
20210805A07_1,102,103,2.mat,26,85,2.972365,21,9,1,c6afcbfad9f42586461e2794fbbf84b58e73732ce6fbf8dd1bbac96f6762cef4
20210805A07_1,103,104,2.mat,27,61,2.133109,16,10,1,5e346627ce8643c3424c31d448aa7f54d0ae5469e5a18312c0299eab5009f7c8
20210805A07_1,104,105,2.mat,28,129,4.511001,18,10,1,2cba354f11f23091e527eb0cf6ff16acd4ba42dabc76b275be60d169288baa00
20210805A07_1,105,106,2.mat,29,36,1.2588840000000001,11,11,1,0c4e8dc1304b58940d17c0ed3495edb2b1ca70491e1c53f26842d10fdb5dbd4e
20210805A07_1,106,107,2.mat,30,15,0.524535,8,5,1,95eddbbe38a567e7a88a98ab4ec0098549267670ceceeba85a8f377bda6fdf18
20210805A07_1,107,108,2.mat,31,37,1.293853,11,10,1,7ff1896011ddf2d014186943546e461d1ad4c91335430d705c119bf5d53cb035
20210805A07_1,108,109,2.mat,32,5,0.174845,3,3,1,9150c3c1cf927dd49e0076103d17fcf7645d65b3632893f5337f8f48139eac25
20210805A07_1,109,110,2.mat,33,81,2.832489,15,14,1,39b60216a2a930fc324e271406490a20821b843575674c08c2dd370c1497afb6
20210805A07_1,110,111,2.mat,34,57,1.993233,10,10,1,2b531efaa794954d16a1c5007bec16fca06907c860ee7ca303c4af3935900de3
20210805A07_1,111,112,2.mat,35,12,0.419628,3,4,1,02b3bfbcfe79dea72d17c647214c52580a0cb338f87306375cea80242adf0e37
20210805A07_1,112,113,2.mat,36,46,1.608574,8,10,1,96c646683358d1e63543bc5108db37909debbdbd788736ec3b71668156320fcb
20210805A07_1,113,114,2.mat,37,5,0.174845,2,4,1,1921ce92551d78afa0453d9091a609673f3656f22bd07f6665c3ea1d4712e194
20210805A07_1,114,115,3.mat,1,12,0.419628,4,8,1,d720fc5a01b6a609d5f8436533e67b05c31267b3f04e9099b92c72bd20c39bc2
20210805A07_1,115,116,3.mat,2,24,0.839256,5,6,1,c39efd5e5c47cda14992650305962a151f4779b4432937d2ec38f99a999a04b0
20210805A07_1,116,118,3.mat,4,8,0.279752,4,4,1,1cd0518e090a85e6ae99d2a26c0ead69fe5500d498ec56e38e01fbdf05a12f59
20210805A07_1,117,119,3.mat,5,8,0.279752,5,4,1,7538dffd7d78b05912f9a96c8aa0a5d1221c22710659d54dc04939f1e35df7de
20210805A07_1,118,120,3.mat,6,12,0.419628,4,3,1,c5b3143fef72a835990512afa17fa7d92fc9691cb4dd830880aab6b161bd22ef
20210805A07_1,119,121,3.mat,7,15,0.524535,3,5,1,72d8d54211c443e1f167a82cf780e2dde171da920710d572990a3737f268f2b7
20210805A07_1,120,122,3.mat,8,36,1.2588840000000001,17,5,1,b02fc654e1070aeeb027cb905f0f5da15ef8498f52513bb76a61551163b05581
20210805A07_1,121,123,3.mat,9,10,0.34969,2,7,1,364bfc1fd472bd2eb14adda8b7702232944a9cc37793c054f45f212a242a68fa
20210805A07_1,122,124,3.mat,10,9,0.31472100000000003,3,3,1,f1521757bf95dff464fe1feeb204f5bb94112e6f2c3757a4492ca5c36481ccbe
20210805A07_1,123,126,3.mat,12,5,0.174845,1,5,1,2c6fcf664220fa5a8176136802483d561ee27f967a1b11a41df71d616dd5224f
20210805A07_1,124,127,3.mat,13,4,0.139876,3,2,1,0ea227edbe317a36bc3877414c55801a5cc2c46b865484638da698ace789cafe
20210805A07_1,125,128,3.mat,14,9,0.31472100000000003,3,3,1,a4517b0f0d137441bc5b7c19a8a1e83b38f0cb492700f38e0292cb43082e0bb0
20210805A07_1,126,129,3.mat,15,19,0.664411,6,5,1,308aaa5715f4061c8ea3aead8da59d95a88f6439384caa8c4e80236893826c0a
20210805A07_1,127,130,3.mat,16,16,0.559504,4,4,1,1a9ac1bed0b187f0ec5ac086a51b58ce594a716764771a6e5e7d06e1f94f1632
20210805A07_1,128,131,3.mat,17,9,0.31472100000000003,3,3,1,5a170990f517c92a23bbbb7464594d620428f5fe94d0becf9de9a0a7b1c0ad85
20210805A07_1,129,132,3.mat,18,7,0.244783,3,4,1,74b2ed9fbb5a1a24bb95f1cf8cf066c1bda611d2d7257f86faab090e2213cff8
20210805A07_1,130,133,3.mat,19,9,0.31472100000000003,5,4,1,b57207bb7b1a59640ff5ef134a07d588fb9b6a0f31823fea4498af050ad4c048
20210805A07_1,131,134,3.mat,20,23,0.804287,5,10,1,300726782004a9dd3cc961ca90fa3b258dc03da091a225b50a749729e5239b46
20210805A07_1,132,135,3.mat,21,10,0.34969,3,4,1,e881b371bfed2723ed93fec2f83d9bc234c7f53a8a66d4a7e4619175a0829e1b
20210805A07_1,133,136,3.mat,22,34,1.188946,15,12,1,320df68c65a13311b3b1ba7d17b82b1266f261b6986accc7779ec86b4fc02367
20210805A07_1,134,137,3.mat,23,30,1.04907,9,8,1,15b6c8d92b801f6774251053972d95fe1048fb8b3c33b7604bd47cf0b3f93121
20210805A07_1,135,138,3.mat,24,5,0.174845,5,2,1,bab7b6b1c653b1b2423a16fbc7aa606b5df4788b38a39e5357b4170bedfa5d45
20210805A07_1,136,139,3.mat,25,13,0.45459700000000003,4,6,1,6cb6364e8694d086def8c8e2205a369a5b75173fc4d0a49122c7bf544660f68d
20210805A07_1,137,140,3.mat,26,23,0.804287,6,12,1,9e87cf659debdf33eb86c35e06869a5f8ada4b51cf17a23318f8f4f810850144
20210805A07_1,138,141,3.mat,27,29,1.014101,5,8,1,8baef08a9bdfdaf40c5224412be399b8bf335c83cde4481354178ddaab4f9b2d
20210805A07_1,139,142,3.mat,28,17,0.594473,3,7,1,3aae0d046e2c744ce3efc9efe84e2db840ae8f8aa8dc622740be6886df371efd
20210805A07_1,140,143,3.mat,29,18,0.6294420000000001,7,5,1,13c31754a689e6011ed2441022923c8d3d34f8f3dfa077adaef8cc420ddf82e3
20210805A07_1,141,144,3.mat,30,6,0.209814,6,3,1,57da3f1ff3e591884a15881b6ae1c1f3c0d88c7375d59f7c9079ebe70d59cf7f
20210805A07_1,142,145,3.mat,31,9,0.31472100000000003,3,3,1,f7fe8443ed55cffcc96935c1b275ad03e05dab0c7cb75509f95eef192c2661c2
20210805A07_1,143,146,3.mat,32,104,3.6367760000000002,14,14,1,e672354b90c2009e1b6ce2829c69e8a09c4ed179a0b05afa6124da44b694ea23
20210805A07_1,144,147,3.mat,33,15,0.524535,8,6,1,7fe63b85547bc9003d111f8e96bd509b050c004f9e50dc393ce1b34a7abd5af7
20210805A07_1,145,148,3.mat,34,8,0.279752,3,4,1,3231f7a682f2f7197dd97c4934665472f4eb009e3743c09dc0c3339d4876328c
20210805A07_1,146,149,3.mat,35,15,0.524535,4,5,1,2acf6b06453e5b1881da196260ec20360f3297b462650b715e1ee820ddbe35e4
20210805A07_1,147,150,3.mat,36,27,0.944163,7,8,1,d0469947d08302882a0e873b7e35c35a76d5103b7ca447bb54245c3d87616a3c
20210805A07_1,148,151,3.mat,37,68,2.377892,14,11,1,2c5f9d90754a9dd60112f7c70f4571291a43b75a7b4e56fa95178eeae477d3d1
20210805A07_1,149,152,3.mat,38,4,0.139876,4,1,1,ec59f06bf2d3a91049b27e537921009ddbe94953c40877e4d2e8132bba1d2149
20210805A07_1,150,153,3.mat,39,55,1.923295,10,7,1,9c9f7f113629cb7c4605fb0be74217ce881b29df04cd0119bc72412e4170b382
20210805A07_1,151,154,3.mat,40,17,0.594473,6,7,1,b6ccaae93a9332657799be290f5df92cbbbc599ddb83c6298561753d90d8bf26
20210805A07_1,152,155,3.mat,41,9,0.31472100000000003,3,5,1,d2b66acf557c9c2e4f686b95b22322b7e5d4ba234c22f5472beb26595eaf6792
20210805A07_1,153,156,3.mat,42,49,1.713481,8,9,1,d2a8901c89380dceb3de687511115cc89f5d519d4343605f905c3d9fba9ede68
20210805A07_1,154,157,3.mat,43,34,1.188946,15,16,1,b33d3af2b26ea098680dfa0976780137a3a775bd9d01af20d77811372304c9e1
20210805A07_1,155,158,3.mat,44,8,0.279752,5,3,1,7ec85cde6847cf2d186163bdf199e1a9833b7383007631657902de6249b22b33
20210805A07_1,156,159,3.mat,45,42,1.468698,9,7,1,4f697f17aff46366781769806245dec8ef837931ce5250cca0f34f6e3d600478
20210805A07_1,157,160,3.mat,46,14,0.489566,7,6,1,27970fb9cd04a70ff90cc7aaf0794d870b23ebf9056d7bd0e7e41d53095158c2
20210805A07_1,158,161,3.mat,47,4,0.139876,1,4,1,bf135b6de8d7bfe83cbcbef9c5f48a609f51a3001d695d94c628ed295a26e9a8
20210805A07_1,159,162,3.mat,48,122,4.266218,16,21,1,aeed27b6bf3897db7658d22b2681a4f8d5cd42028ad0682870082ca4bf175098
20210805A07_1,160,163,3.mat,49,9,0.31472100000000003,3,3,1,89f97a710a7d1ca598c2e3bd9265cf1a88efd5a5530962fcf331001a34ae1ed8
20210805A07_1,161,164,3.mat,50,9,0.31472100000000003,3,3,1,ef420acf35616130453089f491f5573e86b09a9bf3a0c8dc8a571ecd957abc1c
20210805A07_1,162,165,3.mat,51,39,1.363791,10,8,1,944cddbb6a08e746e9cd98fc28284a1a52edf20cdd272f4e1b00caa2fb652c5d
20210805A07_1,163,167,3.mat,53,25,0.874225,7,5,1,aecefcf6a9d20a8c38a0761ea90873dcd8ac9cf1f733eb09bdb8dc4f1b047921
20210805A07_1,164,168,3.mat,54,4,0.139876,1,4,1,7c96dce7937a6a63015532be65662257cbb788c10771d966dc66e7fb5cf544e6
20210805A07_1,165,169,3.mat,55,75,2.622675,11,15,1,b97cc299694c4d0d61a6df1ac1ca266c6a16a9ffe7e73b1742210a78097dbdf1
20210805A07_1,166,170,3.mat,56,21,0.734349,6,4,1,1e15e13a0048b82fbe61d139f2ad851a56a7da9a6ac4959dbeee812a72028b71
20210805A07_1,167,171,3.mat,57,80,2.79752,10,11,1,e58505d02318e62781b34c78b3156c5a2af467187da3ada6dda20e53980821e1
20210805A07_1,168,172,3.mat,58,6,0.209814,3,2,1,283bf5d1d92af97e955ebd50e0e3e3a2966319069927b9606c8e84ea655198fb
20210805A07_1,169,173,3.mat,59,52,1.8183880000000001,10,11,1,dc7ab6c42ff2731de5422290c70de245a328c095c0882ecb6bc9a945215099b6
20210805A07_1,170,174,3.mat,60,9,0.31472100000000003,3,3,1,e03e592805934d95b20b0376c5aefaa2c1e9660267e9f50d1370818d3a7aeb14
20210805A07_1,171,175,3.mat,61,5,0.174845,4,4,1,dce8280b8e9ca733c869feb33b831f32e5c28ee613238cc377a428482ae665b0
20210805A07_1,172,176,3.mat,62,29,1.014101,7,6,1,f861a850a7ca0807b42bf67b01727f17abe01a731703d6d2d9dbd2f61b265594
20210805A07_1,173,177,3.mat,63,21,0.734349,3,7,1,8b7944b421f577d9859a0f4713556d23368c182af6121cc1fc07441a133ee744
20210805A07_1,174,178,3.mat,64,9,0.31472100000000003,3,3,1,7bdb52fcd552c1ef55ffba3c615e1e3ea717c8c1a193ff341169adecdd2eda14
20210805A07_1,175,179,3.mat,65,64,2.238016,13,15,1,9a035fc944c10b4de56a45fe146e80273bbebc3e1b8b6446da5fd3ac981fb1ff
20210805A07_1,176,180,3.mat,66,45,1.573605,11,9,1,f012dd9d35b0741f9b1ae4d7d2bcbca745a38397ae5b427f45b83c5f2ab06f25
20210805A07_1,177,181,3.mat,67,48,1.678512,8,12,1,e9b2a71f06f94783e991a47aa74062e6d18db9916c943545e22408a1707c182e
20210805A07_1,178,182,3.mat,68,13,0.45459700000000003,5,4,1,7fb0820a4ce4dd2a389db62d70bd82b2ba9993a0029e5b745576e5b92d8e8ee2
20210805A07_1,179,184,3.mat,70,5,0.174845,4,3,1,fc0d2320848b24fe5bd97eb0eb234022c14d13fce623e320b2076930738e3ee4
20210805A07_1,180,185,3.mat,71,73,2.552737,11,10,1,a44332d6be816c1bf5d5305e558c0d8ca8bb606f5b4a7c8b1fa039f36456287e
20210805A07_1,181,186,3.mat,72,51,1.783419,9,8,1,6c3b9cabb4040051f7a389366509157d3e25b64ab768e9e983b16712db401d44
20210805A07_1,182,187,3.mat,73,56,1.958264,9,12,1,0dd4a15b7e316e9e8cd843acb27a61c77a7ec65a4a1183a66be3b08e53ea4d1a
20210805A07_1,183,188,3.mat,74,8,0.279752,4,4,1,da1852c9e7ad6e1dffb3465a3fe96f3404597a698f129be480049208f3a472d1
20210805A07_1,184,189,3.mat,75,6,0.209814,2,5,1,ebc79b08ab42b90ac4984463debf7758eadb6bc91084c40071783819c044dbb2
20210805A07_1,185,190,3.mat,76,15,0.524535,5,4,1,18431e37083a3a56af5deec63e95d14a19e6c032f632da38ae34c082dcaddaad
20210805A07_1,186,191,3.mat,77,9,0.31472100000000003,3,6,1,7da2ae3b6111dec72f64d957a59788e36cf361e925d08082b3a072a0acd489a5
20210805A07_1,187,192,3.mat,78,31,1.084039,11,7,1,5ddee7649391983a3260102c6bf12d534c419b64eb63b1c2b57dfb7a56871a8a
20210805A07_1,188,193,3.mat,79,13,0.45459700000000003,5,5,1,9801d44de68ca0cb8dfe46237e915e03b40a6a6a5a8123220a767353e8f25b8b
20210805A07_1,189,194,3.mat,80,5,0.174845,3,3,1,15c4fdbfb2eeca836cf8978a2af559fea31447f2a8aa26f5c535f22be57011a0
20210805A07_1,190,195,3.mat,81,19,0.664411,4,5,1,8b9639816be210bb6714eb15ebdf42ed2467320f0aeb31ad5ff656a58caae0d2
20210805A07_1,191,196,3.mat,82,9,0.31472100000000003,3,3,1,3e059bfca59d7b4a7722651b01d6d791bf263a7ae30ba5ee077a4b428b53a08b
20210805A07_1,192,197,3.mat,83,6,0.209814,3,3,1,4337b2072c75e5546288004b718479dc25ff2200f535135f89b642592e69615f
20210805A07_1,193,198,3.mat,84,69,2.412861,13,12,1,392c7b9e40bcc06966528b1422cd7f3e4e1a8adb1aaba4c0782ca9c574fa9abe
20210805A07_1,194,199,3.mat,85,36,1.2588840000000001,12,5,1,9c01ca7600ebbbc1a95bb1cc9ac79ae203bc4eb1400a994ab0bdae95f63bb6cd
20210805A07_1,195,200,3.mat,86,84,2.937396,15,11,1,9cfe4a9c1432eadea4977568edd728ec571221dc4b105600b21651bd0ca90425
20210805A07_1,196,201,3.mat,87,12,0.419628,4,3,1,fb7dc2edc42929f207fd044261ae81ba9ac9573e6b869cb7a5d738911558bb8b
20210805A07_1,197,202,3.mat,88,11,0.384659,5,3,1,345a64dca9b1659a3581a463c420d45f8233716772d03d61793c676b1a1b7aaf
20211022A04_1,1,1,1.mat,1,41,1.433729,7,12,1,6df2f7391d5207efe8f8e4f72e625d858160dc111b99e96cc64ef37fb23f2cb0
20211022A04_1,2,2,1.mat,2,35,1.223915,5,13,1,e5a51b7ac4cf15c424f6189c24d81e5c1ee69a3d996c75ab1b27bf5a151c3bbf
20211022A04_1,3,3,1.mat,3,33,1.153977,7,11,1,99545214e240096f6da28349cc2d3ebb4f9bfb148836a0d3e958b376caac3c2c
20211022A04_1,4,4,1.mat,4,12,0.419628,4,3,1,d2f82aceb1f70b90379af45bf58b940e0e15900c16426ee2c251d71b985791b7
20211022A04_1,5,5,1.mat,5,63,2.203047,8,15,1,6bdb9df22948d085f45ec8e7c9cf16345102ca147bc45a4e55842139164d1932
20211022A04_1,6,6,1.mat,6,12,0.419628,3,4,1,04cfe00fe6236d758380a33c958351723d85f2bcdef69ff1c06e70857d3cd5c2
20211022A04_1,7,7,1.mat,7,12,0.419628,4,3,1,68563c0f3a8150dadd0f71320bbf7bd2ab445672aeed74df872489d038fa660c
20211022A04_1,8,8,1.mat,8,30,1.04907,5,10,1,d5d51d6307f0d28e9c0799c626af88b6f9cf5fc0ced04b0bedef4585adc51da6
20211022A04_1,9,9,1.mat,9,36,1.2588840000000001,7,7,1,51fa9fcde378366568ab432a218ff91cf965e181363a0d163239fde3f2c15e3e
20211022A04_1,10,10,1.mat,10,12,0.419628,4,3,1,141373ebb02c56cd0303a07570296ff255cefcaff7b60a3ec123cd7d77b6f2d1
20211022A04_1,11,11,1.mat,11,15,0.524535,4,4,1,1fd091ba2ac0fac6c417857446734994fe69c3536c2260a971e476661358d0cf
20211022A04_1,12,12,1.mat,12,36,1.2588840000000001,14,16,1,b8363f061519439b04556f9bb03c71276f83ba3bdf273d12260d94b0996afbde
20211022A04_1,13,13,1.mat,13,28,0.979132,4,9,1,0d33585e7fdea8e741a98472e62ba61f071b98d314e2f1855ed15eb87e96d05f
20211022A04_1,14,14,1.mat,14,32,1.119008,6,12,1,0031e2ca92e06c7343a3d4178c56920c4577536c79643f10ef17280c50ba4652
20211022A04_1,15,15,1.mat,15,22,0.769318,3,11,1,49d7d4904802d3b9945dfd9fa71ba422da5973ccde39eff2ce1e21141b41f8e3
20211022A04_1,16,16,1.mat,16,53,1.853357,8,10,1,b6439a87717e50b8420cc32de5583addf3d2c2bc6a2700a95a98d9bc07dec8b0
20211022A04_1,17,17,1.mat,17,12,0.419628,6,5,1,095ad345e81d55cbe5f9ec2f004aacfb017e8dbdd5fb9c0a5e85af4295931ea5
20211022A04_1,18,18,1.mat,18,21,0.734349,3,7,1,ab13c88eae6f0ffe71e183888d749cda526faf9e9e9202bf70fc598335080e80
20211022A04_1,19,19,1.mat,19,52,1.8183880000000001,8,9,1,fc9a6efc74f1905e5000d3834106cca59981855f68bc6e5bda08088479e9475c
20211022A04_1,20,20,1.mat,20,30,1.04907,7,5,1,9c2ff4fa1d584a5811f561d8b29ca4cde9e01c9fce9df017106145ce50a44681
20211022A04_1,21,21,1.mat,21,60,2.09814,5,21,1,72fb0f6dced750cb6134608a352527c36a9f21f26a35438c60b5229d565425c4
20211022A04_1,22,22,1.mat,22,9,0.31472100000000003,2,6,1,a87f5016626b86ac59b8590ade27d271b1476b8450e391adcc5cb91b13abedb7
20211022A04_1,23,23,1.mat,23,13,0.45459700000000003,5,8,1,9a9e429ec1ffbdc82f09e6aa1056f2176d2e05fe8f47dbdb4192f524baf5b572
20211022A04_1,24,24,1.mat,24,33,1.153977,6,8,1,00e299aeb6964cd851466a4981fd4907609091f8b68eef037b97b4741bbd7fd1
20211022A04_1,25,25,1.mat,25,53,1.853357,10,8,1,9d8f88f76e3acce583d4a786275f331b1c96848b47e9f534e39541018d83610d
20211022A04_1,26,26,1.mat,26,8,0.279752,5,3,1,8ffcf5c561750d318031a98933111817d7281743fa83fca10eb26824af10b41d
20211022A04_1,27,27,1.mat,27,15,0.524535,3,5,1,dff282b062b72d1a6cef1529ef1a87c037dfc9d6ae71dd7c3bd9b88dc52058a6
20211022A04_1,28,28,1.mat,28,12,0.419628,3,4,1,e0fa0d3e36f57195894b372c94f6d8ebe3481051455654e2ea78a764d960535f
20211022A04_1,29,29,1.mat,29,8,0.279752,3,5,1,1eca8295761a1fa7bd475cb5e4c845975b825777c6d114f46955cafa16903ee6
20211022A04_1,30,30,1.mat,30,31,1.084039,6,6,1,1b0746a1e1243aae8bc6ddfbabf0ee9be20f458710199c1a3d38e779e687dcf5
20211022A04_1,31,31,1.mat,31,64,2.238016,10,11,1,610d35a97825d873c029d340c3569516059f332ea07292b37afa280b3beda623
20211022A04_1,32,32,1.mat,32,56,1.958264,12,10,1,d6a87536a361896d29778ef80deccd33c958745e3e9d65fd7e02f4e52ef72495
20211022A04_1,33,33,1.mat,33,85,2.972365,9,15,1,b4c591f524c6640bb3e8597eb99ad5b774fc066ebaa5dbdaa1863ee1235412f1
20211022A04_1,34,34,1.mat,34,83,2.902427,8,15,1,54d469a8d28a75d79df235b35abec8293c4d50d174e5f8598f02ed5064cfafe4
20211022A04_1,35,35,1.mat,35,32,1.119008,4,16,1,a134bc483c3953424280cf4c5745f2364d7bc2a74b2b9015775e8bc044790e5d
20211022A04_1,36,36,1.mat,36,30,1.04907,5,6,1,04aa1bcba85eb64df8598ed55927f3e4214e90154e20b47fbb24ffafa6e322e3
20211022A04_1,37,37,1.mat,37,18,0.6294420000000001,6,6,1,31bfdb8e963e99a4ff34a9b2706c49b1b679e771d294c258ae8a7cc8c27081da
20211022A04_1,38,38,1.mat,38,57,1.993233,7,15,1,bb315a99f526dc81d8a8a058b6f423e7b86ccb56910b7cca2e98e22ea02a2a02
20211022A04_1,39,39,1.mat,39,21,0.734349,4,6,1,8f48b141501eaec4dbe954194f244e49e90267763109e16f17930f5077162e7b
20211022A04_1,40,40,1.mat,40,31,1.084039,7,7,1,0889e732e835facacd5c70bc76666c4a12f5bef67769c874d56a1c336eba1c3e
20211022A04_1,41,41,1.mat,41,25,0.874225,10,7,1,1067afa0e21fd23389f68f554ed127d8091fd5cd6fc3ff8972f4ab8a6a98f849
20211022A04_1,42,42,1.mat,42,36,1.2588840000000001,11,10,1,2e0d6586b15c639d705f58e06f2277cfdc9b913ead8b359570bd3ba1c57140b6
20211022A04_1,43,43,1.mat,43,40,1.39876,7,18,1,08bcd81484fdb2fedaeedc4238ff826d25a51ac2252b7d32b2145d69c3028bff
20211022A04_1,44,44,1.mat,44,7,0.244783,5,3,1,8dcf6da6fd3ada2ba63a62d8daee61ef0290fe3fedb11c9abaf1cd181effd72a
20211022A04_1,45,45,1.mat,45,24,0.839256,5,8,1,66f281696f88dcc2395a8b570828befec401965d33c1933f587f67c42d73155e
20211022A04_1,46,46,1.mat,46,37,1.293853,6,9,1,74fa8709b7292b3e4970e65ffc6193b8835bf558e00aec6eec4defe96eda6645
20211022A04_1,47,47,1.mat,47,12,0.419628,4,6,1,f403774adb5eb656cb45f15883599056631e472c626d9b414d70775c51f7b5b4
20211022A04_1,48,48,1.mat,48,18,0.6294420000000001,3,6,1,c371a1ff14feccffb9c375e8ea86cd99a07c89c6368a984423470e3a423865e7
20211022A04_1,49,49,1.mat,49,29,1.014101,8,12,1,67b68332d817d77809a6f581a34205b7dc267973e81e938379ed4ce2b2c2d5b2
20211022A04_1,50,50,1.mat,50,111,3.881559,10,18,1,279297fb54064227adf1416d983a66d02ab3352d418513e2318e67582d3e1411
20211022A04_1,51,51,1.mat,51,77,2.692613,14,12,1,3e06e944de816987e3df5b91f609de80bba3cce296bc29483a704469998767a1
20211022A04_1,52,52,1.mat,52,30,1.04907,5,10,1,6e8079a974f1aa2fd7ac2a44279a0bc548bb6d7ea65a962cd80eb0936fd05467
20211022A04_1,53,53,1.mat,53,87,3.042303,11,10,1,5f114f34e701bd4f49852e32e39e0dadee1e914ff6c08256a1b660adfeb9a802
20211022A04_1,54,54,1.mat,54,46,1.608574,7,8,1,e83b79b4c7ee4087a91557f527b88349b7e4b6024a303d5fe1490aed461aa17a
20211022A04_1,55,55,1.mat,55,12,0.419628,4,3,1,5af533f5754a4fe8b93b2c9f737f6cbee2d4b3a5d3316409267e79c90a3ee103
20211022A04_1,56,56,1.mat,56,71,2.482799,9,9,1,8f384603d2ee21b6cb9ceeb2d329bb1770be8c01d89dcd80add2588bcb4ac5aa
20211022A04_1,57,57,1.mat,57,23,0.804287,5,6,1,2eacd4a05c2c4e358e8373cd9e4a2df8af7d15380c14b49eba01f2b5ee19117d
20211022A04_1,58,58,1.mat,58,7,0.244783,1,7,1,53b4f69f8a81112b42d073e4d5a6c2d9f8dc2e4f83023430b355d73a2fd1c164
20211022A04_1,59,59,1.mat,59,30,1.04907,7,6,1,ffafe2f7270a026b5f9eab11c2817a38abe991aa928d002bb122fc7871b7fe05
20211022A04_1,60,60,1.mat,60,10,0.34969,2,8,1,dfb1c2909cde02e4426d0798767f5be1c0a266fa629cd7970c4b5c6f1331534f
20211022A04_1,61,61,1.mat,61,116,4.056404,14,12,1,53c5abb772096b1c7181be50a816f39a78c3d4c98dc8870d10885ea98bcbbb12
20211022A04_1,62,62,1.mat,62,55,1.923295,5,21,1,1a3a2d450044ae5cba3c57020e6b2f8074467d981e5ce340ed4b52d55d6b00af
20211022A04_1,63,63,1.mat,63,38,1.328822,8,6,1,30dbff72ae88df533c5a80904adeff05d1a805c6b8f04cd7bdf95fc1f221cdc4
20211022A04_1,64,64,1.mat,64,23,0.804287,9,9,1,6365ba31f9ab5f93189981a91aa8c0f463e1260660f2576f16dbbb383124fcf9
20211022A04_1,65,65,1.mat,65,24,0.839256,9,7,1,df2333c961a1b977fa0d2cabc017f962eae428515f2c9c3405fa00d138a0b22a
20211022A04_1,66,66,1.mat,66,8,0.279752,4,4,1,5f7b328105fa4a3882fcfd2e2abe3528fde781bc180f64d316b9bac2915fbcea
20211022A04_1,67,67,1.mat,67,31,1.084039,5,7,1,292ba67a66530570e6d2e15c9f673c67ec7bea79ec1183709a902f18bc3dc3a1
20211022A04_1,68,68,1.mat,68,36,1.2588840000000001,5,9,1,c59c9a6fe6f777471bfe46cb02fe77a5defab4c4e8e4c6c99a2dd6bb5d4673f1
20211022A04_1,69,69,1.mat,69,12,0.419628,3,8,1,9d4412f4e6ecd4030ae9b76d078a3d217376791ddfd02452234fdb5323ed182b
20211022A04_1,70,70,1.mat,70,16,0.559504,5,9,1,a7283ad5e35e72501a34ebc94d0c0ee98e8ec34565f7f638f60a85a530cbd3a8
20211022A04_1,71,71,1.mat,71,21,0.734349,4,6,1,1680da8707d61ccf9d4a1da6a26516936bf98111c7e751364232dad5193ed55f
20211022A04_1,72,72,1.mat,72,19,0.664411,5,10,1,cffe9e6b026930bd6f916089de777dc722f5bafdcd66a50e5158221b3420d30a
20211022A04_1,73,73,1.mat,73,15,0.524535,3,9,1,496106fa5058998ced9e698d4bad6eeed401437c0c6878697e21e7bd8d73cdaf
20211022A04_1,74,74,1.mat,74,21,0.734349,4,6,1,f990f783e0a8cd87dc14c6f91a6eb1e647c9767c0eb07a2e1e5b4fda50cc3ab4
20211022A04_1,75,75,1.mat,75,20,0.69938,3,10,1,8d6b99398456f115f20c350c31fd556dad33e790be0d7ba64b004e1f2a5301c7
20211022A04_1,76,76,1.mat,76,54,1.888326,7,16,1,1bbcdcff7d14ce70e07414ca7af23507dd33b546bb82ff31af49a477aef9809b
20211022A04_1,77,77,1.mat,77,25,0.874225,5,6,1,97cf07b6b5436129ed5d8f8c3a8283498bed049eb3036cb2a11cb57261be6680
20211022A04_1,78,78,1.mat,78,7,0.244783,1,7,1,93cf6176329df485c96c76899706164d7bdd593fea70288c1b5d995170b140f5
20211022A04_1,79,79,1.mat,79,45,1.573605,7,11,1,29f6125b38511e3eb84129200f2d5b31e31c0673bc76a8a2b4224451c0813eef
20211022A04_1,80,80,1.mat,80,10,0.34969,7,2,1,8f93f03a351dd9ad10ffc9e2f55df16756fcdf8471ad97cb78d1dc3021242011
20211022A04_1,81,81,1.mat,81,13,0.45459700000000003,1,13,1,f36cf0ffe52447d32d135b7340b0d7626413de3d2c0b397d2ae24364fbab5078
20211022A04_1,82,82,1.mat,82,7,0.244783,1,7,1,69f4d54647133880af3feeb038687dc6982919b3177a5e635d1e256c96074df4
20211022A04_1,83,83,1.mat,83,45,1.573605,6,18,1,24e8447091c664d4658de7e1e4eb955920df02595022a7911721aa2744c6da91
20211022A04_1,84,84,1.mat,84,33,1.153977,9,6,1,9dbc863f2e84dee4452609d6d7fbebdf55d8e60538b15bfdafafdfb56959cb3e
20211022A04_1,85,85,1.mat,85,16,0.559504,3,9,1,672fd99364551a1497055f4edd0f625fd6f2972423f0699d845fdb7f3068a434
20211022A04_1,86,86,1.mat,86,20,0.69938,9,5,1,b08f4015c2687ff002ec1adc2598e9d333b9f802157b5f7bfa320fbe7e49a13f
20211022A04_1,87,87,1.mat,87,9,0.31472100000000003,1,9,1,e9976241497a6f316c2820cce2ab8a744fd485832d1c8da478f95117c3dd28f7
20211022A04_1,88,88,1.mat,88,20,0.69938,6,5,1,4ff51a628a178528a21f3e4b78fef0e5395a46aa77b58fccebb683a9ff84db3d
20211022A04_1,89,89,1.mat,89,30,1.04907,4,12,1,780f705ffbf029167f914c80ebb638fe7d2a16faee36e90e4e38e12b32c99cc2
20211022A04_1,90,90,1.mat,90,30,1.04907,10,5,1,ea35718acfba4dbf3417f7edf67179c8f61e7f820f809903dd1465bbb82c2dd0
20211022A04_1,91,91,1.mat,91,59,2.063171,9,12,1,2cbcdbd67eb8afb5dd539f79ad12a6230f4ac1128cbda890bb63dcd27cd09b79
20211022A04_1,92,92,1.mat,92,41,1.433729,5,11,1,2ae21a4c01342603ea793729718e1a7f30ebd4ed2da026ac8404d516f63846a2
20211022A04_1,93,93,1.mat,93,10,0.34969,2,7,1,617fca19ce6e2924fed4c94319e78bae7c18a472997a5dde95410537cf3d415b
20211022A04_1,94,94,1.mat,94,31,1.084039,5,10,1,76656e989c02cc6683f47949711ee06dbbfafb035cd478377600d828388c48aa
20211022A04_1,95,95,1.mat,95,8,0.279752,4,4,1,898e7503a1bdd62b3134b7fbb139f8d91e23ea352e2f84ba357c3bd94a053ca4
20211022A04_1,96,96,1.mat,96,10,0.34969,1,10,1,c96596c99e088447eef544578b4d91634d2bb0868cddc9c9c7bed800eb1a9e21
20211022A04_1,97,97,1.mat,97,41,1.433729,10,12,1,bac5ddc314812df717189c2981f9bacc9103cf05f428c0dc8f38a6304d01e24c
20211022A04_1,98,98,1.mat,98,62,2.168078,8,11,1,57fc12a73b460f5cc243af24e57e9848fff2721fb2ddc4c1bcc794ec6bed6243
20211022A04_1,99,99,1.mat,99,10,0.34969,2,6,1,b715d6ad85f724b884d459f8236a63bc59f2a2d3a401f8f3f21c8d33cf7289b6
20211022A04_1,100,100,1.mat,100,11,0.384659,3,5,1,335c3447dcdba029a87d1158dc7a0f789e43872fb02c2da88e758b530f08369f
20211022A04_1,101,101,1.mat,101,14,0.489566,7,6,1,638c1d97c82b7c29df4aa51b4ecd3b38a769f4c6259d72ce987f8d81e5d0b757
20211022A04_1,102,102,1.mat,102,18,0.6294420000000001,5,4,1,09179b45f8dd183c891d4fe4ca44f673d59d95db5b86e466aad7cab219be1311
20211022A04_1,103,103,1.mat,103,8,0.279752,3,4,1,b1f65299a8af683c27efe0a2d46495299cfb05ebc479953e5dacaa81f5ff212b
20211022A04_1,104,104,1.mat,104,9,0.31472100000000003,4,5,1,5db0bed61061d6c97dcd60f65fcf02fd620e4c18c5c3a77727a4df634fd255bf
20211022A04_1,105,105,1.mat,105,152,5.315288,10,19,1,6894fb04d59dc8a04ddbcbbea24dddb90365638ab7b056549e431dbd4fecc435
20211022A04_1,106,106,1.mat,106,31,1.084039,12,12,1,02df9d123d6391fe401c9ea3fba6f66aec93c4cd0de567118658203f14cd269b
20211022A04_1,107,107,1.mat,107,22,0.769318,5,6,1,f348bc0ab87b72ef5cb11f27ab7187969545997abfbf5b87891f9ff409c1b626
20211022A04_1,108,108,1.mat,108,26,0.9091940000000001,6,5,1,be1f85b377afeb2ab797c3555e841dd228f2e4f8cae32680eac80fde12ae210b
20211022A04_1,109,109,1.mat,109,107,3.741683,15,14,1,2d0b7713ed6afc7cc1ee2c00ad01a51d3e07d40eccc86d92ec9427ed59461729
20211022A04_1,110,110,1.mat,110,13,0.45459700000000003,3,8,1,5583c33c316066d185634c74dcd9de4c685d132511d6258f9a702d187847edba
20211022A04_1,111,111,1.mat,111,36,1.2588840000000001,10,5,1,b0a58d05d30afcb93437409882cfd94c34124be34596c9d6cac38efbbaabd390
20211022A04_1,112,112,1.mat,112,16,0.559504,5,4,1,ee1c4aa202b928a1c1500059d5f5f5417bbcbe68fa92cc7dd3528c9041b0bd86
20211022A04_1,113,113,1.mat,113,12,0.419628,4,3,1,8ff606aaa88d63ee6c3c5e94ad62516558b79fbc6000b229f76a8bbac4f56cb3
20211022A04_1,114,114,1.mat,114,30,1.04907,8,8,1,15ab78bd71cc408ce6f94e76ae3a61345aa20dfd728c93408c6187792de3cff1
20211022A04_1,115,115,1.mat,115,12,0.419628,3,4,1,4106171077af72600b024d1a4fb5b30261740c730a74d5f87b04281ed8d65503
20211022A04_1,116,116,1.mat,116,7,0.244783,1,7,1,02f65537384e0236c27a23976c161397d5e0d25c38d932a6a027af6852af9376
20211022A04_1,117,117,1.mat,117,7,0.244783,1,7,1,1b8483b678d90c1ca3f2699283e83397c84cfcf76c8cee0491ad5fd21e282cfd
20211022A04_1,118,118,1.mat,118,30,1.04907,5,8,1,9f11a34010f15e99c0e423c0db858958432d6cf98552d815a713bf2ec518c17a
20211022A04_1,119,119,1.mat,119,8,0.279752,4,4,1,25affa5cf9a90ab6879747f4b22a704841cb34258637084a1e5c558f813aaefc
20211022A04_1,120,120,1.mat,120,17,0.594473,3,14,1,5fbc448dbd9dd86748774f33d9c06a37acfd02ff36098cf6feebbc5ca9851cfb
20211022A04_1,121,121,1.mat,121,16,0.559504,4,10,1,1d0b055d3caaf13d4b564fdb868c2f4c55ee4ebd5064fbec8073a44a5d108f35
20211022A04_1,122,122,1.mat,122,26,0.9091940000000001,5,11,1,2bd2820626444eb86037e03d04bab3fc709df356add07c63dbc2b7e04633b772
20211022A04_1,123,123,1.mat,123,27,0.944163,5,6,1,57b8f1c297f7a9cebfdff58d1fe7139935ce846100a08fc1500b3b8fececb385
20211022A04_1,124,124,1.mat,124,8,0.279752,1,8,1,b7c12afd3c757c37845a4c719eb62ff6b490312b0bbe2e907108ffad5593d169
20211022A04_1,125,125,1.mat,125,83,2.902427,11,13,1,b04c7be10840cba34416982cad611c73dab1b902beff17b1327f628b3341896e
20211022A04_1,126,126,1.mat,126,8,0.279752,1,8,1,1022d0f4ece55760e52536697f2134d23b7d7a203f7afd4455b7129a1f23bee3
20211022A04_1,127,127,1.mat,127,29,1.014101,5,13,1,a7d2da612c86a0a8b6e78c099a183ac7e8672904957e5bd6b5662d242ed16e4d
20211022A04_1,128,128,1.mat,128,7,0.244783,1,7,1,313b18a73f8cfd2b15468c5134d23a3e5b7e4f676ca59622f669c1444f5f61a0
20211022A04_1,129,129,1.mat,129,6,0.209814,1,6,1,715272204e1c9c4be4a995cfd6b512e1081408e3c396e7a411f7a8e260d53e31
20211022A04_1,130,130,1.mat,130,20,0.69938,4,5,1,eb42b9d7f3d613116972c42e8b8596603c24ae6bc2e94b03c519a27b07ace1ef
20211022A04_1,131,131,1.mat,131,9,0.31472100000000003,1,9,1,1e93da1fd47a301c6ac0148059cf11c738470b50237d6b0fdc6a3cb94752fce2
20211022A04_1,132,132,1.mat,132,8,0.279752,2,6,1,27cc5b202e4f5f9dc5f07ae9c95b4faf77c6ea5ea9b4a6d0ed135e5ceeec5c24
20211022A04_1,133,133,1.mat,133,105,3.671745,11,16,1,c0c064c567091c5f4141c390bd9f35e5bb81d119c1e1730e62109ba5bd6e8514
20211022A04_1,134,134,1.mat,134,46,1.608574,8,8,1,cc94f55c6ae1ec46d517600a346373a6748060c85f3c8ba1bf7fb3291961f3e8
20211022A04_1,135,135,1.mat,135,21,0.734349,3,7,1,8c8cdab1fdf108d270ca6410a876133cddb60fd382f23c7079ee578e2198175b
20211022A04_1,136,136,1.mat,136,22,0.769318,5,8,1,0b71f5dbf23f07ec538dd067b2e7f95153984c899cbdc2ed3b3b1928348f05ea
20211022A04_1,137,137,1.mat,137,8,0.279752,1,8,1,48c1343e79769f6789c01da419c3dce4f4d7ffd82b6acaa48d731451522375f5
20211022A04_1,138,138,1.mat,138,15,0.524535,4,8,1,71ab1139db36a2033eb566c6eefbb4c6db633a095f954931d34ef0a5f9eb58a2
20211022A04_1,139,139,1.mat,139,16,0.559504,3,9,1,c6e1211ee40220a04ffec0c4059cfd864532f09069e65c1520676fac0af0ca08
20211022A04_1,140,140,2.mat,1,12,0.419628,3,4,1,1d85ba2decd37a180a073f881f93c537688a969fa611ff0fcacbce51c001976c
20211022A04_1,141,141,2.mat,2,11,0.384659,3,6,1,2a7d78f694bae1fe118d1946c229392bd2772cdfba92364e4fb42c9267dc4954
20211022A04_1,142,142,2.mat,3,127,4.441063,12,15,1,e39c06d263fbded3c39e287f1d879538a5e363fa787dfa4c4c32eea743266123
20211022A04_1,143,143,2.mat,4,12,0.419628,3,4,1,bc359714debb4787354699f1875463a89528200fa0b4c328da391b41c292365b
20211022A04_1,144,144,2.mat,5,12,0.419628,3,4,1,e1889ed3f3b4f51b0af5fef8b9faf2ea69cde006b00702904b544dd1261e777d
20211022A04_1,145,145,2.mat,6,74,2.587706,7,16,1,c64580c49c73be49427d0081d520c24f9c2a02eac25683cc4d113e440108845d
20211022A04_1,146,146,2.mat,7,67,2.342923,12,13,1,fa3fcc19978a45cff8ee6fd74b27190bbf6077500dbfcb798f1064f19f5aaabe
20211022A04_1,147,147,2.mat,8,35,1.223915,6,10,1,abf21f8ab3b58360de36dfdf72ba5fdf2771d6acd3f13402a008777aef05e52b
20211022A04_1,148,148,2.mat,9,22,0.769318,3,8,1,b6a57d29449c1100139537a00d8d05d167f9c785739aa4b07d0975080b62d17c
20211022A04_1,149,149,2.mat,10,12,0.419628,5,5,1,f0e64f04c7dc38bf67f1632b63647b1fbedb8a4ad57a6dc4fdefc9a44cabffa0
20211022A04_1,150,150,2.mat,11,24,0.839256,6,5,1,e16dea7a1cc8ffd379e0dd905d7acb47d3a2c8351bb0b528d1938ce7fa8ca55d
20211022A04_1,151,151,2.mat,12,117,4.091373,10,20,1,07d85a6d76fbf3aa8ebd44f2b95986f36d3654b5aef1b86dbaa722cc405409c8
20211022A04_1,152,152,2.mat,13,12,0.419628,4,5,1,5c1dc8979701830b715ef4541bfdd4d41e448396c087de1aa3272250385f9d2c
20211022A04_1,153,153,2.mat,14,39,1.363791,7,12,1,7415f84ec495cad811829a592922d263ecd08e7d8ac98ea2686fa310dd0e7832
20211022A04_1,154,155,2.mat,16,9,0.31472100000000003,3,5,1,dcc63e342522dc8390f5b09f5a72e8bc86a67fb021b5a18505e39fa691f20cc8
20211022A04_1,155,156,2.mat,17,27,0.944163,6,5,1,3dc13d11f6057b3c1b7739ab0abf4d8d500293bfb0cec07d12e86cbd9ba11759
20211022A04_1,156,157,2.mat,18,32,1.119008,6,7,1,f7741e624da5f297678c5c1a985977c9eb94630f7b9ad29b904651e24db2b1dd
20211022A04_1,157,158,2.mat,19,64,2.238016,7,14,1,51f73be9181b5950650dcab42b5c622dd8c2dfb4b764a7f1e711ccc21da1e700
20211022A04_1,158,159,2.mat,20,24,0.839256,5,8,1,a510301836fe29523ffb5eccb0464388070e95055382b6acf2e2cbb73c2e4339
20211022A04_1,159,160,2.mat,21,169,5.909761,12,19,1,6a5135a342f068d4731880d199274417ad7fd4d6dbb4544c04506948858ad362
20211022A04_1,160,161,2.mat,22,45,1.573605,9,14,1,af5a6aaeaf3d59aee4417248fe5db2353521e2d74c6ded5c2e75142ae01face7
20211022A04_1,161,162,2.mat,23,12,0.419628,4,3,1,2d7f3921ca7a2cab196be9089d6031485cc7f8bf857d294b5044229a639867a6
20211022A04_1,162,163,2.mat,24,48,1.678512,9,10,1,f493e694f44193132980d883908b8939f129a400768ee650382cc78e742b0b7b
20211022A04_1,163,164,2.mat,25,15,0.524535,3,5,1,49094ce16167c05b3200ea8975d230dea5969af5f3e2e743bb1d4b66cdb56fe4
20211022A04_1,164,165,2.mat,26,16,0.559504,4,4,1,b6d9ecc11fb996caaec0fb8ec7a3f276576695cc7e8e76bdb0eedb5041efb637
20211022A04_1,165,166,2.mat,27,90,3.14721,15,15,1,3cc6e52df2f5ccf671b962d4a448b5916bd29778c780d9311f31f67058fa235d
20211022A04_1,166,167,2.mat,28,30,1.04907,5,8,1,ae7549c42f093fd911422222d4eed824eb5699b02626f09da3ea38c906a15ee3
20211022A04_1,167,168,2.mat,29,118,4.126342,9,19,1,b8843402e98cbd18a02d1c555d6870a6ee76e3f0adad5c3f30ae648acd41e017
20211022A04_1,168,169,2.mat,30,13,0.45459700000000003,3,9,1,c2eb2facd04b0090675cd654bf3d661ce79f456b61f25472bdd5fc19886e6d61
20211022A04_1,169,170,2.mat,31,24,0.839256,5,8,1,9155fa6100fa7c23d417f4bb70fd4650750267a68b0dd822dbcb84d75ce4e01c
20211022A04_1,170,171,2.mat,32,21,0.734349,7,5,1,87b2a276b58c5efcd1f3d00ae288e768cb8839fe53318bdb783b0612d5377d66
20211022A04_1,171,172,2.mat,33,26,0.9091940000000001,5,12,1,8399c6e8f425ef9243bbbeabee8d3623072e172f54670731f6ab91d28b95b878
20211022A04_1,172,173,2.mat,34,34,1.188946,7,7,1,887d00cab90adb57028a5f17ed096f211d7646f96eb2c01549c089ea317416af
20211022A04_1,173,174,2.mat,35,46,1.608574,7,10,1,bc498c654ce995bca99b6883cbd815846cb0b1436afa8898d596dee7c7e3890f
20211022A04_1,174,175,2.mat,36,22,0.769318,4,6,1,899dadf0a4baac7157288c00e16bd527bfa784ffe32a69918add9b066c18f5a2
20211022A04_1,175,176,2.mat,37,122,4.266218,11,15,1,aa8a8670e62845192b6c5e5ee74adb0f4507045a288026959ff108fb63f8440e
20211022A04_1,176,177,3.mat,1,29,1.014101,14,6,1,88c4fe91f49f6880fe9005674a70a4bcc9ffb90b478e598dd23f4d232073d036
20211022A04_1,177,178,3.mat,2,46,1.608574,9,12,1,1b6e1bf89aa663e2336fa1c47cb82e4cb181df0239bba97fddb1bcd65005485d
20211022A04_1,178,179,3.mat,3,73,2.552737,14,14,1,01a9d1e2bbc577edadd10d33b39d7da2bd38c5de0d9c059287b40576efbcbd6c
20211022A04_1,179,180,3.mat,4,75,2.622675,11,12,1,1711ef19bd868034ea932488d70e376586eb70982afc993cbd4b01f55670c082
20211022A04_1,180,181,3.mat,5,15,0.524535,5,3,1,ffe60293341dec0b41f5bce0cc5f44051a4c7034c438a8ce246506201e038c89
20211022A04_1,181,182,3.mat,6,32,1.119008,8,5,1,ec4e6b42e62ca39fdbf96a23eee32a4a144290f2c5360e7b09b7efe1721905bd
20211022A04_1,182,183,3.mat,7,87,3.042303,10,12,1,a11a7005455aef74263f3e726a40175772e80c228fd2d9c2029ef9ceb90a1c7d
20211022A04_1,183,184,3.mat,8,21,0.734349,6,9,1,b19967d5002e16541c533d3350cad9ac1637a3c13c146f0a58f7032b070b78bc
20211022A04_1,184,185,3.mat,9,45,1.573605,10,7,1,6d54d3aeac7532a1f703739ddfb7db63dcd3aa2e0bf8b2a45dbd3dce5a0f50ad
20211022A04_1,185,186,3.mat,10,13,0.45459700000000003,5,7,1,e0292a62a96d195258d953b2330bb02b69fe7b04a430681f9eceb92d18df4b5b
20211022A04_1,186,187,3.mat,11,12,0.419628,5,6,1,26c7cf52ad5e210b87b2bbd34752e663519814eb320b4525b7143e60e19ad35c
20211022A04_1,187,188,3.mat,12,19,0.664411,9,6,1,52464c2e6f8432ecd75fcdcd36b082220698b4460f46dd1e350200fcf3dee5ab
20211022A04_1,188,189,3.mat,13,43,1.503667,8,8,1,dcedae1307c48a5e245b5a004777e00fac2c08fb50e7f35eb7a702b4551ff495
20211022A04_1,189,190,3.mat,14,33,1.153977,12,14,1,2f25fca69017e00eb6c9fd58df300f1a0a4d4271d66e3550c453cb59cb213b8b
20211022A04_1,190,191,3.mat,15,18,0.6294420000000001,4,8,1,3847b286ee1ff3d4ac736c92ead6af0eb2ee5e54d535eebb5012744a55440422
20211022A04_1,191,192,3.mat,16,7,0.244783,3,4,1,7a0f971b279ac516b7b8198638bfcc95a414fe0574cbffa993e463e54d6705ce
20211022A04_1,192,193,3.mat,17,93,3.252117,13,12,1,d452d61524b500c74397a321c0c66ee2065d5980f1aa59ba0085e737c96fa9b6
20211022A04_1,193,194,3.mat,18,21,0.734349,4,11,1,9927a245a3efd2e5e7dd89cfcfd77babf8c1f839fc905171066b12304c592560
20211022A04_1,194,195,3.mat,19,10,0.34969,5,5,1,bc6c25f3e98dc1b7611f0958d9330b566082b21e25974f7dd721cdaaba79cda1
20211022A04_1,195,196,3.mat,20,51,1.783419,9,9,1,1ee11b46f34434df88b2c54259997aaf319f6bbb6c058077ed242b63c7ce75b7
20211022A04_1,196,197,3.mat,21,10,0.34969,3,5,1,4a377ef932b2aa22bec33077a5d25089f0b1b8a5a1bf9602fd270170b51fbc70
20211022A04_1,197,198,3.mat,22,18,0.6294420000000001,6,5,1,73942e84233c26599c777bceed1f024498d769ea87d45210dc32f3112ab13a51
20211022A04_1,198,199,3.mat,23,12,0.419628,4,3,1,09c5f04b5fb319f26a667475bf393a83ae0ed4d65bb3f9117912b6a9ab410a51
20211022A04_1,199,200,3.mat,24,18,0.6294420000000001,7,5,1,d0b7312ffc12c508d717052b91162310f8efb29dc6c9a9af4a47e71b65c7f8c6
20211022A04_1,200,201,3.mat,25,18,0.6294420000000001,4,5,1,a6fb069233218c6c25a3d04bd86f6f7a73cd684e69bcbfcee2aefe82d04422cf
20211022A04_1,201,202,3.mat,26,26,0.9091940000000001,9,6,1,cc9a410a4a03685899998d4317baf0673bfb5d79bb1d8a070dc3182a7a08f5c3
20211022A04_1,202,203,3.mat,27,70,2.44783,9,14,1,fdd8ee93f633c775f84dbe9ae67b0e78ea537cee914c6865e96d250c3798b452
20211022A04_1,203,204,3.mat,28,8,0.279752,2,6,1,c4ac3ba29f1c95a60efc87ed0ff6500a129eb8eda918721b2e614254faa3e77e
20211022A04_1,204,205,3.mat,29,31,1.084039,6,14,1,93ac5325f09fe98df76c3548840ca5b348b5da12a004e46f7f0eb5803db68cb9
20211022A04_1,205,206,3.mat,30,9,0.31472100000000003,2,5,1,a85fe46dd24a3768dc5390be0ce265456595b377135b5b7c81e33546f7d2e5cc
20211022A04_1,206,207,3.mat,31,11,0.384659,5,5,1,d040b11fc89fa675fd8474f243bf2ea5e3c95dba1c2dce0ccfa32a400e876241
20211022A04_1,207,208,3.mat,32,31,1.084039,8,5,1,121257fedbb6a501068d7d3cb5027e9646037134c2df89ceea8a6c30681d7502
20211022A04_1,208,209,3.mat,33,38,1.328822,5,9,1,a9ada5f08d8b98bba3b85c9869ba75c73bb0c117cf3b61b187f5135c3a8f2287
20211022A04_1,209,210,3.mat,34,15,0.524535,6,11,1,6de043f2f548c31d1ffee64e7ccb38e165d2dae96ef47d9a00ec386c522e31e7
20211022A04_1,210,211,3.mat,35,32,1.119008,5,14,1,44b7a726c73a58f92e7b94a4e516a7e0873583fb767fd682e468ad3370fe7067
20211022A04_1,211,212,3.mat,36,79,2.762551,9,14,1,8b664fe6e165b3c1aac4683ed0d230346fd547af2dfe14026eab06a82efa544e
20211022A04_1,212,213,3.mat,37,33,1.153977,11,16,1,9278e889ab0beef921b6a0353daa61ca85c8daf75e882058bf31f5f9cefd3b51
20211022A04_1,213,214,3.mat,38,14,0.489566,4,7,1,deae8d0f09784e17f1ff6898f9ac61dffe70f05a51cea384dc8457b5658381f7
20211022A04_1,214,215,3.mat,39,21,0.734349,3,7,1,0910b2578211fa9d8274791f07cb44239264dfa95c7b2c3b7e2dbefdb4cfa973
20211022A04_1,215,216,3.mat,40,14,0.489566,7,9,1,8e895dfadf267f236839c4bf2f6c12f285991abfe18184efbab5ee345a40b2de
20211022A04_1,216,217,3.mat,41,58,2.028202,7,16,1,c4e4e84ef07db023cdd86035edd5127e04cec620745becb1a2e0727c47b34d62
20211022A04_1,217,218,3.mat,42,49,1.713481,8,12,1,ad006b8373d8ac0b63c98262928c9ff15a8f042a7651037b1a77c6b539b10a2b
20211022A04_1,218,219,3.mat,43,6,0.209814,1,6,1,7ab3fa24c252e1605028243d2011a5e2ef281cd60665f24835e63687f8a534f4
20211022A04_1,219,220,3.mat,44,15,0.524535,4,4,1,065f61a8fc0d84e9edc14efa615f0cf6882cfee38a499b43d8e956a0d31ecb24
20211022A04_1,220,221,3.mat,45,18,0.6294420000000001,3,6,1,2abda99e6f1d4a3cb229bf79af798dfd7a41ccd6ba6cd9cee13129810a305f5e
20211022A04_1,221,222,3.mat,46,29,1.014101,3,14,1,5cc04ed4dc3f89c06ccd67f96c73d893ef282d13b1f8d4a220859d9ef871b53c
20211022A04_1,222,223,3.mat,47,137,4.790753,12,17,1,68b3620c1ba97072a52c2d91564879bcdbe906e0e0156bb12f663c13223f1e6b
20211022A04_1,223,224,3.mat,48,42,1.468698,8,8,1,cd7c06201a03a960085575c9138d72708d4fff8d01470fff31e48294f1999128
20211022A04_1,224,225,3.mat,49,49,1.713481,7,10,1,3ef8afe15fe9b08585bc820ae52c30e91021d2ec8f5fbf7fe5fc7f4f508159ac
20211022A04_1,225,226,3.mat,50,35,1.223915,5,8,1,9407d63cc82e7ad1d4bc91a12e8a1bee75757bf6a55c2bed670d47b6f8ccc527
20211022A04_1,226,227,3.mat,51,37,1.293853,5,9,1,806b74b7bd87463019f674dcf3405d60ec82c9703d6a85fbfe1a4f27657c514e
20211022A04_1,227,228,3.mat,52,12,0.419628,4,5,1,2d7a7b64cd0ffc712b20ceccf37442b3d3ffe8388858a612d1b3d51401698185
20211022A04_1,228,229,3.mat,53,15,0.524535,3,7,1,2f8e872217b55f6f9e58072905fcb6ed85d25949607e8c6d2abd80bbd0021791
20211022A04_1,229,230,3.mat,54,23,0.804287,5,7,1,7fba6c98ce848d329d7837813bd133c9a1528b35a665425a7fa5f461ed7118b4
20211022A04_1,230,231,3.mat,55,15,0.524535,3,5,1,1ac4b138f4ae019977e3b6eded3e3ae8f5f0cdd1ae2a9fa15569fd72195e6138
20211022A04_1,231,232,3.mat,56,28,0.979132,7,10,1,f91650628fe4ca7304c41352a5eb14e284f2e366e0256428cfb206278e1ee2cd
20211022A04_1,232,233,3.mat,57,8,0.279752,1,8,1,4e1bffdc92a87cd0cd546714b77c1f2eed1bb51dff6066309b586e3c6b8282ac
20211022A04_1,233,234,3.mat,58,8,0.279752,1,8,1,02c467ff7ebb92aa4aa9f35a1fce5f6b02f1e10cf0baf0f89a0a19d1ab5250b9
20211022A04_1,234,235,3.mat,59,12,0.419628,4,3,1,87d5aed6a7c907bb1a5d6bb859ba9561f9eb4201fb6ba64d1d5047a69f054635
20211022A04_1,235,236,3.mat,60,18,0.6294420000000001,6,7,1,9e67a99c38aae253e30d961b445833afb17efc80eeae8e9d9d13ee643289cd5b
20211022A04_1,236,237,3.mat,61,116,4.056404,12,15,1,a605ac03decb005f1a17a190b131bd16b007e419e461e3e4b15c3c554a26e5bc
20211022A04_1,237,238,3.mat,62,21,0.734349,3,14,1,4e1acdb685f96b5c5b334fd890dccd44dddc3a89f81f7eaadc451e866042328c
20211022A04_1,238,239,3.mat,63,24,0.839256,3,8,1,b0e234e1e449e151a1ee4768a159756d91e86a4985358c77fffa16b61801178e
20211022A04_1,239,240,3.mat,64,41,1.433729,9,10,1,96437c4b57bf458bb78490e1cf181d028527e2ff82e90d5a5d2d4567858ae7c9
20211022A04_1,240,241,3.mat,65,15,0.524535,3,6,1,24bbd24c0eca56cc2d0f997c6d30c6c516914f748709f6cd857108e80275193e
20211022A04_1,241,242,3.mat,66,126,4.406094,11,18,1,d42f9388d8cf0fc8b9a0a333d02f2a91d70db82770be52eb5748c7309912ac3e
20211022A04_1,242,244,4.mat,2,80,2.79752,8,16,1,f67c62d02a3dde3d503fc517291a283f4bb84133d3c45a74e16b201ec457171c
20211022A04_1,243,245,4.mat,3,67,2.342923,6,20,1,a467ffb8fd9a81257752bd0d0134db420c3cc4a2c4591df2d8952d0f47d03399
20211022A04_1,244,246,4.mat,4,16,0.559504,4,4,1,7a1e9a075e7f46ec60df02cc7e73bc9c30c41fc7ab77ff591d3d21cb761118e7
20211022A04_1,245,247,4.mat,5,15,0.524535,3,12,1,6fec47b449d644cd746d1a861d431ccf7801c4c4b7160cf225d84148ded3010c
20211022A04_1,246,248,4.mat,6,18,0.6294420000000001,2,12,1,7c6755bd22f08ef218990290cf0c265e7d8097992e113e2c7f22aa92ec6daa3d
20211022A04_1,247,249,4.mat,7,12,0.419628,3,4,1,94b7c4efedb95266a39521989a6d37b14a149f0889f6b5d31924386976c4ab2b
20211022A04_1,248,250,4.mat,8,24,0.839256,4,6,1,a1f8781d74223fc761ebc23bb8ca0e7bfe78048b383c938be976a4015cc9cbc9
20211022A04_1,249,251,4.mat,9,37,1.293853,6,12,1,72935bf32599536909bbe68ad9911ea9c4b5b8899f75a90b350d4cd2d5370fc4
20211022A04_1,250,252,4.mat,10,8,0.279752,1,8,1,84226f7f4dd6f1708338e4483a25bdf847f44965fc3cd9fc0f50bcc57e3ceb4c
20211022A04_1,251,253,4.mat,11,9,0.31472100000000003,3,5,1,51ad59f70afb8659814966d1178cf3e683908a0ee677248f3f70d47be678a5c6
20211022A04_1,252,254,4.mat,12,14,0.489566,3,7,1,824841ba5385b85442a5012b5db27128e22f0d29f4b69ffbccb64543b09b2fae
20211022A04_1,253,255,4.mat,13,7,0.244783,1,7,1,6ad9ff22fd00e4615f662e6c4cce6a060e7d6adc7955f29e902085dd8c3cf07d
20211022A04_1,254,256,4.mat,14,22,0.769318,3,15,1,56a4431beab85f566fd432e159fbb915d8a0360766e2fa152549f3053d68ae73
20211022A04_1,255,257,4.mat,15,7,0.244783,4,5,1,c653de9d1bf80f9a74ee8cea31c6144cb0c41b3d0d6e633d3f84567018f1d026
20211022A04_1,256,258,4.mat,16,83,2.902427,7,19,1,dd61bad70effe97c27e8d4743395601dae4c418acb572c9157efac5fc7c3187c
20211022A04_1,257,259,4.mat,17,11,0.384659,4,7,1,3618667f8ba6732274f43b7b34e41128416aed0e26feecca3d4e90a63c2a2d8c
20211022A04_1,258,260,4.mat,18,111,3.881559,11,16,1,f7f29982ee3b9d34e585d7daf9846f95c946e21599d11bde27b7846ed249f2b3
20211022A04_1,259,261,4.mat,19,14,0.489566,3,6,1,ec4ab115ded1ebc659936d1cb94740264c8a6049aa878d42e96de94cae469992
20211022A04_1,260,262,4.mat,20,28,0.979132,5,15,1,1e2d35475e5d5b7a3a534a73f820f22ab9cf2fea9fa6bb0c12bd2c68be85e7b7
20211022A04_1,261,263,4.mat,21,12,0.419628,3,6,1,efb4d22672c6a965bd699370fa7fa0517c63ce2a7ea91f8e6b52a6f0e86dcf38
20211022A04_1,262,264,4.mat,22,6,0.209814,5,5,1,0f45ca172481c272bfaa203866438a1f3f725ef74d8a48757978d66b672bbbf9
20211022A04_1,263,265,4.mat,23,20,0.69938,4,5,1,f81d4e94bc1c7a3159932d7b31d3228f9e2da8178cedb7375c58bc74a3ab73f4
20211022A04_1,264,266,4.mat,24,13,0.45459700000000003,2,9,1,1bbca247069de1489f1440991d3126e5357c2925182cca80eeb0de38e9d7a4d4
20211022A04_1,265,267,4.mat,25,25,0.874225,8,7,1,c74f623c852e754a7d63d7088701455c1259a6c26a301e0ddf445eb4cde81724
20211022A04_1,266,268,4.mat,26,7,0.244783,1,7,1,9160690de9665e4e3ed1066b0ed364120760f2e2d123f581d662b27b7f14b0f7
20211022A04_1,267,269,4.mat,27,7,0.244783,1,7,1,25a742481762d76e6d019febf334faf35cda0dd39be9799d283e1a80ee407eea
20211022A04_1,268,270,4.mat,28,10,0.34969,1,10,1,a95970803ba086e3a392bc212fc58f50f289cfbf1d61f950eaf33f9a92a378c2
20211022A04_1,269,271,4.mat,29,32,1.119008,6,10,1,73ff5ed3c6407744e4e3fd8d65a106dcbe7e025effc2dab8e85e62f1c3bf956e
20211022A04_1,270,272,4.mat,30,6,0.209814,1,6,1,1b76b5949e2d81616341172f08f72ffe7785404ec20b8ad495a03f882b45e001
20211022A04_1,271,273,4.mat,31,53,1.853357,7,15,1,d32723567d72fb94a57b8b3ee332999f4eb5995810788a9f49a897f9aee9aed2
20211022A04_1,272,274,4.mat,32,15,0.524535,3,7,1,b61e3a866edcfb0f933df8730098535e85dfe397d9c3149dcef155c73687e893
20211022A04_1,273,275,4.mat,33,15,0.524535,3,5,1,767982d4ee40fd44d28247caed6f04590ee7ac5caeecd9043dbc93d13e333918
20211022A04_1,274,276,4.mat,34,25,0.874225,5,5,1,b6adf942cdcc96b3cc6836161771500abc71813c5ce3f390b4f8caaf5e2aae36
20211022A04_1,275,277,4.mat,35,13,0.45459700000000003,5,9,1,dbd9e4a8252206d99bfa5d6de64091c1aae5f8007a3c681874ab55994998cd8b
20211022A04_1,276,278,4.mat,36,22,0.769318,5,18,1,736c36643bd1c3924dcdf6cee89c4b1440db8041a5700c1ca53d84888a86738e
20211022A04_1,277,279,4.mat,37,20,0.69938,3,11,1,67b3e53f4550fbc62ff36daa5123797645148e486cf3f3c051096a367ff1c5c5
20211022A04_1,278,280,4.mat,38,11,0.384659,3,7,1,dd9bb6914eb81bc9cd67515e8b41359fb4259e9384b8ecb8a5ed482e2b580da2
20211022A04_1,279,281,4.mat,39,6,0.209814,1,6,1,2ead4a7d55d3a3ac027b58f71612ea059e973e17ff806967419062267d5eb1ce
20211022A04_1,280,282,4.mat,40,11,0.384659,2,8,1,4b731a73257a8132878ed841c3e4783062b56945c7f6d877cff3a84715202f42
20211022A04_1,281,283,4.mat,41,70,2.44783,7,15,1,4d3e2504d67fcbe52816e7ec1c04ba65b8016a6d1eba212eb6676bac44a1fbe9
20211022A04_1,282,284,4.mat,42,26,0.9091940000000001,5,6,1,b6ee0924a761bda2166b66bae217fe2d7ca2b56fd819e423c38e9ea8d1dbf092
20211022A04_1,283,285,4.mat,43,14,0.489566,5,6,1,285533dfbe6ef1d2551f19cd43367bbcf64d7b1406b147162d499eb8a10722e0
20211022A04_1,284,286,4.mat,44,62,2.168078,7,11,1,03918432cfa6ca270bed71afa2b8d119cfac26a9eecfd3767676229b2d0efec0
20211022A04_1,285,287,4.mat,45,23,0.804287,5,5,1,f3458ff730a6ca8ed76521f72e614dafc0dcecf84144daba1d7aef3aa6970f47
20211022A04_1,286,288,4.mat,46,10,0.34969,3,5,1,a3939bd38a08862390fc0ad504cfc0263d1accaa28c18b8c83e7923415e51cb9
20211022A04_1,287,289,4.mat,47,28,0.979132,5,10,1,c86f1bb4bc2b1a2207a914af6fac20cf007d88267c0c669fdbb089a4afe6bfa6
20211022A04_1,288,290,4.mat,48,15,0.524535,2,9,1,16fcb4f5296b818ca2218d3dcae30d1ce383fcac9a2de8a1c28576fc6c8c5776
20211022A04_1,289,291,4.mat,49,15,0.524535,6,6,1,4f244683cfc3353a0a6baa9764a84272a144490458992d87a46b8f0318abd570
20211022A04_1,290,292,4.mat,50,10,0.34969,2,6,1,343ce4ed421b9c802956ec5ba6da7e0daf37eb206f3a28e5503097e947d38f6f
20211022A04_1,291,294,4.mat,52,25,0.874225,5,12,1,f97fc392013e6a068be2c2b80911bee215380aa8a393b4116c497b1ecec2a520
20211022A04_1,292,295,4.mat,53,36,1.2588840000000001,5,13,1,99757f275d0cce4afb047c8e97273c79715dad0c1b043c4c38d87d67f8b7d08f
20211022A04_1,293,296,4.mat,54,34,1.188946,5,8,1,a14a4e5498b9f4e03a8359313818a144c8f1f05f9267970f70cb9e8603b51cf8
20211029A07_1,1,1,1.mat,1,30,1.04907,6,14,1,96e3bc740c49943c45dfb00f71ff55d62356bff02e8e0c709666da2c566191be
20211029A07_1,2,2,1.mat,2,12,0.419628,4,3,1,ac0beee09b186fa2aa340d36f75062cc2f8ec3e342b1ba53ddbcf7c76ccf5fb0
20211029A07_1,3,3,1.mat,3,82,2.867458,23,9,1,a98c83a1329bc596767b403d9bf33ca1209a3380eebd6d93f3305c82c75531b9
20211029A07_1,4,4,1.mat,4,5,0.174845,4,3,1,4fe85dc98afa54b2eedab42ab06755af14361ad8cccea5bad1b02d56e596e229
20211029A07_1,5,5,1.mat,5,63,2.203047,10,8,1,5e8438c77201a4daef61756739492e63ff79926be8e98c632fdfddf9cf1b9e94
20211029A07_1,6,6,1.mat,6,9,0.31472100000000003,5,4,1,dfa60d15f89681c0352940de80208869b158d44a82bd13f9b6f7e7c0a165414a
20211029A07_1,7,7,1.mat,7,29,1.014101,5,13,1,32e4b737d576d51b9c3a70dca84f754d1c1134f2ce3d5a4149da50cfd10097ed
20211029A07_1,8,8,1.mat,8,58,2.028202,9,11,1,4bc8d63b90105b3ed9c6a70902a57100bec75c1c7d88dda162b202fdfe502fa3
20211029A07_1,9,9,1.mat,9,9,0.31472100000000003,3,3,1,e26ec1d872c1b2305f0deff4ae0851d148e55823f28aebe9fd97c328bd93fc51
20211029A07_1,10,10,1.mat,10,42,1.468698,6,8,1,04a5ae75fd3bb65080cbb62b1eadee5980f90b6ba1ec2f94f51ddd8151aca9a6
20211029A07_1,11,11,1.mat,11,15,0.524535,5,7,1,9cf7c53e632b94e5169af711e4bffba2fc2d033b4ea1e534e4aa420f2644a7bc
20211029A07_1,12,12,1.mat,12,5,0.174845,3,4,1,f1c287a57423741cec73cd5cb9ab347496a8851cf280e6667177993641b71504
20211029A07_1,13,13,1.mat,13,51,1.783419,14,7,1,40d423faf62df5bc67de3048c43913e08fd3e46327a0afb5e37593a5ee75f410
20211029A07_1,14,14,1.mat,14,16,0.559504,10,5,1,9f646baed94eb49347e92f5230b1e879f294bed03dc1e926b5fe73a6d2266afd
20211029A07_1,15,15,1.mat,15,32,1.119008,7,6,1,29fac15ed32067f4d8d66c20b0440d97ab9392a2d197983605580449c5fff9a6
20211029A07_1,16,16,1.mat,16,4,0.139876,4,2,1,d6d7afaa264d8cefb50c5af05e01de68f7a11b582f9bdfc8d06775654acfb21b
20211029A07_1,17,17,1.mat,17,9,0.31472100000000003,3,3,1,558d8881e88ca57e703c576f918f03b20bfda2d3982f9d831802fde4eb62f39c
20211029A07_1,18,18,1.mat,18,23,0.804287,6,8,1,ac813182e11fe33ea2c89f9a3314a1a1534746238a980981b24e7e556981289a
20211029A07_1,19,19,1.mat,19,16,0.559504,8,5,1,c03c43a5c255e157261af9203a2eab0e4ea4367d1497d25d16716bc1e1404ae1
20211029A07_1,20,20,1.mat,20,66,2.307954,16,9,1,86f4ff1b40b2a245ca82711b133b9781d5abdf680605f2cf935f55e3f156a873
20211029A07_1,21,21,1.mat,21,12,0.419628,4,3,1,8314ac562df109edebc41cc25a16e1a926eea4174c763d7cacc20ec18076c466
20211029A07_1,22,22,1.mat,22,24,0.839256,9,6,1,74b047b30ddf9fe2e44657feb87733bdbc97be4bed235a4db7372fc3321a9e25
20211029A07_1,23,23,1.mat,23,9,0.31472100000000003,3,3,1,e5fa71e5ea3bc352a95cf4e481f96c4f25599671c53644d1aca3e34b46328ee0
20211029A07_1,24,24,1.mat,24,30,1.04907,7,6,1,53bab9e6c3678307b6765089efaca3e83b563fd5432b6a5712746d2573680d19
20211029A07_1,25,25,1.mat,25,39,1.363791,7,8,1,b68a939bfadd27f5f3b6364b89b09c066423ed6de4098209065243b7e52ee5d3
20211029A07_1,26,26,1.mat,26,12,0.419628,5,4,1,aba11208ccbb8fedef612f3f64a991b41a5753b13bf1b6aeda73a696fd06d2da
20211029A07_1,27,27,1.mat,27,5,0.174845,3,2,1,db388f298da9a54eb5a0ed58eba230e74e0724dff0ffa8aabc5b093ca69d19d1
20211029A07_1,28,28,1.mat,28,50,1.74845,13,5,1,89922eb10559c3084b58d0e913c76aed1d8c761277d9561e27a97812d57d2892
20211029A07_1,29,29,1.mat,29,9,0.31472100000000003,5,3,1,3e93eaed4d4dd36e41ec94594cad820e8e6f7936fc3f9581213da9ad4c9da275
20211029A07_1,30,30,1.mat,30,14,0.489566,5,3,1,d05f04dedec3377c834aeb4c56c4979d08d194cf66c8ba46231e8758aa68cc4b
20211029A07_1,31,31,1.mat,31,14,0.489566,4,4,1,019c54d228a879f400728a89f5a0bfebb283bd2ad194516677627b5679cc742b
20211029A07_1,32,32,1.mat,32,38,1.328822,4,14,1,e31271469f568ae326284a8bb9f3f617443b095f88cebecf6c2b86c1550bd59c
20211029A07_1,33,33,1.mat,33,6,0.209814,4,2,1,3cac22c849780624d0f34a28296097796d9219122dc94272ab69e9e498774827
20211029A07_1,34,34,1.mat,34,59,2.063171,13,7,1,952ff82b5640253412ca972267b5996375a0ba031ec131b952645dcbe51abee4
20211029A07_1,35,35,1.mat,35,19,0.664411,5,8,1,f1d6849d9f8cdf4cc9d48511ef47b2eb0fd7eedcd1b3b59c15af82aab440d652
20211029A07_1,36,36,1.mat,36,13,0.45459700000000003,5,3,1,929331867d52790b86fec3eddfa3cae7788ba99287ef089ab80a13b5854d2ade
20211029A07_1,37,37,1.mat,37,28,0.979132,6,6,1,9a4b1b8b18e4ebcf5a9996b90e5355af2833b0e10b57369402ce7d7ba61197d7
20211029A07_1,38,38,1.mat,38,6,0.209814,4,4,1,928c07e768f70c01f9fa1cdc99f339f8519c0cd99522f5e8435ed9cb9cfa3d8d
20211029A07_1,39,39,1.mat,39,14,0.489566,4,4,1,7ee212b5296e5ac7c3d0abcc8870e936cc67e65f95e77ae4f8552f775277606a
20211029A07_1,40,40,1.mat,40,24,0.839256,7,4,1,2f55fde777098dceb8d97b6b4156678f2135f3c076be647dd88bd97a2ecdd197
20211029A07_1,41,41,1.mat,41,12,0.419628,4,3,1,9b5828d746d8c3cdbf0573ae1877e21d0413ca0f36599852c3e36e1dc20bd95b
20211029A07_1,42,42,1.mat,42,10,0.34969,7,3,1,a8f4dc7ae38c14ffd7447586fba10e6b0d4be57ce0b29cb9d4e5e4e88ffec7d6
20211029A07_1,43,43,1.mat,43,6,0.209814,5,3,1,af11e59ff2a6b55ae661078dc69a4e7dfe25bf908c129e6af0fea904dc816805
20211029A07_1,44,44,1.mat,44,5,0.174845,3,2,1,c5f7f7c4ff2f3bebe2b3338c0d318dc1f333b76ed91d64d37b08a8aefd5c9a60
20211029A07_1,45,45,1.mat,45,116,4.056404,21,13,1,c9e03aec1c85b24e9ce19c2e5b428f79b67e8265f3b8ea260757306f90ea9dec
20211029A07_1,46,46,1.mat,46,22,0.769318,6,5,1,475c83d95e13c8b57728c38ea25042b82d23a75d8e252f09e54898d807d0c19d
20211029A07_1,47,47,1.mat,47,29,1.014101,7,5,1,91a417f11c5a8843341b1d92136057a7f8fbc228a2b12d2ad097c0c64bc03c26
20211029A07_1,48,48,1.mat,48,54,1.888326,10,7,1,d1955eb4c9ac14e55b2fed8455fef5ac572b5df4bcf99637fe3b67c0f2d076be
20211029A07_1,49,49,1.mat,49,10,0.34969,5,5,1,88e7636bc96e5ddf7e3277156f9c06877ebe2a1756c7b7890bb85f1d6b2a46b1
20211029A07_1,50,50,1.mat,50,34,1.188946,6,9,1,3ea5bbcfa6409c34994e82312858e1a9e33041534ceb7b21fcf0d41b7abeeec5
20211029A07_1,51,51,1.mat,51,35,1.223915,8,13,1,c9685e8eec7c4a781b1bbb60d55f036676a6da73b54531b65a9e248347215383
20211029A07_1,52,52,1.mat,52,9,0.31472100000000003,3,4,1,6aa7247f4d3ff56c2a2c43f92f762938a49d027a227c81115f626640d9789d3d
20211029A07_1,53,53,1.mat,53,44,1.538636,11,8,1,b3c98e4186d81961e624478553747b7b73310947af1118f32d05b86bf8a1b98e
20211029A07_1,54,54,1.mat,54,6,0.209814,3,3,1,1f10e09fa859ab129f3176d3b3ca84e56d8cdba426b69c10f8618918c0b94b3a
20211029A07_1,55,55,1.mat,55,9,0.31472100000000003,3,3,1,6c5660d2e9be96c5ea8fc013a4d4fcbcc0a6e01862a7cd78369c239bd2508ffc
20211029A07_1,56,56,1.mat,56,44,1.538636,7,12,1,8496b2c9a218c028ac883dd7f3cbebdd8c99a21bb62f565dc3cfa3f2767ae279
20211029A07_1,57,57,1.mat,57,8,0.279752,4,5,1,1e231b51460c3988c3a819e321e24d25c6a5177762b854efe4675751820c4c14
20211029A07_1,58,58,1.mat,58,69,2.412861,14,14,1,ae08482d7f2d0b8657d9fe6de260aca73d9e946a13639d66f22307822a2bc492
20211029A07_1,59,59,1.mat,59,16,0.559504,5,4,1,b8ef46df3b30ee54ac9c6292973321218e293dcc6db953afd5162df101cf3366
20211029A07_1,60,60,1.mat,60,28,0.979132,8,11,1,c2c32a12fd5ae81332e9b7c2064ce92c4f222239148cb65383a07cc97dbaabd7
20211029A07_1,61,61,1.mat,61,6,0.209814,3,3,1,775acfbc3afeb92ca7a584095011f85683918d3d3ce40b5274e1cfd1236c0697
20211029A07_1,62,62,1.mat,62,16,0.559504,4,4,1,bde15fe6bd628b75ff91503c5cd2b3c5914de23a5677d7ce4f39c4f4c088af98
20211029A07_1,63,63,1.mat,63,10,0.34969,4,4,1,f2cc9a65c647bdf2e2a283015cc74a09a58bb7ac91e6b97c30c82ba3e2d5976a
20211029A07_1,64,64,1.mat,64,9,0.31472100000000003,3,3,1,8596cf87b826936f988e81761985645f65fcb3210f94d223058fd9deb3828298
20211029A07_1,65,65,1.mat,65,51,1.783419,8,9,1,7146a03194d8761f168204d3edf8e0d2b16fe49e472e3f4d19a68c9de0eeb54b
20211029A07_1,66,66,1.mat,66,33,1.153977,12,9,1,0452225ae2f12e89d916d07f47903c3206d1898d7c3e09fe1619d53cd3369ef9
20211029A07_1,67,67,1.mat,67,14,0.489566,4,4,1,f709ce1f46d3ddf3e2a3ae0dc2f72f0b13a780beb272d3d9824bc48f17da516f
20211029A07_1,68,68,1.mat,68,36,1.2588840000000001,9,12,1,c11c295f108524e4cfeefd250a687d48cec70d1606569b3bd0d41e35804f7a32
20211029A07_1,69,69,1.mat,69,4,0.139876,3,2,1,5cbbe1d78bbfcbe91cc730261475fb3722a9678746bef2c37031793f4c5978bf
20211029A07_1,70,70,1.mat,70,9,0.31472100000000003,5,3,1,d1a8ae76fd8c98db660047a81e34f3ef20ac5dc41c1c70687573aa37d9123105
20211029A07_1,71,71,1.mat,71,12,0.419628,3,4,1,52d38e4537a5911e9bced520b8e453c0d06033d87131580d6d365025d4d10522
20211029A07_1,72,72,1.mat,72,41,1.433729,9,8,1,249214b894cebf521adb972c427ce6f5aa0d252c5d029007270ac3b56fe90ac1
20211029A07_1,73,73,1.mat,73,58,2.028202,10,7,1,0edac9420eee967afb9dd5bb2fb81086d2c565b94817d032aeaf810847709240
20211029A07_1,74,74,1.mat,74,4,0.139876,1,4,1,886ec1c168ceb62f00d1ec7ccabfffea44f86b0227639e9b448761b095f30a4c
20211029A07_1,75,75,1.mat,75,15,0.524535,4,4,1,7f930c086fde868cbd915a5c7910bd10697a7c0330689600bc0b64906206f558
20211029A07_1,76,76,1.mat,76,11,0.384659,6,3,1,df1c35b76cd0640a8952b274046670f46aa9c36beb74e1a20ce2023a01f7c795
20211029A07_1,77,77,1.mat,77,22,0.769318,17,5,1,d2c9783d2ca1e6a0a6f6d51a1759b956efdb71dd9f342a91b4b3b25c04476800
20211029A07_1,78,78,1.mat,78,10,0.34969,4,5,1,f6865f3cb8666190864f03016dbf8b977e7862df4373df93ac77f6c1c6f03a1d
20211029A07_1,79,79,1.mat,79,9,0.31472100000000003,3,3,1,d852e7dfa2fc5246e854a32ee39ee85d9efd508b53c1a349b19f8ba71c0b4c04
20211029A07_1,80,80,1.mat,80,59,2.063171,8,11,1,ed403335f92702bd5aa5550f2d282e3d1ba603f50aa6185fb51a402844a2a126
20211029A07_1,81,81,1.mat,81,21,0.734349,9,5,1,f704cbeb20def93b6f67edd063a33be869a3abf20868bd34ab8c210e63e7d373
20211029A07_1,82,82,1.mat,82,24,0.839256,6,4,1,a7a422a77f54afeda7cc01bd0d19df53329f2e1c47dca84438cfcec841ee067a
20211029A07_1,83,83,1.mat,83,9,0.31472100000000003,2,9,1,0473731d37e60a97b7057defe35c22816626525fcecaa0fc5551086f19c24913
20211029A07_1,84,84,1.mat,84,37,1.293853,5,10,1,2456777065678f1a42008b1ead52c4b0d2a47221507c0c91578f8dbba8673637
20211029A07_1,85,85,1.mat,85,25,0.874225,5,5,1,ec4145a4ea990cb269d285a688663c675a095799b0d1b161a31250469436cc4a
20211029A07_1,86,86,1.mat,86,18,0.6294420000000001,7,8,1,90007a6677743d4ded10c2fd8bd48239a8dddccd9db07e1d60a43b8caa2000f2
20211029A07_1,87,87,1.mat,87,15,0.524535,5,10,1,0aabe2e290ae0da01c5252bd494206cedc0bcec12264aee771700461731389a4
20211029A07_1,88,88,2.mat,1,15,0.524535,4,4,1,a08e13947223656a5e75c9a898c5abf11cce187d8405a4ea41e5c12f53ba0ffe
20211029A07_1,89,89,2.mat,2,4,0.139876,3,2,1,8b06a17fd6905b7dc37efc7064cbd5eb19a454a8bed91bb00ea8f03f70e25ec1
20211029A07_1,90,90,2.mat,3,4,0.139876,3,2,1,5869695b7d703893749b4c65d7f0db3df4290941ca26b6577019fe1c61ef8d2b
20211029A07_1,91,91,2.mat,4,22,0.769318,4,6,1,92bfba2d53fede3da94301231485ad5fd6f64a0a505df92a9a9e4b2523ed50b8
20211029A07_1,92,92,2.mat,5,21,0.734349,6,6,1,3cf1436df93242dd4aac848acd0f2fdac984d8bf51e015a36cb1360dbbf353d6
20211029A07_1,93,93,2.mat,6,12,0.419628,4,3,1,726734f001c9d4cb37b0799df14d276099e9589b46b6ec431d695e9fabf7fa6d
20211029A07_1,94,94,2.mat,7,29,1.014101,7,6,1,96d2000848a302fd010c9184edb5456dad9e04fda3bf957e4783c0f93f1dac00
20211029A07_1,95,95,2.mat,8,17,0.594473,5,6,1,0f071606bc69773188603712b8604f72fe0870b117763b7bf2dcae494c539248
20211029A07_1,96,96,2.mat,9,35,1.223915,7,8,1,5f93e229d601cabdc0c110746320e156ddb670d85a27691bbb745fb35eeed714
20211029A07_1,97,97,2.mat,10,22,0.769318,7,5,1,4b8e61dbfd163b7c2e496f5d71bb592e5fdcfd4917c653dd90387df7f102ea53
20211029A07_1,98,98,2.mat,11,35,1.223915,7,7,1,329a65e7a0aa20e21f82d917c4d225670bf5e4995d71755580f890d6427f1666
20211029A07_1,99,99,2.mat,12,82,2.867458,21,9,1,21083d596f3edaae115673cb2e3b711a402eee9848b121db01fcc5102fb1b126
20211029A07_1,100,100,2.mat,13,22,0.769318,6,6,1,643e9d1d833848dfeea6c52c48a97413009d679cea62414c76bbf23f63c26918
20211029A07_1,101,101,2.mat,14,4,0.139876,2,4,1,3fd6b289acd55e3068a7788b8588c8bf727bc1408f2bd922df94360ea0061235
20211029A07_1,102,102,2.mat,15,4,0.139876,4,2,1,97f8de891eb984d86484bd69b080be74be700964ff4d0c810d643ab7232e8edc
20211029A07_1,103,103,2.mat,16,12,0.419628,9,2,1,df31d4311d763a74a05c5bc6c2b0a1d52eaa9fc0033020319d2864f281b9e715
20211029A07_1,104,104,2.mat,17,11,0.384659,4,4,1,312c202075833d72cc2cfd6dccbd34de673490aeb552aadbd418acb3d7eee37d
20211029A07_1,105,105,2.mat,18,15,0.524535,3,5,1,39981f5187ce7ae430ad0c12b3ec2a4d21da15efb4ec4bb32585171328342e1e
20211029A07_1,106,106,2.mat,19,4,0.139876,3,2,1,91e4b8806a9eba3b0fb7138773962db6cf3e38cd733c47130ead674c304c022c
20211029A07_1,107,107,2.mat,20,7,0.244783,6,3,1,164ed979bfc665501341d3f5e1f8f26b5966743e45700547b1c24eb864964f42
20211029A07_1,108,108,2.mat,21,4,0.139876,1,4,1,deda4c5239eee1675c1eead10608601ab2a6d14a13623803d750c58a5a91a191
20211029A07_1,109,109,2.mat,22,52,1.8183880000000001,11,7,1,1a318f0764592a3a7b1146b659fc907f4ada033855660b5c92c4986cda7c18b1
20211029A07_1,110,110,2.mat,23,4,0.139876,3,3,1,9d0d43062c23fa246862f3bf67fbc0c8501326ad05696b8f499769af9c44cc19
20211029A07_1,111,111,2.mat,24,22,0.769318,8,6,1,cb967607be43209c0606708788165c11c2058b6a164ad1e2a240bb8039b6925b
20211029A07_1,112,112,2.mat,25,6,0.209814,2,3,1,2338ce54a2b1168c9202c6690ed0dd0030f6e42849df0d1930ec38970d8a4dd5
20211029A07_1,113,113,2.mat,26,12,0.419628,5,4,1,f655ae89b6bcddc3082f894acd40479ef952032a92701a809fc2b8059285c5aa
20211029A07_1,114,114,2.mat,27,10,0.34969,4,5,1,aecc9e76a30da7446b5d3d3ea77ba97a34ba80449387cbd3a8b95048ff5847a7
20211029A07_1,115,115,2.mat,28,27,0.944163,4,7,1,13678c5dd90194e00b4942e3f4b0b878bed53a78bf6bd7ca3630f3c8f196296c
20211029A07_1,116,116,2.mat,29,7,0.244783,4,2,1,3c92f3c96b184c6c5183b70966e4fc187712e59f9dc4c651300e3d5ad6b6b726
20211029A07_1,117,117,2.mat,30,4,0.139876,1,4,1,940201aaef1f6a4f867d6a6cc420bc91fa13652d85568623501934253ff3f72f
20211029A07_1,118,118,2.mat,31,5,0.174845,3,3,1,25cbc6509a54b42bcfb09178df399902881cd2f8682c06dbe663a4dc01f8b6ff
20211029A07_1,119,119,2.mat,32,47,1.643543,8,10,1,d53c5235d454507264922f52d9924fe49bdd2afc7c0e182f9b1108c4b260ac1f
20211029A07_1,120,120,2.mat,33,15,0.524535,3,6,1,5a1a84db240b5f679e8104e2a3b2b28cb60013c119a5f85806e7671ae7a602ed
20211029A07_1,121,121,2.mat,34,16,0.559504,3,6,1,63e7455804a2c233e16027fe34cabdf2e924a33c31b9c7d8d38781bfadce8141
20211029A07_1,122,122,2.mat,35,12,0.419628,3,4,1,f2e4c5bfcfdf14c50ac06ec5108df52b0f4223ec052042e1acce18801ed04f83
20211029A07_1,123,123,2.mat,36,15,0.524535,5,5,1,726b0aa4ccc77e81380b417724126a2a33bd91dff44377d7ef7012589d9423bc
20211029A07_1,124,124,2.mat,37,53,1.853357,9,8,1,f755d5ccb461a68a4d74808ded6a2ef5aa7d8899d31a37d9621a8f13087834d1
20211029A07_1,125,125,2.mat,38,9,0.31472100000000003,3,3,1,ce39ff31a55f63cabc95f01cce6b804bb0be6123903ba7e1b6dd88778d879940
20211029A07_1,126,126,2.mat,39,23,0.804287,5,5,1,ece50bad95fc925c3c0bb184d7e10fc663b4495bfa560b242b814ddae62bbe7d
20211029A07_1,127,127,2.mat,40,4,0.139876,1,4,1,bfe3c91de7f16ed60b91236ea870d2f7963e72f587a012bfc4fc4b5a3faad8eb
20211029A07_1,128,128,2.mat,41,13,0.45459700000000003,1,13,1,1dc2c0c393b48bfec1a15789715db9a805fdb4eed9cbeea9d06789fac394e905
20211029A07_1,129,129,2.mat,42,4,0.139876,1,4,1,375837ce2b18df53bfc958e883bc88aeb21240976853c8a29dcab2378e7c1a1c
20211029A07_1,130,130,2.mat,43,21,0.734349,6,6,1,7885a0d1d12d922df858df29e677a58964b0020107a287cb11298c5f838d008c
20211029A07_1,131,131,2.mat,44,10,0.34969,5,4,1,534448d0a3368c8f32b9628605f9923ea907a532345831e9babf1944e0a1a6b0
20211029A07_1,132,132,2.mat,45,53,1.853357,9,7,1,94e38962a47b27ae4b44378c9d819323e061881e0e1e24f69a9e4d03532ce3d7
20211029A07_1,133,133,2.mat,46,22,0.769318,8,11,1,c60bc44cac04855ee85d47084f5897be992085cf216d4393d63d04e46f11d63a
20211029A07_1,134,134,2.mat,47,5,0.174845,3,3,1,f413d42b636d44fec8cfe14863f1a461e0965d9179cf428e1e5fd48750b868bd
20211029A07_1,135,135,2.mat,48,26,0.9091940000000001,9,6,1,b57ce0e23db96da55dfc6e8986a0882baa806e6440d41d04fa9b5f6ff0dd5760
20211029A07_1,136,136,2.mat,49,9,0.31472100000000003,3,5,1,86050ad0fba4f5214063cb051299ca0c46959b04759a0255060279e25b8f9a66
20211029A07_1,137,137,2.mat,50,6,0.209814,3,3,1,d330c7f41708ece479adfad626cc9c1544d5729c4f0da7d15b738fa08a696e22
20211029A07_1,138,138,2.mat,51,62,2.168078,15,6,1,c6a3a8761bb9235299de5d63b655b941226d6760c3c5d2c7b631144cb14cfcfe
20211029A07_1,139,139,2.mat,52,4,0.139876,4,3,1,dc1efb0191a11caf1076d8d6fded62d4707b6e44b0edd1d4e03419c88733caa5
20211029A07_1,140,140,2.mat,53,65,2.272985,11,9,1,81d8f756c12cd71b28f9834800caf0a050a28c0ca0c5706d86068b4f3424cd52
20211029A07_1,141,141,2.mat,54,9,0.31472100000000003,3,3,1,013cb588d42a2574c3d5aab3205d5bc7abdb1af4aaa38b2e55128e3fdd8fb7b1
20211029A07_1,142,142,2.mat,55,43,1.503667,9,7,1,17e65d7167f359ab84706551f0f6e8404bb05f6ea83c2daa8e2380e617511b88
20211029A07_1,143,143,2.mat,56,35,1.223915,9,7,1,e06ed433653704062274c7165c432656a499a8e4838ec3a3e3a04378542a48ce
20211029A07_1,144,144,2.mat,57,9,0.31472100000000003,5,4,1,f5da9a240a564b11498e62669f597fbac07fa26ff1f928f9882791df3de643a0
20211029A07_1,145,145,2.mat,58,12,0.419628,4,3,1,3776877940157cadaad87924431e632e914013e7180e377517bb553ca4da87b7
20211029A07_1,146,146,2.mat,59,50,1.74845,7,12,1,2881c30628c184352b6dfe939b6c72e4c0796f17efb13aa7baf41e238c589a52
20211029A07_1,147,147,2.mat,60,7,0.244783,3,4,1,baf218305e77dd8a094b3e390b2b8697941b6fe17978a4ffeff819505581f906
20211029A07_1,148,148,2.mat,61,26,0.9091940000000001,8,5,1,62fda277371f9dbe2275ba80dc6f4d6b89c2a2eab48df71003adb467d889187d
20211029A07_1,149,149,2.mat,62,5,0.174845,3,3,1,cbfac756e2dafafa859559a5b99226abc945b643cae4691e0719c0797873e575
20211029A07_1,150,150,2.mat,63,7,0.244783,3,4,1,47465de4516c93f851d4f05fd92de29d7400aace12032240a38302e7de1b5966
20211029A07_1,151,151,2.mat,64,12,0.419628,3,6,1,c2ce56d9a01ec2272075966cdc220d6d34cd1d6ef647ac45107751ab2b425743
20211029A07_1,152,152,3.mat,1,43,1.503667,20,10,1,ec50deab0a1f8e1656da113485901ec47c0021b35a554f0e474c808643fa678a
20211029A07_1,153,153,3.mat,2,6,0.209814,3,3,1,63cfd6e4e7ad1658d215573acec76647d1e4556f2a20b4f215aa0f79bc401783
20211029A07_1,154,155,3.mat,4,27,0.944163,7,5,1,c8287d0d8c4e5806e9a470120cfd4d5d992a36eccf146d4dc4f034c99ac52b8e
20211029A07_1,155,156,3.mat,5,62,2.168078,14,15,1,e2d89a84fe71387717358e30121b516f489759951119093cf1b9f2e69690f853
20211029A07_1,156,157,3.mat,6,10,0.34969,5,3,1,a89b25ea85b959a669e34869a62223d86d5af33dc7cd88c745fa3b47bfcd2d56
20211029A07_1,157,158,3.mat,7,42,1.468698,14,9,1,76ce0cf8c787b992e8738d0c43d04b9ac0a5451ecfe681e136ad45695d749730
20211029A07_1,158,159,3.mat,8,23,0.804287,5,5,1,c930a08774cfae628964a6055c8db4aef001ad98f965e2eb4aec3cc9f10f2f7f
20211029A07_1,159,160,3.mat,9,24,0.839256,11,6,1,64c4e8e12aaadcb30d8e4744b99ef20633cfaa498b7cc25eee34676cf5439fa9
20211029A07_1,160,161,3.mat,10,33,1.153977,8,8,1,4dfd2089cdd36e6fd2fc4a2d52b18bb6f527e89ff7183c7438c6bb559752d57f
20211029A07_1,161,162,3.mat,11,47,1.643543,17,6,1,20121d6dc9396ecd05bd102afa649f966e6b8eb6d72f9e1b49162d472a061dc6
20211029A07_1,162,163,3.mat,12,68,2.377892,12,10,1,2761c449c91384fea6c5a3012af0f117d1b5a9ac00400a83b3a51181abd40119
20211029A07_1,163,164,3.mat,13,43,1.503667,7,8,1,a67b25993e60d07337059ff790d36a22ddaa77ed2f19015410332574ed48af27
20211029A07_1,164,165,3.mat,14,48,1.678512,11,7,1,1c4461a067ef43896885c65c9abbcc8220e97ec246ec742daf42aa07341132f9
20211029A07_1,165,166,3.mat,15,8,0.279752,3,4,1,da0d6f5edc7e35119e916675115e7ee1786f8ce0dd93c4af31cc9f896ba121d9
20211029A07_1,166,167,3.mat,16,17,0.594473,6,10,1,ba822a26ca6e5dadf20b2ec691562d5bd95ab049f74d992c53e774859b0a4881
20211029A07_1,167,168,3.mat,17,16,0.559504,5,5,1,efcc80836f39581994d30e18b07cdf57076e9a187d27cb7c3fcc0aeb56b06c5f
20211029A07_1,168,169,3.mat,18,7,0.244783,4,3,1,c2289fbf742b95097f45d8cb8af0f61d5f1ef6076f32b1f386aab96496fe5aaf
20211029A07_1,169,170,3.mat,19,26,0.9091940000000001,7,5,1,1375db0281c91f4e599bf291ee0e25dbe5f21d4b8a10f18b32808460a5a89371
20211029A07_1,170,171,3.mat,20,12,0.419628,3,4,1,0f9fd59ad4cb9ce7c6acd0ee4709b897a8ce888c7408de49cf926c97084c95e2
20211029A07_1,171,172,3.mat,21,9,0.31472100000000003,3,3,1,19dfb30384a90dd23faae887717b8dd8365e087c9cd1f86352a4330a62caea92
20211029A07_1,172,173,3.mat,22,12,0.419628,3,5,1,e3c023834ecd2663b2ec40ba00ddb679e602ec7f684bd7a7e6392a85d7e12006
20211029A07_1,173,174,3.mat,23,21,0.734349,10,6,1,ba52e87caa6e674831a412dd34dbb97025c1c07b5e3ef80a5654bb24628ddb3d
20211029A07_1,174,175,3.mat,24,6,0.209814,3,4,1,cbfef00f587d27e4778ecf47712164a4e8f56a024a573ed7dede5456d893dcb5
20211029A07_1,175,176,3.mat,25,9,0.31472100000000003,3,3,1,c5851d7c12b0e6f2ae85b975f6541a048434aaea2b41a248916705935b4bc324
20211029A07_1,176,177,3.mat,26,47,1.643543,9,8,1,fbbe9288c0d661ec19fb970c57917f0b754f8527fa4ab347731bcac633a7d6f2
20211029A07_1,177,178,3.mat,27,9,0.31472100000000003,5,5,1,c4e9668744b7c9c8516642b4e339ecb16e982f6173788325a9742bd8cc39c9d8
20211029A07_1,178,179,3.mat,28,14,0.489566,4,4,1,65c84c69870323e553d14bf90da4cbb6bb75b7a314389309ba02e76ffea4e739
20211029A07_1,179,180,3.mat,29,4,0.139876,4,2,1,1ef2116e7e4264826a9f21b5d7fa379962b60bf7e01371e4e6061f6a4e0f9903
20211029A07_1,180,181,3.mat,30,7,0.244783,4,4,1,09d2d4c84d307793cdf6e0f90e5b46056a0cc84e4fcff78f122447c65da06668
20211029A07_1,181,182,3.mat,31,9,0.31472100000000003,3,4,1,f8bac7a90272ba6bf7439805ed26b012b36ffaca02899ca4408f6fdecd12b217
20211029A07_1,182,183,3.mat,32,9,0.31472100000000003,5,4,1,6a7fc5eaa1039265254fea88147e8fb6bdceec3c0b9779447ef882d1382a26e7
20211029A07_1,183,184,3.mat,33,29,1.014101,6,8,1,2aadea81319f9edce150c66c16e3c8ff02ac7a469284c2aa38349bc201fc2748
20211029A07_1,184,185,3.mat,34,43,1.503667,9,7,1,fbcdc65421a7373f015df7502b1d27ddb5dd12a4bfbae61f99d0d8e9b84d46cd
20211029A07_1,185,186,3.mat,35,9,0.31472100000000003,3,3,1,c986bda3c0d3a27cb2547505b8f280bdc914577083ff5451efeb12f369251175
20211029A07_1,186,187,3.mat,36,15,0.524535,5,3,1,f5df3d92708dd2ba1dd1e4e5a4a1c0b9921eb45e1621def6ba5a97d68feed208
20211029A07_1,187,188,3.mat,37,34,1.188946,14,11,1,5e03cbfbe13641740d07828896dc41ba0a7ffc06c79b992e16addb9d4077bf75
20211029A07_1,188,189,3.mat,38,9,0.31472100000000003,3,3,1,8bf3edf7c2a95895a1732ed583f99e5977e2c4c548ca0f5bf8a981e0db2292b8
20211029A07_1,189,190,3.mat,39,10,0.34969,4,6,1,abf4ffc675d954f7fef7cbea63161ad37dc94bab226717adb4dcd31afe983a35
20211029A07_1,190,191,3.mat,40,69,2.412861,13,8,1,bd10c18587709e850b5450b46a1cc7059d0559ef3d72889fb759f45278da55e1
20211029A07_1,191,192,3.mat,41,5,0.174845,3,2,1,51ddb48a093e4e4de19719c38497ea195b33aa5d65076d47626a6360375e52d1
20211029A07_1,192,193,3.mat,42,29,1.014101,6,6,1,4584a0b7667628924036ff0b8888f47e58546b3525948ef3bcaa0cdfac47be3c
20211029A07_1,193,194,3.mat,43,4,0.139876,3,2,1,d4aae64070cfdb790cfbde6a656eacfb924a8b702bf16989283aa65dde0010cd
20211029A07_1,194,195,3.mat,44,9,0.31472100000000003,3,3,1,b202ee57f497659a5aa3a013e29abc3c3df65484648b00752ae8ad3fefde3a14
20211029A07_1,195,196,3.mat,45,37,1.293853,7,15,1,2c4e1632822bbe68da6a2e3b32bdd15697c10696a67137188d466f56c36fda73
20211029A07_1,196,197,3.mat,46,5,0.174845,3,3,1,432a5f0677a545001307ad55313e427719cb0e81fb4f45a339b48f7973b6049e
20211029A07_1,197,198,3.mat,47,5,0.174845,2,4,1,a1e571c6a77e947c5d3bef2266ebffb926afb3a6f518059eff93fc6c944b0e99
20211029A07_1,198,199,3.mat,48,9,0.31472100000000003,3,3,1,7ba7748ee143f2e199e0593633767172a0cfb12e91fb75ad1ea82699f3dc0244
20211029A07_1,199,200,3.mat,49,8,0.279752,5,5,1,1ce7a84bd2c257559fcffbd1909159fd7284de9da40985603c713857773a28d0
20211029A07_1,200,201,3.mat,50,15,0.524535,5,3,1,a2730f157fbe0c65cc285c9d2d15120886dd7eca9937f2e83b1e88b3366bb257
20211029A07_1,201,202,3.mat,51,7,0.244783,3,4,1,5d5aead6463759f9314f0c8543ac89e2f65c65aaa031767b30c20b7450ac5a17
20211029A07_1,202,203,3.mat,52,17,0.594473,5,6,1,7e2aaa4a6f4c1c7aa17ab70c4ab970083ae881a1172b45ae89f96f17301e5972
20211029A07_1,203,204,3.mat,53,42,1.468698,9,7,1,68aee3a8cb4740ab7a3d8f438496035ff8f4a0bbd02f51bb0dcecba0629cf12a
20211029A07_1,204,205,3.mat,54,6,0.209814,3,3,1,6a26a3f815517704ad9a17428ee48f2310c652d6f4bcb64924233558d91c70a8
20211029A07_1,205,206,3.mat,55,9,0.31472100000000003,3,4,1,df6e2bd106925158108b4c31ffbaf5ba7fc2a8e5082b0e0a8d0f13680eaee63e
20211029A07_1,206,207,3.mat,56,9,0.31472100000000003,3,3,1,2f7f8863ab81ab9d65de0a575a558de694370c64107f9e2dc5ed2e0edfd18b80
20211029A07_1,207,208,3.mat,57,11,0.384659,4,7,1,60f1e69ce320d281d8a1a1bc0dbf7bb6730a09d45e2d9655b7f6309906c90547
20211029A07_1,208,209,3.mat,58,8,0.279752,6,4,1,236b44892016e914746038072bdf532c6eabe41230e245df9babb8dd5841148c
20211029A07_1,209,210,3.mat,59,5,0.174845,2,4,1,b45ec6df88e9f725933ca90b452069405c729b997aecfb35f97a9791349842aa
20211029A07_1,210,211,3.mat,60,7,0.244783,1,7,1,06dc18a4c5bdaaf66bc48731ea90f69308f059636382e046c1701640e1e21413
20211029A07_1,211,212,3.mat,61,9,0.31472100000000003,3,3,1,009fe853bd328dd7e716a643e7488b898ee431af8edc8b4999bf8890323f79f5
20211029A07_1,212,213,3.mat,62,15,0.524535,6,10,1,ec9ba41d94acab4ed6ed7473753960c6992729ce0c8f392c66492aa7ea3caf49
20211029A07_1,213,214,3.mat,63,32,1.119008,7,8,1,b5940a658178dcee16442209c829a1049f90aa9d08033e90fb54c321712cb0a7
20211029A07_1,214,215,3.mat,64,72,2.5177680000000002,7,17,1,467e02a2b83911b2b00b3619dc6e13bee958ffa3eb28d56c7929f2ddf4624243
20211029A07_1,215,216,3.mat,65,16,0.559504,4,5,1,35f2a2d3574a4e872c7f5eb5defa9393a4481d1ef3456a99c851cc5a678f271d
20211029A07_1,216,217,3.mat,66,25,0.874225,5,7,1,96428d740c8ce16cea21e56ae6d10808dbf49df0f280b4ed4fee30fddea30bdc
20211029A07_1,217,218,3.mat,67,24,0.839256,5,6,1,2dca4eb8c7b7b35385ed365be3f42c98f355466291632e732e1092b22f4b00d5
20211029A07_1,218,219,3.mat,68,73,2.552737,12,13,1,b2c111313bf44a54886ce39e8b6f016156f6d6e73715f45ceaadeeb8fa7139ea
20211029A07_1,219,220,3.mat,69,12,0.419628,4,3,1,ae5e8e969dc6722b58491c67b38fcccb70ee60226d814c0475c2623ed7c7399a
20211029A07_1,220,221,3.mat,70,40,1.39876,6,8,1,df9e7f5d945a9f813503845badd78806e916941f0cd65615ce3e7c19bece690a
20211029A07_1,221,222,3.mat,71,16,0.559504,4,4,1,f598dd4ec5dce30886f290d7717498ef1d67ef68aebf9d6b4cabfbb051a17211
20211029A07_1,222,223,3.mat,72,22,0.769318,5,5,1,2091242a7376a470972ba35a8bc95bc1b481c3e9778446259455de3c09211ecd
20211029A07_1,223,224,3.mat,73,4,0.139876,1,4,1,448aa110cdf33ab890ef50e3b01914c4e8feea4bac92b5f2cd6717201c7800f2
20211029A07_1,224,225,3.mat,74,18,0.6294420000000001,4,5,1,8519b3fa02af295aed3c34a740b542ba8b5cc465541a4b449be979acb4b5d53f
20211029A07_1,225,226,3.mat,75,9,0.31472100000000003,3,3,1,f345b5cedbe109e79caade8b047e606b462957ff71bfdc0a7df255970de13a98
20211029A07_1,226,227,3.mat,76,66,2.307954,15,11,1,da668b912336ea1131dea1593bd5e2dde7015eda50b5447dd153cd79ae9010bf
20211029A07_1,227,228,3.mat,77,12,0.419628,4,3,1,b0fd2fca57187ce2ba4e3f3533de2a9ee0e82b139ab89e9924660e712df302cc
20211029A07_1,228,229,3.mat,78,15,0.524535,4,4,1,24b3c8b4dd83534e16558357deacbe5e212a65845f50b5600d649cc178202150
20211029A07_1,229,230,3.mat,79,18,0.6294420000000001,6,3,1,654ad0ae4c1c3a6bb4f725f2aad43c4a0552eb1378599843d46309fb9536b27f
20211029A07_1,230,231,3.mat,80,19,0.664411,11,5,1,324be37a4061eee139f7b4fd0ac41f141758da9e57c66aff117fb5288f6f496b
20211029A07_1,231,232,3.mat,81,22,0.769318,7,6,1,01e09e7feae2e0413258a79ba8a894e377a6485ed77ec82ea58ec22de70dfc56
20211029A07_1,232,233,3.mat,82,25,0.874225,5,6,1,b73d076183021fe2840a7e6c663057f5e5276f0a40eabfd78cc46610b9e6130f
20211029A07_1,233,234,3.mat,83,37,1.293853,11,7,1,13fe2a141157f1e362822f37e28f132f99767a43a603f6e33b9a3a58806fbf45
20211029A07_1,234,235,3.mat,84,10,0.34969,5,3,1,d74ca4cd8b61a8558dd5c55571b338922d4fec7120d1bb84a62c03e5fcb5f563
20211029A07_1,235,236,3.mat,85,32,1.119008,8,6,1,26245b5c20116af54051462b61da028bbc4a59971f829643e74ba2c8c85d359b
20211029A07_1,236,237,3.mat,86,41,1.433729,7,7,1,4a07ce5308b8e6a65c8728ddc1ead1f55224d720df6e85cc77c41b8942c545bb
20211029A07_1,237,238,3.mat,87,16,0.559504,4,4,1,bbc661f0484dcf9f863a6ce3721855097114144659ef7b51395d192220f1e3ce
20211029A07_1,238,239,3.mat,88,37,1.293853,7,7,1,7ddc075f0f2d317d5f6a266c2e74ddf2908005bf81d92810f3fe082e8bbeb061
20211029A07_1,239,240,3.mat,89,9,0.31472100000000003,3,3,1,121f229f0f9c23e80f6279a69b282a5a94f4e45011e5ae374046909d67214b19
20211029A07_1,240,241,3.mat,90,27,0.944163,7,7,1,32f6b3725011cb23a296785cb2d5ab53ac4c320d37cb4c49948afa9d3a8f9c5f
20211029A07_1,241,242,3.mat,91,6,0.209814,3,3,1,aa7b87346d75a226b6dba9625f190959481efc45aea4b44f4cda0cc484932f56
20211029A07_1,242,243,3.mat,92,15,0.524535,5,3,1,75d31ea8057e405a669b60fb8cbab2d5ec83938c4651091edcab0e833c6a8c86
20211029A07_1,243,244,3.mat,93,66,2.307954,17,10,1,3b8c098e6accce9082bb5a273ba35aef9308bc2f78f4b2e4421391cbf92a505c
20211029A07_1,244,245,3.mat,94,14,0.489566,3,6,1,b8b622a2cace8a6c3959996046458d76c5c142806a92b38d9e5db7715a7d8ae5
20211029A07_1,245,246,3.mat,95,6,0.209814,3,4,1,1e3116ea4cde526277a20f3866478ee6d3bee4f8ba7e25e2fcfce2167598f445
20211029A07_1,246,247,3.mat,96,9,0.31472100000000003,5,3,1,d321737445146921d0aeeb2a0ddd4e6f2a29a7ec56d6191afb7a05ff45cefba4
20211029A07_1,247,248,3.mat,97,41,1.433729,8,8,1,8609b8bea4ea1b71385e9e92bbfa5b4b00dba9b2c3b49cfa8e95c8317114d572
20211029A07_1,248,249,3.mat,98,26,0.9091940000000001,6,6,1,f8126a7599f70bd8c1178c3ec025abf8b05a2e3db2c194256a29faabb7f47118
20211029A07_1,249,250,3.mat,99,29,1.014101,6,5,1,b0c1499d9f4c919bdf0db2a271f7171fb7714ff31f36a85478d0abcd6b201f5d
20211029A07_1,250,251,3.mat,100,38,1.328822,9,12,1,eeab63ace14d53bfda163249a92852a6cecd0d858d4a6f2f656da4d757643461
20211029A07_1,251,252,3.mat,101,37,1.293853,6,7,1,d677c0c0741f06e1fe3d0cf956ca2a3ac5688e3ba7e3b20db6519e6615531fd4
20211029A07_1,252,253,3.mat,102,92,3.217148,15,12,1,d1aff755717f3f631b761ad7d2f1179ea54ff7465a797a83861a041c84f6f79c
20211029A07_1,253,254,3.mat,103,9,0.31472100000000003,3,3,1,7ee42a94f7c18517940afbbb083f21eace833e96251e4b524cfd679de172d3ce
20211029A07_1,254,255,3.mat,104,36,1.2588840000000001,8,9,1,65fc7ca25bfeceba5bcd30fc998e5b69563dce6ab28727ba912fa3d124699bc7
20211029A07_1,255,256,3.mat,105,42,1.468698,7,8,1,2b7a271fa672185a2cc8bee8f989931e5f4282fedfccb86809891f9c87d208ff
20211029A07_1,256,257,3.mat,106,4,0.139876,3,2,1,85b7a72e64bf02087d3bbb360fb0413bb74fa64b1933192000ad67f6e2bb9fa6
20211029A07_1,257,258,3.mat,107,12,0.419628,3,5,1,fd2ee667dd1e07c414190447f8019fe81e8b510e1c73cf24c74c43292bf5ae8b
20211029A07_1,258,259,3.mat,108,9,0.31472100000000003,3,5,1,f746381773139bbad9611e0d32f7e2545a0bac94a287f556aa27774846075f6b
20211029A07_1,259,260,3.mat,109,37,1.293853,9,10,1,291b0b2eb2ea112f33bd9d4383d8bbdd1c4c9b87a2bd6c67f0676455c612790d
20211029A07_1,260,261,3.mat,110,12,0.419628,4,5,1,5008a7adadd4fbe8cb0328e0ecaea7ba7e1de7fcf18bf6a011c954aa876ff6de
20211029A07_1,261,262,3.mat,111,9,0.31472100000000003,3,3,1,a586fe816a3bf10545fd22a8b15b13fad567e9cee61c0f0fee29f502d9dcc004
20211029A07_1,262,263,3.mat,112,9,0.31472100000000003,3,3,1,70dec43c6cf2c1706e4a9e5aca7492918a001ff5a4bb7c0b68a606b370883bd8
20211029A07_1,263,264,3.mat,113,4,0.139876,1,4,1,fb4bd3329d4576c6197c80ca29cd363c35ef31331023b00494ec7bb94d47b0f8
20211029A07_1,264,265,3.mat,114,12,0.419628,4,3,1,fa4b70e72041d0c9fcea3b6e9dc390aaf996b4f9e800399677091dfe4a0505e6
20211029A07_1,265,266,3.mat,115,15,0.524535,4,4,1,107f9bc80a2ce760be9e53ecc995c5362537f1911ee9add854ea76ee9b35cc09
20211029A07_1,266,267,3.mat,116,15,0.524535,4,4,1,192879d8af29449957db03de39613e945f4ee5b7e629ded30d20f68d88a699bf
20211029A07_1,267,268,3.mat,117,5,0.174845,2,3,1,87b83b1953d7ea9ed64bb52714faab084c0c38170c302da7cca3d8b958f6506f
20211029A07_1,268,269,3.mat,118,9,0.31472100000000003,3,3,1,ddffa229b39224d34c8b78cbcb7f95a61567f1b7ddff31cce50dadcd6f1c3628
20211029A07_1,269,270,3.mat,119,12,0.419628,4,3,1,532099801503a1881286e4adacf79c36f8f148992c19cc6c01d21689ed649684
20211029A07_1,270,271,3.mat,120,41,1.433729,10,7,1,929028699000ac3f6a7299e3712bb2abad8cbfe858911b643f4fdff6ab899e4c
20211029A07_1,271,272,3.mat,121,25,0.874225,9,8,1,13ecc79e8d13fd754dc47d1de7ae3c41f733f130bda42aabd5e7cf87877f87cd
20211029A07_1,272,273,3.mat,122,42,1.468698,7,10,1,eb9a6ffe9c4525274d7a362c1dd9f06a0a9c470a6d8f76f0e0ba673e6c93d378
20211029A07_1,273,274,3.mat,123,46,1.608574,9,7,1,a657eeffe238a04e79a570585f99fc351abc5f1d959c3605a87a160c8ddccb54
20211029A07_1,274,275,3.mat,124,4,0.139876,3,2,1,1e34b9ac2797c22e05e466771dfb236aa16baf94c0a8718847025d2bafaacc1c
20211029A07_1,275,276,3.mat,125,18,0.6294420000000001,5,4,1,5bbc6c57f7619d0463728b7c68c1e279f53385f490bac9808b21daababab4a18
20211029A07_1,276,277,3.mat,126,5,0.174845,3,3,1,b875af88734dcb4c009285a0e6c13964a631c4273be9b9eef1fe34dfadc01c64
20211029A07_1,277,278,3.mat,127,12,0.419628,3,4,1,50d348460b80dc49ec83f4679e5a6e91b888f56d0217f5b9629f4430a1dc2cbd
20211029A07_1,278,279,3.mat,128,6,0.209814,3,3,1,fe6f4b72beb4682c8fe31f3d9fece3b0fd0f1899123e1231a65fb44dbed4ce08
20211029A07_1,279,280,3.mat,129,35,1.223915,6,10,1,54323e20c4fc2890a84a6dd007a37361d00365ebfb5721c3e21dd7716941a8ec
20211029A07_1,280,281,3.mat,130,24,0.839256,4,8,1,f5b4639637b6483511edeadeae210b2ad920cf0e677bbc2d6e1e97e1a8616db8
20211029A07_1,281,282,3.mat,131,23,0.804287,5,5,1,a8d674122abeca084ff822a11e4a4517e28953c221859dbf4ae9496b925af3e6
20211029A07_1,282,283,3.mat,132,25,0.874225,6,6,1,321b0ceabecc4c10d69462a6a5ebab5e5aa43d2278067beadf648bbf1bfb1362
20211029A07_1,283,284,3.mat,133,8,0.279752,5,4,1,4e5ae8bac5db4234e16d2dd9a44f5fbeb9b62102ca8160308b27585e2f459716
20211029A07_1,284,285,3.mat,134,53,1.853357,15,7,1,3eb5efa9ef7a9617fb9639e0304873915804d406364ff3d8d0b052e7757193d3
20211029A07_1,285,286,3.mat,135,22,0.769318,8,7,1,a32110c14ef4467977d12f4a87a463b10897ed02ccf33514bf80829ffcbce69e
20211029A07_1,286,287,3.mat,136,15,0.524535,4,4,1,bba48aef29dbf0e957c3d831271978acbccf21d579c258c63349a840d3ce7926
20211029A07_1,287,288,3.mat,137,20,0.69938,5,6,1,f879a69085e03f39041daa8a0f0e8a99891c14986fec32e5e4e937f1a2a874e3
20211029A07_1,288,289,3.mat,138,7,0.244783,3,3,1,359a32eb9d1546c2ab3e04ec49ec75eb709d736f1d769c9c4f6cb8dc1de4c0e0
20211029A07_1,289,290,3.mat,139,26,0.9091940000000001,5,6,1,350af416442bc7bd2c4dcba4b286ac55607ec1c3d0bed65ad1e4d4f56329d091
20211029A07_1,290,291,3.mat,140,4,0.139876,1,4,1,5564a85d98e94bdaf3c80a43185d38b78c255d8863bf8ab3859982b6a6923612
20211029A07_1,291,292,3.mat,141,6,0.209814,2,5,1,7cdc655dbb289209b5ae17daf787ea2c2df24ec9def0904da5d6413d7bb2e374
20211029A07_1,292,293,3.mat,142,17,0.594473,6,8,1,3723ade9ee0931d9f451e4b6f8d8ac8b38fa5d919a24eb840c38abe8d577c733
20211029A07_1,293,294,3.mat,143,24,0.839256,5,6,1,661610350e805b777f0994f1d0eee6a93898b963e9b375cee1649cb73af35a68
20211029A07_1,294,295,3.mat,144,26,0.9091940000000001,8,5,1,6e9dc662f71bf5741b30d0dd9a209aa72a7822a1642123d412c0d4e0ef208577
20211029A07_1,295,296,3.mat,145,12,0.419628,4,3,1,de072d5966254949ac23c5ba49a9d934a6be478fd8e8401eee5c374c4f2d0937
20211029A07_1,296,297,3.mat,146,84,2.937396,11,11,1,397500163080a283757153efbc79c055cdc0f1353d1b46fe5f470a9418f0f816
20211030A04_1,1,1,1.mat,1,48,1.678512,11,6,1,283428781198dd7a4f07392d2c05d6d69f96a11e3044f557513c0e1b17a04824
20211030A04_1,2,2,1.mat,2,112,3.916528,10,18,1,007ca699eea19b1fdedc2a6945271dd928915bd65df827b5bd40e48034d9b002
20211030A04_1,3,3,1.mat,3,5,0.174845,3,2,1,df5a5be1fa47c8cace76e3608c256b44df3db5af26028956ceb567d818a9c59b
20211030A04_1,4,4,1.mat,4,28,0.979132,6,5,1,038da16da198fe8960e80ff245283816fd0e1652994b1802d098e01893746067
20211030A04_1,5,5,1.mat,5,35,1.223915,6,13,1,862feba1113468da9fdd3faaee2a4de0cba426060b019a26fd06cc5146d996ae
20211030A04_1,6,6,1.mat,6,29,1.014101,8,4,1,4f7186611e7641f577d219dcb08949f610daede5238ac8ad0eb614539d922c1b
20211030A04_1,7,7,1.mat,7,37,1.293853,8,15,1,941968ca894bcc7fc66d46dc449e67ca1cddd4b26307eb1dd8765c0bbf0d5dd9
20211030A04_1,8,8,1.mat,8,45,1.573605,8,7,1,492286110016b0842cd791e166d4ce6a00c29c2518cb6e26d84d7e85fc11f4cc
20211030A04_1,9,9,1.mat,9,68,2.377892,7,16,1,12029b92eb4fcb088da0ec759983ccf69b4058e7dedff89698afa8927d6b2da5
20211030A04_1,10,10,1.mat,10,7,0.244783,3,3,1,32c182d825d00cc1a0bd3e8732f75bfd159d89375179f6c52f1877d7131f459d
20211030A04_1,11,11,1.mat,11,85,2.972365,19,9,1,dbb7cd28abd510bfdbf5fcb981ba683fd5b5946defd58f17cb837437decd1be6
20211030A04_1,12,12,1.mat,12,10,0.34969,3,4,1,af03cfa0d320454decd5ef735d01a3c775571c275a48020ace125ca24d307768
20211030A04_1,13,13,1.mat,13,71,2.482799,18,8,1,e5fc90cde743db3cb4bef1a1af9eb9723f2242516cb3ecfc3c8fb293e9caf31a
20211030A04_1,14,14,1.mat,14,12,0.419628,4,3,1,9dca1935d1e74ed6ae9e7aaa59f41776361fad253ae6dfda64ce07b4da0e2c7d
20211030A04_1,15,15,1.mat,15,44,1.538636,7,8,1,6ef95c014c0e995ea789454a8301cd641fdd2a15196ecfbd39a9317f96b83cf4
20211030A04_1,16,16,1.mat,16,100,3.4969,13,13,1,e7ffafc7dae56a69714df0864889fba4e85079f737d9ae14284a11dd345f6f3e
20211030A04_1,17,17,1.mat,17,101,3.531869,12,15,1,757382fc02c2a394d9540edc8da30dc5385a984fd5ee2991a627d82a730a0350
20211030A04_1,18,18,1.mat,18,99,3.461931,9,21,1,00516b9a981ee2a25d25b17268f125af0f49e59b6996a66c6e82334fdc925758
20211030A04_1,19,19,1.mat,19,14,0.489566,4,4,1,dbaf1b5454d4b7ffe305e0ef0c9cdc3f57d1d7b9bbb69a22735f9c4aafeb3abb
20211030A04_1,20,20,1.mat,20,25,0.874225,7,4,1,5ddcebcd1032dfd2b474e6efd492bf67641b81ef2ed7bdf949cc07901e3276e9
20211030A04_1,21,21,1.mat,21,31,1.084039,14,4,1,faf60a07bcf742cdb753b9d24ad8f379611fcdbd037f33fb352084ce446cf670
20211030A04_1,22,22,1.mat,22,15,0.524535,4,4,1,b44558c46693b44fb6cf0b074d7863bcdc9d3e16d53801aec672e7aff0d4f6c2
20211030A04_1,23,23,2.mat,1,34,1.188946,8,8,1,16d75f86b7adb92df0bcc8b207182f61f80a04d5a9d17b5d00b05e46593c93ea
20211030A04_1,24,24,2.mat,2,15,0.524535,5,3,1,58cdc31eaba6a767bb4d40b3088d8650aaa9f5b29da335314c89f4723266193e
20211030A04_1,25,25,2.mat,3,30,1.04907,7,5,1,9c217d606cc24b7365699303ea37ed28ccb7c5291b6e93523e6248a9a0e87dcc
20211030A04_1,26,26,2.mat,4,67,2.342923,9,9,1,5d68b509613302c49bbf45f48cd1312d4b895b7016224fb67b33c739985677b8
20211030A04_1,27,27,2.mat,5,67,2.342923,14,8,1,e251e019e40f58d835cb1636ad4d9048c3f7718f1b6f70ce67c585b3c638f0ca
20211030A04_1,28,28,2.mat,6,37,1.293853,5,10,1,a2a77231335ec337b75ee9424a453afd7585535aa941197a202e6930dbecb320
20211030A04_1,29,29,2.mat,7,38,1.328822,8,8,1,7f644025558e6334615c8a5307650cb47053d88fc36ccbc158828835e4b3dad2
20211030A04_1,30,30,2.mat,8,15,0.524535,5,3,1,70c8f110fd05fab8b4be59e4685a8bcf125fc9f6ee7e3fe3b8e36e09bb5ec997
20211030A04_1,31,31,2.mat,9,9,0.31472100000000003,5,6,1,16154e40bd62761b71eb188cad5d1279a4a86bca6a85ebeed67e706675a82773
20211030A04_1,32,32,2.mat,10,77,2.692613,17,9,1,e5d8913e796cfe523c4fd8346d0f49ede78fa0b61d9f3d3b42e99bbc7fc2efc0
20211030A04_1,33,33,2.mat,11,9,0.31472100000000003,3,3,1,890754fb9cd0312a9879d3c7f7c86a927ca6d7ab41688f9de7e3afd13f27992c
20211030A04_1,34,34,2.mat,12,7,0.244783,4,4,1,11d999d18e3b2cad709584625f7bcaefa5d8f6d7ef3bfaebd3d310c872ed6976
20211030A04_1,35,35,2.mat,13,6,0.209814,5,2,1,3f93ab040e0faff3622b1c83178c4a17d99c003c9cbb4588d8d9eb02c8d6406d
20211030A04_1,36,36,2.mat,14,16,0.559504,6,4,1,a150967e7f1f6e6cd7ecbe687e1291dab91179a63314080e342034a1a1472a3c
20211030A04_1,37,37,2.mat,15,5,0.174845,4,2,1,3f703d1924c998ab88894fd594daee4034a5435b4afe68896111bc2678520724
20211030A04_1,38,38,2.mat,16,35,1.223915,8,6,1,9ff2045de9109c4a86bb20a61c9a4ca061be72af1f7f334d54a62e288e2b795c
20211030A04_1,39,39,2.mat,17,11,0.384659,4,4,1,ca97516b48a2a0523454bf10d59bbb28d72b45a52feaf8e69af8ddde5f9e11a6
20211030A04_1,40,40,2.mat,18,18,0.6294420000000001,4,6,1,1f4900ba508a0f54a73b3b4fd4a2b506d4ffd2dccef4bb433d836d4ab694cd4f
20211030A04_1,41,41,2.mat,19,9,0.31472100000000003,3,3,1,aa37979fd326d5ed8d4d980e9b8244a45e50ed397d851ce30eca3c8bb0a26fe9
20211030A04_1,42,42,2.mat,20,56,1.958264,9,11,1,f235a5974bade9171470490e950b0248f4c1a56006e57ad08680fd3cd3d19039
20211030A04_1,43,43,2.mat,21,22,0.769318,5,5,1,c39dd570c2c9b1823115861ae650b3c1eb6ab37a475e0901cb356b73359720f2
20211030A04_1,44,44,2.mat,22,12,0.419628,4,3,1,c10e23ccd1a53a806e4643204462c111800fc1c96d712251ea9216adda78a498
20211030A04_1,45,45,2.mat,23,29,1.014101,11,9,1,92923f0a34246a2bf97d25e7e23ab8ee5123c20d79d958623205dc4355e4d8d6
20211030A04_1,46,46,2.mat,24,6,0.209814,3,4,1,d717cfbd5c7c2777532d354682b9fa85a9164bb7413620393a0ba005d7194933
20211030A04_1,47,47,2.mat,25,7,0.244783,3,3,1,41902569d31ff11846b64662719a50f5654dd30ade7d7c383c5c691344fcdad6
20211030A04_1,48,48,2.mat,26,15,0.524535,5,6,1,6d40fc60f45e74449e8176cade8aaec17fc0bcc242b992190dd327ef7793b38f
20211030A04_1,49,49,2.mat,27,27,0.944163,6,7,1,56b85b2bd584b1dfaa3f6bcbd122c8f8c3df9fdb3c34bf81e30e5c8d3fe13b77
20211030A04_1,50,50,2.mat,28,9,0.31472100000000003,3,3,1,5811f96b4bc9d1918d806a344907d4b9d964d13c3f934ec4660cbc42da7dc49e
20211030A04_1,51,51,2.mat,29,26,0.9091940000000001,5,6,1,680abb43ab69127c6a04e24a7ef7d95839d51ae986fd05a2fd45dc7e83b6a986
20211030A04_1,52,52,2.mat,30,149,5.210381,12,20,1,128520f22fbc0a809adaf0511b566e647dd89d9f389c3b44b81b61ca8eb10396
20211030A04_1,53,53,2.mat,31,5,0.174845,3,2,1,8b1489b363b593a85f539b9e6bf764bf269786472c70b2639c86fd9948b265a9
20211030A04_1,54,55,2.mat,33,51,1.783419,10,7,1,f630b978af0f2ed0894e618a606d0fdb8e44f409a6547c86a091d0410a56b9d1
20211030A04_1,55,56,2.mat,34,33,1.153977,5,7,1,92e20f1f14847030c2811dc07415fd99438e67a728862d62c84786cc44b8827a
20211030A04_1,56,57,2.mat,35,41,1.433729,8,8,1,689a077495cecdd0816a662b986da882037c5a7d782d4892dba4c967aab2c699
20211030A04_1,57,58,2.mat,36,21,0.734349,5,5,1,af9de60ee33167ad18f9138249ac4ceca0ae2e4c5e20b322000e9a9803f0a88a
20211030A04_1,58,59,2.mat,37,7,0.244783,4,2,1,c2fe04b8449b8291076dd43c5316c16dbe85489e63f74d1e3a415624e574b81d
20211030A04_1,59,60,2.mat,38,83,2.902427,11,13,1,df1d5a32751bf08964c90290b56459928b3702babbd4325fb6ea326c0ce383e4
20211030A04_1,60,61,2.mat,39,23,0.804287,5,6,1,985315bbfd387c3ffdee8a73c9d161b352eee18287e67ddd608bc4ce06eaddb2
20211030A04_1,61,62,2.mat,40,11,0.384659,3,5,1,4be65ff4db0f80ee4f12f2488c5d8a3469792ef2dc3fa244763bdba6a3a1c0c4
20211030A04_1,62,63,2.mat,41,9,0.31472100000000003,3,3,1,d81ebfbe61459c78e3b83706d7b4be723e1373ba02a361526f00291ce16c5a26
20211030A04_1,63,64,2.mat,42,10,0.34969,3,4,1,053df5f6a08de2adcf46b72947f0e8eebdc59da512f3f6bcf51f5169d3554d14
20211030A04_1,64,65,2.mat,43,50,1.74845,11,8,1,8134c6ea5884b49c76511fec3b1229271510293788b34624322c1e7d13f9961b
20211030A04_1,65,66,2.mat,44,53,1.853357,9,10,1,97dc738ae940e015704da75a5cbb480b5c5a191774a43aeb247f41943feb3a6e
20211030A04_1,66,67,2.mat,45,42,1.468698,13,6,1,cc1712f291c853ea6f273da96d428c0607995236b328392750665d0cdb3406de
20211030A04_1,67,68,2.mat,46,36,1.2588840000000001,10,8,1,4c82d22b0122e9ad85549c76d502544eaf0e6cfa61e16ea93f496569a492d844
20211030A04_1,68,69,2.mat,47,6,0.209814,2,3,1,c610c2b90e82ef6344c249899a5249a51827264a31c5bd05d11190b3b5969bee
20211030A04_1,69,71,2.mat,49,9,0.31472100000000003,3,3,1,20d32560c4120b29833058b637ca81bfd81bf41795f92f934d129c806e69fc4f
20211030A04_1,70,72,2.mat,50,38,1.328822,8,7,1,f94a58b915b316d37c49a77a4427110bedb0e697f90f79eb67ab15e546d7327f
20211030A04_1,71,73,2.mat,51,26,0.9091940000000001,5,12,1,998a2851cde5e0808892af044d39d21ad6c7bd27ce4a1703b3e10dbee476bb3e
20211030A04_1,72,74,2.mat,52,37,1.293853,12,8,1,f2373e8d3c220979783b1174b2f6de0ba4fde406b65dabc146a8164adc505775
20211030A04_1,73,75,2.mat,53,6,0.209814,4,2,1,b04c59c29b761964bb7d23edccc1bd5619911a7efb0e27c77ad4819b11c73140
20211030A04_1,74,76,2.mat,54,19,0.664411,5,5,1,423eef5bfa56f608c2caee1b0ec7ed90cf1fed8d905d9aec43d659339dc6dde9
20211030A04_1,75,77,2.mat,55,6,0.209814,4,2,1,1de74e9db08245a0487747f7db2378e637e8bbe02d7ad50a11a54d8b707442fb
20211030A04_1,76,78,2.mat,56,40,1.39876,6,9,1,66887782338dd4a9ee4f5c6e326d0e6e19203197e246142a5e2f6b2a9712501d
20211030A04_1,77,79,2.mat,57,59,2.063171,10,8,1,acd646b25817fa2dac951efd9865e376da411d92093519de7d01deffc3c39169
20211030A04_1,78,80,2.mat,58,113,3.951497,16,15,1,5ce3c7a25252e7e7acfbe013a9aefeee895c7afcb080fad229bf1b008078732d
20211030A04_1,79,81,2.mat,59,89,3.112241,16,14,1,a786f4eebe6a4ee6d9abcf0ff88b0b083ef29048c47ee9502b1cc98044bdfde6
20211030A04_1,80,82,2.mat,60,29,1.014101,4,8,1,22594e51b127cdf07afc2add22436b793ab0ca9517f9613e59276c3cc5c2dfe5
20211030A04_1,81,83,2.mat,61,19,0.664411,5,4,1,a0c249e1b38f3f078974f10436147a8b755a4b0e7a1ed8e82173ac5db7ba0f6a
20211030A04_1,82,84,2.mat,62,138,4.825722,20,15,1,462efba30036c90000f541fac506a11f4246e8d114fab976c32540abc1ac5ce1
20211030A04_1,83,85,2.mat,63,42,1.468698,14,9,1,f86285cde037d6bd802828ba408ad463de781457e33412613e3a7e26bba98942
20211030A04_1,84,86,2.mat,64,9,0.31472100000000003,3,3,1,3d3e12f7a51b30a4b4470659f42059afd228efe74c8add94aabfa3f011fd3ff0
20211030A04_1,85,87,2.mat,65,25,0.874225,6,6,1,a6a1dc29c13997fdc3d3aca06426dde6e88e6f7f748fa1435f7206cfe8e43ac2
20211030A04_1,86,88,2.mat,66,54,1.888326,15,7,1,d241797cfbf2cb37c76028218a17af6c1125288d662248f0c62ef46f57e73170
20211030A04_1,87,89,2.mat,67,15,0.524535,4,4,1,2176172655bbe700efda6154afd27c9ab183b1f02c3d0ce01df3302e82076d78
20211030A04_1,88,90,2.mat,68,12,0.419628,5,3,1,0330c117c3b32393697e5d4d379261e0ee478009f89c2d9f8cb8e4bd2b02f437
20211030A04_1,89,92,3.mat,2,8,0.279752,4,2,1,eb77512ee853412b5c87f03ddc983cd17587ca2d87c8a2b3644c3f95d40c5252
20211030A04_1,90,93,3.mat,3,40,1.39876,6,10,1,6ee192bb61d07e3d7a8b6cdac0522f273a66066378d4a9856d7339a3b365e83c
20211030A04_1,91,94,3.mat,4,33,1.153977,8,5,1,3af5ee838173c840196b985d93c91ff588a228b4b6fa59d0b222b96a1a1ffd56
20211030A04_1,92,95,3.mat,5,14,0.489566,7,6,1,b56a0f2d56e7eb4b9d07ff46d0aac81d3b2da6cea4797508b5009929cfb17b9b
20211030A04_1,93,97,3.mat,7,12,0.419628,4,5,1,1a5601c8c9419a2b931a96c5150598575c0b7dbfa20e8dc815bc5ef7608b5d76
20211030A04_1,94,98,3.mat,8,12,0.419628,4,3,1,04111642536e3d5658763ef3409cee984bf13761bb9c998d06e4a097ea29c846
20211030A04_1,95,99,3.mat,9,15,0.524535,5,3,1,6b3abb24faffc431a31cc7c891bd624b9d1d54dfe0c5d4590cc89bb42d3d064a
20211030A04_1,96,100,3.mat,10,22,0.769318,5,6,1,4b685e376079797a4773705507aeb66123824b5d030f3c1ea74ad224c22f2674
20211030A04_1,97,101,3.mat,11,18,0.6294420000000001,5,4,1,f6b49df7492d47c3d352ebdfe823e6c7c6773120c7f6d2274add8388a57cd947
20211030A04_1,98,102,3.mat,12,5,0.174845,3,2,1,83d2e89e0c2685ec946ead53ba1b9715b36583dfe1d3e59292b2ec11775587e4
20211030A04_1,99,103,3.mat,13,7,0.244783,4,3,1,b2ee7abe337983e7871af26a3f897a113512ef01361a0863f1a9f052c5065e48
20211030A04_1,100,104,3.mat,14,30,1.04907,6,6,1,bce980d77fcd0e579ba7df3d9ff0d63f065b05fa890c32fdc76a7869b4b46302
20211030A04_1,101,105,3.mat,15,9,0.31472100000000003,3,3,1,3eeb4441fe7f7ae27f91d8c68391ea1109d2dc4292ab859cb3194a7d9921597a
20211030A04_1,102,106,3.mat,16,23,0.804287,6,4,1,096bb2e2741096a9828a2b2e0f43c2135723f74c615b06f9f7ec1e8e11198883
20211030A04_1,103,107,3.mat,17,26,0.9091940000000001,6,8,1,9919af7eb619b48e03870b80ec3657e6ec4c5e85d8b60a521a2a0b66799482d3
20211030A04_1,104,108,3.mat,18,22,0.769318,13,6,1,fabf4cdfb83df9b85aa4bae80278dc5ab95a7a38ead41af87ada89389591bb1e
20211030A04_1,105,109,3.mat,19,92,3.217148,13,12,1,3ea7277692f4b78a574b5b93a5b83d42d33be714b13014ad7ee3783e30c3bfcd
20211030A04_1,106,110,3.mat,20,4,0.139876,4,3,1,3abed3ddfb609967a06680406f81c48e0d0b3b3e3d81e522e12eb58b75e4234b
20211030A04_1,107,111,3.mat,21,16,0.559504,7,6,1,e35415b4844281fc8927aff39fb06385f007ca8defc927a894ad0f753442dca7
20211030A04_1,108,112,3.mat,22,76,2.657644,9,11,1,5091bcec7340dd065694822e9aa788030cc65c2be9c2eb895bb22b7e45f9e0df
20211030A04_1,109,113,3.mat,23,27,0.944163,5,8,1,8dbb92f4966747efb37522a916b9f709e05f3cbb225b98df5da998fb31b9df39
20211030A04_1,110,115,3.mat,25,6,0.209814,3,3,1,ee5bedda70e84f1e6ee95c27be243137a3ee42012b5d3e238b295c103efb90a5
20211030A04_1,111,116,3.mat,26,9,0.31472100000000003,3,3,1,d41f18e510a20a544b94762347262a2a5ccb3f123edf409700e4abe423c1388b
20211030A04_1,112,117,3.mat,27,33,1.153977,7,6,1,7aa1321f2124784da8beb2ff50d5d7e09ed4ccebf4b8bba7561bb31b10945efe
20211030A04_1,113,118,3.mat,28,40,1.39876,7,7,1,ad25126a2631e39d868f1e2574ae56ffaee156b6612f0a6bd0de5cea720238fa
20211030A04_1,114,119,3.mat,29,51,1.783419,5,13,1,ef89b1df201f5a87aa8f9a1af5963d22c12bff1a6b70506500c7bc728649e8d8
20211030A04_1,115,120,3.mat,30,8,0.279752,5,4,1,631f1235dffa2b0e416036e2f8920b570eda1059f27cdfbb0a1a2e50e39abfc7
20211030A04_1,116,121,3.mat,31,40,1.39876,10,9,1,c9d650d4739d1b8c86d65d31c49c457651142f69dadbfdc4c4a875bb74ac385a
20211102A04_1,1,1,1.mat,1,25,0.874225,12,9,1,79feb0abb0191d0261db7d3212d2224414e200a1ee4701719a22b3cdf2eb9c4e
20211102A04_1,2,2,1.mat,2,11,0.384659,7,2,1,6d5042ec62101229c837d880f34eeadfd6a2db64e50b763c159ec3a2166d239a
20211102A04_1,3,3,1.mat,3,14,0.489566,7,4,1,a3516715c731726dc5426ba2ee107566d57014f66d77d073cc52200e855a2c39
20211102A04_1,4,4,1.mat,4,5,0.174845,3,2,1,0fa03d51758be1c0cb8bf6d5e02545e4ed77e5b03be5d3dcdc43be279d1003d0
20211102A04_1,5,5,1.mat,5,29,1.014101,9,6,1,e16b2f3e39f644f9c00c61bf11cb5ac7000a9c29a68684d48eb07e0eada808ca
20211102A04_1,6,6,1.mat,6,8,0.279752,3,3,1,60016f712b0342d1bff564c0b28e50d91d3db403306fff7d120af0464e2ccfb9
20211102A04_1,7,7,1.mat,7,44,1.538636,8,7,1,2238d3e25a683b914b8f9d41cb0ccf2630574889ec80f9c79f0ad0051a07aa7f
20211102A04_1,8,8,1.mat,8,36,1.2588840000000001,7,7,1,2c9ea65318b89733de3d20d926274ed2710a00a35b9bcfb4163d710c8240adde
20211102A04_1,9,9,1.mat,9,8,0.279752,3,3,1,35c3845f331835ec12a4f3be5fb19c3169a9a5533959edb6f5d9f8e50f9b183b
20211102A04_1,10,10,1.mat,10,9,0.31472100000000003,3,3,1,11be23033b981251fa70f139b24a9a253799f8b54f8a51ddfbe4ef7917f4bf66
20211102A04_1,11,11,1.mat,11,17,0.594473,4,6,1,036f10d51de0935ad28accceecf43f8c65436a61b6b4fbbfab6a37373c0cbc62
20211102A04_1,12,12,1.mat,12,44,1.538636,8,10,1,a6e955a23eff95c1f376753b78f63aa6eb1c4bdf6da4d64910bfe6091a0d1861
20211102A04_1,13,13,1.mat,13,11,0.384659,5,4,1,9696d9af5e968e6b8db8ac9057c558a61d7d860ef3ecf4fb8b11c1cc06aea1ce
20211102A04_1,14,14,1.mat,14,26,0.9091940000000001,6,5,1,2da1d288d415a77acb5692dcfd5dd06f4f0bfe4d6370f0b41fd7940a1bff2c31
20211102A04_1,15,15,1.mat,15,27,0.944163,8,4,1,e7f05ca21697fd4b2ee99a1004c6bba1c256c24f267157a9fb136fb66d3a9e12
20211102A04_1,16,16,1.mat,16,4,0.139876,2,3,1,c6b211bedf40fc38e32ff78f6ec6b9c387c027ebdc87568eae4a0664d1ac47d9
20211102A04_1,17,17,1.mat,17,26,0.9091940000000001,5,6,1,de7ffc0213eb47bfcf6741deb6298b8122367d78b04d1eaa8c1140852177318f
20211102A04_1,18,18,1.mat,18,42,1.468698,11,6,1,7c354de2ec608f4ee338d33947a9d7e039cffc56e68cc5f71c1efbd09c19b120
20211102A04_1,19,19,1.mat,19,45,1.573605,9,8,1,2e3e46bf2c6a26d3dcc2efe222b7aaf2f8d02b5fcaeb715f29995ed138419d81
20211102A04_1,20,20,1.mat,20,17,0.594473,4,5,1,bde1995153cb1da726c47ff6def4d1a0704ec067424c3f3e9c7a312824f9289c
20211102A04_1,21,21,1.mat,21,31,1.084039,7,6,1,fb98d1c1a2fe85a003e0fc48c825a4a5bc21383f92ac30b89985be02814bc879
20211102A04_1,22,22,1.mat,22,41,1.433729,6,9,1,bfaf9877ce296957baf762e6fe5283d9f90560a240c66412547bea6596a223ce
20211102A04_1,23,23,1.mat,23,9,0.31472100000000003,7,2,1,a9e9b89f29cc2e3a11c8e7949eb5d33adf6a802d640fd06b8efd660bcc4ee1cb
20211102A04_1,24,24,1.mat,24,4,0.139876,3,4,1,480a261c4fb572ccae057c4c41bb51a0ceb8ef3f2dc3d1566d1c9460e8472479
20211102A04_1,25,25,1.mat,25,9,0.31472100000000003,4,3,1,b0270c06731e592ef8aedab4d2d12f9eb2b62f551ab0b7245fcb67337fb18e46
20211102A04_1,26,26,1.mat,26,22,0.769318,6,5,1,789cf0d3cb0953cde284bb50af3c9ed1e3901c4e3ccc9605d87a269cb7d20417
20211102A04_1,27,27,1.mat,27,8,0.279752,4,3,1,bbac833943e383d0acaf9f93878fe78c7806ea49bf86f25c7b0e05b2617a17ec
20211102A04_1,28,28,1.mat,28,26,0.9091940000000001,8,6,1,1fe69dbb7f0ea30cb877ad571350026d9843b4adb2926c61776b828fe5b27e7b
20211102A04_1,29,29,1.mat,29,32,1.119008,10,5,1,40448768ad49b3c79fa5fdc0eb69ef72ae779b4922cb5312a76a4b5fc52bb8e1
20211102A04_1,30,30,1.mat,30,8,0.279752,4,3,1,b1984fc850a56167a6b840e0bf45ec38c6e1225ee5d0e71a7a30f3fc2ce07b25
20211102A04_1,31,31,1.mat,31,17,0.594473,5,4,1,081f970ee750903271d7ae877eaf020886aaa7fa7f11ebafeaf6443970a66a4b
20211102A04_1,32,32,1.mat,32,6,0.209814,4,2,1,78995657abf5bef79d679cf6a4c34b69987923ba12ce79a2c06d8962a7f06352
20211102A04_1,33,33,1.mat,33,20,0.69938,4,8,1,fbdc6ef1cda5b36de88e8317bf7d24f08a907aa6399386025523f4fefe55d2c4
20211102A04_1,34,34,1.mat,34,34,1.188946,8,11,1,c684feeb3d5baace40b3650814fdab36d593311d259738b476ad7522a8000300
20211102A04_1,35,35,1.mat,35,45,1.573605,8,10,1,34934c26e9bc5bb8e7ec9049878c4cbc7d5fc3bf8a7f1885c1902c33d5f0d6b0
20211102A04_1,36,36,1.mat,36,9,0.31472100000000003,3,3,1,927e0fc8d5f9459470a3e906d4aaafede442e8160135d5a2472f05569ae87b91
20211102A04_1,37,37,1.mat,37,23,0.804287,4,6,1,477e59748ac184eb875e1511fb695d2caea2ce81f12fa82dfa946f4f581140b2
20211102A04_1,38,38,1.mat,38,91,3.182179,9,14,1,b80304c429e0d929782536a7344e50f6e88a09d607bf7eaf85a899f67f7442e6
20211102A04_1,39,39,1.mat,39,24,0.839256,6,5,1,7260b739c085145754dd065a7a2572ae09b0f7b91d49f71cd8d8647be4881f51
20211102A04_1,40,40,1.mat,40,83,2.902427,12,23,1,765bf3e83d8f023d1a8b75aedb14a21b80e903f49491d4a15fe84520002f69ce
20211102A04_1,41,41,1.mat,41,28,0.979132,10,9,1,d0605fad3e481c97ffc71c7366f2d00c61c563197afda546b58f0ff02289105d
20211102A04_1,42,42,1.mat,42,34,1.188946,8,5,1,e53c217e5692b011811a00a14b60c2f17f882a07206304940195314354259228
20211102A04_1,43,43,1.mat,43,18,0.6294420000000001,6,3,1,89f1fc51bd89e3c665e8b30466f64d10522b67f3a6fb3d560c3bf5321fb3bcbc
20211102A04_1,44,44,1.mat,44,15,0.524535,2,13,1,66d77aeca11aad79a3dca8528994d4317a3cd5ad4ad640d648bb873346836764
20211102A04_1,45,45,1.mat,45,9,0.31472100000000003,3,3,1,05e2f543508b3c1be2913404a703bad3c30b307674ca1637c1043dc79366cfb7
20211102A04_1,46,46,1.mat,46,104,3.6367760000000002,13,16,1,1473fb18eb51d075a18f0c31a2d6d5a12b2a55286474a35ca94ece7770e9ee69
20211102A04_1,47,47,1.mat,47,12,0.419628,3,4,1,013422bcb850023d36b2010b74cdd8add08121fed9a32b06a66cf691d1d09c9c
20211102A04_1,48,48,1.mat,48,30,1.04907,11,6,1,10a8b3b8d459fc606a7a9a24a7efa5dad7d0bce297a43087253309763a9b7cce
20211102A04_1,49,49,1.mat,49,16,0.559504,4,4,1,d622318da9720e087f59e3f12db3e086f9aa800b0c69075370f27a53f8759ef6
20211102A04_1,50,50,1.mat,50,23,0.804287,8,6,1,3fb7585024211477e954725138c6e0f4c9589abefa9ea67762412a114d0a9e02
20211102A04_1,51,51,1.mat,51,35,1.223915,6,8,1,892609cac7e409b0babbaf0dce345115760e795fc77c9ecfa2785f7a13407c02
20211102A04_1,52,52,1.mat,52,9,0.31472100000000003,3,3,1,5f2fe2f400ca82ddda77f0bfb7c940453c03497fbd94b90718ed06e69d3e6755
20211102A04_1,53,53,1.mat,53,9,0.31472100000000003,3,3,1,b8d01f990d8f9b56638ebf79d32120b5aa9e18d315aca52dfb481672e6f7109f
20211102A04_1,54,54,1.mat,54,28,0.979132,5,7,1,ac22f88b5d333c92b46f63208dfd39a6d6d0005b917848ee3a7b49dd44710ad1
20211102A04_1,55,55,1.mat,55,50,1.74845,10,9,1,a571d9ce14593fa9f46097d15f1e39f75ce8a0fe73ca39ff63f5355d0866d0d3
20211102A04_1,56,56,1.mat,56,8,0.279752,3,4,1,2e113b192c8f6d461f3cef230310331515528fecffefc5fc6712e62b8602edd8
20211102A04_1,57,57,1.mat,57,12,0.419628,3,4,1,118abdccc60366e5c9b2a4b026e43144a9ed56d0019cf3c550d558ddf400e0e1
20211102A04_1,58,58,1.mat,58,19,0.664411,4,6,1,ebc02246b02f98aa40cf31745e0523a50cf0a6ad82deed077ac7d018ddbf96d9
20211102A04_1,59,59,1.mat,59,15,0.524535,4,5,1,88207d6bd1a350ebfea477c7af7e3746902ef00f80e9014ecf12c8dc44b72517
20211102A04_1,60,60,1.mat,60,98,3.426962,11,11,1,44e25c9c8579abd0dc29ddd9f3d728b8837e9cd9665da3535e0dc3ebb423c34f
20211102A04_1,61,61,1.mat,61,67,2.342923,13,8,1,9ba55b69cb91cb039fdaf8e2ca65f51be3d73a2c2f28e53a8d9734b40cbac7a3
20211102A04_1,62,62,1.mat,62,33,1.153977,11,8,1,0060f136decde221f3365c70e56bc87e425581693fcd64206a49b56ce9c14e27
20211102A04_1,63,63,1.mat,63,6,0.209814,4,2,1,9e2b5dadb57f6cf39324ec8a46f118d5ef9194e31a3af9f2de6756868f386063
20211102A04_1,64,64,1.mat,64,28,0.979132,6,6,1,0902a0bdf42c69017de46e73d6b6baa31dcacb761ad839f3e0fa6459112dae98
20211102A04_1,65,65,1.mat,65,27,0.944163,8,6,1,451e9038e0d451e4a96b82589ec5e2d3266323466c108beac17ce2ee30bd1d40
20211102A04_1,66,66,1.mat,66,23,0.804287,7,9,1,aac7628f7ee8b208e631c3df7fe677fe6271de5b5ce7239b25b976b0aeeffbd4
20211102A04_1,67,67,1.mat,67,40,1.39876,8,7,1,ef131906f082488b4842e7ecc603054799daa9db0edcd32be3d4ef46b362a333
20211102A04_1,68,68,1.mat,68,19,0.664411,4,6,1,a17889263382e03aba6e3f4fe5932b6e88759c4152e701e22838528b2de20d2e
20211102A04_1,69,69,1.mat,69,11,0.384659,3,9,1,4b43fb903a1d0dce937b91ad07c5dcb4e8bb37489f039e5d530d983a453c50d8
20211102A04_1,70,70,1.mat,70,26,0.9091940000000001,11,11,1,877de8d377f53f6a7bb86c8c2056cb509f2e27fb5da3b22623bbf8ee225e0835
20211102A04_1,71,71,1.mat,71,22,0.769318,4,6,1,e9a1f5a9f03745d78d91cb6cdde654afdebbaadcf0c3816a5d8faed42d8cecf1
20211102A04_1,72,72,1.mat,72,90,3.14721,15,10,1,55ce465a6a244d0ed86277a1a8ed829fc91d98610950d3d99978ab518c4e9a4c
20211102A04_1,73,73,1.mat,73,42,1.468698,13,8,1,4e4f15852981e235126216ee62a3ba73763fa89ad7d77147b013a4b7be3f4381
20211102A04_1,74,74,1.mat,74,18,0.6294420000000001,5,6,1,6e75485d30f949271a776d5505430e7ea5481782888357e770a37cc016833224
20211102A04_1,75,75,1.mat,75,104,3.6367760000000002,10,18,1,f40e6ed85946ea11449cdeaff7206689ed7e480808b1c960ed58d24ff0e6f679
20211102A04_1,76,76,1.mat,76,9,0.31472100000000003,3,3,1,5b07f0e3fcf171e8793ade56f68d82e5787038905fdc29773a49a83ccf959172
20211102A04_1,77,77,1.mat,77,11,0.384659,8,7,1,f78d74d2254b259d0fb4187e0bce277c2b746dfdc73d12fd1dcd738f98c16e26
20211102A04_1,78,78,1.mat,78,35,1.223915,16,9,1,25b950fd7976d7e6b066a79a61059c3ec10961adba87757d3ce550e8e3e1095b
20211102A04_1,79,79,1.mat,79,21,0.734349,8,5,1,db2e030da039d0259bb652632603251f4561e984c0b7b26af4bb26803326c748
20211102A04_1,80,80,1.mat,80,11,0.384659,4,5,1,d06ec573daf0297fdecb827653f205fb8e11fcbe8fe3f635b7aff4421b872fba
20211102A04_1,81,81,1.mat,81,9,0.31472100000000003,4,3,1,34cd5a9ff65f039b48eb5420f92b66175529fa6cd71c52ce9a7551f41e857304
20211102A04_1,82,82,1.mat,82,9,0.31472100000000003,3,3,1,50be676bb6ee05c7c3fd83eacdd92c10b562afdc9db36fdee04ef3e669d7acf3
20211102A04_1,83,83,1.mat,83,32,1.119008,5,9,1,2a86b7f6974295a8ca2d879ef6e7445e928897f105cbb7d8768e6c0588911491
20211102A04_1,84,84,1.mat,84,39,1.363791,11,9,1,93648e6303ad883b120d1e3de722fe7970d132cfad558cff8af9e78adf8cccff
20211102A04_1,85,85,1.mat,85,40,1.39876,8,8,1,412b7751eedea57b0a1fb248598a82d7360da1e6df7b9582321e9ab0519868da
20211102A04_1,86,86,1.mat,86,14,0.489566,6,5,1,fc7d8d6cf9618cbbd10233b34d8d59440a4d233ad54569d2b9f868adc29fc72d
20211102A04_1,87,87,1.mat,87,33,1.153977,9,7,1,ec96ee4f63eb50c46eaaaec9198d5ab33ed183a4269d37ed0eaf475b9f4c36dd
20211102A04_1,88,88,1.mat,88,17,0.594473,5,4,1,ea717790fc80a191da84ee95d0c1d7f2379410bf92891b390ea297f7b4793ed9
20211102A04_1,89,89,1.mat,89,6,0.209814,3,3,1,d1ad985686b854b7e26a703255e61fbb1d4d3ee75d49cd82d5a2b3b44dc402fa
20211102A04_1,90,90,1.mat,90,16,0.559504,4,4,1,a69ee2d7542b6ec769de5ab3c319f28b30458ea7bdba1ff9a1cd7aae096dd822
20211102A04_1,91,91,1.mat,91,12,0.419628,4,4,1,34d7f67c3996a22411cf9ca9c52829e64336f680a7afd31e1bcb6942abfebdb4
20211102A04_1,92,92,1.mat,92,19,0.664411,6,5,1,c43921334d212a12c434b84b73dcb65482f441d2d9bfccb18da6bb1837ffb990
20211102A04_1,93,93,1.mat,93,18,0.6294420000000001,6,3,1,8f542d2789952e3837d86ef5074cfda09dc3f4e7ba9907f093b5f4bd8580d31c
20211102A04_1,94,94,1.mat,94,86,3.007334,12,12,1,983e5a23a3d4f7be63e74c005d01b2117815ba08f86a37d533abc65ebae4c1d6
20211102A04_1,95,95,1.mat,95,83,2.902427,12,11,1,efe273735870e92de35a8ae95eba3eb983c2b21d0aedfd3de6d9377e83ebe430
20211102A04_1,96,96,1.mat,96,24,0.839256,4,8,1,396277530db5c663d6a9e304f653dd806a528eb58e95bb287512293fa1d221a4
20211102A04_1,97,97,1.mat,97,7,0.244783,3,3,1,64433d8d4047a8a6b0cd5ba18098436c907819580a50c8f34d9adb869f9681e4
20211102A04_1,98,98,1.mat,98,15,0.524535,4,5,1,c149acf02628ce24b0f33077c833535fc48f28e7c17b94aacb51a55c9c59b02d
20211102A04_1,99,99,2.mat,1,9,0.31472100000000003,4,3,1,bc4e364d84a383188de1160c8f0e24879c0db267587a66429f57b181bfdc3351
20211102A04_1,100,100,2.mat,2,8,0.279752,5,4,1,3c585b3c26b690ae65097b09f17949d754afc7b8599d69851ae73e070b69468e
20211102A04_1,101,101,2.mat,3,67,2.342923,12,13,1,d811c4a6de8af6eac1df2cd35980bc43acf2e3193ccca79df3654dd3959f5933
20211102A04_1,102,102,2.mat,4,22,0.769318,6,4,1,0af17fc38ee0abd334190c36ec9084422f6c224a0c9469c728d7e66db741b7f7
20211102A04_1,103,103,2.mat,5,29,1.014101,7,5,1,1eeebb65bd4ec5e05d623e02f65f7495e64c08700bea327f1c5fe48d1be1197d
20211102A04_1,104,104,2.mat,6,40,1.39876,7,8,1,07c0ab1e19635485158e15878d734c17a2d4bf4a11985ae8a5a65a6e34b59fa9
20211102A04_1,105,105,2.mat,7,12,0.419628,4,5,1,eac11a1e71a3a47cf035fdb8d70d7d382de166627677ed8d9fa36d517e16abe1
20211102A04_1,106,106,2.mat,8,6,0.209814,2,4,1,aa37b820e310e67c28b00f527f00eb933d8a2a4a64c2c5e916e2b6de8551c779
20211102A04_1,107,107,2.mat,9,16,0.559504,7,6,1,b0d1778929689d7a5c7076c8d8ab99e87576a7e88f11c14dedf48376e2f04599
20211102A04_1,108,108,2.mat,10,25,0.874225,8,9,1,15be564725a42ba32bce11d0cc247ed6d2b6571c34625ca1251f3ea12a38467e
20211102A04_1,109,109,2.mat,11,22,0.769318,3,10,1,7d03159ced90d6d3bd9a5bb2d15da89e65b9f4cda2b57ec27f54716ee8a3ab22
20211102A04_1,110,110,2.mat,12,91,3.182179,12,13,1,2a1d0254b9d5141ec7158f47853aa632e91a26ac9b21386156bb4f6538d9e8a3
20211102A04_1,111,111,2.mat,13,9,0.31472100000000003,3,3,1,7101d829717306b6b8c90b74617d8b5757e85192448f056a7762131837a05d52
20211102A04_1,112,112,2.mat,14,9,0.31472100000000003,3,3,1,d4d6a1a16a958eab5b9aa746884ae4c6f5b0985cd14e4e956789934ee61e92a8
20211102A04_1,113,113,2.mat,15,48,1.678512,9,10,1,645625d6c4736f68977817428bf81127ec0e2649da01bca7a801ecbd3a1a287d
20211102A04_1,114,114,2.mat,16,16,0.559504,5,5,1,ff9423336612950c129be79e397289bd7d2adde1ffa2e2d73a2f7fa2b6a3707d
20211102A04_1,115,115,2.mat,17,27,0.944163,5,7,1,47f66d66ef6afe1346d3d1e7893fbc1c021fce15340699981a0b29a15e994baf
20211102A04_1,116,116,2.mat,18,80,2.79752,14,12,1,964de5741280ee06fa550de44d1782c5fd113be5586eaf5ad706e0e938c82713
20211102A04_1,117,117,2.mat,19,11,0.384659,3,4,1,15f47e81263e62c4fda788049f323eb36e3cb70802c84d56f0562f34c7ab4989
20211102A04_1,118,118,2.mat,20,25,0.874225,4,8,1,fe51d9d6f7dd2c912c616bc2ea716b30ecc4a1fc2ceaaecbad726cb35907efae
20211102A04_1,119,119,2.mat,21,81,2.832489,12,16,1,91e96d00037147c15297a0809e9796038ef244709c28acfcc05794cb885db2f7
20211102A04_1,120,120,2.mat,22,40,1.39876,9,9,1,4751ea7578b8f47cc6ad538dfb4d52d1c8c196f9bc7b25ad4b3910b035b61599
20211102A04_1,121,121,2.mat,23,28,0.979132,7,5,1,5d25d2c60cd2101215f0d0a01588f3899f8fc83067886f3c4e2f5c19d3134838
20211102A04_1,122,122,2.mat,24,12,0.419628,3,4,1,742a8905a5021d98448a89ed91c8b05be183f31c83c60b274be3fb225809cf92
20211102A04_1,123,123,2.mat,25,68,2.377892,9,20,1,e1d5d166a4fba993634bd5b5e8e4e6d998e859a2574b7ceaefe94d64893d0247
20211102A04_1,124,124,2.mat,26,10,0.34969,3,6,1,cbe750497073718fa68fe196d981095c12f107b1ab2ab84f08b9e8d5021252f9
20211102A04_1,125,125,2.mat,27,9,0.31472100000000003,3,4,1,61991463d36c0ef7f65cee030808f8b2091f8ffc968ac6e3b36ca7e69ea81028
20211102A04_1,126,126,2.mat,28,11,0.384659,4,4,1,bd99012620acc2eea44fc77f111ff22011f7d7b75241086a334f0c8683ce6d6c
20211102A04_1,127,127,2.mat,29,5,0.174845,3,2,1,b31fb6df557a982041e2ad1b4ad737975ded55b57a5e28d2bf2f19416a4bdb6d
20211102A04_1,128,128,2.mat,30,90,3.14721,15,15,1,b50f0982036dee53dcb393594d158987d652657fa23f46677b761a4861070593
20211102A04_1,129,129,3.mat,1,18,0.6294420000000001,2,13,1,24453ef6197dcf0a0ba038726d9a9982aee0a43849aef0d418401ea6e85e8256
20211102A04_1,130,130,3.mat,2,65,2.272985,9,11,1,c9a95f1d05e65df84f102da08d61eb20fb6fb83adf6cd90905ed139092234844
20211102A04_1,131,131,3.mat,3,15,0.524535,3,5,1,9df0c19a7229fd26df081d62cc12de0bbc128f95a57016a4a6bf093d198f7571
20211102A04_1,132,132,3.mat,4,10,0.34969,4,8,1,3ff82f1187ad8af8489d763ecfcb33c1945441c751705c43813e9fd73379ae3c
20211102A04_1,133,133,3.mat,5,44,1.538636,8,12,1,826db798d333747c2a74f3c70bd1f8a1b3b6512c1479a8de00505d2fa53be990
20211102A04_1,134,134,3.mat,6,35,1.223915,7,14,1,5b9dcdfdb9886ebf5c979297426f88a5e5376fa727fc33448e2204882515a2a9
20211102A04_1,135,135,3.mat,7,56,1.958264,12,8,1,4c4726ed53b52ec45d810ed43779078ce301575657b450f367813011eff64343
20211102A04_1,136,136,3.mat,8,41,1.433729,7,9,1,85d8955260aef5826a410a06032872f0522d849fee854663311125dcb874f01c
20211102A04_1,137,137,3.mat,9,80,2.79752,14,10,1,69bf5246812d30cbe9231c6602fb2b6e1e6ce09e26da8b14d72559226396c565
20211102A04_1,138,138,3.mat,10,8,0.279752,3,3,1,3a4b4d13559b78f57f4e69ebcfe5924544247b25ca6fc0e1a653865aea52a83c
20211102A04_1,139,139,3.mat,11,61,2.133109,8,21,1,03c35fce0857a874daafa9ac52b0d5bd2bca445f6b755e693ec5369abf8d4e2d
20211102A04_1,140,140,3.mat,12,23,0.804287,7,5,1,b2e7517c6f9e0ecec360e63fae16b56bb410af325d870d01d2aa0beffc4dd255
20211102A04_1,141,141,3.mat,13,5,0.174845,3,2,1,3317f6705a219d1ffb4b6f0f8c37c843e7143c067ee1803d9d9f98d9918faa1d
20211102A04_1,142,142,3.mat,14,19,0.664411,6,5,1,12b6cbf5284d8d8496b13668c168467f022624dd318bc88d12f14a94e31e81de
20211102A04_1,143,143,3.mat,15,21,0.734349,5,7,1,e4e02760bcf192483daccde93c4dcc471ab88b36626ea8ff65722a16eaaf6a91
20211102A04_1,144,144,3.mat,16,6,0.209814,3,3,1,24f325da559e01681394f226a7e30a528e1e5ab66e64fdc836df4a46d317924f
20211102A04_1,145,145,3.mat,17,45,1.573605,6,12,1,a5d8c5703b18ccccf42cb9eba73420edab9cb89d6f6272682c3e382d12d63784
20211102A04_1,146,146,3.mat,18,15,0.524535,6,5,1,30850e5b71047eb555c900ee6e673077245b7c0a5d7fbc25e97e1dddb83dd884
20211102A04_1,147,147,3.mat,19,15,0.524535,4,4,1,567bb28c5d80e6a1584c7f1bcd3fddae220822d2d52da962929146537b0d45b7
20211102A04_1,148,148,3.mat,20,14,0.489566,6,4,1,b14851e27415bdb6be18cf7c058adf8ef6f2a10c947ce1a710ad037cadd7e9f0
20211102A04_1,149,149,3.mat,21,10,0.34969,6,4,1,e47eec00f8962b4a89a610c35a610fb4e4dad04f4934dfe9d34966fc55a76d31
20211102A04_1,150,150,3.mat,22,9,0.31472100000000003,4,3,1,0716f1e2cf8a71ccb4cb4f5d6f7aa85cd858e87397fd6809de742eeedbb17b1b
20211102A04_1,151,151,3.mat,23,15,0.524535,4,4,1,95b01c4b6f9c92442f91f9a80e087efed89897196b28375d84e9b67e6d71924c
20211102A04_1,152,152,3.mat,24,10,0.34969,3,4,1,cca8e130bf336fe38bdc920fa0ab1cfd61b77fde654d79e25dc99449c4a20da0
20211102A04_1,153,153,3.mat,25,6,0.209814,3,3,1,262facb173a4b3f100781b55e5ab1efc7a71c39079ae3392ba2b3d044c1e41d0
20211102A04_1,154,154,3.mat,26,39,1.363791,6,10,1,762a494d0155fbec13ceb5dbb0ce0932a9098f21772f3d7216903f3487a27d86
20211102A04_1,155,155,3.mat,27,15,0.524535,5,5,1,9fbb07e7249730cb873e80640b8654b98f3e8cae9e64dfc02b3eae046f4ce6bf
20211102A04_1,156,156,3.mat,28,64,2.238016,16,10,1,7f5f54421cd2d4b5886af08425b1d7ddd3c7fb7677ad60b267ebf49eb9cb9b7b
20211102A04_1,157,157,3.mat,29,15,0.524535,4,4,1,790597b51bd192364c78fa86f5d08ada485345123a2400ce68e18b9a1f37bbaa
20211102A04_1,158,158,3.mat,30,28,0.979132,6,6,1,ce54c614dd7293802e85cdbf6796d2be1498a0f9529990b95f08e814236435fd
20211102A04_1,159,159,3.mat,31,47,1.643543,11,12,1,08a046b5c8d435352a048f786f149d2246ee6d944bf19af459d73857f56d214b
20211102A04_1,160,160,3.mat,32,31,1.084039,6,7,1,2f0f43a4d72b6600bceb57cba84cec4766a38cedd4fc768a997f305e04b5ae28
20211102A04_1,161,161,3.mat,33,41,1.433729,12,11,1,079630c1b6c6f49caf7d1c720bb09b22fb6bb79271ce49dec6b7769381ea66d0
20211102A04_1,162,162,3.mat,34,9,0.31472100000000003,3,3,1,4d507047d76b474a9a96c2681d03d564870051aa2567a2693134856ea624d623
20211102A04_1,163,163,3.mat,35,7,0.244783,4,3,1,429d32ec3c6ac49340a8eac93e908a4972fac0438e2c82c6fceede5e18422340
20211102A04_1,164,164,3.mat,36,5,0.174845,5,2,1,8620bb69077000761e65337cf09594b8f6ef988347e9501a89b149a46fdfa5e3
20211102A04_1,165,165,3.mat,37,9,0.31472100000000003,3,3,1,d89ce7fe08d0c97e084f4d35d8c7f639777b36ab6eba034112efec24981e7778
20211102A04_1,166,166,3.mat,38,13,0.45459700000000003,7,8,1,16579f5d5ed0297b2d2919553615505be980a186e2093ab9305300ccb70b0e15
20211102A04_1,167,167,3.mat,39,51,1.783419,7,15,1,d99b87a733f67fd097dd89e19eb771e1825ad85c3b5755bc1b475e71d7352c36
20211102A04_1,168,168,3.mat,40,31,1.084039,7,7,1,d9ef3213ae43387e42b812097a75a7b3a80746806805ae1ce0d065eebf9f6de4
20211102A04_1,169,169,3.mat,41,11,0.384659,10,6,1,781e45c7a7bfa03025af7cd247a155414e87b02cf51e530de059b733f49f29c1
20211102A04_1,170,170,3.mat,42,7,0.244783,6,3,1,e8fdfa7ee51149a79d391cc41dc9e2254872593bed236e8561b1c83590719fca
20211102A04_1,171,171,3.mat,43,18,0.6294420000000001,4,5,1,f8599519b9380d9ad6cf727426b11b7c2ad002eefbb1043386b40bcdac7519fa
20211102A04_1,172,172,3.mat,44,93,3.252117,11,13,1,7846dc919d926f3e1e5d61ae4797e57b3e09b1a3381210bf2da47fc2d5368531
20211102A04_1,173,173,3.mat,45,30,1.04907,5,9,1,8e3cff08ecba2b740d2eb6252e882ccb8659b4612b5322768e3d9c375f4bafd3
20211102A04_1,174,174,3.mat,46,4,0.139876,3,2,1,1b61786990ecadcb06129a189f530040f3a828c6014152eb81f5bd92904a1e3d
20211102A04_1,175,175,3.mat,47,10,0.34969,4,8,1,bf47c4df20973593b50ec4dc3b19614d5e739faa7b4e7532d270dc9fe59011a6
20211102A04_1,176,176,3.mat,48,39,1.363791,10,6,1,6f8196e8c9be87832f8b3831776b71eb523049be14fc040181ebfc30f44ae132
20211102A04_1,177,177,3.mat,49,7,0.244783,3,3,1,b485e9f59a0e803c66c900f210d9c51dfce06e22ef8721f1359ce38aac0d4673
20211102A04_1,178,178,3.mat,50,39,1.363791,7,7,1,4622688ee57ee7dc9837c47933fbf374aa79dadc3217829305e65fc01e4c1d44
20211102A04_1,179,179,3.mat,51,60,2.09814,11,9,1,e592220821cd149e0775fb5e2896b70e6389f7b0376bc1e7689e31eb61948f30
20211102A04_1,180,180,3.mat,52,21,0.734349,6,5,1,f3e512d84dea9ef4dc1d5672d8f348de4266dd72a7191ae777810830725fd5b0
20211102A04_1,181,181,3.mat,53,6,0.209814,3,5,1,85ee78ef3494be1785c104584f331dff459e39450bb4bfa551a41f3a19569c98
20211102A04_1,182,182,3.mat,54,32,1.119008,6,9,1,4d7e0bc838510ceb2afdf3bf3b109b4df89327d4be6a7dcdc8e7c2afbf083b73
20211102A04_1,183,183,3.mat,55,5,0.174845,3,4,1,b3c5ce57b5bcb051ab8e08894f8a44ccc6409f1a7eb074a3421efc4d44668fc5
20211102A04_1,184,184,3.mat,56,11,0.384659,4,4,1,725ace6e647ad5c79838571a613d3800c7e13129600c0fb52514f5c39950f04d
20211102A04_1,185,185,3.mat,57,12,0.419628,4,3,1,dc0dd753472185f0271c9e735cd47b697753227dfa89e71a71616f98a14413b6
20211102A04_1,186,186,3.mat,58,31,1.084039,7,5,1,219ba1ede99589e8248b1d93fb1e3f7c6c03c295a6da6a0534e7c687ec3db21a
20211102A04_1,187,187,3.mat,59,9,0.31472100000000003,3,3,1,9297d43ef51bf48219cfd8a43f97ee18ced746947ea9e495f0c53b314db4469a
20211102A04_1,188,188,3.mat,60,23,0.804287,7,7,1,f36b396a918fe1fa8535ce5487f5c2228de74eb7f72a4d931ce73b400f675a14
20211102A04_1,189,189,3.mat,61,7,0.244783,3,3,1,af57b0edd05da27064e6caf896f76e3e51c8fc9b8c135bf93d46b1e8a3544489
20211102A04_1,190,190,3.mat,62,12,0.419628,4,6,1,87a2ced11e3b154fdafeab167807883769c304a3abaa5e364466a0fe52d7157c
20211102A04_1,191,191,3.mat,63,17,0.594473,4,5,1,2d8025e39ae8f82cf2d4710aff63442664591106a78e8d5f7ce784ae47a6654d
20211102A04_1,192,192,3.mat,64,31,1.084039,8,14,1,5123b68a62f8933de1165398f03e8bac59f5738e054f73aa7f34c667664da9f3
20211102A04_1,193,193,3.mat,65,32,1.119008,6,7,1,ab3fb1db71d2c0c1fe7663f9ac9a92416a6ad8fd977f766142d99409d35b3fff
20211102A04_1,194,194,3.mat,66,6,0.209814,3,6,1,f1e778ec043b2e1139a32cf929f1469e12de417d68722e2e1c71bdee274923b9
20211102A04_1,195,195,3.mat,67,21,0.734349,7,3,1,87af9fad2cd67789996bd26a3cbaa1af02f7c19b2f6cbfa80db2ada5d415d3ab
20211102A04_1,196,196,3.mat,68,7,0.244783,2,4,1,61b47a27ca36bbee51b366309472639b0afa95910ff943435ff7cf1687cef8e6
20211102A04_1,197,197,3.mat,69,12,0.419628,5,7,1,4cfcb666ae59bcb219ed690b8a2217008d805221a40409d9fdaa7fb9825ab0bb
20211102A04_1,198,198,3.mat,70,12,0.419628,3,4,1,a3f859ffb4934ceae085cca1c773facf6a2c88b198007090ed39f58f7c4a7512
20211102A04_1,199,199,3.mat,71,33,1.153977,9,7,1,2a96d8606902d4a5c1db88dce94c1542db12ac5acf4b4227bfd857cbff5d8de0
20211102A04_1,200,200,3.mat,72,38,1.328822,6,10,1,fe82b3618cc53326cdd959ab565cca1cf16710c941736769b0699be17298cadf
20211102A04_1,201,201,3.mat,73,66,2.307954,10,17,1,ef96d0e95cdcb910fd47acb08b8ca04c7e626674821931200f699b19a34997ef
20211102A04_1,202,202,3.mat,74,25,0.874225,9,10,1,681d9edcddf8bb220c22b33eb16738ea92cd7d3a0ed8f9bde82b1ab83c2ea4d7
20211102A04_1,203,203,3.mat,75,6,0.209814,3,3,1,43ca46cefe596bd414c1c799612993ec38312ff53f4208e3ee9c1a6bfb34e05e
20211102A04_1,204,204,3.mat,76,6,0.209814,5,2,1,dc3b0d43c686d6b2722fbbc2d59f03cc728b364baf9c12757bfde7c9d6edae9d
20211102A04_1,205,205,3.mat,77,24,0.839256,4,7,1,9c9e3e239be30ba8e13b855f87379e59c22479d7b9dca2bf9c50e936071afeb3
20211102A04_1,206,206,3.mat,78,42,1.468698,6,10,1,dcec221a0412c268a6652f11b572008f334745622028f50064dcfd3206f87e20
20211102A04_1,207,207,3.mat,79,26,0.9091940000000001,5,9,1,bc5d0870e4a78cd6ec9c17eb46b6ed168ec26ae033fee7b413722dbada2ed123
20211102A04_1,208,209,3.mat,81,14,0.489566,4,4,1,94ea60214a7c54c7a3826e79fb846bfe76905f7ff272ae5517177d038a59a398
20211102A04_1,209,210,3.mat,82,11,0.384659,4,4,1,fc5da4aba0640a1b319cea5a27e538ed6ed50601756e93c1eb19a6675151fcf7
20211102A04_1,210,211,3.mat,83,19,0.664411,5,5,1,b05fed28256cbb9d8c7efb3d9f72e521bbb53ec82fc4ee20d337657d8df3d613
20211102A04_1,211,212,3.mat,84,10,0.34969,7,4,1,a4507fbe112b6dc25a808506bbd2b8489cc70b75d9ea5c328489fe454469cd6c
20211102A04_1,212,213,3.mat,85,7,0.244783,4,2,1,f00520b6bc609fb12748dac06b9a08fe344d59ce413178683e0aa43c458097d2
20211102A04_1,213,214,3.mat,86,8,0.279752,4,5,1,5831cd2d8cd2b176cedfd4d5db5817cb530edaf8d428528729751fc88dc959ac
20211102A04_1,214,215,3.mat,87,12,0.419628,3,4,1,0a77efb2f1824998c42c034350b6525ec84e10e84be621fc7e6ecc8fc6b7139c
20211102A04_1,215,216,3.mat,88,11,0.384659,5,3,1,08559b00e249b4f42419d972cb9aa2a2c058073a951431145395ee8ba0398457
20211102A04_1,216,217,3.mat,89,119,4.161311,17,14,1,7dbfa85aa23fcb842832b172f2a1e34055df8ffd6e0867ac27d3c9022fa1cf20
20211102A04_1,217,218,3.mat,90,27,0.944163,6,6,1,6fc096c9dff7b2a4446d67e296c2069ab5e22049a5fc65f629252453d800efbc
20211102A04_1,218,220,3.mat,92,22,0.769318,5,5,1,9bda6477d808e609c75e7282e12f31e42221e08b1fabd81a332073ffcf5c3cee
20211102A04_1,219,221,3.mat,93,16,0.559504,6,6,1,b848611c429b83817c35a98b5f9f12ede42963e2b663e3c1e88a6c9104895d99
20211102A04_1,220,222,3.mat,94,5,0.174845,4,4,1,bb96345a06403d5e48bdbcc9ff6eb4ab39932d09bc1a98140ce7254d4c5d2de3
20211102A04_1,221,223,3.mat,95,9,0.31472100000000003,5,4,1,2ce9b048dddc5c1fd71f3280147d6b23bdf84750203bb80b769502b175d65932
20211102A04_1,222,224,3.mat,96,10,0.34969,4,4,1,e1145998eecb7414ca2dd5e9c4cda78040064c094be4f44414055d5e77d8b2a3
20211102A04_1,223,225,3.mat,97,12,0.419628,4,3,1,bb56e4cb9443503f3c17b93d7ebf7b9a1254fd3ac334be3548183ef42b941ff9
20211102A04_1,224,226,3.mat,98,35,1.223915,6,7,1,91756ddbce9d58704ae3ced4acde09864d0b87c5d3759850d941765d5d041056
20211102A04_1,225,227,3.mat,99,6,0.209814,2,5,1,2343f03106b0fdee5073eeccdea1ec9ff0eabe203d0dd66092b55249afb85f2b
20211102A04_1,226,228,3.mat,100,9,0.31472100000000003,3,3,1,12f1eec77a4e32515b947e2310ed8dec825c375843acf580f720f8ce50712ec9
20211102A04_1,227,229,3.mat,101,27,0.944163,7,11,1,ad9b4364c73a82a0a8cbe3644461656e16cb66865470c11367268420df1086b2
20211102A04_1,228,230,3.mat,102,28,0.979132,6,6,1,e0ae77d6c05afb91bce603556d1a8e717d26023f1cdec067713b32059a8dd604
20211102A04_1,229,231,3.mat,103,5,0.174845,5,2,1,aaa9b820146c29a87233de877e1cdf1c1ded37e4d1ab85095ec969b61bd83cac
20211102A04_1,230,232,3.mat,104,26,0.9091940000000001,5,6,1,987b66d7d25fe716b85f0d9ecb5950d47db0968b216e13017f6e0ccb1d8290e7
20211102A04_1,231,233,3.mat,105,16,0.559504,4,5,1,f3bfb93670f892cfbdd0db541d2e05e1bf89e4ef35c3e4eb827c127ed3964527
20211102A04_1,232,234,3.mat,106,42,1.468698,8,9,1,22f6e255cd8b0dc634b4df70c3cf1110f64d0d22f36e79cb7fa91a2c78952cdf
20211102A04_1,233,235,3.mat,107,79,2.762551,10,11,1,b57f8ad720c41ef85106c4c2f01db6a8adaaed1ff94568e8eb0a0339bce41c08
20211102A04_1,234,236,3.mat,108,5,0.174845,5,2,1,cdc023b83e1121182b5ee3987d6716172cf2a8b25fe6cb7f5974d8a2f12b9221
20211102A04_1,235,237,3.mat,109,50,1.74845,11,8,1,90b72426b49ba7180d50dd05b4c2f4746776f632a86ae1307d040cfdc57a4282
20211102A04_1,236,238,3.mat,110,62,2.168078,11,8,1,92907792321367e4870e40a6fa63e3652cd3aaf57b754e57f00ecaa3a2bb7e11
20211102A04_1,237,239,3.mat,111,79,2.762551,15,9,1,48bbb6f9213a2c226bed24ad74c8783d7e2b9994c7067dd7e32c013f5fcc3871
20211102A04_1,238,240,3.mat,112,4,0.139876,4,2,1,1ad093692faa140be2125438cd49fd91e51976676838ecc55770d17b20ff1d76
20211102A04_1,239,241,3.mat,113,18,0.6294420000000001,3,6,1,8abc283e97f65bf56796a5270fb024426446ea8585792cfb9014f89d30c6d1b8
20211102A04_1,240,242,3.mat,114,16,0.559504,4,4,1,afccb118584399488600410b9e742c0aaffd21534961ab065532539f398e4075
20211102A04_1,241,243,3.mat,115,4,0.139876,2,4,1,cc43bd5f1d5f32c483d501e5f5ffe56444c4e1f213cd66932cf556228eecbf52
20211102A04_1,242,244,3.mat,116,32,1.119008,6,7,1,ec9dcfc4df6c09b233b60946a019405842caa13ad75c990ae3cbd7d3c1280b49
20211102A04_1,243,245,3.mat,117,30,1.04907,7,6,1,ee1e2ba7b9ad855b802b805db107c0de1a79c8ea39d8787a4f8e11d61a48a27f
20211102A04_1,244,246,3.mat,118,152,5.315288,18,15,1,521e042d8ec0308994a49a2d1bf6fce227de703743c2da56d63bceca5dcca104
20211102A04_1,245,247,3.mat,119,8,0.279752,4,6,1,94a895097878c4fcee7f500255c71c2799b1f52b3f0483e4726168ee821159fd
20211102A04_1,246,248,3.mat,120,7,0.244783,3,5,1,41dd15be3a8db8f519f64650ddc91640446d6fb850b3b20eab40b36c6fe83274
20211102A04_1,247,249,3.mat,121,17,0.594473,5,5,1,07eff0c144f803cd863fcc6a3ff26e7c6390157be1955e372b037e6f41a64e72
20211102A04_1,248,250,3.mat,122,9,0.31472100000000003,2,6,1,c6dda3d4e4d2689feff893dc8c50c7377354e23664af15235ff9e4015315b5bc
20211102A04_1,249,251,3.mat,123,12,0.419628,3,4,1,298d6ebe46167c553b377b8fe09baa7e5945b3e58289d3af3d535721c5108846
20211102A04_1,250,252,3.mat,124,12,0.419628,4,5,1,b1ccf32c92740b184f0954ae4ba2bc0d3922c6894b5f964652c66efef206b404
20211102A04_1,251,253,3.mat,125,125,4.371125,10,17,1,e2bb5d832fe6b6476280c3fff72a1a61fb53fc925cb9e0811f9497bfcf18e0ea
20211102A04_1,252,254,3.mat,126,8,0.279752,4,3,1,de64e94b7facfd6274623f340b0679a745ed3935ed039b5ceb8e09e334eea2ac
20211102A06_1,1,1,1.mat,1,29,1.014101,7,7,1,d663dfd44f3e8c5dfbdd4d0250aef7bd210c5d125cd9d4d2593c68e6f7facf19
20211102A06_1,2,2,1.mat,2,74,2.587706,18,12,1,6be5a25177a68785bba1e03458e1098ed41a0c6a925e34d46a8e2e4b0dcd5bf6
20211102A06_1,3,3,1.mat,3,21,0.734349,7,5,1,e3a15e3cb5cb4c5cf3a41869d694365927cbd6c9accc1097dcadf1a800a1927d
20211102A06_1,4,4,1.mat,4,16,0.559504,7,4,1,f8f6588f30b780e87c29a68f722e2df77936b6436c89265670eea98da07f8cc9
20211102A06_1,5,5,1.mat,5,66,2.307954,11,11,1,7503657a09243c3ace73f0e90728bbea74a284e152187cc4b5443d5e988ca76f
20211102A06_1,6,6,1.mat,6,12,0.419628,4,6,1,adf434e6a0fd222159ee9e7961a5b84d5497f9f7beff1219a7e67105f5be3500
20211102A06_1,7,7,1.mat,7,13,0.45459700000000003,7,4,1,95f78e27c3c2825176943e99f0c22984624e3171f700c58ca0e812c87976f1e1
20211102A06_1,8,8,1.mat,8,9,0.31472100000000003,3,3,1,cd2c2e25a30cfb7107cfd1874689566636e94219205d5e0c9e730644bf4bcbd3
20211102A06_1,9,9,1.mat,9,80,2.79752,18,15,1,b151980bc485df7d181cecd49d45e94374d04dd9eddf4145fd45351154bbff0c
20211102A06_1,10,10,1.mat,10,9,0.31472100000000003,3,3,1,62b55fc41f4f9c1fc6bdc0091191de89bf74118207a5d9e02b73641e3bf8b248
20211102A06_1,11,11,1.mat,11,6,0.209814,5,2,1,be27e777579b154a54bc8b1199a331ed8be4d61ceb44034940c53f7d544099ef
20211102A06_1,12,12,1.mat,12,18,0.6294420000000001,8,7,1,469522fc45124892c22a7b4a09c4b39e3faafbb3edad0f2d04cc5306af35b797
20211102A06_1,13,13,1.mat,13,43,1.503667,9,6,1,f64534b0a76da895db89bd09a8126ba649b2180bddbef8ab563898b680dc3896
20211102A06_1,14,14,1.mat,14,38,1.328822,7,7,1,494195df8679f75aef3d3daf9cc8027184903e7bef9098e22c8fb02ff318bc42
20211102A06_1,15,15,1.mat,15,10,0.34969,3,4,1,15b5c401f4f80641508bfb802689ea7fac2f2165f6fea03ffc605d52c7ee0ac8
20211102A06_1,16,16,1.mat,16,9,0.31472100000000003,3,3,1,10fb5c2e68a282d7f4e885a9b787a104f4ba2956ed309f9c6950a9a6333d08c8
20211102A06_1,17,17,1.mat,17,5,0.174845,2,3,1,5c3b43cbb9558722c70e7397754330c906671a7110e1658cbaa98ecf4da2c9a8
20211102A06_1,18,18,1.mat,18,108,3.776652,11,16,1,2c407567be4abcf03159350024755f972620fbcd4ed06fc4895e3472825e1614
20211102A06_1,19,19,1.mat,19,55,1.923295,10,10,1,4ebdf81bcf745f50a486be0834ff6bebb8e3c43170abebe54c743e1d3bee9197
20211102A06_1,20,20,1.mat,20,43,1.503667,9,7,1,517e95c1c8590ba8f806cff8043495bb6348f270aaceea676324acc15f9add70
20211102A06_1,21,21,1.mat,21,14,0.489566,5,5,1,eee50c92d44dc044639f4dce502644a503e54280bb3e921c1e5c4a196bd27286
20211102A06_1,22,22,1.mat,22,6,0.209814,4,2,1,7f0f6685174d78186d582467567f71c82d72166fedaee3727800bd14afb27a5f
20211102A06_1,23,23,1.mat,23,18,0.6294420000000001,6,4,1,8f5d430cbe3f4731831a387d2b4ecaf1f58f089fcfb4d1859e098395489beea8
20211102A06_1,24,24,1.mat,24,4,0.139876,2,4,1,61b6a8f455cb021ea1413d2864ea08d9c68887bc0c076d07e94410eb226d1eb8
20211102A06_1,25,25,1.mat,25,42,1.468698,6,8,1,f4617a2e0eb5de6a1faa1b4c9f1dc64edca9d48932fbac9a6f942ab32dbb30d1
20211102A06_1,26,26,1.mat,26,48,1.678512,11,15,1,e17cf0a23b45a5b83df442d5841d93ed1504b6dc2dbddef5541972a63f7e5ac1
20211102A06_1,27,27,1.mat,27,114,3.986466,15,13,1,05c2030633501bd8a2bf9909182ca47efb5fc840acf47f9ca8bfd52ce981912d
20211102A06_1,28,28,1.mat,28,27,0.944163,4,7,1,201f5c222c1d6ba86e12232ea5180e0961f85d576e1eccaeeb09084e79686bdf
20211102A06_1,29,29,1.mat,29,14,0.489566,6,4,1,cd884f433ade7bb499cb93e26b9c2479006102b39c017d3b14bead2afeb5841d
20211102A06_1,30,30,1.mat,30,17,0.594473,3,8,1,7c43a9e4a3874cceb9bea20da8c82f93295b391f2886ef33083291af12d4664d
20211102A06_1,31,31,1.mat,31,10,0.34969,4,4,1,842bbeb227b17284156afc142e456a5b1541d7c7b292e35c231b8564c260b8f0
20211102A06_1,32,32,1.mat,32,28,0.979132,7,6,1,9eb0d19bdf2a116f438fa36cbb61d1d82824ff39f1c44195529c5c244fb34a9f
20211102A06_1,33,33,1.mat,33,12,0.419628,3,4,1,7482422c3897eb85e34d6733cb6263db74c643b23de9be639332d724dae7fc00
20211102A06_1,34,34,1.mat,34,78,2.727582,9,16,1,7e55289a282a965086fbc765be1c756c479f44821378c8d8fdbec7ff765dcf81
20211102A06_1,35,35,1.mat,35,13,0.45459700000000003,3,7,1,2f34cd41296aa4d5e3c6456f4efb2b364fcd1ea18da37e19d1a8e1ba452cfc7a
20211102A06_1,36,36,1.mat,36,11,0.384659,4,4,1,f7c911fa3e50450c0cd948727ff7960cb8d0759a21f1b5a9f8f05327b1333a88
20211102A06_1,37,37,1.mat,37,9,0.31472100000000003,3,3,1,b1bae53a56ca6a24d398e2e877bf3bde931753a530ec1a10946d57419919c82d
20211102A06_1,38,38,1.mat,38,5,0.174845,2,4,1,07bac9698aa449c53da4893bba4e76239a50757143edfbb80612516a3bda9bb7
20211102A06_1,39,39,1.mat,39,16,0.559504,5,6,1,6ac44c8ec7383212a9065966e27e414944c604a10bac682e32e72de6273ff14f
20211102A06_1,40,40,1.mat,40,29,1.014101,8,5,1,0e2d70ff563924f24824feb81be04323eda55716f28ec73c3c81a8f9713efc97
20211102A06_1,41,41,1.mat,41,26,0.9091940000000001,4,7,1,654473847194b5c1aed08a5ddc9be91bea263546a97213b219f751941cf0e613
20211102A06_1,42,42,1.mat,42,34,1.188946,4,10,1,78228bbd1fb0858087e1035e3082f95912673c0ba6408744bbc2c66920aef5cc
20211102A06_1,43,43,1.mat,43,8,0.279752,4,3,1,462bd7065347774eaf076e5ba39ca821eaf2d1e35e7f50d4d4a2483a9c26286a
20211102A06_1,44,44,1.mat,44,15,0.524535,3,5,1,49a5b7d95a28ba1a892865fecd1443409bf493c85b6cbb4e1ed8eaa943f52adf
20211102A06_1,45,45,1.mat,45,6,0.209814,3,3,1,808b2b4feef980e776ab2189d3f34ae147565ee063b9c43fc6ca3132d717b705
20211102A06_1,46,46,1.mat,46,15,0.524535,4,4,1,8cce1de32635c8b275bbe42666190963067e3088ed7407d4ffb6d2f3b9d65487
20211102A06_1,47,47,1.mat,47,10,0.34969,4,4,1,707d9bfee4f8e0064ca7526f7957182a28f93ba1acafa15adcf6e95e38e29f8b
20211102A06_1,48,48,1.mat,48,49,1.713481,9,14,1,cb79c4fd4d2116011b8442f39f1fc08beb7f3e88c34f66b71e3fe0ff375ecf8c
20211102A06_1,49,49,2.mat,1,29,1.014101,9,5,1,3c841fc45cfc29998300a6ae7c2e6fb593f83673c896bef42a2ec38d09834442
20211102A06_1,50,50,2.mat,2,18,0.6294420000000001,4,8,1,c8ad60a887c8bf1ce6ed8c117e20a4a0f9464363dcbf9d4178881a0b287d8f1f
20211102A06_1,51,51,2.mat,3,22,0.769318,5,8,1,9f100a4e3a391fe164b11f94cba9992079290a60203e5c01afc3f6c8b420e0ef
20211102A06_1,52,53,2.mat,5,95,3.322055,15,12,1,0f472bc41e177bdd6bdc963de0621d179da7b2b02f27c94998a9cf5132451221
20211102A06_1,53,54,2.mat,6,9,0.31472100000000003,3,3,1,c9e1a3f05844653e73804db913cb08d7ea546e6a89de32f5c106993b87281683
20211102A06_1,54,55,2.mat,7,49,1.713481,18,7,1,4c35f8b7bf966ce5e889f14da387f79a793b28ff6f05d45cfe381663a4b4d30e
20211102A06_1,55,56,2.mat,8,18,0.6294420000000001,4,5,1,25ca32578d82c53aaf3c4f493333425aae9b6183debaaea67ef9c541070ff907
20211102A06_1,56,57,2.mat,9,9,0.31472100000000003,3,3,1,ce8d059c55c489de777889e70fd30e20107193ffcad0c8bf655635b413bfd4d1
20211102A06_1,57,58,2.mat,10,31,1.084039,8,7,1,15597f2896112e843ebcd71722a3a82e2a6ee123e123ee3ee8674c0a6d117747
20211102A06_1,58,59,2.mat,11,16,0.559504,4,5,1,ae85c96fa8c669b999d95aa533f083df8c6f7442d445be866b11c6b2d7f7e3ab
20211102A06_1,59,60,2.mat,12,9,0.31472100000000003,3,5,1,34431b469602f9cbbcfec9633c447fafc0d5b0d2932144d8a90a2028120b6bfe
20211102A06_1,60,61,2.mat,13,27,0.944163,4,7,1,3bda3ff2aac167d0386460856dc5701b0aa8b39d996db8de3aec4a8cadebc96b
20211102A06_1,61,62,2.mat,14,12,0.419628,4,3,1,fa20c6db6d5ee361870541b00049589f4c969ce18d88de2ea20806c05dfd4505
20211102A06_1,62,63,2.mat,15,58,2.028202,8,13,1,f460a05753b686aa02003f98daef1fa7203dd53213cc0ecdc19891bd53a64afd
20211102A06_1,63,64,2.mat,16,25,0.874225,9,8,1,3fe8d962842033fd4e5b9e8e6a0e975eb1a3095a1dff2e26f1cfebb769a4de6f
20211102A06_1,64,65,2.mat,17,18,0.6294420000000001,5,4,1,8141f43db1070b0b776a7a7c17fcd3984d535c04ef05fc765972a791cb294844
20211102A06_1,65,66,2.mat,18,9,0.31472100000000003,3,3,1,4a29d9fc1d99898ec58c01ae94b17e0dd96e40aea27b0d57fb5f2547692fa589
20211102A06_1,66,67,2.mat,19,32,1.119008,7,6,1,fcc190e223045a23be583e045949a512b30fc3ea31ab05faa2e1bdccfa097eb0
20211102A06_1,67,68,2.mat,20,20,0.69938,4,8,1,13bfcdf80d5c41f279fc6fbf7aee619c9407fb615ad28a98249e27b37c2a5ba2
20211102A06_1,68,69,2.mat,21,15,0.524535,5,3,1,f037c3c00355196ad6b7020588ce70c2fd7c4a609c3884e597d5c41040a15a53
20211102A06_1,69,71,2.mat,23,11,0.384659,4,4,1,7ce70313d67605d390eee8a456861cac847295f39199ea3e4e635ae10d8f4d17
20211102A06_1,70,72,2.mat,24,12,0.419628,6,3,1,5780194f5443723cd75e5308b4ad26ef71afb70b2f67465a3e78b894f01a6a23
20211102A06_1,71,74,2.mat,26,5,0.174845,2,4,1,fcade2a5edaf2603b3d282d25ee02ab92ff43847c51d18f2c7a7db2645221248
20211102A06_1,72,75,2.mat,27,45,1.573605,8,9,1,9cf27f3e4ec4701f906f2524b38b263cea5ecc1ef6db297c4f211b90eb41d977
20211102A06_1,73,76,2.mat,28,6,0.209814,3,3,1,2eed48a3602464ddc85b14e2f8f5f4af1adb7b6a7283f784e46aae9cf8569a2b
20211102A06_1,74,77,2.mat,29,27,0.944163,7,5,1,a5e1b2524be8219899ee626fc2437e13958ac2457019d533120736c98a862710
20211102A06_1,75,78,2.mat,30,113,3.951497,12,18,1,cb1f0328ef7e8ddf73c4422e5d2f84408172ee90654ded055eff4a2eafcb82fc
20211102A06_1,76,79,2.mat,31,54,1.888326,14,12,1,0da4b32cd3fcd1bf4f484d72dc1ce8639845130c75b39bfcf62197206432ef72
20211102A06_1,77,80,2.mat,32,22,0.769318,6,4,1,abe80efd86c9b26acf2a8b36fd796096755cf4237392933e54f5626b48fe0184
20211102A06_1,78,81,2.mat,33,12,0.419628,3,4,1,5a156e24344bdcc77b8087e487de8d570f5a6c1fbb6671dd415abedfb056a049
20211102A06_1,79,82,2.mat,34,9,0.31472100000000003,3,3,1,e079c69199cb941b83b34e5a0133ba6b413622b89c947dd177b21be274d44073
20211102A06_1,80,83,2.mat,35,44,1.538636,9,6,1,423719ed50b311e2642512e66d206b31f0cabe539e97190ba41169ee92e5ac80
20211102A06_1,81,84,2.mat,36,39,1.363791,9,11,1,309914d0cd4d0a984b4fa501cdd06b2b4b01d4977d37f32d40f344aafe6ac8f9
20211102A06_1,82,85,2.mat,37,60,2.09814,10,8,1,a11c032832f12258e9caa2717515cc152fc3bfa2be563f6ad7df8c88e107339d
20211102A06_1,83,86,2.mat,38,9,0.31472100000000003,3,3,1,5315ca9e8a1003b27ae41abdb797ba14882e8f8c13f11f9ec0a4f864106c3a56
20211102A06_1,84,87,2.mat,39,9,0.31472100000000003,3,3,1,9c8bba6717c08123481f840f8618c0623d0c9b99eddee0160b9e2140c53ca011
20211102A06_1,85,88,2.mat,40,9,0.31472100000000003,4,4,1,1e62f4112acc2f8c5d2716ac00d74504f185a34b6a68ef6aa1b0d9f591ad1ce0
20211102A06_1,86,89,2.mat,41,34,1.188946,9,7,1,aa25ff659e08c9254cba83cfe4276f89f7de54d1944045d06ee381afd04e473f
20211102A06_1,87,90,2.mat,42,14,0.489566,6,6,1,38d991b082e7b0a210479629fdb03e2b01ea3a45fae7420920eac57c97f3ce60
20211102A06_1,88,91,2.mat,43,57,1.993233,10,12,1,d40420beea0de5498d0521fa45a0a85ad7675d5b8466b3574955a563658b92d4
20211102A06_1,89,92,2.mat,44,53,1.853357,6,12,1,5ffccb2a36f8636c24be50750c7910e01933be8a61c3784148c4496931e01499
20211102A06_1,90,93,2.mat,45,15,0.524535,4,4,1,63ff45d07e5b49aea01410acf242d9127c52faf9dc9d53f18877d241556e088a
20211102A06_1,91,94,2.mat,46,79,2.762551,19,13,1,0ef44cb6d2f34df3cb5858c31b8e452561d52d06564ea529a53c149665be526c
20211102A06_1,92,95,2.mat,47,60,2.09814,7,15,1,c62c5c1972f0e2d77d4e24a57a6e6d1409b90fdcd736a66ae26fed7ca4cdba27
20211102A06_1,93,96,2.mat,48,9,0.31472100000000003,3,3,1,f09dbc5a065c4e56623ce59a0de81873b1e5cef7732aa4413cbf65ea1b99c240
20211102A06_1,94,97,2.mat,49,85,2.972365,13,13,1,9865ec3bb4c641894d6de3bd9f4476d86c340dda94044c93f7f81b833eb82336
20211102A06_1,95,98,2.mat,50,30,1.04907,9,7,1,ea40b5c7a72027044ab6b36f629ac6e5a70f32563939e0a7787a25b8d02ae2b6
20211102A06_1,96,99,2.mat,51,10,0.34969,2,6,1,b9e564bf4bc837f3ce4961a21bbb1f92f1f5f2c0a9bfa51bcec99a2a3f439377
20211102A06_1,97,100,2.mat,52,12,0.419628,4,3,1,d3dedc3b7b59830558dbdcf59c9d155b3f1ad2059136d12aa67bf82ce2360845
20211102A06_1,98,101,2.mat,53,69,2.412861,10,13,1,902f0a7cd8a192eb1af1294587bbd863ca7b81ec77b3e017c2761a8e6f18ce12
20211102A06_1,99,103,2.mat,55,41,1.433729,9,6,1,82a7a8aaf5dfd6c8a6c2fb408c5e66d4d7641547d8c5055a52a2db2d0f3a93cc
20211102A06_1,100,104,2.mat,56,55,1.923295,18,9,1,41e138891dea5211fc0d6256aa5dd9551e5503a0f2575c5d3571535a14549caa
20211102A06_1,101,105,2.mat,57,20,0.69938,8,6,1,5ed30762164579591d0ba7789d040675e2081bc2d24db0c453529f54fcbc654c
20211102A06_1,102,106,2.mat,58,20,0.69938,5,5,1,69be7ef559cee62e00ca4b11e3e1d7fec7c89a907bc7d626b41112c95a7df6a0
20211102A06_1,103,107,2.mat,59,15,0.524535,6,5,1,530863729f942815ac64bcf4e1deffd8208250fe3c12e8a941de6437fc5a8779
20211102A06_1,104,108,2.mat,60,9,0.31472100000000003,3,3,1,f91f460387b286a6d61eeb7a7e55b3e703901557c1474c75bb48531a034f5bfd
20211102A06_1,105,109,2.mat,61,29,1.014101,8,8,1,341dc08b2c2ae966b532c51a8575266a8f7b34965f0ebd8efbb2b85fbd9c9ac8
20211102A06_1,106,110,2.mat,62,77,2.692613,14,10,1,af6ee522101982d4a91701b26b1719fae19e30a27c255678ace062918edad040
20211102A06_1,107,111,3.mat,1,60,2.09814,10,8,1,af6b77833c146d9078c8c8bac47c340500ec11f57820e9bb4934c3289578c520
20211102A06_1,108,112,3.mat,2,33,1.153977,11,8,1,aca8c6a0e9c9b5bb55849ac20ff5b555325e57a328d479a3c14d4e8bd5502776
20211102A06_1,109,113,3.mat,3,6,0.209814,2,3,1,0f9bb04cde96a3986e6db20aabaa263969844aad48924de35b1ba45323ff08b7
20211102A06_1,110,114,3.mat,4,16,0.559504,6,5,1,24e0becc7edee4d976bdb34844e8e3f28140d6bc3386d65954ff17d09f033dc4
20211102A06_1,111,115,3.mat,5,8,0.279752,3,4,1,2a564b60954bcf8f2dd6fa382bfc45ba6dfe7d3b6ef5f2a19ae8cc8b2900609e
20211102A06_1,112,116,3.mat,6,80,2.79752,11,19,1,14a39b5a1bbcb85dfe9f4a049f9e79f74037a60d98c4258a895f0736c2374606
20211102A06_1,113,117,3.mat,7,15,0.524535,5,6,1,52e30111ad64896f2e291cdc80965fa0fcef5ce2c765a724c4aee60de11164f7
20211102A06_1,114,118,3.mat,8,18,0.6294420000000001,5,4,1,6b161889a660f3a7500fa3b666470fae44f9347532c98d774f42e579ebbf05d0
20211102A06_1,115,119,3.mat,9,28,0.979132,6,6,1,efea2dfbf1460b58ec4b7bf168ae2537af0b0cc9b3bbeb8fc83e8aa780e97857
20211102A06_1,116,120,3.mat,10,16,0.559504,12,7,1,a858119bc822b4509dd51355e98102d62f5ba8456df29e81be09aed311bf6a6f
20211102A06_1,117,121,3.mat,11,18,0.6294420000000001,4,5,1,6dba66d7b0719666de1a609a2aa546e4d933ed940b1dffdda04e9919705f652a
20211102A06_1,118,122,3.mat,12,32,1.119008,7,15,1,033765247902fc4dd65602a36cff628539d0c53a81e438f17413b6c368025403
20211102A06_1,119,123,3.mat,13,10,0.34969,4,7,1,9ed55bff430b445a283a77c83e294d4117acd9d25ce361cb9d238390740947bf
20211102A06_1,120,124,3.mat,14,32,1.119008,10,7,1,976e178e51087964340a4a700fa31b54c21fe86509628b104a94ad2b74079a76
20211102A06_1,121,125,3.mat,15,9,0.31472100000000003,3,3,1,c92571e964f73f39f3557c2ad099539606807a0a60064a335d7fc0c33b272715
20211102A06_1,122,126,3.mat,16,11,0.384659,3,6,1,ce839bd1bdecce96a542b54c3e414b58255fe29e32243df9f6428a7fde9bd48c
20211102A06_1,123,127,3.mat,17,7,0.244783,4,4,1,1f42123f85faf0b1f5e89429aeea658411904315e8d96251763a16b91ee807b6
20211102A06_1,124,128,3.mat,18,13,0.45459700000000003,6,6,1,d1029a1639765e62911045f5964c8b5001431b89a426d78da3d9eed6b6943e22
20211102A06_1,125,129,3.mat,19,6,0.209814,2,3,1,ee7afa3458e1ff288ed2dd44128d8e8ee94f398dc301bd3fa6103e2f567cd415
20211102A06_1,126,130,3.mat,20,16,0.559504,4,8,1,68d4c74f435411f33c545841765c69f44cfe18d771c11438b252c5d6f5c26c16
20211102A06_1,127,131,3.mat,21,49,1.713481,11,10,1,0c17400fede96f7e02909a0744dd41af9a0aef5b7f48c061a3ec0157d1e5deff
20211102A06_1,128,132,3.mat,22,9,0.31472100000000003,3,3,1,1a2b89a4e0acaf5aa617de32e3d9615b4d4d45996f8313a06babfdba034a11e1
20211102A06_1,129,133,3.mat,23,13,0.45459700000000003,6,7,1,bdfa3dfc795933c496bbad5a63412143c3d62d41df986a7a72e87431e626d15a
20211102A06_1,130,134,3.mat,24,24,0.839256,9,9,1,334e7d49162165b0d7a7fc9e17ca894e1320bc386f37da8e71eb55d2983c8e39
20211102A06_1,131,135,3.mat,25,26,0.9091940000000001,12,8,1,36e1bc6511b08415d2c703760ff8f976145cfc372e81d587bb1c3af5ae7de5db
20211102A06_1,132,136,3.mat,26,90,3.14721,11,11,1,d32412579181e4192edf984164bca190f3558472c70826c8da2a16118c33e2d2
20211102A06_1,133,137,3.mat,27,6,0.209814,4,3,1,0e5e961b62d4a1ce9e91391933ae44045f2a94f92a4cc611d0759393f42ff16c
20211102A06_1,134,138,3.mat,28,18,0.6294420000000001,8,7,1,a97544958bdb040e917f3cf1808b363e47f5bc2f6258fbc0ffab8661796dc97e
20211102A06_1,135,139,3.mat,29,21,0.734349,16,8,1,c32d94b5d6dfa279328369d1513c5221eb22674d251f9420c198ee101abccec3
20211102A06_1,136,140,3.mat,30,32,1.119008,7,7,1,45a5c8b7951b273541e7e874989ac526a77a615fbce8ee8ef182d3e4720ca9ac
20211102A06_1,137,141,3.mat,31,17,0.594473,6,11,1,45663eab01c74221ce95afeaa4814fcb10b12ba3771c69c09546992a0ad30143
20211102A06_1,138,142,3.mat,32,10,0.34969,5,3,1,329fb9efeea8daf9482bb776192278aa960cbfc16bf64b46f11272f583dfa75a
20211102A06_1,139,143,3.mat,33,5,0.174845,5,2,1,cad428704c680ac8e020ffdcc861e464dfaef94949d80dad03a12723c820c24e
20211102A06_1,140,144,3.mat,34,18,0.6294420000000001,6,4,1,aabdb2f92f8fb80a298027687131697f72f2b6e92571a99a98586c437fb8f200
20211102A06_1,141,145,3.mat,35,136,4.755784,17,11,1,c49e8d35429306bc382be7aebb03346da4f2f6550ffea25082f43c3f47d15506
20211102A06_1,142,146,3.mat,36,4,0.139876,4,1,1,616636711d9704502d94beea76dfa2a50b55ddb3e4f8e222a10676e7b9d78ed0
20211102A06_1,143,147,3.mat,37,63,2.203047,7,11,1,38e2c77b89346bf89dcb5ff3df41e1f6a5cf26d78bc47d133d94f073303b0918
20211102A06_1,144,148,3.mat,38,15,0.524535,6,5,1,66dbfa76aeb3b2adbc8297471e176dfdccc0f9d2f62491c452c54c9da272217d
20211102A06_1,145,149,3.mat,39,26,0.9091940000000001,9,5,1,f963a14b59d8368ac454c8cbd9911632f451de80bb3e471ef3e67bc9948dc228
20211102A06_1,146,150,3.mat,40,32,1.119008,15,11,1,b4166f647907e2c892e3468650937fe6895f826b443109076895ce3840330aac
20211102A06_1,147,151,3.mat,41,60,2.09814,10,10,1,1596d6860ffaca9b3330918edb234ef38941582246cf8c80bf1df29bfc7ae04d
20211102A06_1,148,152,3.mat,42,109,3.811621,15,10,1,5a0a5eaf5d00bcafe5c239e348af7edf9caa3606156e0ab61eb5bed3879d5471
20211102A06_1,149,153,3.mat,43,64,2.238016,11,11,1,0fabc910ba1ee28395d66640de212c790a6ed60a610bed480e573d2af5769cb2
20211102A06_1,150,154,3.mat,44,34,1.188946,7,8,1,ae6129da9cd355fa67b1395200302cca558aeccaf517a56c09798291d20d764e
20211102A06_1,151,155,3.mat,45,151,5.280319,24,12,1,534e1c4bca375a57fb3cf4e02f68bd9a98fc1de38b3faa2160dc9bd530336e0e
20211102A06_1,152,156,3.mat,46,12,0.419628,4,3,1,df8c14bdb7f0deaa306b8cc76a7471b8157dc304e74391868307845a4c84304d
20211102A06_1,153,157,3.mat,47,11,0.384659,5,7,1,ac3ad45d2c7b1d1cf067988942bdbcc9c871155fedac03f732a4b36c5befbda0
20211102A06_1,154,158,3.mat,48,18,0.6294420000000001,7,5,1,9dae6da0539322f14b28e69ec2d031306b33951a88cec1050a7aaa39382d6ef4
20211102A06_1,155,159,3.mat,49,6,0.209814,6,1,1,c9e6b91069129fbb4cc88ad56fbb8f030717949cb7131088cc4b46b3ca78bf9c
20211102A06_1,156,160,3.mat,50,18,0.6294420000000001,6,6,1,9739e5ebc63451b9f730b3f277aca83853d1615bc3e6d207d3c92fa5394e2f32
20211102A06_1,157,161,3.mat,51,52,1.8183880000000001,9,12,1,63664bfc2f20327426babe171d038738de0a2b3eef4da01502d3e6b9ea8a66a1
20211102A06_1,158,162,3.mat,52,12,0.419628,4,5,1,e3004d31c0158198b78bacf754a432b6e2ebb4d441d813169d7cbc0ec4c0f5cb
20211102A06_1,159,163,3.mat,53,89,3.112241,14,11,1,86d641b635831a1372732df6376e199e952903c9c17672e4c77d8f1f4d1f77f9
20211102A06_1,160,164,3.mat,54,21,0.734349,5,9,1,d9f1017f1ecbb509a248629d1c2dd3864a5f85aae8eeadd4ff7843d22ef5e648
20211102A06_1,161,165,3.mat,55,38,1.328822,8,17,1,fe98327dd6cb81ea5c669829775461cbd583f11f0d83225ed40735c44bafbcad
20211102A06_1,162,166,3.mat,56,60,2.09814,8,11,1,3f53884ef3e13a0675ba22e07b825e936894e84fe95772d5b086c99e6bdb4974
20211102A06_1,163,167,3.mat,57,53,1.853357,9,13,1,c329df0dfecf54661ac434d77be38ff4db50b4597f81ebdcc3b946a8bfb1078b
20211102A06_1,164,168,3.mat,58,5,0.174845,5,1,1,07a03fa29bc10dbabaa725c5f1d852e9659bd59062dbd6ff2c143cc9ddd8b32e
20211102A06_1,165,169,3.mat,59,45,1.573605,6,11,1,68ce15ab424697818cf5778209e755cefd73f1a0972a5752f46248a4384c06eb
20211102A06_1,166,170,3.mat,60,55,1.923295,11,6,1,35cfc1c1cddfdbb2fc2936e510e4bc76d20cd83bee71b7165b6db9f60f1ea384
20211102A06_1,167,171,3.mat,61,7,0.244783,3,5,1,718a4efd1dadcfd7f2ffc689fc4d0e2277fbdd98f2d9f69628a22e9d95c56f71
20211102A06_1,168,172,3.mat,62,5,0.174845,2,3,1,95ef7a6bf17aab6a4c2993e12cf596b6827bd930cc040ba4413dc005910808a6
20211102A06_1,169,173,3.mat,63,6,0.209814,3,3,1,c65f7859c60a852d0079c6b05619b39a00e1e8c3e3375761860329f5cb4dec1d
20211102A06_1,170,174,3.mat,64,12,0.419628,3,4,1,7fdf4c16e8e683923936212617a0ff659b32d3de0e2fd94a356487d6d74f0bf8
20211102A06_1,171,175,3.mat,65,4,0.139876,4,2,1,f90d23b873ae693d723d12298bc087570364e0650b63ae6b7ddcb57e3ce0c128
20211102A06_1,172,176,3.mat,66,23,0.804287,7,9,1,58349f33c43af4846a4a65597a2b5580423742cc3e5d0cdecc660d040761792e
20211102A06_1,173,177,3.mat,67,4,0.139876,3,3,1,80f7ba562cda16991f65e4c42cbabb8d3d12ca9eb07b3e826ba3b476ced70526
20211102A06_1,174,178,3.mat,68,118,4.126342,21,11,1,40e7119b5f0e08e4a8dcd99348c99c682ce63a8ce56efcb64a0fe13e2301a3b8
20211102A06_1,175,179,3.mat,69,11,0.384659,4,4,1,715c26d0d566d8dfb0059cd41de19c0d508ec7d72c5b12aaffa79a4c2ad7f6fc
20211102A06_1,176,180,3.mat,70,4,0.139876,2,3,1,822f7bae4a140afcf701356b1b510dc54a94c9c29825c49430f349e40aeb6dd6
20211102A06_1,177,181,3.mat,71,61,2.133109,7,16,1,a5772f82258634a472e78b42c9b001d81cb6ca0edcee06ebc11e276ff6e659a1
20211102A06_1,178,182,3.mat,72,37,1.293853,7,8,1,313f57facad31896ef56af8e1e4365e353473a706d5eeaccbd22dc67482a3cf9
20211102A06_1,179,183,3.mat,73,30,1.04907,6,6,1,249ff00fa4404bd7d42789635bc1938ff2f271390e3760d018878e88252322ba
20211102A06_1,180,184,3.mat,74,20,0.69938,5,5,1,5b6d608660269027f6db5c8c7667ef8643a471f55ab5680a67bf623c3b81c1d5
20211102A06_1,181,185,3.mat,75,6,0.209814,3,3,1,a070093cf8ef5a2d1daeab306d56a7148b2818bbd6f744fec217e32ff0f7547d
20211102A06_1,182,186,3.mat,76,22,0.769318,5,5,1,8d819085bd6474efbaa56aa1d0280f28876403c8530ab696671f7a7fbdba4faa
20211102A06_1,183,187,3.mat,77,30,1.04907,6,6,1,ed94c4cf47f803541a8494fa6adc5d30df9016a19db9c1a5541c1d63c777a8a3
20211102A06_1,184,188,3.mat,78,106,3.706714,15,15,1,9ec4b03e77af4fb451f51215488d351aa90529c879cba19933e1a9c01407419b
20211102A06_1,185,189,3.mat,79,5,0.174845,3,4,1,ad3c083c17ae7128e90c08ba33fff5ecda3981eccd2ddd4b09cd1e62b0206030
20211102A06_1,186,190,3.mat,80,106,3.706714,14,16,1,5f77c06215741b83efbdeff19b04ee1479c345546fda0d0e6c49e0eccb9a3455
20211102A06_1,187,191,3.mat,81,9,0.31472100000000003,3,3,1,eb67fbe673855f617ce3cf72b90a943a43f2f65d008eea91155764e35d12c3b3
20211102A06_1,188,192,3.mat,82,36,1.2588840000000001,8,5,1,907807d40af47b2cc0035e803eacc1f84c35e3f58173c7b14e61b528aec7195e
20211102A06_1,189,193,3.mat,83,18,0.6294420000000001,5,4,1,3e687635a4754bd63a640419a8e3791218052381a5b2bd317c4c8d492179fc06
20211102A06_1,190,194,3.mat,84,7,0.244783,7,4,1,8fc3c5f58c6983511bc91692e431ce46e1ef18b1bff1d4f4ccad39995b16d5d1
20211102A06_1,191,195,3.mat,85,10,0.34969,6,6,1,f9f5144434f02060655da2589fc642a055ef5799cf6aa184c31b0e0abde087b2
20211102A06_1,192,196,3.mat,86,68,2.377892,12,9,1,abcfc450815fbbec5d55ae7c1d172befd2f3e7a51c4b3273cbce76f790e05f74
20211102A06_1,193,197,3.mat,87,106,3.706714,13,13,1,d66176d9ab957fa44d78cc7d69b56e5043d6bafe5cd4bc153b17b76f7c909dd7
20211102A06_1,194,198,3.mat,88,4,0.139876,2,3,1,970ea415765f1eeaa42b769c09deb2dd6dc3fda5c73126814449e4c7fc839bb7
20211102A06_1,195,199,3.mat,89,85,2.972365,12,17,1,ca6098cd14df7849d3642553597e9df2818a74195839d9230bac89aa9d9ba7de
20211102A06_1,196,200,3.mat,90,10,0.34969,4,3,1,8414418bae1737de816afff1618904141ff669483f67e385cb6c5561b595f1df
20211102A06_1,197,201,3.mat,91,15,0.524535,4,10,1,19a29f2956704a19d5da87796081334af17b68c5b34eb87263d41a3dd8b5618a
20211102A06_1,198,202,3.mat,92,9,0.31472100000000003,3,3,1,cd43de2cf25545888c74c4e6b21336ee651990d37005d454a66579f15743c259
20211102A06_1,199,203,3.mat,93,13,0.45459700000000003,4,4,1,8f7579d5e044a2120ef89dd5349481f2963ebf3a6d5e8e94120cbb8724f32800
20211102A06_1,200,205,4.mat,2,5,0.174845,2,4,1,8892920a0b018e6de4ec77fb0e36b990540cefba097730df9c032047ce2e3a25
20211102A06_1,201,207,4.mat,4,49,1.713481,14,11,1,3be48cb7eb8d9194560c2a1c1893e41d511db564035cde910fe6d9317b3f9875
20211102A06_1,202,208,4.mat,5,38,1.328822,7,9,1,eb89c2ed21c0e5b54e4fb5350e0acf586df78d814220f8ec30ad27c87bbac580
20211102A06_1,203,209,4.mat,6,21,0.734349,6,7,1,17ccf78073df66e782f2fd6783d28afcd396d01c728d330caee6265dd0967228
20211102A06_1,204,210,4.mat,7,8,0.279752,4,3,1,42b8fefb47ce4ef0f076fde73bc9850f78911205bd0464e437446d6cff904141
20211102A06_1,205,211,4.mat,8,26,0.9091940000000001,6,7,1,dff33691505dc50c22b220876f149ffdf6ab06a38e0da2ccaf50f24818bfab74
20211102A06_1,206,212,4.mat,9,18,0.6294420000000001,7,6,1,562a9f4a63872d6a906dfb95f40266de4490e53eb6a183589c37c67a6894c3ea
20211102A06_1,207,213,4.mat,10,12,0.419628,3,4,1,cde4ad4a7c693134b736ebe97ee85907518d1342d92c047495b86fb3be9d01f6
20211102A06_1,208,214,4.mat,11,7,0.244783,2,5,1,0c6ce0d184acd6d6652d2b1abfa615f5be574d2203943a75121dc91e71487f87
20211102A06_1,209,215,4.mat,12,5,0.174845,3,2,1,df4232f8380699387488ebb7f066f4e484f717bcf0ea3de4ba666631c6bb22e4
20211102A06_1,210,216,4.mat,13,20,0.69938,5,5,1,16a9a246ab4a3c5cb14a7724570f94e9ac2552afe58b167e42ae223eaf3005d9
20211102A06_1,211,217,4.mat,14,24,0.839256,8,4,1,c1b11f8fd466aff8d46fcbc9ad4c4d95acfd7b15d147d17bdefc8b17fdf52095
20211102A06_1,212,218,4.mat,15,11,0.384659,4,4,1,dbcf9aec0a3bcb193b32f4bec4eca5ea325950d99b363da0171387e86e8fedc7
20211102A06_1,213,219,4.mat,16,9,0.31472100000000003,3,3,1,47f0c0de9da74fef0b51f14450cfe43c744cd8763120db8892a947cb2240e7a4
20211102A06_1,214,220,4.mat,17,17,0.594473,10,4,1,d5ee247e1052896bf406d12cd2d49fa49305e8500dba9f15224f10d6759774c1
20211102A06_1,215,221,4.mat,18,6,0.209814,2,5,1,afad870d9d903a3dfe0289563229ac2b33b2a3123087662b74c10fd39eb61102
20211102A06_1,216,222,4.mat,19,12,0.419628,3,4,1,7108dd95518f3206d78d14021a242c6da4d0911d4e643ba1beaf206f71ea48ef
20211102A06_1,217,223,4.mat,20,12,0.419628,4,3,1,2e3f75232779c44a63dc3bdb7a753796bf91076b120344532a83471ad575e753
20211102A06_1,218,224,4.mat,21,14,0.489566,5,5,1,fc7ae3dc2c3927363a191daa04b53837e890daaf4cbf36ecfef4cecb4190c396
20211102A06_1,219,225,4.mat,22,88,3.077272,15,13,1,c7a50efeb20e3633231de3f13bc8e86e452dd0edeb9135bbd30358646fef548e
20211102A06_1,220,226,4.mat,23,28,0.979132,7,7,1,681fc98979258cc63f1fc79f50f5b12cbd8e8707e595293910db2c35addbc489
20211102A06_1,221,227,4.mat,24,12,0.419628,3,4,1,228ce3bf188d1870506c7ca9b897af4735cd7c9f360219abe09559ceba469181
20211102A06_1,222,228,4.mat,25,23,0.804287,6,4,1,707110740b54e02c2bcd5a7adbabda6ca0e051c57f982404948f0fb9fe6b419b
20211102A06_1,223,229,4.mat,26,26,0.9091940000000001,6,5,1,9edf33c84661b751fcd2b717b6e8764842fe3d8bd82c59e1b17795aaa3d61b85
20211102A06_1,224,230,4.mat,27,9,0.31472100000000003,4,4,1,aeec742d2db991a6658fbf0c2d5bd074d74a18affae3455a7a860237b0fba807
20211102A06_1,225,232,4.mat,29,17,0.594473,4,5,1,e60a3cd0c99499e3870875b3872add21bd342407c355ba4ac052d88cccf24276
20211102A06_1,226,233,4.mat,30,59,2.063171,9,13,1,9c6f97fbe676a5f52a524e00c66a83cc3554eb383c4a5e7838d01d3fcd04a3de
20211102A06_1,227,234,4.mat,31,26,0.9091940000000001,7,6,1,ca2b72f6a596bc61de823aff8ef788b828f18bbc9b5478c888d31c03bfa829d5
20211102A06_1,228,235,4.mat,32,30,1.04907,7,10,1,d12908655e40c48461a2e20396ed5905d700126b4c53699a68a49fee8c10df44
20211102A06_1,229,236,4.mat,33,13,0.45459700000000003,4,7,1,68a0ed8a7ee327c725d4874a9a47cca014aae584372649aadcf80beb4881ae4c
20211102A06_1,230,237,4.mat,34,58,2.028202,8,15,1,bf02d3b0a9ab1675a071d7d0fa24161a35ce584648552b2a1f28ecde7702f354
20211102A06_1,231,238,4.mat,35,7,0.244783,3,5,1,9ee694c4ef511a8e2d5679afd71617e71107a1e4d1886ab5a3a3ea6d2413f760
20211102A06_1,232,239,4.mat,36,52,1.8183880000000001,7,10,1,38ae95ef310145006ff23c7ad74be91a206c75df3abba9264695c9078b86ca52
20211102A06_1,233,240,4.mat,37,17,0.594473,5,6,1,1abb90dc06bb4b42e5871e8b4cbbf0501ea79d1b3370ab83ccbbc168cad991e4
20211102A06_1,234,241,4.mat,38,22,0.769318,6,9,1,59bba092e69241afaef6143f6f9acb73a0b95e9e324399540f4a8afb19f8c4ff
20211102A06_1,235,242,4.mat,39,37,1.293853,8,11,1,064175ebe448395534873ca074d064fe5b9d04b2cee42f49613c52f30fd000a1
20211102A11_1,1,1,1.mat,1,29,1.014101,6,7,1,904e6ce21b03f9ca554b6c07849974cd81e1c04954e6a53219e7b6a6641a7aa4
20211102A11_1,2,2,1.mat,2,26,0.9091940000000001,10,6,1,7fead3f8fbb1d971e8c76c89b59460b11d53b6915310ab3f93f1a715271de9ac
20211102A11_1,3,3,1.mat,3,48,1.678512,11,8,1,36c60ebcde1596722f0c0d5ee19c9ccd2de7b15accd8c41556790c083d5b924f
20211102A11_1,4,4,1.mat,4,89,3.112241,15,16,1,10a160958daedd8ab81abc8bb92fa8fbbbf1c04c49b78ecd6c8ccc316775be69
20211102A11_1,5,5,1.mat,5,16,0.559504,4,5,1,cf953a93ad6b4bf7da0e2d2c91459ef6a1340eaa9238535412df3a19c6000a04
20211102A11_1,6,6,1.mat,6,4,0.139876,4,1,1,bc947bd17eaa080b54786a9d12b9e621f4dba74ad201ddad356443ac6e8acd9e
20211102A11_1,7,7,1.mat,7,7,0.244783,3,3,1,5734034243245ff75966542fd5ef86c22c3a3e838ff9d2c29253aa02c7d0d906
20211102A11_1,8,8,1.mat,8,29,1.014101,6,6,1,d7c976959fb4f084e95a0f9e40cea6e1c68e69f0449c1da0cc394a1ec082c278
20211102A11_1,9,9,1.mat,9,30,1.04907,8,9,1,be9ea3613cc9f55c6fd17db7a3736087b6621ba5f00e245e1d3c7d61741cc160
20211102A11_1,10,10,1.mat,10,15,0.524535,4,4,1,97f4e468076377831483305b20561b52b48aa5f032c63e42e5fc8ea72a568e13
20211102A11_1,11,11,1.mat,11,18,0.6294420000000001,4,5,1,07ded99c001784258190ecbce263e96ab451893a05a1b9602bdf9264d101db43
20211102A11_1,12,12,1.mat,12,10,0.34969,4,4,1,56294ccce2cdac00faec9a668b65a0ed819b550647101bb8aadab09cc5194a8a
20211102A11_1,13,13,1.mat,13,12,0.419628,4,3,1,cbf356d578454b67c63e2ef18bdad86e167418078d88fb4bdcba275f62baded0
20211102A11_1,14,14,1.mat,14,7,0.244783,6,2,1,ad9b27b272783dd5f4d52143f7df6253a3129789e97ae09a0a8d41a8ee27dcdb
20211102A11_1,15,15,1.mat,15,42,1.468698,7,11,1,e0849ddfb9f061faff0f5947b3762cab04c71613b36c120a69dec0b287923c0d
20211102A11_1,16,16,1.mat,16,20,0.69938,7,6,1,00f084f4532724ea294f74eef9e816a32c1eb04aba8c4b7e535f7674d99acc07
20211102A11_1,17,17,1.mat,17,35,1.223915,6,9,1,3fdee5d70676791fd2383505ab285d3dcb8bdf5ad505cc9b59fd76fb60607491
20211102A11_1,18,18,1.mat,18,83,2.902427,12,10,1,61dd388144ec917abf1b929eb26c230b99b9cc8d98942e12159f32114981d885
20211102A11_1,19,19,1.mat,19,22,0.769318,8,6,1,9ea391ae70a126ab26a18c898bbef184804d73006aa65187629a02fc133be46b
20211102A11_1,20,20,1.mat,20,15,0.524535,4,4,1,62afe287cae1d849cf3f0003d829532a101b1089a1a7c714642456f7fafb970a
20211102A11_1,21,21,1.mat,21,15,0.524535,4,4,1,463f0f80aeb8eec6e069c02d201e14beda062d948e9c8411296de8996994f4d7
20211102A11_1,22,22,1.mat,22,18,0.6294420000000001,6,5,1,2a7d17e076ad62ed959843c01eb04ff2edcf23f36d1a504f66f31201813f48b1
20211102A11_1,23,23,1.mat,23,40,1.39876,12,8,1,16abedf0f87f2b003f95aa47c21c7e3efbd1031bcaf3d81b6b55afdb9c1cfefd
20211102A11_1,24,24,1.mat,24,104,3.6367760000000002,11,14,1,21fe5869e52d1f6f4c43c1992ef2cb5f80f4baa337ac2351e0fb9a95464fe008
20211102A11_1,25,25,1.mat,25,4,0.139876,4,2,1,acc3eab5787b879453a2a3e12a0959ed5befb53057abb764e1d8b2aff158e6d6
20211102A11_1,26,26,1.mat,26,15,0.524535,4,5,1,c8b9dd72196eaf905f0c6daf2cdfdd0df9e9bb35b932b1455083a7f5ac5d896f
20211102A11_1,27,27,1.mat,27,58,2.028202,12,9,1,87ad1283dad375cb3b80fc0e6367566a5c978d3a633ad63d34d925fa2300720f
20211102A11_1,28,28,1.mat,28,22,0.769318,7,5,1,71fb63f4d6d1a2d5a70c47072605cb0eeea97fa9e8cc60dd8ca094cb145df826
20211102A11_1,29,29,1.mat,29,6,0.209814,4,6,1,9f329acfaf5ead63e1e0805f7888dbeb8dceba2dadfe0c02663e596312e82634
20211102A11_1,30,30,1.mat,30,9,0.31472100000000003,3,3,1,fd2f8d96d9cbf330dc64a8957e0759eae3136416275642a8c18e164583304072
20211102A11_1,31,31,1.mat,31,15,0.524535,5,3,1,429e5379d7fd1f2eb09402927c2429c4739c8a448d059e551a341cf554c14c62
20211102A11_1,32,32,1.mat,32,102,3.566838,13,16,1,2905c0f2efa20dd973b274fc31690e69646c1af0f57d36594530138cfda9dcfd
20211102A11_1,33,33,1.mat,33,10,0.34969,7,3,1,eeecb7ad5c0bc4b1e2f481e2fd4e93dd921c08c7d00f1df6c5c674a2053b9ba3
20211102A11_1,34,34,1.mat,34,15,0.524535,8,4,1,aab3069f1048930945a152e83a2a3b3767a8c7eb957907ee7ecb3b002a84af80
20211102A11_1,35,35,1.mat,35,28,0.979132,7,5,1,460610becc7167e5a1cb87c2419db01de06cc24eee1f187d043fa20ef82803d4
20211102A11_1,36,36,1.mat,36,9,0.31472100000000003,3,3,1,31fce45a4fb4a32b2f7aa9e5605b429fe5efeaba53847a67f4fa3306bddea8c9
20211102A11_1,37,37,1.mat,37,15,0.524535,4,4,1,09ea3df456661303593abd8d005be7d01f95938d8220e1dd4848016bf08a23c1
20211102A11_1,38,38,1.mat,38,6,0.209814,4,2,1,15038c5ca67893f1820497b0f44bbf1fe7f3e22f9542997066584e42dc785c43
20211102A11_1,39,39,1.mat,39,25,0.874225,6,6,1,3c2abd88c5a8d1d3cf2392d4927316527ef551411f57fa2d2eeeac89f89e86f1
20211102A11_1,40,40,1.mat,40,12,0.419628,4,4,1,c8f92d63ab39eb810a9cbbcf542983662bf2242775154046ede216379fc37f52
20211102A11_1,41,41,1.mat,41,16,0.559504,4,5,1,40f3b198f79023ce4e2c500e3fa1ddccbc3abdf3ae658684e428f546901598b1
20211102A11_1,42,42,1.mat,42,76,2.657644,12,10,1,054fc41a689f4b646819008ff4b9f76501dea20d9310c53e53c907de2d46d3d1
20211102A11_1,43,43,1.mat,43,30,1.04907,7,6,1,4df0e5f2efa9378ece0f0beefac9ddac65ee35fe76797f4e2590c402f31e449b
20211102A11_1,44,44,1.mat,44,53,1.853357,10,8,1,8b82b29c31bd65502592a0424de4b5ba8e37cdb64357ee376d90f2b6a3331847
20211102A11_1,45,45,1.mat,45,85,2.972365,14,13,1,3169efe80f3ccd82ef23f663ae218672c643cf9db653b24e75ee3b102f2966c4
20211102A11_1,46,46,1.mat,46,19,0.664411,4,6,1,86af090ed0cfac60b6cafd1617b1cc7808b2cf55f2827e11bfbc8b8182e4f7df
20211102A11_1,47,47,1.mat,47,29,1.014101,10,5,1,a4fe0eea8753a94450de6b2767771e62b9022b05b00c00eee8375bfc8131cdb3
20211102A11_1,48,48,1.mat,48,29,1.014101,8,5,1,353aaf59e0efd6fefd8af0c469bea95b1aef7fb7c2bcedefae13d6c2304637ef
20211102A11_1,49,49,1.mat,49,124,4.336156,15,12,1,7ab8fa3dfc60fa2c10788633762dcc4b84bfc63d0bf177ed01ec0b2ab42072f6
20211102A11_1,50,50,1.mat,50,18,0.6294420000000001,5,4,1,2de27b5e951ad25103be170d1253fa6bde39e4e39715c4859da06aa47ff2def4
20211102A11_1,51,51,1.mat,51,12,0.419628,7,5,1,26376db1696384d0fd138ce32f5598323225695b99a69bf945c5b0026084aa51
20211102A11_1,52,52,1.mat,52,26,0.9091940000000001,7,5,1,99b894949ee13e63572400fbfa8ada0e679ab4f81f38eab45398c95bdf1e7a9a
20211102A11_1,53,53,1.mat,53,12,0.419628,3,4,1,b413aa2720d2444d6c03a210633c3cde1d12377aa40b16921b035fab731fb54d
20211102A11_1,54,54,1.mat,54,13,0.45459700000000003,4,5,1,0c2926b51b98e182c6bf626f07cf682e69252a67a12019d81685788d7354b7ba
20211102A11_1,55,55,1.mat,55,15,0.524535,5,3,1,b9f3e4c36251e8012e4bb1e9f60a66361f5c63aa798077b1d5c15e3728b69fc5
20211102A11_1,56,56,1.mat,56,44,1.538636,16,12,1,dfdb4a50845a684849691464e97fc38f06bcb5866ce79f4662623d2e451506d9
20211102A11_1,57,57,1.mat,57,9,0.31472100000000003,3,3,1,8a231a54697d0e84f70e86d68f9ec2fa2a1bc933346fb4068ba2c72227576dad
20211102A11_1,58,58,1.mat,58,69,2.412861,12,10,1,dc29b99c4676eb06a1078e3cea8affca1a30ae7afdeb36ca40dae894f0064cce
20211102A11_1,59,59,1.mat,59,5,0.174845,2,4,1,61e39f42531638aecae1aa2383a14f22f4a9400d220e637f13f2fd67df02bfcd
20211102A11_1,60,60,1.mat,60,21,0.734349,5,7,1,166f71065604732f99ec3586618867719e452e59652160f7ed3a2b5d0cdc740b
20211102A11_1,61,61,1.mat,61,48,1.678512,11,6,1,5e59bec92540c8b598f64d5116c9eab271576529337db6320999afb71816a62f
20211102A11_1,62,62,1.mat,62,99,3.461931,17,10,1,483b5b67e270aafce078672fb4d25771a0f9321295a1e9e89d735f1b0eb00f76
20211102A11_1,63,63,1.mat,63,12,0.419628,4,3,1,e36549a22562f420e2e900b5405d5070d89115a74956d13e89617e01885fa2c4
20211102A11_1,64,64,1.mat,64,26,0.9091940000000001,8,6,1,92c5081139fa610ddf769ab8bebe2c574205273caada2c59f210a0967a32b634
20211102A11_1,65,65,1.mat,65,6,0.209814,6,2,1,94eecd6477c1e942af60bffdcbc81c499d44ca510a84c20531d57e30d5d0f2d9
20211102A11_1,66,66,1.mat,66,21,0.734349,7,4,1,33e04c9337e642acd1dafd07bc884cfb3ff963ad4df98ce2a7eb312cdf6991ad
20211102A11_1,67,67,1.mat,67,13,0.45459700000000003,7,5,1,ca2ebbc316eb037bb6db22a82ed8fad8754b092c7dfd5074317117131d182fda
20211102A11_1,68,68,1.mat,68,13,0.45459700000000003,6,4,1,32455250bbfe4022d3f2f1007b7df6eee9a701a53f7ba3d3b42815108a0fd9d1
20211102A11_1,69,69,1.mat,69,22,0.769318,6,4,1,3d2fd1a5c4b43ab0f5a6f5011086ed3d346f7410861911f373208393faa24ed9
20211102A11_1,70,70,1.mat,70,45,1.573605,6,11,1,eee3316df8a8de52379a4324878a2b6af6b4a250cb27536dff7f85b96334ad05
20211102A11_1,71,71,1.mat,71,15,0.524535,4,6,1,36929821b2f13c344bb5b3575863b15de96b5525b011be5d1b51bc8e1c5aa71a
20211102A11_1,72,72,1.mat,72,26,0.9091940000000001,7,8,1,7449551367a7eabcc24b6b166b63d1cd6f65acaba5eaa044f7aa45bab3678597
20211102A11_1,73,73,1.mat,73,13,0.45459700000000003,4,7,1,255c1bd0b5d73b9547641c013d31b93628b6a6151e37b7284e982fd745bbafd3
20211102A11_1,74,74,1.mat,74,37,1.293853,12,8,1,b4301586834c4628cf5b30b16532b1e0e79e0cd1b1db73b2091c778f165ee5ff
20211102A11_1,75,75,1.mat,75,18,0.6294420000000001,4,5,1,74b871507fab2eaed6d1503f49220080e1b519524abc1430025506aa3cc9dbb8
20211102A11_1,76,76,1.mat,76,109,3.811621,14,15,1,e60e37f9d624abc14c6b46733f29df111c3e59a48a7d48899c499db1b02dca71
20211102A11_1,77,77,1.mat,77,24,0.839256,10,7,1,71c1da54d221662b0f7594d9ad8574005f1a09d844249f83ccfa00b519ade425
20211102A11_1,78,78,1.mat,78,5,0.174845,4,2,1,0ae65f6db86de7399613304825d8acd8a80d142ff5d5a0a8ab4b872441421fa3
20211102A11_1,79,79,1.mat,79,23,0.804287,5,5,1,92d664a4d182ac75efb7d1663ed7bb257bb1e92fcb226b57dce5b22375f8a501
20211102A11_1,80,80,1.mat,80,23,0.804287,5,5,1,82faebc7e4e8f866e5c47c2676ae1793a3cfcd385027988e0e103ec2e0a6c131
20211102A11_1,81,81,1.mat,81,22,0.769318,5,5,1,4b5caa3d7f39272ba2081bcbbc0b3e62e0c99f87a78d1f95749610686fc0d455
20211102A11_1,82,82,1.mat,82,5,0.174845,2,3,1,221e24ee42ff63ed9d4eb2fdd150d75ffa8ef6bbab3266385203270acb2c1bbc
20211102A11_1,83,83,1.mat,83,8,0.279752,7,7,1,829c9b5bbd8bd9db6f480813498a50517da01c8944a66cf2ab060ab6d18e8120
20211102A11_1,84,84,1.mat,84,15,0.524535,4,4,1,1ef69f183459fd8a0516d118bbfa47e7e1dc954fac20bd8431069e2319768298
20211102A11_1,85,85,1.mat,85,57,1.993233,11,6,1,cc0b9092f50ffd3c72d43f3397a97a0281db64a34282db754de3e0811061ee21
20211102A11_1,86,86,1.mat,86,89,3.112241,13,16,1,52fc4e8bb8076559f0e6a613c66629fb33427dc451364f8bd738532e49e40950
20211102A11_1,87,87,1.mat,87,145,5.070505,17,16,1,576da789abe5ffaa9a62a01e2e5e6d933931f97c637eb1f7e1e71e537913bfb1
20211102A11_1,88,88,1.mat,88,22,0.769318,4,6,1,4d19d1bd442a79df20087ffc579f7b841651ea02f061549e181639ac46dc8a60
20211102A11_1,89,89,1.mat,89,31,1.084039,10,11,1,da77f4cd8e55390135ca43a56807c460c583fcb22c19522c4cc23e90e23c1298
20211102A11_1,90,90,1.mat,90,20,0.69938,4,5,1,3f11bdc6cc442dc02facfc4e687c970c1a28405e246be57e61cb53212061f6c2
20211102A11_1,91,91,1.mat,91,22,0.769318,5,5,1,943114c77edaacb510e23ad1456a6db1ac8e9380b985d147a7c098df1348dea5
20211102A11_1,92,92,1.mat,92,42,1.468698,13,12,1,80baff31b4fa8d70408190d5b78c0e3bd30f647e173b88820a782747314172ee
20211102A11_1,93,93,1.mat,93,9,0.31472100000000003,3,3,1,5f3efdfffafed82323335c7f03c6022bdb1c0d1c64d9cccc123c6c5c1562bdf3
20211102A11_1,94,94,1.mat,94,23,0.804287,12,5,1,0b675faef9a4221f9c30ed4e8dc7322ddaacd012fe72a318135024894ee78bbf
20211102A11_1,95,95,1.mat,95,17,0.594473,6,4,1,a9a7361c5b541440d88929783718ec6477edc03617fbd592bda952c6649dd526
20211102A11_1,96,96,1.mat,96,12,0.419628,3,4,1,f591fddc1c4bd9a1adfcdd8db1c4fe6297f24e5b04d6ee1d650a824d7db88ce5
20211102A11_1,97,97,1.mat,97,112,3.916528,9,17,1,375d5134df5099f38b2e1ef31b63da0e40619fffbff3bb1f6de381347b64f17a
20211102A11_1,98,98,1.mat,98,12,0.419628,3,4,1,f575dd60b33a3dbd6fe447bb02eb43f791cbecc5edf07461b2556fc9676679de
20211102A11_1,99,99,1.mat,99,41,1.433729,10,6,1,d449a99446230dbbef452090f0a961e4391b4f9ca012ddeff1436bc013742f20
20211102A11_1,100,100,1.mat,100,30,1.04907,7,7,1,9652bcead39bdbd586b3eba56a722199e9f23f2a356c403820618dc7705a4506
20211102A11_1,101,101,1.mat,101,15,0.524535,5,5,1,13e8e91c8f78e071328f18cd6164fb717893d786617a427b00a82a2df2eb1291
20211102A11_1,102,102,1.mat,102,9,0.31472100000000003,3,3,1,109e177eda14eba1e67d35803868af0ce7c59a8843b24a4654c4aa913c66c248
20211102A11_1,103,103,1.mat,103,25,0.874225,8,4,1,0f012b94793eb08d0a8feb9ca94651dac9c9a42f2eb6c0ed007b570c0e036017
20211102A11_1,104,104,1.mat,104,18,0.6294420000000001,5,4,1,295b25cf1ccd7418f28f45bd9dec44a84008d4d74fff843bcf684affc54011d7
20211102A11_1,105,105,1.mat,105,111,3.881559,13,15,1,411d871afff47f25be84f0b68b0c4d3a697873ec5876b731adb140e4c91085a2
20211102A11_1,106,106,1.mat,106,41,1.433729,11,13,1,978f74e3932f1ebddc886765304de05d05bd2b63e13c4aca40893019c0c307d2
20211102A11_1,107,107,1.mat,107,35,1.223915,6,9,1,13a382855b3635adeb2aca25ab92aff006d1b1b8485fae9f13efc874d275165c
20211102A11_1,108,108,1.mat,108,50,1.74845,8,9,1,b568b1ee2f4458f262e8bd50eae3d8e79b7e96d83476fa9f1278c8f79d7dee3f
20211102A11_1,109,109,1.mat,109,71,2.482799,16,10,1,340a53fa82453d3d9b8bb931ae68b1f97d5d76e6cc81a32cd98b76b05383fa25
20211102A11_1,110,110,1.mat,110,9,0.31472100000000003,3,3,1,f2f9e251e9bbeee33182ab88509a32426287f7206237f129db60408ee6f4ef55
20211102A11_1,111,111,1.mat,111,9,0.31472100000000003,3,3,1,247fcc4e121554bc758344252e09bb421b1bca7f9dd96719826081691cfc9cba
20211102A11_1,112,112,1.mat,112,45,1.573605,11,15,1,445be662bae0182ca7f124f5e2774e2e299457a15df4f14fd7b4f4d9b89490e4
20211102A11_1,113,113,1.mat,113,9,0.31472100000000003,3,3,1,028a4582a9d50d4783c3f7e2846eef78b58cdb450b5d7f2339cf03d9fe42c36f
20211102A11_1,114,114,1.mat,114,5,0.174845,4,2,1,af19dbb4cbbc6d58da096229c9761dd211a61d67c25577c9065378564dd26021
20211102A11_1,115,115,1.mat,115,6,0.209814,3,3,1,b3b474d46ea76bb33f3a276c8e760c25be7f5802be1de5a276e3359912c06c7e
20211102A11_1,116,116,1.mat,116,22,0.769318,5,6,1,1d735b4446465d373fcb4f66a777c7d218b2a5f3beb317033bab9b2fa20ea20b
20211102A11_1,117,117,1.mat,117,36,1.2588840000000001,7,7,1,f5af673de576c2299251b567aee1a5ca5198c11b83e08d4a4bb24c032e76ce5f
20211102A11_1,118,118,1.mat,118,31,1.084039,10,6,1,57a84625821db5a8fd80e355254452f977933b2cd1ce5f6a380aff3a4dad8cdb
20211102A11_1,119,119,1.mat,119,12,0.419628,4,3,1,c38e14a5b6d7ac2fb5537de259dbf2dcf78da1d187cad0c0a5a58ab49c8e1546
20211102A11_1,120,120,1.mat,120,5,0.174845,2,5,1,d017399436fa074c8240ba6c809aece2e27ddc11211035824511bd312f422c29
20211102A11_1,121,121,1.mat,121,49,1.713481,6,11,1,956913b0cb0dcc6130abcfc1dc73b671e7dc97dcf90b6e86f188c36b690f29be
20211102A11_1,122,122,1.mat,122,9,0.31472100000000003,3,3,1,3e513695c6016c50e84d026059e1296c145439bb1df4b0726689a2a6dfc60eb0
20211102A11_1,123,123,1.mat,123,25,0.874225,8,5,1,8a4d1d24e8d3e23c4a050ba243d2157ce0f6738168bf038bb293e22ef42a46a5
20211102A11_1,124,124,1.mat,124,8,0.279752,4,3,1,b48923ca5037f706c1b36b22e064089dfcd1af6f20eda9b7b3cadad341122ced
20211102A11_1,125,125,1.mat,125,40,1.39876,8,6,1,d3671f7a1ec3f0bff80f12988a9d68449a067d079b8d95f45d5a8de793abaa0c
20211102A11_1,126,126,1.mat,126,5,0.174845,4,3,1,c68edda8aeb6034d5bc5fdb4066c570db65d7551d29c0671931febb0a234cca8
20211102A11_1,127,127,1.mat,127,11,0.384659,5,6,1,9aa2d54c58d1e5713c579b86d5a4e109d50a1fe968d36a4cb4ca57a1a7f46cbc
20211102A11_1,128,128,1.mat,128,14,0.489566,4,7,1,0a54248d91bfcf7c3967a047ea7320fa594946b4ad498732badb6ffd3424855b
20211102A11_1,129,129,1.mat,129,141,4.930629,18,13,1,4dab0ec90c8029a227ab9c07f3be233ad19ec3509b21c7b15a9c5f6aaeb25808
20211102A11_1,130,130,2.mat,1,54,1.888326,13,12,1,bdadcc57d69116a60ade2bc7ca247cc78df586be96ed3ddac7087cf8571882b5
20211102A11_1,131,131,2.mat,2,38,1.328822,14,9,1,d2e02e862ed84f5769ac2dd62d6bb0af87b96bfe7a0faa07a63cc80cd517db4a
20211102A11_1,132,132,2.mat,3,54,1.888326,9,10,1,9e1da48dd95356164756bdc7fed9f16813eff486a5cffc6f00e8496724a478c8
20211102A11_1,133,133,2.mat,4,7,0.244783,3,4,1,c7962dae27c397363a4ac1fd8372c4bd1ce2bfe89616aaf5eded01f4283c3977
20211102A11_1,134,134,2.mat,5,8,0.279752,3,4,1,5744fc694f879636b9a1966aa68271935b0b3c7ff8aeb35b8a5062ca5d2bcf88
20211102A11_1,135,135,2.mat,6,5,0.174845,2,3,1,25d4ea6d7aa2e81668758920442505f04d1c11496b2db60d56568845fad231e0
20211102A11_1,136,136,2.mat,7,6,0.209814,3,3,1,57405e6b5d77db20648be51116bb3c2666c3135c1336483d898a29c4b7412da4
20211102A11_1,137,137,2.mat,8,43,1.503667,11,7,1,55eb333ac29c0b5b7018f13557a8b3027e083158ec8ea4142407b3efc9674478
20211102A11_1,138,138,2.mat,9,14,0.489566,5,4,1,89c9a848ad0286277d5aef5d4a82c0e9cc66bc8855e67f288ff1f2d353c26f0e
20211102A11_1,139,139,2.mat,10,12,0.419628,4,3,1,8f8ed3275da3c389997a16f7adf392a391a2be49f6c36f508a539a7a45dbe979
20211102A11_1,140,140,2.mat,11,93,3.252117,13,15,1,2d014e8b81c67a4fe39161070c42b2379d1b162e2e81e6277834566340fe7db3
20211102A11_1,141,141,2.mat,12,78,2.727582,17,12,1,7f19f09f31f8dfc0b391df98b1f631a8465b9994cfc722e79a912411292e6f02
20211102A11_1,142,142,2.mat,13,61,2.133109,11,12,1,180f4265d5dfa8ae54e7257870dd26399509b2c72491e1aa2572241d929dd376
20211102A11_1,143,143,2.mat,14,8,0.279752,3,3,1,95fbd62b51fd925375ef8babcc9c74276bc1e73b0d90cd1ee3463eedc4b70a05
20211102A11_1,144,144,2.mat,15,5,0.174845,4,2,1,588b25af40e89d7e10ddcecf7db63406ca10279bb1c83138ff74f8670809cc0e
20211102A11_1,145,145,2.mat,16,9,0.31472100000000003,5,3,1,d298e199f08cca393a0c0ff08579e390aa499fe59276bbfe6200d7c2d421db2a
20211102A11_1,146,146,2.mat,17,38,1.328822,8,7,1,f48a510c4724dea379f8b9868705545516d615f5726e96ff0a57c70f5e5c9065
20211102A11_1,147,147,2.mat,18,47,1.643543,9,7,1,93438e78ccab482fb433e2b63132e1e0274508dee616fe52838e0652177482d4
20211102A11_1,148,148,2.mat,19,69,2.412861,8,16,1,d1ae2edbec7f446ff9255271a63c8e7d79700e2d069127434b13659517636223
20211102A11_1,149,149,2.mat,20,9,0.31472100000000003,5,4,1,07770ac46390735e809ab3ad75bc7f55a4a3ede86e43528074a2210348ae1893
20211102A11_1,150,150,2.mat,21,21,0.734349,5,5,1,49d59ae1619d00eff8684dbd7fb9140b1273854646dc913588d89ab9829d628a
20211102A11_1,151,151,2.mat,22,17,0.594473,4,6,1,f4d7bbca1e0b78adb4332ff3c15192f208faf2623a0d2a685d67414cee556a38
20211102A11_1,152,152,2.mat,23,64,2.238016,6,14,1,cd733556c764cf468ba6f0c5b42718d658fd472ac64f74d61bded6c26ac7a516
20211102A11_1,153,153,2.mat,24,85,2.972365,12,11,1,9b91c9707724488cd9182998f2e82b7be2361d54203b80255e1350ce949f7dd1
20211102A11_1,154,154,2.mat,25,14,0.489566,5,3,1,2faf131821668187a7457db7d9ffe67ed4d71ec34257a13e52e306945fc53a28
20211102A11_1,155,155,2.mat,26,38,1.328822,5,11,1,98b7b0b2ec537c2034cd70a89635b97c2b44aaa2ebbc6c6af17ac294e4bae220
20211102A11_1,156,156,2.mat,27,46,1.608574,11,6,1,e08779647216eebec152a1516fa8da0a7eab09b76a30e7cc0d9022097456f202
20211102A11_1,157,157,2.mat,28,77,2.692613,8,13,1,52804c9be66e9d5287668b4363df99ab4c73bb7530f918cef1f66b339ea547fc
20211102A11_1,158,158,2.mat,29,82,2.867458,17,9,1,fd5da6255499380fb83bf31da3cbdbec4be7afe0f6411544d6144e776b6e049e
20211102A11_1,159,159,2.mat,30,22,0.769318,7,4,1,2f12299d7106b922f63597401295f0e176dd1909850deb090c98cbc4d6b5df64
20211102A11_1,160,160,2.mat,31,21,0.734349,5,5,1,9abf442e7d9b0cb24d08a2a7d59ac27a80fbb54cfa7feab298ea131756996d9a
20211102A11_1,161,161,2.mat,32,45,1.573605,10,6,1,f5d0c043bd7489e72c98b2ac6b7bfcf2d297b4df78cb4621f1c6376fdd2d69fe
20211102A11_1,162,162,2.mat,33,34,1.188946,7,7,1,f9b813ef2f8d6d4fe6ebc619760aa5763088fa88cca1b0c304d14b4cecfde13a
20211102A11_1,163,163,2.mat,34,9,0.31472100000000003,3,3,1,6e7a14d9e67a4e92a7fa3571f7142f38a46f006b7906c0de5c77b91915fbd0d5
20211102A11_1,164,164,2.mat,35,9,0.31472100000000003,2,5,1,22f39d9891e5b3e55d36ee65eaec01b1f8b1aad117f7236e415a1d7da3f3515b
20211102A11_1,165,165,2.mat,36,14,0.489566,4,4,1,450288ac53778387c3eccbc162da0a0525e70027e1b688720e0cdd2c92fa4459
20211102A11_1,166,166,2.mat,37,89,3.112241,13,13,1,d8ca0550faafffe6f3ccba477b1ad06b997e80747ad0f841426c51feb275df9f
20211102A11_1,167,167,2.mat,38,44,1.538636,9,7,1,cb6bd41b934280487752a9ad96ec8bd9672d10fc10f17baa393fef9d1818a383
20211102A11_1,168,168,2.mat,39,21,0.734349,5,7,1,13c10d1ab292a6ed6a00aebbc484c5167915d006b292b3ad941d6d90bc4e1f32
20211102A11_1,169,169,2.mat,40,19,0.664411,6,5,1,21d8fbccef55b36ecf2c1f97f17705e7f0f1cc4de2d62453812c29a21c0e8b3c
20211102A11_1,170,170,2.mat,41,18,0.6294420000000001,5,4,1,ae4842a2d9b6fdbcb9496d25b3b8a639837ef8d196ca61d2b41aa6c3ff717675
20211102A11_1,171,171,2.mat,42,36,1.2588840000000001,6,7,1,0e2f855ac9d7b3bd22220b2332563f034934c81d2296f606a380e74433c9546e
20211102A11_1,172,172,2.mat,43,28,0.979132,5,6,1,c905575a6fb5427cb54c204dfeaa4365a23488d518265d682fb95e7f15c06f7b
20211102A11_1,173,173,2.mat,44,9,0.31472100000000003,3,3,1,573755f0bdd4d289a75fd930bede1c6364335bec91526904d773fa1c57361c4c
20211102A11_1,174,174,2.mat,45,28,0.979132,10,7,1,2ed6cbb60fd9e88f27d9a5869026f020b72689a940943c550bdd499332d48a88
20211102A11_1,175,175,2.mat,46,29,1.014101,6,7,1,1c4bf2612293fd7d6b436f43d8bfad5a928111ac247ac98fb9acc61d8de7fbde
20211102A11_1,176,176,2.mat,47,9,0.31472100000000003,3,3,1,95e5cc700bdf87aa924e9e5cbbc658b0a0c6e121d6d3297c86f5a2b1df660910
20211102A11_1,177,177,2.mat,48,53,1.853357,6,14,1,6f6914fef95fdcd1b297bc1632ff190ad87e620d21dd890e9ba58b6e03c1ebbd
20211102A11_1,178,178,2.mat,49,4,0.139876,3,3,1,44ec1d6414d09be94697d89ba51bb6d85d923ab4ddf276c00e149e85f90523fa
20211102A11_1,179,179,2.mat,50,21,0.734349,4,8,1,1d46b9453babe3249167734f1a34caaeb929883e599ab2a241e9ebaec93e53f7
20211102A11_1,180,180,2.mat,51,41,1.433729,8,14,1,48e4d040f0bbface28c04c2b91a1b1ceb3fbf42c1158774654b9866302426aa6
20211102A11_1,181,181,2.mat,52,88,3.077272,10,16,1,468de3366fd1b7b1e712e05e0f9ff3e2d915e6d41d41e0aca97b7135f06955c4
20211102A11_1,182,182,2.mat,53,9,0.31472100000000003,3,4,1,ee8b3f53fff761264d9167341fe5a00df2907d7750999bbf3e8ee0a711777479
20211102A11_1,183,183,2.mat,54,16,0.559504,4,4,1,ecb696868334f8425fcebc685cc9be42fafd453443119728a8760d2c5eafb584
20211102A11_1,184,184,2.mat,55,38,1.328822,8,8,1,3c28aa10dfacb5bca1c63d1f40d453afd55383ad8edab31dc486eb57ef94067f
20211102A11_1,185,185,2.mat,56,30,1.04907,6,7,1,1f5ade39b6ecca65dc21add04a4e40c579e40bfa6469fb0999fe91d3e7fbd97e
20211102A11_1,186,186,2.mat,57,9,0.31472100000000003,3,3,1,bf3d5fc0c17460b2520d9b6007f45bd812a3781c3a90536ae17c4e3b33cbaf11
20211102A11_1,187,187,2.mat,58,9,0.31472100000000003,3,3,1,54518d62ed4b0347bb0e02307283ae3c757c3d61083b3866f17bd2354d4ef076
20211102A11_1,188,188,2.mat,59,5,0.174845,3,2,1,0d756351bda94e2524dddcdc93c24eb62f18c2b9182ff0de24d9bd12a08f9f9f
20211102A11_1,189,189,2.mat,60,15,0.524535,3,5,1,eda860d1df9003ee75fadba2f8ce223daa65d65cbff30d1245776ed82b9ae909
20211102A11_1,190,190,2.mat,61,9,0.31472100000000003,3,3,1,742f0c193c5579c13828f8b64c6f00f417675a8e29d344ebc67a0da68d2e34f4
20211102A11_1,191,191,2.mat,62,17,0.594473,5,5,1,c3dc7ef0724d3cb86d73ebc0f88e507565487afbb8042567936653caa95b50ac
20211102A11_1,192,192,2.mat,63,7,0.244783,3,3,1,961bac6638865aaf5e9ccb5217e02eb2d02793d18eb85230d20fcb47114d9487
20211102A11_1,193,193,2.mat,64,29,1.014101,6,5,1,a5038f1a55237c4483548fde260e2a96e2b2dc3e0e5ff87bb230912dfd6c70c7
20211102A11_1,194,194,2.mat,65,37,1.293853,8,8,1,70e19e02ac614e08d2481e69d746caaeeafe2c9ab6a71e0842919d9e9fe19c76
20211102A11_1,195,195,2.mat,66,104,3.6367760000000002,11,18,1,51b2d9c596f08368c47f85a5d04746b72ff258bb1e4d6b749452cde512679570
20211102A11_1,196,196,3.mat,1,11,0.384659,5,3,1,793e185be7701f350b652c30b2fc972207f1fbbc061c3875def675e0860bca4b
20211102A11_1,197,197,3.mat,2,18,0.6294420000000001,6,5,1,18979f1b9146684f1a5f049a92e289da61338545bcc1b144108afa8d7f8447f3
20211102A11_1,198,198,3.mat,3,9,0.31472100000000003,4,3,1,3243cdd498edf49c99a6a90df6a0436c3e9c4350a3f6810658ca95fc4a6208eb
20211102A11_1,199,199,3.mat,4,68,2.377892,12,17,1,62583b489c3be5f2b696d548aabaec5fd31f11ff0e6a85061f957177fcc5845e
20211102A11_1,200,200,3.mat,5,63,2.203047,14,8,1,dc1c2e030f7748996f36d3a62fe3cb3b2466d22bad863784907fd9c7c6d1db0a
20211102A11_1,201,201,3.mat,6,27,0.944163,7,6,1,3f6e9c08932f92855a25311a31ad5fb1765e3cb521094d895a422cdae817a215
20211102A11_1,202,202,3.mat,7,44,1.538636,7,10,1,bb6ec544e757f57b69eecffe224c249795f388f6eaaf570e52943cf08d9555c1
20211102A11_1,203,203,3.mat,8,50,1.74845,7,9,1,6ddbcc0de43d446265b5710968b1eed424890dfc6a8e4f3ad2ed8c826acc307f
20211102A11_1,204,204,3.mat,9,33,1.153977,5,9,1,0cab83ccb7120f10d2ac6efd48f68b2530105bde7a7f663e8940b2e007f61fde
20211102A11_1,205,205,3.mat,10,14,0.489566,4,4,1,761b8ec0844f5f091be2b8788e6790cbc0ee2a79dc24b79ec95e807781b9e88b
20211102A11_1,206,206,3.mat,11,30,1.04907,5,8,1,88803e18bb0e551378ef95373c88310e2627882c11ed0311a3fc3925bc1d2375
20211102A11_1,207,207,3.mat,12,7,0.244783,3,3,1,a46f9c9677b244ad0815d221f54e56ac572f5cbc2041994ea629b097bca9ce24
20211102A11_1,208,208,3.mat,13,35,1.223915,8,9,1,b43beac1eda9a0e3eafb84886c9eead84d699ed44d02eb51d42cbda2e9af4606
20211102A11_1,209,209,3.mat,14,54,1.888326,9,10,1,599e104b9f137028047473ec3fd5c2a9a742baa2ca6d776d3dfe359389e658b3
20211102A11_1,210,210,3.mat,15,36,1.2588840000000001,7,7,1,34d5dff2e0826467684552bad37caaff9d73f2ac2ab8b48e50862cd468e00d82
20211102A11_1,211,211,3.mat,16,9,0.31472100000000003,3,4,1,06a923c93d6b5bba067ecf1e5f6983a548c057a67708148268fc65713c458133
20211102A11_1,212,212,3.mat,17,121,4.231249,16,13,1,88e4d3f12c2bd66d325244361257c34435b3c0e7eff639b5b829b79682b5c4f7
20211102A11_1,213,213,3.mat,18,15,0.524535,4,7,1,b87da8f5db7823f68a433c49b1e3881a536a06baf99460c50c27d8e001289177
20211102A11_1,214,214,3.mat,19,60,2.09814,9,8,1,5d485e53226b9362fb74e1ea6ac060f694ffa9ec2ab04fc983206e9f248d5afb
20211102A11_1,215,215,3.mat,20,12,0.419628,3,7,1,f58261ba07047bb9d339b07aaa3d432c4d4f68d2780f975a761c0fd2541ece1a
20211102A11_1,216,216,3.mat,21,9,0.31472100000000003,3,3,1,9dcc4d375ab13f60fc82b8617757abf568dd1d6cc2dac92c852cfb50b79c90ba
20211102A11_1,217,217,3.mat,22,7,0.244783,3,3,1,5e6a249f837ec34753977200005c51204fa5fb08b58ac732f8a2dec5d32bbb14
20211102A11_1,218,218,3.mat,23,21,0.734349,6,6,1,45717342de8fdeba519a8f6caccc33971a911e7aa11ef98f2e064968057e5f42
20211102A11_1,219,219,3.mat,24,28,0.979132,9,5,1,6e9d4ecdf6bf6d7d1355499b911642714aa4a00531cd17f1932c45cc2dcfd134
20211102A11_1,220,220,3.mat,25,12,0.419628,5,3,1,f69a4e34f4e7778e91cf51f05645638777cf0d1e4ed37b914593ec3bd73141ea
20211102A11_1,221,221,3.mat,26,6,0.209814,4,4,1,eed47695c2c9d3ba870376c4b2604348e00f4dc3abfa64239b57e4ace33822b2
20211102A11_1,222,222,3.mat,27,31,1.084039,8,5,1,7bdc1465a3c3c7476b04a3ab0d8722f9d3c41f4934decbdf879b0d08feaf447f
20211102A11_1,223,223,3.mat,28,22,0.769318,5,6,1,2e457442cdf589a7ed56f1eb32ea873c3b3af3df834cede638aaf3be3187db40
20211102A11_1,224,224,3.mat,29,4,0.139876,4,2,1,ce7addb6ebcb061724e6df26aa32dd6aa0379f41145b24f4fe1901f7971072ae
20211102A11_1,225,225,3.mat,30,54,1.888326,14,8,1,f505096ae0e981c0b9ec1cc5e4b2525cc52a5c0da840c6908ec197956a350ae3
20211102A11_1,226,226,3.mat,31,17,0.594473,5,4,1,fea2713424a665f33d98e68cd191b70aa595c185c51f989e7f01f998dc92ed72
20211102A12_1,1,1,1.mat,1,116,4.056404,11,16,1,b61ac8529f49ebb6663229c20e70a7606372f3e0f775f242d7a75ca70f216fb2
20211102A12_1,2,2,1.mat,2,9,0.31472100000000003,4,4,1,2ad100acb5ef7e56fe3dc738c9138cd0ec8fa3ecf15966d454f30120af6405e8
20211102A12_1,3,3,1.mat,3,24,0.839256,4,7,1,1faced733782425172cd4cefbd2102d11fdc6de986ae6b6090f67b130738492b
20211102A12_1,4,4,1.mat,4,33,1.153977,7,8,1,38bef87c702a4824e34a6e975bdbde9ea4c500954ab0218bc0da08006a4e79ea
20211102A12_1,5,5,1.mat,5,41,1.433729,12,12,1,700a5890b46ec651ffd48a2052eef39fe2f5c29bf8f6cb7a63e1bb1ff0d84532
20211102A12_1,6,6,1.mat,6,10,0.34969,4,4,1,bba1769ebe3cccf5bc83e4843180a86cd5041b22ddc6c181a3b1a1a2599f8b9a
20211102A12_1,7,7,1.mat,7,9,0.31472100000000003,3,3,1,6807bd602e3214c80130fcbf9c22fe071f0c2322fed884492d4f80680ef8f4d5
20211102A12_1,8,8,1.mat,8,6,0.209814,4,3,1,613c8bc6773a5310069aff68d14752bc8b7a4c6032dfb741ffea249ddacf0e60
20211102A12_1,9,9,1.mat,9,11,0.384659,4,8,1,4473a52cb88940f66896267704283eba7682041b3b5f2ce2fd650d0cf6fbbeea
20211102A12_1,10,10,1.mat,10,9,0.31472100000000003,3,3,1,616b975cb2d0fe42325dca82ad787b883591d3931700c59c90999dfdd4df0c72
20211102A12_1,11,11,1.mat,11,20,0.69938,5,4,1,849c69e117e29439e4d5cf2d8e1bb6e00d4b3313ed1b666cd633bc9e3ccf0f02
20211102A12_1,12,12,1.mat,12,25,0.874225,9,5,1,e71c104588663f797a5bbcb1c05c481c775f030c9296697d1367b5bec9810957
20211102A12_1,13,13,1.mat,13,88,3.077272,12,14,1,dfd6ab12e26dfd71c41e19b244d5ec79e61556034fe8f5411cfe125c7854c2e5
20211102A12_1,14,14,1.mat,14,7,0.244783,2,4,1,005ca87760749f9b817d1cb6a487d3d4c93224f7347ef4988c0cc579702deda4
20211102A12_1,15,15,1.mat,15,20,0.69938,5,8,1,7a59b7d066f39c1c4cc32470e7c16b4f10081ab6deaba6806dba7625d3960583
20211102A12_1,16,16,1.mat,16,9,0.31472100000000003,3,3,1,f0e3f93bbf0527e5b6c88c74c8f8b31eb9a3d93db6a6eda675201b35746136fc
20211102A12_1,17,17,1.mat,17,18,0.6294420000000001,5,6,1,7fc7eeabca4c1f7f2aeb519dff11d99a69062301dcbd30ec19b6835abe9a67e1
20211102A12_1,18,18,1.mat,18,13,0.45459700000000003,4,4,1,bf9d3ac215446d722f2f8197c38c7bc33ae10513e80fcecc8b08ee048631d66e
20211102A12_1,19,19,1.mat,19,33,1.153977,11,14,1,e44cd8cdc6075a109002801ae78306f54d85b0c8648d47b3bc5115d2b22f6a4f
20211102A12_1,20,20,1.mat,20,21,0.734349,5,7,1,c7c516ef0a176383ad33bb04db92945527ec0fe7657f4fdc4fc4a5a48efbc4c0
20211102A12_1,21,21,1.mat,21,8,0.279752,3,3,1,f83d8c0a0be62c8a809861562a14a25227c987c3aedcc86d5a28b9e3540a1cf3
20211102A12_1,22,22,1.mat,22,77,2.692613,11,13,1,7aec717fd231f8004278b7cc3c89fc2a2d9df9070105fa6fc51403450e33194c
20211102A12_1,23,23,1.mat,23,10,0.34969,3,4,1,3cf728a3775ef3297bd82e5cb32c31d82b5d2753a9d92762696048fc5c7e6762
20211102A12_1,24,24,1.mat,24,46,1.608574,16,8,1,8077301ee925b5677d8a877fe5057cfc5d3c68854ad4e43c0d6f45500b0d8bcc
20211102A12_1,25,25,1.mat,25,9,0.31472100000000003,3,3,1,f4de3a21b484bf924dafc3df84951f7da51f590f084921ae11e68c49099341db
20211102A12_1,26,26,1.mat,26,28,0.979132,5,6,1,6e7db83e0af72c9e2b2a1feb16e06a1d521efe7c69cc9e2108341ffc4e690077
20211102A12_1,27,27,1.mat,27,19,0.664411,7,6,1,067662652145d0fef944d01d0ca7e19fd727600755936aac757e31cfc6a5cde6
20211102A12_1,28,28,1.mat,28,49,1.713481,10,9,1,d4f2c5ced151fda809a7fbad017ba8714bfad8338b452415f3f21d00301fa144
20211102A12_1,29,29,1.mat,29,7,0.244783,2,4,1,ddd6e29b21b8bad80aaf9d917b82ab05862c2bc28fbbc68d072f67cd108c1c0f
20211102A12_1,30,30,1.mat,30,46,1.608574,9,7,1,ba570ad7b60ccbb3899111d175af0a3174f519bd5dd2431fbfd1d3a376ec5976
20211102A12_1,31,31,1.mat,31,13,0.45459700000000003,4,5,1,d803b9a8e30c4c14b4655664c6edc9f574e38746bf6c76d0dd6cc85d723d19ab
20211102A12_1,32,32,1.mat,32,9,0.31472100000000003,3,3,1,8d1f8a987a73e583a593e3a23f312d1a9856d22cf7bb695cc534c20696a6c04e
20211102A12_1,33,33,1.mat,33,29,1.014101,8,4,1,4943c9436468acb44fdea0f3f049e89e995506fe4a2a8803a3321fc8ae720ede
20211102A12_1,34,34,1.mat,34,12,0.419628,4,4,1,24c3201819fc9676a9e6453ab89512e1b3d4e2df73e1a80341b7e4ac4e8b1f29
20211102A12_1,35,35,1.mat,35,30,1.04907,4,11,1,b339ab1843de679b869bc9348325d72db8fee690ed6ec2d65308172589cb324b
20211102A12_1,36,36,1.mat,36,41,1.433729,8,9,1,8abf795c81c7021d60d12c110c2fd0d5b732a618483eb8f60739367a6c2fa9ed
20211102A12_1,37,37,1.mat,37,27,0.944163,6,7,1,b2105de072d8154edcaeebe4bdc5a986478eb8390144c35a3cd9f68f54739e3e
20211102A12_1,38,38,1.mat,38,21,0.734349,6,5,1,5117a4578fd3f669241915b1c340194b8b165a0719c9f23f856a40135dc31edc
20211102A12_1,39,39,1.mat,39,39,1.363791,9,7,1,edb17dbcb693453cefe703b998b5132975703c28b4bac9c6258ff45accbfb70b
20211102A12_1,40,40,1.mat,40,11,0.384659,4,5,1,c53bef2052c0a2bc93d0e57e010d27d551a6a26ee66b3ef9edcea2a6b07f3efd
20211102A12_1,41,41,1.mat,41,5,0.174845,3,4,1,83557a22679af3e439f254ebe0018b2bb903badbb2314f6c1ceb783ef6ef71b2
20211102A12_1,42,42,1.mat,42,6,0.209814,2,3,1,ce1ab5c8d8684b2c3043393989d37cbd172edde631167cc321984407bb5a344a
20211102A12_1,43,43,1.mat,43,9,0.31472100000000003,3,4,1,0218a3a497c46a8909aa9fa4614e89c479e4ef6a3acdc4e5c34d0fa4a2286b04
20211102A12_1,44,44,1.mat,44,20,0.69938,4,6,1,3c4abb3a28afb683dc62f612548270129bba126f0b96d88538fe53f4a695b4b2
20211102A12_1,45,45,1.mat,45,11,0.384659,4,4,1,0d750d68f72174d26c2eefd3a71cc17df1dacec223ea4d445bb24ff96dd7a952
20211102A12_1,46,46,1.mat,46,10,0.34969,3,4,1,fca179b8406ddfb78d8fd27e9ec56aa73bbf2a3e1b2503da88fa2add33af974b
20211102A12_1,47,47,1.mat,47,48,1.678512,9,7,1,322fb241923f5ee3212a32ede83987d6e0effbbec6973349b7abf34efadef90c
20211102A12_1,48,48,1.mat,48,40,1.39876,7,8,1,7831eb000d00aafab81ceb2af6065db43150fb7405a902dc8a88d9f8695d09ca
20211102A12_1,49,49,1.mat,49,31,1.084039,8,6,1,489997de6b15f702ea0b716fc88744a3e43dd20f27eb6bda2b1084d540d5cb02
20211102A12_1,50,50,1.mat,50,75,2.622675,13,12,1,a71bcd7d27a4bc950b901feec9d0087394b3c4a16f5963d3f5925c3ce00e3d61
20211102A12_1,51,51,1.mat,51,126,4.406094,15,13,1,918f633763ac83c7a5b16857c9add1174cc6e16983cf8a4c17886d571df16d1d
20211102A12_1,52,52,1.mat,52,95,3.322055,12,15,1,81874153bb7f16a7e4070c1112c8bab44438794a1eef36d6f04c6a5eebced9b6
20211102A12_1,53,53,1.mat,53,9,0.31472100000000003,3,3,1,fab848ce577c6a055affa7d04f9cfa921a8192db0630d3e8f51975213bd93f02
20211102A12_1,54,54,1.mat,54,40,1.39876,8,6,1,94113ed3eb78beec35049b70ac50360523bdacd12a1cd2c00ae4fc004e71e667
20211102A12_1,55,55,1.mat,55,16,0.559504,4,5,1,304da331dafd8a6f5a01167a923ae4b0141db92391e89078116e5e51eada81f0
20211102A12_1,56,56,1.mat,56,24,0.839256,6,6,1,b2ab6169e61d17de2271a074965cf5ee4e45af204302457ab5de726dbf918fd0
20211102A12_1,57,57,1.mat,57,12,0.419628,4,3,1,dc5a3c71a9b976873efac6f3b8f415a752cdc5e66de8ff4331c0f2a13166d496
20211102A12_1,58,58,1.mat,58,7,0.244783,2,6,1,bdbe730fe53661e0373603c5effd05be087efa2544e4d608ce5674d566bc89d4
20211102A12_1,59,59,1.mat,59,9,0.31472100000000003,3,3,1,0981491cae7de9fd2df4338ad9b72aea17a268d7e435372996d0549427dca243
20211102A12_1,60,60,1.mat,60,11,0.384659,3,7,1,c0bdf726deba8476df8c73134d9d83adf77fbe51b393c5a4786d9acbcace77b3
20211102A12_1,61,61,1.mat,61,10,0.34969,4,3,1,a416b324affe9f2c5d0355b32e607f80c9947a2e50372d9d4abab62636d13624
20211102A12_1,62,62,1.mat,62,74,2.587706,11,18,1,b03e279dd61462906c0eacf5a64f1673d752257dd89542b2500eab8220b7363b
20211102A12_1,63,63,1.mat,63,17,0.594473,3,8,1,37d51f68877f8d73dbec0ec21477860092f079a717b1f8ad2cba74fa0ded665b
20211102A12_1,64,64,1.mat,64,10,0.34969,5,3,1,8fc1dae3b7c8f1af9c19eeccbd5d66dcf45e743460586868c6f22049c989903a
20211102A12_1,65,65,1.mat,65,17,0.594473,4,5,1,f77b1fdd26b931de371c077196eeaf5b674a0f4385766c76252ca763701ac7c5
20211102A12_1,66,66,1.mat,66,39,1.363791,9,5,1,530a0cc9da332da94e18cd77580876a37e4ceb94c49906fd14563df07f725ec5
20211102A12_1,67,67,1.mat,67,97,3.391993,13,19,1,b2635f86683fb71e411a8dc8ba48a5d06473a1017830bf9133bb5a38e12fd0f4
20211102A12_1,68,68,1.mat,68,15,0.524535,4,5,1,fb050b371be036dc3823e3a6300d116232f8074f3af7f38afc316debb9ba4f31
20211102A12_1,69,69,1.mat,69,12,0.419628,3,4,1,dd932cc0790cf0b1a7d11f5abc6268a426787a754efd6246e3e8803f089a7e7b
20211102A12_1,70,70,1.mat,70,78,2.727582,10,13,1,618a548dd473ef577e0cfd59bec2d06ba77b8d1e6fffbb6d03b81940bc59038f
20211102A12_1,71,71,1.mat,71,25,0.874225,6,5,1,137bd12860c0533346d8945589bc8a757749af60660c02b7b6655f0e89d53190
20211102A12_1,72,72,1.mat,72,22,0.769318,5,5,1,061c41d5f767055fa489c1e5bb0b213f0569117d5b7e62204420a9447977a040
20211102A12_1,73,73,1.mat,73,15,0.524535,5,3,1,c9cd5524642b03488eaeb82e4008eaa6f6836328922996239870e2e21a90ce0e
20211102A12_1,74,74,1.mat,74,28,0.979132,5,10,1,3aec34995b5ddda950bb72c032f0a973e5e1bd708b676b079a74a6961486e9c1
20211102A12_1,75,75,1.mat,75,46,1.608574,10,7,1,7029cc3dbac8f103471ed3b55fae865cf957089e2184458921fe0203296bdaa4
20211102A12_1,76,76,1.mat,76,29,1.014101,7,5,1,a87503ee58a3f1046cac38e357c9cb70ade7e1099f744acc14e14d72c08e6b04
20211102A12_1,77,77,1.mat,77,7,0.244783,2,4,1,497329e838829563dd15ae33972a01cb680eec95aff5b6b8c7f37ce4a88686d6
20211102A12_1,78,78,1.mat,78,4,0.139876,4,3,1,3b48b19c3ea6cdd199133ebe24fa23683e72e23785ed6fc7c7d561de62965de1
20211102A12_1,79,79,1.mat,79,8,0.279752,3,6,1,494b0cbd9be7f32b6dedb90383c1c65e41fa9a7fb980149f529ed3a044a74f41
20211102A12_1,80,80,1.mat,80,35,1.223915,8,14,1,fd835d40a3a99c81dc76d2fcaae765bdef9b433a1755075a4ab7263f250a29ac
20211102A12_1,81,81,1.mat,81,9,0.31472100000000003,3,3,1,68624c1240d50d652bb985017c2f5e5f6bbc310fe87a2e77285acec654480dd1
20211102A12_1,82,82,1.mat,82,49,1.713481,8,8,1,2211083e03c09b7085a246d1dad44daefd8fd99f6c4f2b464e6750f7b97fba98
20211102A12_1,83,83,1.mat,83,68,2.377892,12,12,1,eb4b665135d1d0e7c79fb2365f00e0b277b51c56371cb0f41b007b890cf977aa
20211102A12_1,84,84,1.mat,84,14,0.489566,4,4,1,3dc9a329739fe672d854cf32a2ba3b79a28b4c43a8fcf395cd68203a6f1bb3e2
20211102A12_1,85,85,1.mat,85,15,0.524535,6,4,1,4ac3417eec8e36272100917b1c2f668818ebeb9ef8e4d08acf1f6ebaf520b686
20211102A12_1,86,86,1.mat,86,31,1.084039,5,8,1,45ef53d3c0938e2c490f86649d1ae6531f10a1318aa4ea04921bb4ce90c2fc8a
20211102A12_1,87,87,1.mat,87,22,0.769318,5,5,1,988c3a85925f2733795020dcd7eff388b3e6358b631f7768f2e4a632d4dc3005
20211102A12_1,88,88,1.mat,88,22,0.769318,5,11,1,e15953d64cf4454deea6d0f3f03a165a818692dfa348115fe07fd35051fa9292
20211102A12_1,89,89,1.mat,89,75,2.622675,9,13,1,cae4cd642a21ac515d04aeebd401b072534195fb26b66351d036158281dc06b2
20211102A12_1,90,90,1.mat,90,4,0.139876,3,3,1,d676f11aeb0b23365041b5bdca726d3949ce65566cc110c83793384e42bf00e8
20211102A12_1,91,91,1.mat,91,46,1.608574,11,11,1,b776d13f1bdd6811f4babc1a6ea082d3e5eb16f4795f665b249b525b793200fe
20211102A12_1,92,92,1.mat,92,15,0.524535,4,4,1,199c68175c713cae8e62a480f21177f3dda0a6b1f7f60a683d8e5d790d9e1ad9
20211102A12_1,93,93,1.mat,93,24,0.839256,7,13,1,d74152dea4e5f25ce8a3629621a2820a75af927894c3eaadc4c0549a3a4b0d90
20211102A12_1,94,94,1.mat,94,7,0.244783,3,4,1,d5d05c40134ec4f6f6f00028812ecee71b8de642f85960181e552c3ba0c28c2b
20211102A12_1,95,95,1.mat,95,25,0.874225,5,6,1,190c3da20b586b930f14250d709ebe8abb383de72369c1d075eff659d43d7be5
20211102A12_1,96,96,1.mat,96,9,0.31472100000000003,3,3,1,54a33b10c2b1daa71841896b51f22b0a4cd35bddd2ef265eb9add1834900bce9
20211102A12_1,97,97,1.mat,97,18,0.6294420000000001,6,5,1,00334faf13bd75442ca7fd12fa839d237c76161ec2c5f1e8827fdfe9e1946505
20211102A12_1,98,98,1.mat,98,9,0.31472100000000003,3,7,1,114964825a4f3b81362a3e0a27fa25988f79f047c3fd5dfe2b8bcf588cf4b1ba
20211102A12_1,99,99,1.mat,99,22,0.769318,5,6,1,0210ff93242af707fed6755ccfc1a56761be385a603a0e53d9ac66f0c4b05442
20211102A12_1,100,100,1.mat,100,5,0.174845,4,5,1,4283895156e213b7b79baabf30fcb4c5be6f78015e50082c34a658acf5966f51
20211102A12_1,101,101,1.mat,101,19,0.664411,4,7,1,0b1f87dae39b09afce6170edba8ad0517a5b2b9e391138ef04958d1882d5845e
20211102A12_1,102,102,1.mat,102,9,0.31472100000000003,3,3,1,2b326744d4722e9f8bb41b72c620825f664a257bf1498c691e0bc618447328e1
20211102A12_1,103,103,1.mat,103,95,3.322055,14,10,1,73acae8a49c2f546006df2cf9704248f01711ace0b910eb90c98295a840668a3
20211102A12_1,104,104,1.mat,104,44,1.538636,8,9,1,d389c93f1c3a348febfffc6e5697705521527ed17f028a70349a2a2598a53df5
20211102A12_1,105,105,1.mat,105,36,1.2588840000000001,8,6,1,e1aa8e1aa4d34883e1ba123da7767492f2dc3eb27aed386f280880c53b93b231
20211102A12_1,106,106,1.mat,106,19,0.664411,5,7,1,b7f56e8479ef4d599159f1031a67365d81a3eb516342a509d357873014b89a1d
20211102A12_1,107,107,1.mat,107,19,0.664411,8,5,1,167e202f46770e68382f9d436d23edf93d00a5601fafe4160e99b06b9bc28a2a
20211102A12_1,108,108,1.mat,108,8,0.279752,4,3,1,454f65eb958d3d1072cac2b68d531724ec4676332acf69fe753cd2fbf45fc576
20211102A12_1,109,109,1.mat,109,15,0.524535,4,4,1,f297f4cd98e8805121d373227385f3398f2d685e9204c9bccbebc1384a1fce6c
20211102A12_1,110,110,1.mat,110,24,0.839256,6,5,1,ac2d2ce917012c97cd91fb89cc92f6066be8d264fae75a0cd5bb38650e4c022b
20211102A12_1,111,111,1.mat,111,6,0.209814,4,3,1,2451695d1716050029f278bef847b8f53e06807ba234dcf794c9d574ad21776a
20211102A12_1,112,112,1.mat,112,13,0.45459700000000003,5,4,1,c54b587943b963d97282c7a1b79ae71e1576499c020f165c2613b43f7473a073
20211102A12_1,113,113,1.mat,113,54,1.888326,15,11,1,297f2139be3083e9374a089c1e4591c4b4f33da761c57570c58530d2e9d8e9a7
20211102A12_1,114,114,1.mat,114,28,0.979132,6,5,1,63b064420867e2c4c11a428018674b8806855f79fe62ee3ec98a4007c372e51a
20211102A12_1,115,115,1.mat,115,45,1.573605,7,7,1,a729e4d4cc76e48014d713396e4b551d53ee7ff14c942cea1c4500ca07f6f3cc
20211102A12_1,116,116,1.mat,116,14,0.489566,4,4,1,8fea5fe42bf2e3ec3571f84ec379ceeb857c5fe4a2c8932489d02a63cd38cf06
20211102A12_1,117,117,1.mat,117,5,0.174845,2,3,1,f68968be69a2d61a83c6ddbb93fa298e1685080d0f9df0000ea9027fd90d8fe1
20211102A12_1,118,118,1.mat,118,17,0.594473,4,5,1,5455702c14773d3d9e1d90e87cf4d6eec1f2285a3cce9108477647b8d6a120f8
20211102A12_1,119,119,1.mat,119,15,0.524535,4,4,1,78d04177209d500fa68ad4f5d35099e33aa4c38f48e096363cc2325fa9b2fe04
20211102A12_1,120,120,1.mat,120,20,0.69938,6,4,1,fca9f4b2e5dde0d812cfbb721ae92e3d3fddb41f1e9974a577ece04bb8ca796a
20211102A12_1,121,121,1.mat,121,44,1.538636,8,8,1,ba22f3d3ca23582216ef01db52969148c0f09a049a2e02076044912ab3bca2a0
20211102A12_1,122,122,1.mat,122,11,0.384659,9,3,1,4b111256df5b9579812ef4d5693b750e73f7997e2ad430e45953d94bcb9c242f
20211102A12_1,123,123,1.mat,123,9,0.31472100000000003,3,3,1,430b1cbe25fe86f129aea5a9229a10b6aafbcb698bea590ddeb8d66e9eada4ff
20211102A12_1,124,124,1.mat,124,18,0.6294420000000001,4,5,1,fb1e6ad370fee1d26871d219ea1444ff61debea8eea82b101ae11c34119ee6ac
20211102A12_1,125,125,1.mat,125,9,0.31472100000000003,3,3,1,0bd604683bd36ccc3fa58784a7ecde6db255b1cea48826811f9842a630126b5f
20211102A12_1,126,126,1.mat,126,21,0.734349,4,6,1,55f58d919299ba13d78c60b1ee4d659bac38939f0bdd64a7db9aa35ca617d271
20211102A12_1,127,127,1.mat,127,104,3.6367760000000002,20,10,1,ff0e47b7e5c2f25d63bb34067f8d3524121844c3d8dfb3f06ed8a0a8af508841
20211102A12_1,128,128,1.mat,128,12,0.419628,3,4,1,04512bb86c29bf58cb74766740359fe71b809275f0dc78c597b5fff4a988d739
20211102A12_1,129,129,1.mat,129,12,0.419628,3,6,1,44d19242e23844c475fa60820bd3995276001d8b584eaac1ec04418bf7f5a191
20211102A12_1,130,130,1.mat,130,14,0.489566,4,4,1,e11c469d90d507f3213786fe158950116ff26ba89619de098bbe0952edbd0de7
20211102A12_1,131,131,1.mat,131,4,0.139876,4,3,1,6e544e0ea199ef9b7f6ad4f566d89a66517d1a83160d534f0c46ddc92c2bcad8
20211102A12_1,132,132,1.mat,132,6,0.209814,3,3,1,3786546d04abe9424ac6af9f75e11c6f5b61ef5eae8b8d676eca76ab963c383c
20211102A12_1,133,133,1.mat,133,9,0.31472100000000003,3,3,1,66cfc53fd091b2b055acaf37d834337fabdc16a33bee96b597ef23b35a3f6e91
20211102A12_1,134,134,1.mat,134,45,1.573605,6,14,1,4ce8ab96ed1740b2a062fc03417f2d1abf811516fa148a2b8c021c136780ead3
20211102A12_1,135,135,1.mat,135,17,0.594473,5,4,1,12c44107c2b8cec539b2fb6ed755fe0d5664a850b04e112067c1a6eb64cc24d6
20211102A12_1,136,136,1.mat,136,77,2.692613,10,12,1,cd553fa0a41d638b259e09f61d4289ff7dd2e953485e0f8910e978ae1885926c
20211102A12_1,137,137,1.mat,137,46,1.608574,6,13,1,b310c3b516f5367487cde630064462f93dc15199f732eb0f24500a33d4072f0d
20211102A12_1,138,138,1.mat,138,19,0.664411,9,7,1,6222a235f819e8af9df77a7b05596f07ea90f791aee28147b503e0506a559f61
20211102A12_1,139,139,1.mat,139,18,0.6294420000000001,3,6,1,1fef6c8b8110a1f9a5142c15fd53a0416679d3e69ed87f757eeaf888cb2b8d69
20211102A12_1,140,140,1.mat,140,22,0.769318,5,5,1,b5adf4dcaa8958eb38116f0cc7624d04beb534f7783e5bcf49aebd912ff2ec10
20211102A12_1,141,141,1.mat,141,22,0.769318,4,7,1,1d1ee01ab485646215f25a926334df340bfd3cfacf2003f92d67198911fd7bd5
20211102A12_1,142,142,1.mat,142,44,1.538636,7,10,1,ad9d3f0e2d750ef3c46b0a881cf6615644aed54b44f581da6978afb073c11047
20211102A12_1,143,143,1.mat,143,15,0.524535,4,4,1,fd3038beeb4ccbfefe07c8fee85ce5973950aa77d645b8c6748fd49fb1908653
20211102A12_1,144,144,1.mat,144,6,0.209814,3,3,1,114e6dd4bed41c55e62311a0e17b7b8d264eff2cfbeaf5b197a8f3f0f6cda5b6
20211102A12_1,145,145,1.mat,145,18,0.6294420000000001,4,5,1,f07c4d6ae405c48a7209e27c86bfac4c6a2092f5a2332d5c69f7a907d5082981
20211102A12_1,146,146,1.mat,146,100,3.4969,15,15,1,2645d094fc84e69d11a159b0748c7302ad6f03bf8046d2ac1413e763e6603542
20211102A12_1,147,147,1.mat,147,7,0.244783,3,3,1,93329ffc3fe73e87ddabef7144844503f89b08e3ce60d8152078ccbb53527580
20211102A12_1,148,148,1.mat,148,7,0.244783,2,4,1,2ce064ae2db6040c0ce7a4669d26a2ebc744c4f2d88c03a725ace73bc7df9b6e
20211102A12_1,149,149,1.mat,149,16,0.559504,5,6,1,9c80a0a6e55526cf8b42a2849a2c8c80790ca8132cf4c1f92e3c4a25803b8ac9
20211102A12_1,150,150,1.mat,150,15,0.524535,4,4,1,5e8a778b552a0c4b4440bd54ae0b1d94a74533524c42bf76833506e0d352d0c7
20211102A12_1,151,151,1.mat,151,25,0.874225,6,8,1,03e0b250b8b518783b53228c398151ef4ad993f7551db199cf98b57579e6c6f4
20211102A12_1,152,152,1.mat,152,14,0.489566,4,4,1,560e62333e16d8c21a4ef7c2d9e2fbfca3a571bf864f91767eae3f5ab8863900
20211102A12_1,153,153,1.mat,153,25,0.874225,5,8,1,b059a21fe2a31062a784603a54170cfd52fd29e84503396753785867710dbc68
20211102A12_1,154,154,1.mat,154,25,0.874225,8,17,1,7b53bd6309702786dd5fdecb482a2930e47e479d007407f022fc6909942453e7
20211102A12_1,155,155,1.mat,155,74,2.587706,10,20,1,ea04877f5886cb42612e7a6013051b037e1ccc0644785842ab26bd8154fd4d24
20211102A12_1,156,156,1.mat,156,9,0.31472100000000003,3,3,1,c9921ec6e9d71ebf8625e6d5c8870e089de3b4965bc0f4399c8fd806d14d3e52
20211102A12_1,157,157,1.mat,157,11,0.384659,6,6,1,49e54f9b900aefa40d7cc5ac335ab8cccced3357cee44ffadfeb0078d1a74930
20211102A12_1,158,158,1.mat,158,6,0.209814,3,3,1,5a6fa29c89cf3867c6f735a0754c3e420e3b06dd7570144674fab243a4245a7f
20211102A12_1,159,159,1.mat,159,8,0.279752,2,4,1,27c4632ae8c7fa71804996cdfa398d2b3638525878d996ea07a55a968b162b79
20211102A12_1,160,160,1.mat,160,4,0.139876,2,4,1,3b95696034d92c3205a20d7fbd1e79e4bc9e6f68cbacf1429ac710a163a9fc35
20211102A12_1,161,161,1.mat,161,28,0.979132,6,6,1,539e31d9997c2d679cae246a6b164ee0f7e2bf7ec111730fbdf712d66482002a
20211102A12_1,162,162,1.mat,162,9,0.31472100000000003,3,3,1,134e198b569ac25589cf521b4c0a5c622e41a5c2701081ea610237da201ad2d9
20211102A12_1,163,163,1.mat,163,6,0.209814,5,2,1,a456532cdac7db87c8bd4505d4176a9727246a2badda93690c2a00f1cc5eae85
20211102A12_1,164,164,1.mat,164,27,0.944163,6,6,1,323c090bfd019e23fd9a459727d765093c92ea5f34de0aa493d252eb0e894b45
20211102A12_1,165,165,1.mat,165,52,1.8183880000000001,7,11,1,ebcc54bfd82d8ec28ef538a8c18e8da68b795aada2488cae069b4b7ef6622410
20211102A12_1,166,166,1.mat,166,12,0.419628,4,3,1,f80618cd9fe16844c20ecdf0fbb8869368d51e7302e56b5249ae5d14e6120efc
20211102A12_1,167,167,1.mat,167,24,0.839256,7,4,1,0c210fc41bc926049aaf31b9a0d1d2a4284776637edd376fab3be31f7b892dcd
20211102A12_1,168,168,1.mat,168,48,1.678512,10,11,1,2d30a25736dcc70fca4ffce55dbf95c5429285156fb83ad92e3d6843bee4bf90
20211102A12_1,169,169,1.mat,169,6,0.209814,4,3,1,090303edc63bc223b82ceacdffa62472990ca6efce56ddb238fc72af25a9cabe
20211102A12_1,170,170,1.mat,170,25,0.874225,7,4,1,c4514647117be6f1d10711d09b48814ec1f94f405d2c4f94164e7b5a62e2b8cc
20211102A12_1,171,171,1.mat,171,36,1.2588840000000001,9,10,1,7f7264b16d8a171d1503026170614b54f5dcfd9326e3117d10acbb1d083e39ec
20211102A12_1,172,172,1.mat,172,12,0.419628,3,4,1,b67ff60aa467d1837cdaab7336314d501a62d77504230af5f3a3421afbc7a674
20211102A12_1,173,173,1.mat,173,51,1.783419,10,11,1,23cdb9c75a457ff332f5c8ab6fd6b206fe32d458d32ffc1d18840460e349455d
20211102A12_1,174,174,1.mat,174,10,0.34969,4,4,1,48556c67affbb68ac5365234b51fd702d9cefa6af81f25ee76e2be94c659da30
20211102A12_1,175,175,1.mat,175,9,0.31472100000000003,3,3,1,c38cc766446d30cd3aa128e9ef42b1759a10e38b2b517978a00bd27955fad3e2
20211102A12_1,176,176,1.mat,176,12,0.419628,5,4,1,ec748e52f9fd7211df457f535d55a32dfd11ea9a47f22f4067b40e862fb59a74
20211102A12_1,177,177,1.mat,177,13,0.45459700000000003,4,4,1,49f1bbacd632027e7e4c75c733fc2c4e6f6a45ad2bf3e60eb9dba93c8a1ffac0
20211102A12_1,178,178,1.mat,178,12,0.419628,3,4,1,cfec0b18c74e58a0e09852f17620b358bf0b6313e7d9be7494bca56172e00119
20211102A12_1,179,179,1.mat,179,12,0.419628,3,4,1,55e10dd4f91249ad9a807eebe099dda2401c16714529bdcf2bc784101c76db04
20211102A12_1,180,180,1.mat,180,19,0.664411,6,4,1,6915db342554b5623cf5c6b3f47399908cc678444bb8e7ea4d6a1cdefc059c9b
20211102A12_1,181,181,1.mat,181,6,0.209814,3,3,1,44a133129e779aab0ed14d7334093b9f87d3992ece071108ff6ca927606b3adf
20211102A12_1,182,182,1.mat,182,6,0.209814,3,3,1,36e3a05281e8cd9a49dd87b31d8927ed7a7fc5a05843ffa38fe4fd608b680612
20211102A12_1,183,183,1.mat,183,6,0.209814,2,4,1,bc35c95f52b342b883d83c00230d370c3315b630ad803c9c6fb5d6336389983f
20211102A12_1,184,184,1.mat,184,19,0.664411,5,5,1,d040aea1109ab78504a476cb08aea3e56f82f4f72649bab097fabd69ae1f95cd
20211102A12_1,185,185,1.mat,185,26,0.9091940000000001,6,5,1,a6d496495318b600ac9a2c30ff01a93899ad1bbf893c291cfa713b86f06a1c94
20211102A12_1,186,186,1.mat,186,12,0.419628,7,4,1,23243d7206c864bb2b085a48a9f4e9a8bbce62d85de0b7ad6a515252c3244822
20211102A12_1,187,187,1.mat,187,8,0.279752,5,5,1,774b9fd4e1765aa0498130e2ca5367b694a750f692863aabca9173ced77b9eac
20211102A12_1,188,188,1.mat,188,9,0.31472100000000003,3,3,1,6e3d367e81f017629c32de4774e0ef94eadd5a1d3a084730cfe54a9833cbf100
20211102A12_1,189,189,1.mat,189,57,1.993233,11,9,1,b27ed50f35acc1181c4b555ed3dc3b775585060c93fffdae65fa4d8197285609
20211102A12_1,190,190,1.mat,190,17,0.594473,5,4,1,ffc7d0934cf08906c77457cf1240880e696b69c47cf0a26d13b005b47a46f033
20211102A12_1,191,191,1.mat,191,20,0.69938,5,4,1,047521caffb3c7b292ce0eda1f7b03d34d86c0aff5bb6c9d25d93a6916140b7f
20211102A12_1,192,192,1.mat,192,95,3.322055,14,14,1,f88c3c58243b3b2c438529bc6e7ee4d975412d1bc999e01216ce67771bd55308
20211102A12_1,193,193,1.mat,193,9,0.31472100000000003,3,3,1,082a69b014320d0b05242b5827e4c617b2e23d98a7a9e0eb18979aa1c01e2d3a
20211102A12_1,194,194,1.mat,194,75,2.622675,9,12,1,5fa81b9f4699df53164bb1ffe59a70b1bb6c5c6e643a5cb192349f28e865d8d3
20211102A12_1,195,195,1.mat,195,25,0.874225,4,7,1,455c7cb2d54dea986368508925bca6545e247fedd4caeed6afc4df302fea3476
20211102A12_1,196,196,1.mat,196,118,4.126342,15,16,1,fbb71229ac3e2e2e6ac483e06ef533f457ff1a1c375bb332f2937fcc4156e784
20211102A12_1,197,197,1.mat,197,20,0.69938,7,8,1,7bd4b0b6c0ab782f18de34658ac36c58a9494246129ca660b3a6b9b004e28104
20211102A12_1,198,198,1.mat,198,9,0.31472100000000003,3,3,1,6da856afc03a5f5e40891d253d1036fbbe99f6f59e744cb24326b5eb35fad9b4
20211102A12_1,199,199,1.mat,199,27,0.944163,7,13,1,4766b4c98192754247c718dc88a6f3337e67db265eb7ed6ad782c92065c8a0f5
20211102A12_1,200,200,1.mat,200,8,0.279752,4,3,1,70eb8f787af8a0c4569442a347f82ccba00b0e167488d1b92cd8ccf5c7be06ce
20211102A12_1,201,201,1.mat,201,15,0.524535,5,3,1,bd12842d7b9d600ba86064e8861eb8db897284ad1b4fcd885d277effd7611dbc
20211102A12_1,202,202,1.mat,202,4,0.139876,3,2,1,64b242a07ca3e9e020ba1986a606cec0b47fda2fda93945535c7efba86200a37
20211102A12_1,203,203,2.mat,1,36,1.2588840000000001,13,5,1,1f31cc4d90b479535e8bbaba4690c69c5a018772c9b7cf7d551b427e82a8b277
20211102A12_1,204,204,2.mat,2,46,1.608574,8,11,1,eb5afb6379b40b45092af444c3d21e873e849daa6aa551e342a6f44366df82a8
20211102A12_1,205,205,2.mat,3,44,1.538636,19,12,1,d7be979d56d2122943d1b93da09092d720ccf8326048def2fd672311ea313a95
20211102A12_1,206,206,2.mat,4,31,1.084039,4,9,1,20cc3b150948bf08e8ce2e7ff2983da46b70ec1f69a65d9d6c5996008b95f6aa
20211102A12_1,207,207,2.mat,5,9,0.31472100000000003,3,3,1,7c87915fee8086381ba8b5549073fe66e6e57d636459bc8d58e13d4f0f510ce9
20211102A12_1,208,208,2.mat,6,7,0.244783,3,3,1,9b48999eaf1180c597466509b20eae212e028bd46d5a9d76f10e36e772e4688f
20211102A12_1,209,209,2.mat,7,15,0.524535,7,3,1,0a5610792a84961bfb8161416ed67b93b5399f91f98c38de81ce4d4aa14f6370
20211102A12_1,210,210,2.mat,8,12,0.419628,3,7,1,83b99ef7d3c5f71048b6772d098b52a232de9825630a9281e9dcdc991d43fa48
20211102A12_1,211,211,2.mat,9,31,1.084039,7,6,1,f4b1e62d56c6e1e6c71a169433862cf4ff3d15a6dd00a95bc16a5c776ba5572e
20211102A12_1,212,212,2.mat,10,7,0.244783,5,2,1,ffac9705dab1fff3fa6f475b6b88c9291dc874a890913b1df68d2534972ef9ce
20211102A12_1,213,213,2.mat,11,17,0.594473,5,6,1,4acc802225217ae4af2ca2d388ce4aef92853b1a6f444770575b4888e495e094
20211102A12_1,214,214,2.mat,12,30,1.04907,4,9,1,2c86064fc44042c654f6d414d30d2027c18f5b333efe5c2e4eb1d2017a4f3355
20211102A12_1,215,215,2.mat,13,112,3.916528,17,13,1,e9d31b3bf20a73b0e894346666d30948b18aa8a6d934d72a8785af8a72129627
20211102A12_1,216,216,2.mat,14,11,0.384659,4,4,1,c4020634aa03d50b5fa2298b796d85ba3080df42ce4e927e11a017cb76d33a06
20211102A12_1,217,217,2.mat,15,7,0.244783,3,3,1,bca88b8afddba5175df8bc06c6d4c2124031c1e6eedb6602ec1d21519eee9b5d
20211102A12_1,218,218,2.mat,16,21,0.734349,5,5,1,7ca6cfd1f8e82e4523abfb2b07dbd36f84ca46eca6ce45f5f7829f39142ea30f
20211102A12_1,219,219,2.mat,17,34,1.188946,10,6,1,0204dc7b2f18a846a1aed4312013cf167c66a85012d30357f74dff8cb7b1c44f
20211102A12_1,220,220,2.mat,18,47,1.643543,9,9,1,d93b4d6a8f0083e5be2076dfb7238e170e0f847cca48f5e08d31439e2d6db417
20211102A12_1,221,221,2.mat,19,7,0.244783,4,2,1,d79d61dc5f1b39bf2bfed53a97aec27a50978a10efc2b48bc8de2979b81bb3a2
20211102A12_1,222,222,2.mat,20,9,0.31472100000000003,4,5,1,d8d15937c3e284fdba9018cb6b459b787daa24187fbd587796ffbc81777e5d5d
20211102A12_1,223,223,2.mat,21,12,0.419628,5,7,1,ea8f33eca40b0257a4cd8f5a4bb684001385ec919bb16e19503e183bb81e0582
20211102A12_1,224,224,2.mat,22,13,0.45459700000000003,3,5,1,a37cbcd7696c5c817f6f47bfc021fb3ba3069ba171c77009f117691575af6dd6
20211102A12_1,225,225,2.mat,23,44,1.538636,11,9,1,d3a67691faaa3501d9fd1ed5d681f74fae5972ba96de76657e372a917f19f95e
20211102A12_1,226,226,2.mat,24,16,0.559504,8,4,1,d997f83636c9fed3cbf99f3f63b15b98f6c854902ea5e069a9e6d692986f2802
20211102A12_1,227,227,2.mat,25,45,1.573605,6,10,1,4c537c00423d6e7197b4e0ba40a71692cce33d84f111154ab6df3d80e8bea1fb
20211102A12_1,228,228,2.mat,26,40,1.39876,16,9,1,3dc6588902085572211ee4ea4058c4520ea10171f6cbef40b63e927865d165f9
20211102A12_1,229,229,2.mat,27,22,0.769318,6,8,1,cfc60a7d730dc82d3c6ea88f24005982a527088e9dbd8b9e8f9d87664835b321
20211102A12_1,230,230,2.mat,28,33,1.153977,9,11,1,31e283879d1c83986162798d29fb926340993f6bccc739023ca19487299114fb
20211102A12_1,231,231,2.mat,29,22,0.769318,5,7,1,9670e3b883a25d0036575716d170f9942ad7113dd636a89a8e48e1ddec458b02
20211102A12_1,232,232,2.mat,30,22,0.769318,4,7,1,e16fc81b7681864262f7fab3e5072aada735e21b7d687110d46c3e60234d1d34
20211102A12_1,233,233,2.mat,31,10,0.34969,4,4,1,6ec87a311fdc6c807f1d50ebb8c68ad9568ab2a1f23e9b2f3394aa6735238c2e
20211102A12_1,234,234,2.mat,32,11,0.384659,3,5,1,9c6dffe7b33b73dc5a853b3db4135a902d34c6ef65462a44e0d6a13bd9ab2ee1
20211102A12_1,235,235,2.mat,33,9,0.31472100000000003,3,3,1,c030fb5e28a40dc217d2ae613fc66d2f5c9cd3252d4fa8b7f0642c9e0e574c87
20211102A12_1,236,236,2.mat,34,92,3.217148,15,14,1,02522456a2799119503faaa33cdad555c8ff8d9c557096e45328837ecf489fef
20211102A12_1,237,237,2.mat,35,14,0.489566,3,7,1,93339f9feb083c50dd1c236e775fc8e04c66bd9badb8a7301f4db3eae80f5953
20211102A12_1,238,238,2.mat,36,128,4.476032,15,15,1,2c2df975791d96bf9afdd9c2be344518ee1feeb6144c0397d2041ac22f6e9d0d
20211102A12_1,239,239,2.mat,37,29,1.014101,7,7,1,6c393d93040cfdeed367280d74a7210987cb7cfbf8a5d0e3719c5c837d323bf9
20211102A12_1,240,240,2.mat,38,5,0.174845,3,3,1,c4ecc829f85511e76b9b2d5a2c43f854f20ab359d25efeda7408460b6280189a
20211102A12_1,241,241,2.mat,39,41,1.433729,7,8,1,ea29a89630955517a0a6e42c40ba26ea48b3d42dbf2d18e7d1ab040c77974454
20211102A12_1,242,242,2.mat,40,63,2.203047,17,10,1,6862d1bf9d8229f47134f57ec647afd503b084c648701ac5415bef53882240e8
20211102A12_1,243,243,2.mat,41,26,0.9091940000000001,8,5,1,e7d4f514437b9104dc36dcc4499e94085a973e29ae11dadafb5f589bf4d1ca77
20211102A12_1,244,244,3.mat,1,61,2.133109,15,18,1,792fa51933f04582bffd1835c5a1c12c894fe8050ff668b9bfc62de9f15cc566
20211102A12_1,245,245,3.mat,2,27,0.944163,6,8,1,f4e073a8983513c63ecc12f8d71443308607ca1050d2b77e63113fc8377896fc
20211102A12_1,246,246,3.mat,3,95,3.322055,15,18,1,1e9b5c13c9ec81e73522822f416172a4e55ac93a356da2a9d3706e90012960b1
20211102A12_1,247,247,3.mat,4,8,0.279752,3,4,1,977969316e6a9da5ee4a20471b9c3d18d0805903650e192370d703b060371e0d
20211102A12_1,248,248,3.mat,5,25,0.874225,7,6,1,e5c23f4588429fa64dbf454d9c2f38c0c4dfb974bab02e52c465e2ec8c79fad9
20211102A12_1,249,249,3.mat,6,61,2.133109,10,11,1,db59c17f1435c6baa5108d415c83e8f6b966c13ef3e59351478c7cb8d8d1fa22
20211102A12_1,250,250,3.mat,7,15,0.524535,5,3,1,3c631b371a1e6123fefe447e91a7156a7ecdd97e2ea47bf254d0cefc11100238
20211102A12_1,251,251,3.mat,8,9,0.31472100000000003,3,3,1,8da2050ff9f09badf834d646aec5b5e444a8a9057dec9c94269d82ac5a3847a5
20211102A12_1,252,252,3.mat,9,9,0.31472100000000003,6,8,1,8b260cbbdbe7be9a74f79d2deba6bb13a77ac83133e617626c2b5a789136a8b8
20211102A12_1,253,253,3.mat,10,40,1.39876,8,11,1,30f46be69bc8da16050d46c9df82f0778810a7d8b407d8e078694f4a70f1f268
20211102A12_1,254,254,3.mat,11,34,1.188946,5,8,1,32d053d2d0405687e1ab19caac3805e74be1514ab3a1433689e8ed842bba6583
20211102A12_1,255,255,3.mat,12,42,1.468698,6,15,1,6d45ce208eabc795ec68b0de74600180098d82bcc493799b0b87c6ab9dfc2aa2
20211102A12_1,256,256,3.mat,13,14,0.489566,4,4,1,9d00eb41ebaf9d9c3950c21d6feedd7b0bfc4f9a3c6431b48b83f4fcb5f7e98b
20211102A12_1,257,257,3.mat,14,10,0.34969,5,5,1,b4e69eda81b00ef48a43a817e449fef86037f6a9a796b75a96b7a3315455a671
20211102A12_1,258,258,3.mat,15,9,0.31472100000000003,3,3,1,6d89961b97fc3689d25db47c5744228e5a121c5b0eb384cd2730c34fe65514de
20211102A12_1,259,259,3.mat,16,25,0.874225,5,15,1,60d879e79920cc641311c0f2db4336c1578bac1a9d9680277c074c98d268c7b1
20211102A12_1,260,260,3.mat,17,9,0.31472100000000003,3,3,1,883e16cf7b2430766e989861918018bd7ff89e0df099768845799f2de5e326fa
20211102A12_1,261,261,3.mat,18,7,0.244783,3,3,1,d99e10517b56f4d2000e4b17f001e58820c979f6ae95465f281db825a6ac4339
20211102A12_1,262,262,3.mat,19,5,0.174845,2,3,1,ccc00bcd90a019ae3a7f7704ad291f756ba4c4c9d12f49d1213adf086f0d324f
20211102A12_1,263,263,3.mat,20,4,0.139876,3,4,1,d584fec8cff9aeca0c4e133004197733f3d416ccf5de0cf1458dd64469627495
20211102A12_1,264,264,3.mat,21,9,0.31472100000000003,3,3,1,e4aeb0f6549bdc2ff44cac6239a5879ccc8ac0aa6c9577f7a460b0f625bf1b8e
20211102A12_1,265,265,3.mat,22,39,1.363791,9,7,1,6567247069c8af60118ce1626581de9ed3b9ac2226c0a051912754443594fdc5
20211102A12_1,266,266,3.mat,23,64,2.238016,8,14,1,c5f28ab5acbe73040340f96cb3e39e858188e7e03e76a878d6df07b94cf32ba8
20211102A12_1,267,267,3.mat,24,12,0.419628,4,7,1,bac53f4022d92259fc86b93ee370edc46d8a98b3123c283d22b4bfe5a3542d10
20211102A12_1,268,268,3.mat,25,50,1.74845,14,10,1,e75afb54585780413f1c21aa3e9f9059f8415016a0fd47db6748fab5d273505d
20211102A12_1,269,269,3.mat,26,80,2.79752,15,15,1,00b149df5c5dcfd5cd824260aa6470260d70f1155f19f66261662353adbb4589
20211102A12_1,270,270,3.mat,27,44,1.538636,7,10,1,8bbd748ed4b1aac3569de775ccc019ba2a4656a4a0370f20d05520e74000a385
20211102A12_1,271,271,3.mat,28,13,0.45459700000000003,4,4,1,b33f431f26ec1ab627b689b958367e96704baa320c3d929a73609a5f1ac9bf9f
20211102A12_1,272,272,3.mat,29,53,1.853357,18,8,1,dcfb8156db70b2f64c253c1f0bd0021c59e6909c5a1f6267783a2d4b39304359
20211102A12_1,273,273,3.mat,30,11,0.384659,4,3,1,5fb3d1d43792e435e7db4fbde25eee0bcec55f2dfec0e6507894c4e902e188f4
20211102A12_1,274,274,3.mat,31,12,0.419628,4,3,1,0cf53a081c7a34ead38aff35f8b9a309fe6a55d4b7e1e365af926aedf82c25a5
20211102A12_1,275,275,3.mat,32,27,0.944163,7,5,1,5c35a241895f876625f1fad67f397987b24332d8c57338ad3dc3cf35b88437b5
20211102A12_1,276,276,3.mat,33,59,2.063171,7,12,1,b70ad2c6f0f13d3a1063eea3c7b593fae179df89f9c639cdf39db0e5608eefe9
20211102A12_1,277,277,3.mat,34,40,1.39876,8,9,1,446e3fb43d1ed098e176881f6619ba29553d757a679be069ae78b052ceffe49d
20211102A12_1,278,278,3.mat,35,89,3.112241,15,16,1,bd4b038c195abc809ec7b04ee957cd8878ad672e77c99e4dcedb2fec562bcca0
20211102A12_1,279,279,3.mat,36,25,0.874225,9,8,1,d5e21b14a2acc751d3f0241acb54e799c7663aae7f97d4ca3e3af6f5ac1c13ca
20211102A12_1,280,280,3.mat,37,12,0.419628,4,5,1,696cd2055d6b2f8647b7aeb3523285884c8ec79ed69c60b431d55a6b428f42bb
20211102A12_1,281,281,3.mat,38,28,0.979132,8,6,1,815f5eed8acb14f521dc057674cc5f1a7a998ae98bc4f86aeb07928ae41ddcb5
20211102A12_1,282,282,3.mat,39,10,0.34969,6,3,1,a01be94a1e9020e49c61666c80e0198009605bbff2ba53dcecb9f9047bd37237
20211102A12_1,283,283,3.mat,40,18,0.6294420000000001,6,5,1,411f94ac2ec61ddee227a086875f60fc5d4a87495d4c1ca267198255e79f5d57
20211102A12_1,284,284,3.mat,41,21,0.734349,4,6,1,8943268cbb1ac3243a14038f0fa0840cdb9a6f66dde15f587a69f0fbeb8a6148
20211102A12_1,285,285,3.mat,42,9,0.31472100000000003,5,3,1,0c22928278a175a47e120ea681771a9b2e5fb6bcb554f7559300f9e581030610
20211102A12_1,286,286,3.mat,43,17,0.594473,4,6,1,de0a666dc3748c6290111552fdcd8572f3d36722e2380327ac1139cb448bae71
20211102A12_1,287,287,3.mat,44,13,0.45459700000000003,2,7,1,ea0aa57617bdacf7d13d8f4074e13776c97d18f25bf3259328cbade9019ce6ab
20211102A12_1,288,288,3.mat,45,13,0.45459700000000003,5,3,1,a40e78a257086fb9f7aa44bedd17f7a04b10450ff937527ae0dc68aca1c29f4e
20211102A12_1,289,289,3.mat,46,18,0.6294420000000001,3,8,1,36f3969f297625128eff753310a2b37a72011fb49d412ec995330d6bcd6a051a
20211102A12_1,290,290,3.mat,47,24,0.839256,8,6,1,fa57be81ba72cb8b928c0f077fa22896d858e8fc47f232f9f5b159172578f6ab
20211102A12_1,291,291,3.mat,48,35,1.223915,8,6,1,3d41697417136b1d3986ee032b2711e93346fcb66989f2d6a88d0e14f66a8a08
20211102A12_1,292,292,3.mat,49,5,0.174845,2,3,1,88de9454b4616b1ad3726f9a3f672f5c4fe623fe48ccff15dc3efeee208c5144
20211106A01_1,1,1,1.mat,1,5,0.174845,2,4,1,cd0f72cf2cf68fda720e8a21e77aa94a3ea7a0ba92cb1938f3075142a6d93cca
20211106A01_1,2,2,1.mat,2,23,0.804287,6,6,1,ae133c3da789ce7dfa053ae54051fd6f1c8d351d7c66f9843d3e59bbc28684f5
20211106A01_1,3,3,1.mat,3,33,1.153977,7,5,1,685ac2edd6e65bc413f026447a00c4f1e5d13ffe44dee3181151104618ae9200
20211106A01_1,4,4,1.mat,4,19,0.664411,8,4,1,8a12efd9993dff55f573db9ecf3e7066faa54fc55e60bcd1f8e98ca957994150
20211106A01_1,5,5,1.mat,5,101,3.531869,14,9,1,6af38b1906a7da3a38f01474cf87c1af52eb37d7a8e876ed87022c563d4c51bb
20211106A01_1,6,6,1.mat,6,11,0.384659,4,5,1,0f03c9e97823ad3067307abd0f07c66e65f6a7455ab342b76d1dae92ef195e1b
20211106A01_1,7,7,1.mat,7,9,0.31472100000000003,3,3,1,f2cb7e5c56baf1672ff5e2c314c1a583752cc1aef1611889957aa9c7c784fff9
20211106A01_1,8,8,1.mat,8,12,0.419628,4,5,1,2f33a894d8df829e6e5cc0239e32642bea35ce229a2a29589901124d6342ba46
20211106A01_1,9,9,1.mat,9,9,0.31472100000000003,3,3,1,da0129ec75b5dab501b1bba6e03187196a702b6b6aba20636e2b6e5e259514a5
20211106A01_1,10,10,1.mat,10,11,0.384659,5,4,1,d9794029d2dbc92bb7e7d1f07d66680c26943795d392c0a39193591d93b61df1
20211106A01_1,11,11,1.mat,11,16,0.559504,4,5,1,da854e594708d3a1c9347d3db2c0b5c61a27afb9c7b7ed96505b163e936d0e24
20211106A01_1,12,12,1.mat,12,11,0.384659,3,4,1,697a6ead894dc04864dc23d3bb2de74ddc7a85681417e6cdfdc2cf00b93b9bce
20211106A01_1,13,13,1.mat,13,20,0.69938,4,5,1,17efa67faa88adac51264e544f7b0a78c3bcac847798494c475cfb83ed468628
20211106A01_1,14,14,1.mat,14,25,0.874225,6,8,1,40225e237b394cc301972ad72a5c1f2fc5566e9a78bd31796e93b8b17ac90592
20211106A01_1,15,15,1.mat,15,18,0.6294420000000001,5,5,1,1855c2cfbef769f02895ba5ad23f1bddb47f6ac1dcc34a18c3db910339a07539
20211106A01_1,16,16,1.mat,16,9,0.31472100000000003,3,3,1,5e8c9e555a52d35836adcbdcb869355c0b9ab0452176e79d499902549e56b948
20211106A01_1,17,17,1.mat,17,9,0.31472100000000003,3,4,1,6024b6230fecdf539c8c00d20bb3e2b5796bf7031e4d48ee68e8a9b2e087bc8d
20211106A01_1,18,18,1.mat,18,11,0.384659,4,4,1,7c34d102f31321a5b329db0175c0521e426f5abcc5c8fe327d19fe2b8ffbfb3c
20211106A01_1,19,19,1.mat,19,33,1.153977,8,7,1,a6aa253d0eee428b4ce5eca7562cc65c645d7dcbaa2b3c67b7a8dcdee32b0e85
20211106A01_1,20,20,1.mat,20,7,0.244783,2,5,1,103e1b682ef1f3816fda2ebefc192157fc92210fc1d689d12dab4024d0168124
20211106A01_1,21,21,1.mat,21,41,1.433729,8,7,1,be4f11600ac4bb7483abfa025f769ec98332c32318277ac132b1ede1b3bc6979
20211106A01_1,22,22,1.mat,22,33,1.153977,4,9,1,6b8c0e046e4526d9a5276eda24303c67136c7b646b816fba197136cb4d736a17
20211106A01_1,23,23,1.mat,23,92,3.217148,11,18,1,6b777866f9712f6257fc2a842fb60cd2fb24e7adb04ec9ffffbaa8bbd7d5dfa7
20211106A01_1,24,24,1.mat,24,21,0.734349,5,6,1,a736a85763bd1bc2fefd08c0c8e2386196f85bb6f04cf2e7ad92a8e184c29304
20211106A01_1,25,25,1.mat,25,65,2.272985,10,14,1,267a3205f64493eb11a6a0e3f42860458e52976a73a67bd00f838afb653ed2f2
20211106A01_1,26,26,1.mat,26,28,0.979132,5,9,1,c9acc4e1da8a5d1bc6a3fbdd41e49b627f74cc11b5f2137729e0dfab59e0708b
20211106A01_1,27,27,1.mat,27,28,0.979132,6,6,1,1f17d70d5ecc6c9121605c79b5386d3803c300bd78f1ca31f5cbdf4d108ee0d8
20211106A01_1,28,28,1.mat,28,21,0.734349,7,8,1,3e3c7e0e14e37dfe5a71efcf6f16a9ae7e7c70797d1758615459ae2fe8837e92
20211106A01_1,29,29,1.mat,29,18,0.6294420000000001,5,4,1,f0ca00b430c66e82f2acc3d152adfab2e887a604ac1611754890fb0411e40b27
20211106A01_1,30,30,1.mat,30,16,0.559504,7,5,1,947ea3f1b778296220ac61ca4ce60ccdfc994aa4bacabbb3d0454e285108d7cc
20211106A01_1,31,31,1.mat,31,10,0.34969,5,6,1,edd8bc53e7460b6be22e61d6786d6dcda45c73d4de3f1cda8179046d931b3f98
20211106A01_1,32,32,1.mat,32,63,2.203047,9,13,1,522c197d9e1996d80abcd682f821302ef395d99f6b6dd6598e453f3da254be24
20211106A01_1,33,33,1.mat,33,14,0.489566,4,6,1,fd48d94a7d43dba36cb72b72faf813d5a16095fe5c4d5f2a2b39dc7413ec5ce9
20211106A01_1,34,34,1.mat,34,12,0.419628,4,4,1,0ab799a48c61b8adaf8b3c672ffa96f9e4292d98f5adf62a8b42cf539b8e4ee6
20211106A01_1,35,35,1.mat,35,10,0.34969,3,5,1,61165079adad82874787b27b0a1407b19143d50270e5b1624bd5ca70398907a9
20211106A01_1,36,36,1.mat,36,5,0.174845,2,5,1,5e6614d6476a970e6de37a33987a095697396315a5eba865f63261af53c863db
20211106A01_1,37,37,1.mat,37,10,0.34969,3,4,1,fe2cdc3fae4c18becb28b2a43f3ceeddb1e1a107c4c662eedea908ad22823cc0
20211106A01_1,38,38,1.mat,38,29,1.014101,7,5,1,5f9ec77278390822185bd2c7c85559657cf15d8bd48756856d773420b9d64248
20211106A01_1,39,39,1.mat,39,4,0.139876,2,3,1,c4156d4d96c5a5d370c22ffcfb0700fc769cd9f29c7cfb94c2467547f634a469
20211106A01_1,40,40,1.mat,40,96,3.357024,12,12,1,0d1a1dcc53e3888dc7db4d8fcc9d1b3f344a310205f9c4783625b64a4539fc32
20211106A01_1,41,41,1.mat,41,14,0.489566,3,9,1,4330b87295e0f6575146baeb0cd1ad3d57668cf3ebc73f9dceaeaca512ad8024
20211106A01_1,42,42,1.mat,42,23,0.804287,6,8,1,1d7d54c9fd05f53a785c5c8a706e6f516e41ac8701fa240f3ef6f62ad6ee31e2
20211106A01_1,43,43,1.mat,43,29,1.014101,7,10,1,94642ff630c512d4d081a976f48d287ecfd49685bcbaf26384db1b48ba8dd274
20211106A01_1,44,44,1.mat,44,39,1.363791,9,7,1,a2744c004e7312d330a8b85b7c158adbb722411c7a190c3f67c950a68ef489b6
20211106A01_1,45,45,1.mat,45,21,0.734349,7,3,1,ee7a7304cb2bf7f8b09794fd4d111af7ef87e7e4ead9c3330c5d34da65c4110f
20211106A01_1,46,46,1.mat,46,20,0.69938,5,5,1,98a58dd772ec48905428063233a5ebfc799f073fef7b98ab3591b5af5b53c28c
20211106A01_1,47,47,1.mat,47,90,3.14721,16,11,1,56044f54bc177d8eecdc553f43fb44e8ff76d0b037328c14f3501612af72dba1
20211106A01_1,48,48,1.mat,48,79,2.762551,13,8,1,97a4f977e60ea2a4d8b4046fe2fb1c9feca101def0614a0dd0f7d02e49536dee
20211106A01_1,49,49,2.mat,1,35,1.223915,8,8,1,840accf425fc97622b6d0e4a8c7a0a495b36bbc8fe93eb586a60d7f670dadfd7
20211106A01_1,50,50,2.mat,2,18,0.6294420000000001,9,6,1,645bc378d44a205b7cc4156bdf360cfb64b5b00df1544e6b63d8ca10b8698661
20211106A01_1,51,51,2.mat,3,11,0.384659,4,4,1,2a116d3641de0091de68c449f76dbc6f4753a349800304d0c1ba0b7fffe7a057
20211106A01_1,52,52,2.mat,4,28,0.979132,9,5,1,be00b4ba880692d324c99efe54e8609de5cadf4c12d5f7d6b7e66cf3a1dc6b9c
20211106A01_1,53,53,2.mat,5,9,0.31472100000000003,3,3,1,aad5e8b8f9e52e5d2d3633dc75ae2a99ae1c9a365e1fdfd7a2a4dc68d3855b67
20211106A01_1,54,54,2.mat,6,40,1.39876,9,9,1,a28b1febb1f5f2df7c40803b8cd148ffde8ca5e9cdfc529920cb225751ff04a2
20211106A01_1,55,55,2.mat,7,9,0.31472100000000003,3,6,1,994b25ecf0a116affe72845438444e05457acac9d4500826ca3636dd4b982cf8
20211106A01_1,56,56,2.mat,8,23,0.804287,11,8,1,b3c1b17661c29c2f3665fc7b6aebc6027db8ff737b89279d30df9950db9fccf0
20211106A01_1,57,57,2.mat,9,19,0.664411,8,6,1,f75569ce06fcbf201de160495fd73577d82ed6517384df780631dcb10e3784dd
20211106A01_1,58,58,2.mat,10,68,2.377892,10,10,1,4d6a1bf8f85d4702d2319d6e6eebe2d5fa1a104ecf308fe0d1d4b39e735b7ef1
20211106A01_1,59,59,2.mat,11,5,0.174845,3,2,1,10dc9c16faf92655a6fd8cd20a6b04c13e7984b45d2f8814397c1bf3997171e9
20211106A01_1,60,60,2.mat,12,9,0.31472100000000003,3,4,1,a2ec6b68a7dfc56a10713d08879cfff69478c2d3a50a721d4914dec2d986fcb9
20211106A01_1,61,61,2.mat,13,4,0.139876,4,2,1,8972fc83ebcfacfc39a45049c2b5a37fc4fdf328dd68bc8bb5c0871a1d3884c1
20211106A01_1,62,62,2.mat,14,14,0.489566,4,5,1,a537e137541ed49f2b145415e7aa8562943e79c69bb13289ace3ce0f8030fa29
20211106A01_1,63,63,2.mat,15,32,1.119008,5,9,1,3bb14d8fd51b6faa4e4508b7a91145909915453382edeec62a3475acdc3e0ec1
20211106A01_1,64,64,2.mat,16,48,1.678512,20,7,1,bee392e240d41e83f88c45e435052e14cc792af6a7108d5e6721428381e4bcfa
20211106A01_1,65,65,2.mat,17,15,0.524535,3,5,1,aed9b8e59fa1a326d2ac01f66a144ef019c45fa627c1ec65a77dabdd432db2ce
20211106A01_1,66,66,2.mat,18,97,3.391993,15,13,1,b9183f1bde1a7f23a959ae4404fcadd4086bb010b5695dafba8d2e83f825a003
20211106A01_1,67,67,2.mat,19,7,0.244783,1,7,1,ddf84382b9cae73d7758bcc1de1bdeae5ce58a0715eb6d6819776bca703f2999
20211106A01_1,68,68,2.mat,20,41,1.433729,12,4,1,a937dab4df90ad751c5646eaa5dd21e2f733a142b951dc000d74f0e040387ae5
20211106A01_1,69,69,2.mat,21,4,0.139876,1,4,1,b4b304ab21b869286a1f130236cedf7157ad638c65ac71aafc421c13a80df389
20211106A01_1,70,70,2.mat,22,96,3.357024,15,11,1,e2c172f986bcfd5e1e0d5560e6cd17f13135f0f0ccdf0e9af8fe9ab530650563
20211106A01_1,71,71,2.mat,23,69,2.412861,10,9,1,a71e9147e6cd74cd02c6a6f0822a7c90e8343d401aa3cf98196de24bcf4655ca
20211106A01_1,72,72,2.mat,24,19,0.664411,4,6,1,83e9a13b056ebe6953eabaa199f1f42cf2ea2f32bb0e68791db697c05bf0eb13
20211106A01_1,73,73,2.mat,25,62,2.168078,11,13,1,414d38d468fa9c4624b7454cfd74f04e5ad4e60a50d46648b254a0ec7a02c31f
20211106A01_1,74,74,2.mat,26,21,0.734349,6,4,1,49f06d3ff59c29267ad1ffd0682df6ef797aea16f64ce4b53e6be578f8e3ee73
20211106A01_1,75,75,2.mat,27,7,0.244783,3,5,1,f50cf8b14ec074bd3433c3c9015fbba982e78d0dd742f995b8638d7d650c6918
20211106A01_1,76,76,2.mat,28,6,0.209814,4,5,1,94bf90cebf314d2fc9e94184e352aa0fb7d93f47ad1e69cb2e9d9def89a23499
20211106A01_1,77,77,2.mat,29,30,1.04907,10,10,1,d41e7f3098ef5ba2ca58dec5a83159fd756a798e2fe62a00655758009dfdfb7f
20211106A01_1,78,78,2.mat,30,9,0.31472100000000003,3,3,1,c402c9c9824db24753e96ef550d93991ad3a463f4901c524c0d773bf08849f4e
20211106A01_1,79,79,2.mat,31,10,0.34969,4,4,1,314e17bf09d36bd795ce37bf68096f4545618dd628bfbd9ed60fb9ea8b81eb28
20211106A01_1,80,80,2.mat,32,6,0.209814,2,4,1,218c0c8feb37217620b9ca5fbf760c2a4fcf6b055ee32e8adfbafeb65c26aa99
20211106A01_1,81,81,2.mat,33,12,0.419628,4,4,1,65aab4be332106c7e7243d6cd203d075b0c8890213ca9c18c3b5904d22d3c4c9
20211106A01_1,82,82,2.mat,34,10,0.34969,3,4,1,ca82872d9d823c830ca02fe6e0e848eedf868954a06f9bc819893c5f09114098
20211106A01_1,83,83,2.mat,35,34,1.188946,9,5,1,c665e1eca648680e9749740d1e6e0eed1053afa746d6dc68eaf3e9fbf2c25390
20211106A01_1,84,84,2.mat,36,48,1.678512,9,7,1,fee66ff615e5d25ac58181e489c525fed8e74d0def0e6716fabc612d780d832b
20211106A01_1,85,85,2.mat,37,15,0.524535,4,5,1,7a909fc2e17fcf3fdbb823d00a78d54c1dd2cf2eee3daa1ff07f93a8bc16cc1c
20211106A01_1,86,86,2.mat,38,43,1.503667,11,5,1,4dbf54cdd73b188cf77b8fd05ef36d48f8d2f71c3577f38d2b8cbc935aaca367
20211106A01_1,87,87,2.mat,39,15,0.524535,6,3,1,2e93eec20e262997b8053c56edd93c708515b0c2e7a3d0e684c828f83cce5ca2
20211106A01_1,88,88,2.mat,40,22,0.769318,5,6,1,5dfd3f516332f4fa75833234df80f59ccf9e189554bb549b2f598df867117a23
20211106A01_1,89,89,2.mat,41,94,3.287086,10,12,1,78915601575b2a138c1c7823a58c357f77f38ec7532305ef675d358fa79dbb5a
20211106A01_1,90,90,2.mat,42,43,1.503667,9,6,1,4dbc403c986fb6277e47350904bbd2c5219d7ddb2195d454c7dd12a3da44f204
20211106A01_1,91,91,2.mat,43,31,1.084039,6,7,1,555440e54fbf621933db1b9a916cd447a3492b3709a77c21471434966b9263b8
20211106A01_1,92,92,2.mat,44,13,0.45459700000000003,5,5,1,8bf025fd8a818f3ed7db558389e62c179844f4a40f18352f9c76e1b7aa9bd6fa
20211106A01_1,93,93,2.mat,45,11,0.384659,4,4,1,236c7c2745f0799eb511bc7a80044a1aaa37e65bdd0b686e1249fa604495892a
20211106A01_1,94,94,2.mat,46,12,0.419628,3,4,1,07c9a63006eceb19496a508c5092b446175c393544d2c8c32d814817bdb23e0c
20211106A01_1,95,95,2.mat,47,7,0.244783,4,4,1,4b06e5662948cd8838fa5b3ef7c39311977e47861378a54e2bab722998354c1f
20211106A01_1,96,96,2.mat,48,28,0.979132,7,7,1,c4b367f96970ab2adf01035aa9cf4e2f75fe91125bd87fe8e1dd53d4d13d4af9
20211106A01_1,97,97,2.mat,49,17,0.594473,7,5,1,7d14180b5cbc31f42dd45ac514a3112d2c5937bbbb0afb6834bbc495163509ce
20211106A01_1,98,98,2.mat,50,22,0.769318,8,7,1,04099ec8c32f92086827113e0af9a3be7e605d691671dcc24b6b540d05e1b440
20211106A01_1,99,99,3.mat,1,32,1.119008,9,14,1,02b60da5a4c326425ab43cbbe99e97fdd4015c49d50152776d9aca95e6ff721f
20211106A01_1,100,101,3.mat,3,6,0.209814,2,5,1,81f98a77944a3a444f9ad7e2e84a04410a93e72a9d459bc328ae682674b30177
20211106A01_1,101,102,3.mat,4,9,0.31472100000000003,3,3,1,4680aee0cf03876ddec7d9d45e3281588364a71167a4b0e6e8d96ef9f4667074
20211106A01_1,102,103,3.mat,5,5,0.174845,2,5,1,0781737593c0ff1961643114ad314b01f195d4ce46111ab29791e0f5cff44263
20211106A01_1,103,105,3.mat,7,9,0.31472100000000003,3,3,1,1d89cab50b4da57617e2cefb8578a4d2a5fe655856655a850a1b38b5dad75f5e
20211106A01_1,104,106,3.mat,8,14,0.489566,3,8,1,c6a7ea512f917db14912b264b610120e7b421e6635358f62e2b95c9031af4bb5
20211106A01_1,105,108,3.mat,10,24,0.839256,5,6,1,77ff500ac1d2c3a2170389c6f93870caec4829c2615f5979d9b55bc95618face
20211106A01_1,106,109,3.mat,11,12,0.419628,4,3,1,9442895587dcf59a62838195e76d19c3472fc86bd9bbe09a89a262be055d3b00
20211106A01_1,107,110,3.mat,12,6,0.209814,3,4,1,dc9d5328c70f1a30fbdacff0ac8c909db453ba6a86cd8f2651d6f36ab1626f22
20211106A01_1,108,111,3.mat,13,13,0.45459700000000003,6,7,1,72924c50f5a5c5eddf0d3f98d6d764bf165abacb8cd3c90209983f532185ec9b
20211106A01_1,109,112,3.mat,14,30,1.04907,6,6,1,96bb36faa127ecac81d8c3212618a10e6d37c83adacacce8493152bf02d9eefe
20211106A01_1,110,113,3.mat,15,74,2.587706,8,13,1,5c6272989c8eef7fff887880cec64a86ca6ec6c1f957055a6f48f2d8a6e4b875
20211106A01_1,111,114,3.mat,16,9,0.31472100000000003,3,3,1,857a6c6c57a248a9aacd6f1bf47d6d988cc1f2d09809653c0ec905659b872c15
20211106A01_1,112,115,3.mat,17,58,2.028202,5,16,1,09cd3cf3704cc0f4094a8f6366311f5b004dab206a31f7f4337e5499ffc33cf5
20211106A01_1,113,116,3.mat,18,19,0.664411,4,5,1,7a9592e23c2155fb6d39c0b4e080ffd5d54c7b35367dc381a65d2b7d068b2752
20211106A01_1,114,117,3.mat,19,9,0.31472100000000003,3,3,1,3fc1ffa0465a18df9112f592c74cf07488d70611837ef6c870d06d3975e3b025
20211106A01_1,115,118,4.mat,1,36,1.2588840000000001,11,12,1,ab219a496e444205dc7b5a1f6c7c5d108f1a59a79d07ce68915ee8e67ed83d13
20211106A01_1,116,119,4.mat,2,9,0.31472100000000003,3,3,1,a5a0c60071e724a5b5cb5e1068dda78b1846bb10781bccaf4eaecd54809b0287
20211106A01_1,117,120,4.mat,3,51,1.783419,16,8,1,a0e29e049bcfb581cdf0393e43029bdedbc73d34765412c5ba1064fa1007e6a7
20211106A01_1,118,121,4.mat,4,39,1.363791,8,6,1,64138ab34866b5e0d3c3eab1af37072e1fb1bfea82939f8cfad7207b8101b368
20211106A01_1,119,122,4.mat,5,8,0.279752,4,2,1,329218e2dca65add3acc1e818c6644fee5906b178983e983cd7b58a9cb8a8b4d
20211106A01_1,120,123,4.mat,6,21,0.734349,6,4,1,0a87744efe6c51fa2ed1e02d1f9f87409887f746cd55db331067ff3cc2d1bdd6
20211106A01_1,121,124,4.mat,7,9,0.31472100000000003,3,3,1,f2f04a0cde1c730ada849072e3d886a7d264aec0123eb8dd5edc7b9f22d0b385
20211106A01_1,122,125,4.mat,8,67,2.342923,10,11,1,0e09f22f1c857f7fe307c4ed4f6ddf9dab0fe52617a2702f4731f8dd130d4cff
20211106A01_1,123,126,4.mat,9,5,0.174845,4,2,1,0eabf29058c362cbb381fd00f459e8d0b4ebe11ce1426457a2bd8080a9c80f7a
20211106A01_1,124,127,4.mat,10,70,2.44783,16,7,1,be804fb35da0eb78f3a8b6ca6a24f79a6920cb616493e3ca55d2e7623659ee3d
20211106A01_1,125,128,4.mat,11,6,0.209814,4,3,1,8e76373d4fd4040d2190ebde4bfb4e0db759e27244ba748bd7b59c0f2b4b8f11
20211106A01_1,126,129,4.mat,12,9,0.31472100000000003,3,3,1,d8cfa3cdb407f00d0a2f495d69469a3cd1901f212d171c6d9ee183b5bcb9ebe3
20211106A01_1,127,130,4.mat,13,17,0.594473,8,6,1,631aae7f41a1984962b7af8f76ac29ebb8841bc98b4e6c603423213ff5727b2e
20211106A01_1,128,131,4.mat,14,9,0.31472100000000003,3,3,1,192ad5d18c2b4d9f998dd3b4dabb32c7a20e9b91cf61ebc5428e667723fc75cc
20211106A01_1,129,132,4.mat,15,81,2.832489,10,18,1,9ce2ce9069babccab3d4c40f670a7a998da931ec64c95d829736a0fc50c23985
20211106A01_1,130,133,4.mat,16,18,0.6294420000000001,5,4,1,b05cba2b4c4d08627c0ee9c44f3d9c4e05a59e6eb56a8f4ad5dacb8ec10ca45e
20211106A01_1,131,134,4.mat,17,8,0.279752,4,4,1,7ea7b257e6c65e7ce98a65c940c4791286bec401f07faed5bd29fc5d13f39066
20211106A01_1,132,135,4.mat,18,12,0.419628,3,4,1,f3a3d7ad9ed9a80e3eaace1656e34191a6eff8b1b9b2de5f1ef8e3a989dc8e9a
20211106A01_1,133,136,4.mat,19,7,0.244783,4,3,1,d79a7136322f1021014d6a1682edb0f2c40c3cadf132cfbf0398a066a48f62cf
20211106A01_1,134,137,4.mat,20,28,0.979132,6,8,1,32a94ccebdd14145f4e9a0b7298ddbf3a753e8eb5c7e2505687ab92f481e4e45
20211106A01_1,135,138,4.mat,21,6,0.209814,3,3,1,2187432df1359c64f7e4c048bf7b14a49845b5ae686afc10fb8462ec1abfdb67
20211106A01_1,136,139,4.mat,22,9,0.31472100000000003,3,3,1,a1a63d69d970c0c3fd46c6d25642a5cc5ec4208bc29afc98bb3d70c20b1f0b07
20211106A01_1,137,140,4.mat,23,77,2.692613,9,11,1,15094169f83798c3fc6ea23745be4790ac1dbda0d77866464db3d2b0604ba019
20211106A01_1,138,141,4.mat,24,98,3.426962,14,15,1,0d55e7aa537aac469cb9557054f2aaf54f31763b6b8774841156fe3077a31fd1
20211106A01_1,139,142,4.mat,25,50,1.74845,9,8,1,ac239c190e56c5240fa4593a4a3e4f7b853bcd938e85dc92028ac4e7e8ff44ba
20211106A01_1,140,143,4.mat,26,40,1.39876,7,7,1,68efac394e5f96222228bd9b4920fe29b2074cce68a5ce14635006a5a0a67340
20211106A01_1,141,144,4.mat,27,85,2.972365,7,16,1,d5f88bbb2a4632d8c773db483eb7dad192e56c29f2cc0dca317b21a8d926c9a5
20211106A01_1,142,145,4.mat,28,54,1.888326,10,7,1,c776e8e56adcdbda949789982394427fafa0d170ca79dbf3e9dae5d8db78f81a
20211106A01_1,143,146,4.mat,29,77,2.692613,10,15,1,61127f6847b54e92e9b759404ae44f6c398376cd9b7ba6c619e138f8ee4a9411
20211106A01_1,144,147,5.mat,1,45,1.573605,11,12,1,157fdba0145c5f64b5a9d89238431414a7146cb5800705ad86627962815ce20d
20211106A01_1,145,148,5.mat,2,7,0.244783,3,3,1,4e59a9565783fc3266afb3d55b91a8eb9d2923cd5f50a0a3bfe13934d0f2821f
20211106A01_1,146,149,5.mat,3,18,0.6294420000000001,5,4,1,b8a1538e7e77827dab6e6e89b2c03234754a981346d947352076641c8d2f2785
20211106A01_1,147,150,5.mat,4,12,0.419628,4,3,1,5fb5a4a37d23abc57ac88eef586f51256c0f013a1b09d05024fefdd4ff29c75f
20211106A01_1,148,152,5.mat,6,47,1.643543,17,5,1,5990e1039bb0b6ecce1df625d98b13c41cee8f6ffd76a5845615775783a9cf0e
20211106A01_1,149,153,5.mat,7,34,1.188946,8,7,1,362aa97251e3dfa6e34d65c338cc927297f294f0c60a6edff9f84300711a8fd2
20211106A01_1,150,154,5.mat,8,12,0.419628,4,3,1,200640bd84cd6a83bb2760cbeb46d505be52d41019085c566f2088539d44aee8
20211106A01_1,151,155,5.mat,9,33,1.153977,8,5,1,84be7c4c1328a06321d3ab7a584f6acfe86b2356fd5e8bbaaeb61a2d186d8750
20211106A01_1,152,156,5.mat,10,15,0.524535,5,6,1,13d4ef5a207889e5fdd12be19bc5a7d6b1d02e92957ec91d00f1f68c93fd75ad
20211106A01_1,153,157,5.mat,11,39,1.363791,11,6,1,5347774ff57db11eec5837f2efcb18e57bd3c6621a2fd1d831b8607befa93fde
20211106A01_1,154,158,5.mat,12,9,0.31472100000000003,3,3,1,5844458afa9ab728f65a497cc8c37f4e65496c6e81c04230b8808a48036ae6d0
20211106A01_1,155,159,5.mat,13,11,0.384659,5,4,1,75891566af0ab1a4f2afc228d88f7658393ffc46c39995ef1ca5e2f91422f38b
20211106A01_1,156,161,5.mat,15,14,0.489566,4,5,1,1512aeedac987c9fab6446850d9f6af8c6fe960c9f8151edfdd5eca71a53981d
20211106A01_1,157,162,5.mat,16,5,0.174845,2,3,1,a3e041145f2935e865251e809ff633be62fd381cf4ad7e81e18765ef771529ba
20211106A01_1,158,163,5.mat,17,9,0.31472100000000003,3,3,1,228bfd81f93047a61ded83b2a7d6b7954ff8f3758f870975792ee5c910c7eca4
20211106A01_1,159,164,5.mat,18,38,1.328822,11,14,1,ba0f6dde050f335657077c9ec071b0b2d06981fd2a5fb248dcea98c21e9177cf
20211106A01_1,160,165,5.mat,19,65,2.272985,10,17,1,331914b3896cec3ef49979673c79cfe8d366a2b60a62c912165d91937e5e8c91
20211106A01_1,161,166,5.mat,20,39,1.363791,7,8,1,16436d4affeeae7f1fbb7c30817d84762d33cee87ad0033421783d17c0674b9f
20211106A01_1,162,167,5.mat,21,9,0.31472100000000003,3,3,1,90a4e3b1ad03410c29813b62953be40a0bc882651996e7fb2869559caf50152d
20211106A01_1,163,168,5.mat,22,12,0.419628,3,4,1,f45c76c24317af2cdd3894af6c9d5d1d88c63c6548de4648522f427f3686fc0d
20211106A01_1,164,169,5.mat,23,5,0.174845,2,3,1,2814848207127a943810e01385b3a12d8b96766bc4d00b3ceba41b9e308b3dc5
20211106A01_1,165,170,5.mat,24,9,0.31472100000000003,3,3,1,75557fede3d52904ead51cf4289d3064d89b62f7a49dbbb670ce49a96638d0a9
20211106A01_1,166,171,5.mat,25,22,0.769318,9,6,1,0f007296735dd91606fea8e1ca72b1090bfc8818475e0daa6d5232e7725f9913
20211106A01_1,167,172,5.mat,26,81,2.832489,9,12,1,cb589b73e6343b4391036264defb35a8473f9b8baf3134a93cfbefd22f6a70d3
20211106A01_1,168,173,5.mat,27,9,0.31472100000000003,3,3,1,f5054422ef76af1cfb464f553ca73edf3115426d8990b58f8b0bf230b108c4ca
20211106A01_1,169,174,5.mat,28,31,1.084039,8,6,1,78c3318d10c30324c2bef4f6420b1c15c78b48dc015d86316d25d749157e199f
20211106A01_1,170,175,5.mat,29,6,0.209814,4,3,1,70eeeb1e8c953088602035099d8cde5aa1c0eb78c93d0e77fbf77762803d4764
20211106A01_1,171,176,5.mat,30,20,0.69938,4,5,1,cd523770fe2b322413584a9a59ac39b661d8c40250a0e160600475ce80ddb22a
20211106A01_1,172,177,5.mat,31,38,1.328822,12,15,1,cac217d19a9579d264e7b70efd1f2a93f15c76775a70f64000f855993e03d20d
20211106A01_1,173,178,5.mat,32,10,0.34969,4,3,1,bdfe118c500c1205a77d4e83dd0eecb8e8bab242ae798389af61f1c31f5a18e3
20211106A01_1,174,179,5.mat,33,28,0.979132,7,5,1,4e21e6f9fb7f09e140b916c85ee8a58cab41eae713e67adc24c17d550d88e628
20211106A01_1,175,180,5.mat,34,21,0.734349,7,6,1,bf068c8474757fc33a86df82c40876674f8ef285da6737f6ca9231f72dbe4529
20211106A01_1,176,181,5.mat,35,26,0.9091940000000001,9,5,1,4fbc69411fa4a02650f7d27628922e2e2c1bd5725f8dad5723e4ec59a6bb46fa
20211106A01_1,177,182,5.mat,36,8,0.279752,3,4,1,40811951c4550a9273be9b3a029739f45eaa4d1eb66e499424014833acdd1504
20211106A01_1,178,183,5.mat,37,63,2.203047,13,12,1,4f35c496bda8111999ebb020bf247bb9908472197c4198007668c9d57d7a5ff1
20211106A01_1,179,184,5.mat,38,9,0.31472100000000003,3,3,1,9f4049620c1063d66aa0f1a433d15c86867e2879e220336be119c93f07ad21c1
20211106A01_1,180,185,5.mat,39,9,0.31472100000000003,3,5,1,aecad5414671c7d89a16d6bd0f3bcaccfe07da881c220d84bdb2fe8263da6b84
20211106A01_1,181,186,5.mat,40,32,1.119008,9,12,1,aa09fe0fc77453062977330e8895073e19d63d19cbb96d62c53ec4c80572323d
20211106A01_1,182,187,5.mat,41,136,4.755784,15,18,1,288de094d9dad747cdbf860a94eef94d24d39bfe35626982322860fd5375629e
20211106A01_1,183,188,5.mat,42,47,1.643543,10,10,1,7ffab6923e5fa39239a2be840171cbad59cda986c126aa44b72027585ed6d2a2
20211106A01_1,184,189,5.mat,43,8,0.279752,4,3,1,c2850bfbdb4de6957e6e2dc6916fe5257fc5a0c76ef224679f3bcc12523a8c40
20211106A01_1,185,190,5.mat,44,159,5.560071,17,16,1,8b3000880b55e395cc177ab507bdd6f6afd401598ac69454ea58e79786179ba0
20211106A01_1,186,191,5.mat,45,9,0.31472100000000003,3,3,1,4c7642be2fe80bffa6856785513203027c83e871b288749449fdde0843a8a942
20211106A01_1,187,192,5.mat,46,12,0.419628,3,4,1,edcd1e823be27f79802ea47f57e9becc799417ade20ac3c3443d307ed4c7da6b
20211106A01_1,188,193,5.mat,47,9,0.31472100000000003,3,3,1,029c2aa3c9065c8e2fa9aa12fbc1397885a4939c12e896fe74553807c0707432
20211106A01_1,189,194,5.mat,48,117,4.091373,9,18,1,1a135746d75f9d1455ff352bebe4000386de121ece111077a72dd46efc3dc428
20211106A01_1,190,195,5.mat,49,37,1.293853,9,7,1,852a2e98ebf85fc827c0ff0394ff8e7603885f5228cc6a7f41379ce8e17c0ad3
20211106A01_1,191,196,5.mat,50,51,1.783419,9,9,1,e33e5cb02d2b7f35518d2ac5ffdd5d4615cb7bcec265524da770a8907282ed42
20211106A01_1,192,197,5.mat,51,15,0.524535,4,4,1,d75886c9ca04eb73b9c848295e9e8aef957603f6629c62c5ea4cc2798dec780b
20211106A01_1,193,198,5.mat,52,38,1.328822,6,11,1,51971b1be0d429fd79b628d1612f66944123423f2a7490b59a12efc5a6f0ddf6
20211106A01_1,194,199,5.mat,53,57,1.993233,10,11,1,d2eb47ed2fb64ee448e9c2b9e8bbf4cabf851c5acdad78e3a0d577b6b0594e6c
20211106A01_1,195,200,5.mat,54,59,2.063171,7,16,1,3e21e146a598ebb86c96199f8df99a14598a9922906d99a83d4883f53f9e7d87
20211106A01_1,196,201,5.mat,55,15,0.524535,4,4,1,b7cc92af07294e09308ec2867873631f237239d00d72472da613e15f2a57a060
20211106A01_1,197,202,5.mat,56,38,1.328822,9,6,1,c3b0d7dea8712d511b5ba031d9f6bb65392512f8e5df3be8930494e154eefa9b
20211106A01_1,198,203,5.mat,57,15,0.524535,5,3,1,493a16efca34470f9fa819cb9e89a4045730273d958d8f271058dd72e29818d7
20211106A01_1,199,204,5.mat,58,9,0.31472100000000003,3,3,1,46d634fde2e6a19088b6ad16964eb53508acf99eb6e306d6b1aebb6ac871ea32
20211106A07_1,1,1,1.mat,1,52,1.8183880000000001,17,13,1,06c0d985828df20d7bd189efa1c013c471d6d33cdcc7fde47803fb31e2a79bd7
20211106A07_1,2,2,1.mat,2,88,3.077272,21,10,1,03df1b6697945b7f6c2da75392dbabd6d766e6cbe29220b2fe0aacf9a2831cbc
20211106A07_1,3,3,1.mat,3,14,0.489566,4,4,1,6540ce9c5affdf41f45ddc56c42682552ed3758aaaaf31c25ee51a1e53c86205
20211106A07_1,4,4,1.mat,4,46,1.608574,9,8,1,e969533aad628851c45cb364941d5019f93b26d6f4fd34835bfa8b54635814c0
20211106A07_1,5,5,1.mat,5,13,0.45459700000000003,4,4,1,0a87397979fe1d8a9be68be7cd00946aef6bee3d95bdbd5a0f4f249807da55bc
20211106A07_1,6,6,1.mat,6,37,1.293853,5,9,1,62bafd8c66756b8b5b31ee0b40fcd68cdb6d5e861042b01e79c2104eaab78c67
20211106A07_1,7,7,1.mat,7,9,0.31472100000000003,3,3,1,1fefbf12b9c27edca6d73a795a2446895c54e308b8362a15547e8c8f2c5e34b6
20211106A07_1,8,8,1.mat,8,62,2.168078,7,17,1,9cea9140cef146a5efe977936542406515ab9169ca19c1829a03fcd2dc3d9f70
20211106A07_1,9,9,1.mat,9,21,0.734349,4,6,1,205ce38a555c1ab37cf5a4f55dc869a55a7ac5bbdd351150510af3aa31806480
20211106A07_1,10,10,1.mat,10,5,0.174845,3,2,1,78112eeb660b4059d5ff9be3dae94d2372adeb837458f6c9a17fe744306e9d1c
20211106A07_1,11,11,1.mat,11,18,0.6294420000000001,6,3,1,42f961f06656dec1a02b4f04756212ecb36b6c1c972ddc8fcd5beaadc6053a38
20211106A07_1,12,12,1.mat,12,26,0.9091940000000001,7,4,1,f13bcbe2f9f22628d96c314262f3d5e089f9f9f8f72909d2f2c51d54fca4b563
20211106A07_1,13,13,1.mat,13,45,1.573605,8,8,1,8ecd4649b37f88e4637c55bc74ed1e25583dd3e6857b79468c6b01b0c2b17237
20211106A07_1,14,14,1.mat,14,15,0.524535,6,4,1,a5cf739b8b4fa566fe09179fc2050442b7aa5d65682223de2ad5f4ba42cc0732
20211106A07_1,15,15,1.mat,15,17,0.594473,5,4,1,cf2771abbc582c5c0fc22fecd1b6327d14a45a625457b55db7d4d3b3d05d2a5f
20211106A07_1,16,16,1.mat,16,11,0.384659,4,4,1,fa76bd3499c18745490dde77ead2fa75fb4392ae05d68fe5300af877b37f5c09
20211106A07_1,17,17,1.mat,17,55,1.923295,14,8,1,6775432d13f8598a6d0ca4307ca801fed3ca5f467a4dd4a1a07d48d4284a8ef4
20211106A07_1,18,18,1.mat,18,77,2.692613,9,18,1,169d7e84c5ab52141d12dc7a7b5b4a276bcf53dc048fbba86984885a8c71be08
20211106A07_1,19,19,1.mat,19,70,2.44783,22,6,1,3a9818c3137a3d619ae4a43cbb36d50244d114d2c71fd42061dd9ac7f511f9c4
20211106A07_1,20,20,1.mat,20,9,0.31472100000000003,3,3,1,aa888735b7da82b38a47f3f53fe31021a38a3ed7d16b69690caeecaa05bc0e29
20211106A07_1,21,21,1.mat,21,71,2.482799,12,8,1,87438560255051bb886a22d3ca50beca453155ff177e57bf8adc2b197f7dfcfb
20211106A07_1,22,22,1.mat,22,18,0.6294420000000001,4,6,1,1b3cb0445f77e3d74ec4d5062d60f9515a17afca1b210774dd2dd71e0fdd9085
20211106A07_1,23,23,1.mat,23,9,0.31472100000000003,3,3,1,3e8fcd1d3c188d034c9e149fa4398cf33bc98a5e9f4b35befe3751cf3939f454
20211106A07_1,24,24,1.mat,24,35,1.223915,10,11,1,f5960fd81c243f88febb0acf01ebc2807ad87727ddaf45028b437cfd1fcf0d2a
20211106A07_1,25,25,1.mat,25,90,3.14721,9,17,1,28637ec3eedf48c916a0a28600ead1f7abb08958f698c1d91f27c773692d8d4b
20211106A07_1,26,26,1.mat,26,9,0.31472100000000003,3,3,1,1a2afcce7377db86ac056b777cdd1f1b1a590eb6242158ea954815d75bdf66cc
20211106A07_1,27,27,1.mat,27,9,0.31472100000000003,3,3,1,0ef04e4ed4e2ace62075e31a072c4b5c6d4ab3259c292ff6a387e7fd348bcc8a
20211106A07_1,28,28,1.mat,28,47,1.643543,9,8,1,5c22c4f3358e95899c9e3c95b94cf39ddf028a4e723ad97995d316f9e89c40a8
20211106A07_1,29,29,1.mat,29,9,0.31472100000000003,3,3,1,a253b140c02d454a76ae83d3fe28c436f49cc6ba3e9084578576490d77951117
20211106A07_1,30,30,1.mat,30,9,0.31472100000000003,3,3,1,84fd3a0e9ce4ee2a992deecbc5305b71ee9cfdd91d9f4c8f5550d57f0bafa7eb
20211106A07_1,31,31,1.mat,31,27,0.944163,7,5,1,167fb0ed2d47424a447e54968a3a9edc7766738ce1e653696b4ea2cca33346fa
20211106A07_1,32,32,1.mat,32,28,0.979132,5,7,1,939bab4d61c8dbf78e9da75056e27ccb54f8d270b7ac582e31947da00d9aab04
20211106A07_1,33,33,1.mat,33,10,0.34969,4,3,1,a6556c779f103b3b91bf703331e825ff803a4641a7c20368573cd978049634f7
20211106A07_1,34,34,1.mat,34,24,0.839256,7,10,1,bd6e374212c97e2aa9ac9c16009dfc03949c0883f664479817202f7fe574fd3f
20211106A07_1,35,35,1.mat,35,15,0.524535,3,5,1,024dc8125d5769d7ae4a67566a82d57c97bcede6b8ace766d026d42606182cd0
20211106A07_1,36,36,1.mat,36,25,0.874225,5,7,1,8d137f34ace474b421e7b528532b7f8939e6648770ea16c430c34e396d413135
20211106A07_1,37,37,1.mat,37,35,1.223915,7,6,1,5df513ef4236b62cb16d457af10188438fca29a76437420e948d1eeb1dff5f88
20211106A07_1,38,38,1.mat,38,10,0.34969,3,5,1,16ecf42b4934603953986e233287e003ffb390db80d52a812b66cb76e36c044c
20211106A07_1,39,39,1.mat,39,78,2.727582,11,17,1,78f98b68b9d7a7f034f6d919d54ca1775de96b01103364102d0c9a3f89f9b808
20211106A07_1,40,40,1.mat,40,12,0.419628,3,4,1,70b1c4f27a18ae8d567350e2887a8702795009b5e2e2156fee0d7968b5e43ded
20211106A07_1,41,41,1.mat,41,22,0.769318,6,5,1,f11f9880c459ee522f89be7e2863cb476757bbbeb87975185aa8d4ac80365e12
20211106A07_1,42,42,1.mat,42,38,1.328822,10,6,1,9fc00ad293c63b84b3fccebca9c6d94d575289c97cda12090a17b389e9750813
20211106A07_1,43,43,1.mat,43,6,0.209814,3,3,1,c6609b115c412a1b9e9dc4f2f0c0e9779e5b3f8e5673bd82f098bab1b83de9ca
20211106A07_1,44,44,1.mat,44,51,1.783419,9,9,1,b60ec8733713cd97e7d62a3e015871ba047e2876c224d19dcf1e7ca88ad8dcc2
20211106A07_1,45,45,1.mat,45,12,0.419628,5,4,1,45561209fb0525d56bb0ac26799a1c1710c0fd0ee455500f7e5c238c7cbb1807
20211106A07_1,46,46,1.mat,46,20,0.69938,4,5,1,67884c3500972d9dc26e5c7555112e9dff0a1bf18b954c3b4c72365b0b922845
20211106A07_1,47,47,1.mat,47,19,0.664411,5,5,1,81be5e10f813f322fde54b8a4f73106a859c39db94ad693bbf3703609714c9d4
20211106A07_1,48,48,1.mat,48,43,1.503667,13,12,1,27f500af74eaf04b2bbf63b4d88a9e968d75e5669d088cab9bfe4c4acafe579a
20211106A07_1,49,49,1.mat,49,16,0.559504,4,5,1,242d505d6936bd60d54cfd9b57a99656ede1ff4ab7c83282cbc861f371b6ea0b
20211106A07_1,50,50,1.mat,50,90,3.14721,16,8,1,f6ef2607e13039e110c2ee81e86e244484378346d914a32f0b2ce716ece0f1cc
20211106A07_1,51,51,1.mat,51,53,1.853357,10,10,1,c4e919b7c7bb94a09778a4b6abeda73794162bb1f980aa858cd2a7cdaa4feb1f
20211106A07_1,52,52,1.mat,52,18,0.6294420000000001,4,5,1,c09058626db7f436d7b42c23666b49b49131d2d5cee92e674e5ac5379945b445
20211106A07_1,53,53,1.mat,53,15,0.524535,5,5,1,619c06576a3a037033ba734c67ac99112983cc3d2db22874b061eefb4a923106
20211106A07_1,54,54,1.mat,54,26,0.9091940000000001,5,11,1,c826ed5c6fd5983c5bba46373d6378d288b7836d865372471a8ac3a545b12395
20211106A07_1,55,55,1.mat,55,41,1.433729,10,14,1,c781afde892f34e98acef890c2e1c91494a73961a66c07fcb3123ac37f749041
20211106A07_1,56,56,1.mat,56,9,0.31472100000000003,3,3,1,1c4a8b767b9aadc6401e3dab738e300fe5b63c1fdd845d95c347c5985577939d
20211106A07_1,57,57,1.mat,57,99,3.461931,13,11,1,dab7b40c47c1cad85d8132df33c102140e3f484d2bbe6c106c246dcc4b6821c1
20211106A07_1,58,58,1.mat,58,9,0.31472100000000003,3,3,1,6949f39df3b0766773314455e6341d1d8a31ec42fb01911dbf0c0be4728ef3c3
20211106A07_1,59,59,1.mat,59,9,0.31472100000000003,5,3,1,4d3d45e20dd0d0027314bdec086f1662f62697b51a2dfd595fb2847665ec0202
20211106A07_1,60,60,1.mat,60,13,0.45459700000000003,4,4,1,327b64ea47c02399c55280d44acf19eb8034f534e74c5692f8488b4c285ac9c8
20211106A07_1,61,61,1.mat,61,24,0.839256,8,9,1,42a95821e3efcb2ec232a8321f1c7f57eddf8b3c141dec8459201d749c442643
20211106A07_1,62,62,1.mat,62,12,0.419628,3,4,1,e14f903f33c0a8b2bc58d453aad5d119bd52e2a46481dc43c1def9c5c25256f5
20211106A07_1,63,63,1.mat,63,27,0.944163,6,5,1,4460ee2e8f0f33c936a9e068e2500273b808bcc8fc7cdd3bbb7648b290a5dd70
20211106A07_1,64,64,1.mat,64,45,1.573605,10,6,1,2163330353e9678b9d6de7f0a7332e2846230c9e0a1cd1cb9c4178955caa9bbc
20211106A07_1,65,65,1.mat,65,9,0.31472100000000003,3,3,1,a45cfc510204f15b117c1d88034d8e287674af44283abbbf3fc0d9b387bea7af
20211106A07_1,66,66,1.mat,66,15,0.524535,6,5,1,eadcf93222d507387cee33333c1c3dec1cdc722ff73d19bff5b7511069fc9f0e
20211106A07_1,67,67,1.mat,67,28,0.979132,8,7,1,2e7484da9e3f5de8e8f839bc66ee9f708c1656ac180fce2a3c39dc3bc1a55373
20211106A07_1,68,68,1.mat,68,9,0.31472100000000003,3,3,1,37f7a539608e82c413346fc221aae5c7e60f103d54eeebff63dc5b3db5ed13b1
20211106A07_1,69,69,1.mat,69,14,0.489566,4,5,1,38fb370b9ad2dc97729e6905617557c49bb00a7223264dd3f2c5c319c53bd123
20211106A07_1,70,70,1.mat,70,6,0.209814,3,3,1,fe59acb1f7e07caeb2398aaf6c080bc8d6007f1feeba8ff941a2695e04ac6008
20211106A07_1,71,71,1.mat,71,8,0.279752,8,1,1,695c68f664d87129d6ff6eaee6e4fb438cbe16edbbf92104d35366ebec010d8b
20211106A07_1,72,72,1.mat,72,29,1.014101,7,5,1,5fd6bd27048da2bab6ec965564e3ca93d5de0570461aa46b782f89b2ab0f7d3a
20211106A07_1,73,73,1.mat,73,25,0.874225,5,7,1,5bff0372ae99b414cc02d575a6f356c4480f1b55066d83a0fde64b07ee55fabe
20211106A07_1,74,74,1.mat,74,33,1.153977,6,8,1,26dacf7c32a326b6a2df58ed377bae4b6213aff9187761f8f9264a6f58bf5620
20211106A07_1,75,75,1.mat,75,21,0.734349,6,4,1,cf0546d62ec478c7f6056f1d4262b07d564db4b15b1878034df2477054514b11
20211106A07_1,76,76,1.mat,76,9,0.31472100000000003,3,3,1,d7f7435c74534a10ba6e4b7d6f3d822badad6182cab7c619c72f9ae61b733076
20211106A07_1,77,77,1.mat,77,16,0.559504,5,7,1,9c3ec3f59b962b41e2a1de2126ade3d9465eb46410b10d457f2776467b4d2fd4
20211106A07_1,78,78,1.mat,78,30,1.04907,5,7,1,b54654957e98390010eb8492024e50b21f12f68094c580bc00986ccf6014a1a4
20211106A07_1,79,79,1.mat,79,25,0.874225,7,4,1,c3b5fb370898a9430ca05692b941610dc37b9c5eed9b1c35fd9d968c03c572ab
20211106A07_1,80,80,1.mat,80,9,0.31472100000000003,3,3,1,9e07e45c806c95de3d06358b115bb2c708084dca20093f2ab900f012d4ca94a7
20211106A07_1,81,81,1.mat,81,16,0.559504,6,5,1,4338b7bbb5449b5a1a34710fab4b618989555042cff64568094299d493d4cfb7
20211106A07_1,82,82,1.mat,82,9,0.31472100000000003,3,3,1,06d029b6d60b6be96fafdc8451a6ae65366f48b2b1d7a1ab730dfb14da21acdb
20211106A07_1,83,83,1.mat,83,23,0.804287,6,4,1,81db90b7b9293fc929ca394377aab6f4a32f6cd9e632e785d9eaf38bdbe596c0
20211106A07_1,84,84,1.mat,84,52,1.8183880000000001,7,11,1,ed11425234bf29c005c781345f42e998d5b8b6d0077b2d46772e131a3605b126
20211106A07_1,85,85,1.mat,85,6,0.209814,4,4,1,6bdda2459b4180740df4c816390649e5bbb3afe8689b4b5606a6a3e71c0c180b
20211106A07_1,86,86,1.mat,86,16,0.559504,5,4,1,8556fad4faf0953c54fbf4327af0573cc013bcbef23fe1bacac9a5b56f5af07a
20211106A07_1,87,87,1.mat,87,15,0.524535,3,7,1,096530059de76f71a4da3e47d3cc8a0dda2cbdc38ae85bb5d5b0c30241523e29
20211106A07_1,88,88,1.mat,88,46,1.608574,7,10,1,01d58db58d34da5b30ea126769bd45c565971f1b9985abd8b78f9f55394a71a9
20211106A07_1,89,89,1.mat,89,29,1.014101,6,5,1,d8e25eeb28be9be141e414b349cc72f7f16c938aa656d10d87db0e4440053ef7
20211106A07_1,90,90,1.mat,90,9,0.31472100000000003,3,3,1,e284fc2c98ea7a21a38f35c1c50a5dddffe96eaec2eb9ea265fbc10ae55cc6e6
20211106A07_1,91,91,1.mat,91,12,0.419628,5,4,1,86fc8d1f2994983328ac8303c7d6a6dab7fa7c6371c1d6f75c0c289a16fbaff6
20211106A07_1,92,92,1.mat,92,110,3.84659,16,12,1,718791e9431a52b26aa39117a616f8fe213c2d65a6e72a114837766972b74e2a
20211106A07_1,93,93,1.mat,93,19,0.664411,4,5,1,9054d082f464083910f150f32d58ee3f6421fc8c423e384d8964df031a80e590
20211106A07_1,94,94,1.mat,94,80,2.79752,10,21,1,48b174e26703bcf4641b547781cf16daf8750afed893cce2faa3bc4eaaf2d3e0
20211106A07_1,95,95,1.mat,95,37,1.293853,7,7,1,8ceba2fdf1b0ab53e6aeb608fcbdcb76c1828bba4b8878ecbaa4300c9c55cd26
20211106A07_1,96,96,1.mat,96,68,2.377892,13,12,1,681c255e9a5f7fc26e439c1df7ddf0d20f7f7d394194b34835cdbfcfc6bd8d7f
20211106A07_1,97,97,1.mat,97,18,0.6294420000000001,6,3,1,a5280a8c2726d081204f10942f93f4ec25ff1b419bc0eaafb19a39aeeeafcb65
20211106A07_1,98,98,1.mat,98,4,0.139876,2,3,1,c3a3990f5483699bfd3bf6b2b760f14c5316829d8071ec4a6ffa7d4d07da7bd2
20211106A07_1,99,99,1.mat,99,19,0.664411,9,6,1,1cf1b5baa3a53899f01b4739b1fb18b29bf316476bf299f3790b38d8cd2b9705
20211106A07_1,100,100,1.mat,100,26,0.9091940000000001,10,5,1,8bd12024b2fc50a8f2e5283dffabb5db0dfc02bdcad78b4e6f11cf42319de282
20211106A07_1,101,101,1.mat,101,23,0.804287,8,4,1,b368fdddd0e0b5f6b1c3e79a57b51d0b5a24b8dd9df472a23294c44fd50dcc0b
20211106A07_1,102,102,1.mat,102,9,0.31472100000000003,3,3,1,57df4c9a32fdab5c87c15eb093d0c7c8ec166f3642eff6f51ec1360af3e6ed67
20211106A07_1,103,103,1.mat,103,39,1.363791,14,6,1,2ddcafe13f0be42b9501e7653139f7646c100c0c0b6ddb63ba297372dde7140d
20211106A07_1,104,104,1.mat,104,10,0.34969,5,3,1,4fa7ba897d89a3d72ef032d43a31f0add4e689106b7cbbbdd0f9557b24d55e43
20211106A07_1,105,105,1.mat,105,33,1.153977,6,7,1,34f0c8e32e5d1dd2fd6910d7f2f76c648817125fcb50977c809e5b794e3142e2
20211106A07_1,106,106,1.mat,106,9,0.31472100000000003,3,3,1,783f3db9192a35ce57cde96650214fbe23ba0f5f9e84e8ecc9ac68cba432c651
20211106A07_1,107,107,1.mat,107,92,3.217148,15,8,1,2d7ef0beb5d6c3dc8d4246e41a4d468c10886fb86b2081328b4ea758a274a66c
20211106A07_1,108,108,1.mat,108,53,1.853357,11,11,1,3759aa2204f27920e0f0ede523f2ae10786298bcfc56a86ae373c7035039e7f6
20211106A07_1,109,109,1.mat,109,13,0.45459700000000003,4,5,1,439b8b720125185482809534ee6b2571d7c125f98115dc4fba0575c58104a88c
20211106A07_1,110,110,1.mat,110,37,1.293853,7,8,1,a09d775e018588c5ce713537d5bff8765618d5ff31a494d54d4270eaf7961fe0
20211106A07_1,111,111,1.mat,111,58,2.028202,7,13,1,81a430cdd505b12b35eb896fd466d2d053dda4abcead00e2d8f14429c7b56c8c
20211106A07_1,112,112,1.mat,112,16,0.559504,5,4,1,ad66efab2b50ca3bbcccab169918c9992fd7431319fa1cd075cb6a12dc636a7d
20211106A07_1,113,113,1.mat,113,17,0.594473,7,3,1,ba1ef2da7adb12e082239807a0cef21db924020280a1e32f1c6cd9f2c397e9ba
20211106A07_1,114,114,1.mat,114,12,0.419628,4,3,1,edcb9b36f9a3321726cf0548dca95851ae17a26a8d431c8132020222b9dd2168
20211106A07_1,115,115,1.mat,115,94,3.287086,11,12,1,498245d42b3dc9946bcf443620d3758e8016d7cb3b0248fd76d589a1def78a52
20211106A07_1,116,116,1.mat,116,21,0.734349,7,3,1,840f8089e660c971c3aa406cf60e8e19be373febefea4fe9f7afd864fd94a285
20211106A07_1,117,117,1.mat,117,11,0.384659,5,4,1,41c573b0af3c82521d7ae352b57ee231b62acc2fae192fa87d3e2b907c27e7a2
20211106A07_1,118,118,1.mat,118,23,0.804287,6,5,1,dc6bc4f0ea9241526bcfc8349a3c68e8d35331af100922073fd294d87b1ca51c
20211106A07_1,119,119,1.mat,119,22,0.769318,6,4,1,20ab69cbd107d8e5f17da2ae0d28f7aca6ccfbcf0db7b6d6449d3156d74178cf
20211106A07_1,120,120,1.mat,120,4,0.139876,3,2,1,f788f853eda7185598c5965105d7eae2dc12db11950f1dccf8db67efb55c0a4b
20211106A07_1,121,121,1.mat,121,13,0.45459700000000003,5,4,1,8c36be77055243f9b59deae6c663cd026e5967bc1ec333103ffaee12debd24f6
20211106A07_1,122,122,1.mat,122,14,0.489566,4,4,1,f6d675e9f312499a325c85603d1364e27c81a1d28842aabc59eee1d56712d3e4
20211106A07_1,123,123,1.mat,123,63,2.203047,11,8,1,bc98dcbb81fd2a52938442e5dd87c3f47eaf500f8599ecb5c401ed79448f7a36
20211106A07_1,124,124,1.mat,124,34,1.188946,10,5,1,824e028dcc11363328385c3be54f98f3ae5a28c4d2076a9c7f31639fc6e52f63
20211106A07_1,125,125,1.mat,125,5,0.174845,5,2,1,74322d29f47feeba298cc588a06a45fb17d788c9c379d2571b77c09f1afd93b9
20211106A07_1,126,126,1.mat,126,10,0.34969,3,5,1,9ea89fe7ffd02e4b71390da92b59021346a077a197c968628e62d0552c14c63d
20211106A07_1,127,127,1.mat,127,9,0.31472100000000003,6,5,1,af9148b78063501bf1a9129a326385218deff74ed1300314f679f5dabe5f38a0
20211106A07_1,128,128,1.mat,128,12,0.419628,6,3,1,9b0e592be9b2874012674612a94b0faad6af322070b6fd62dcbc90ab974f03cf
20211106A07_1,129,129,1.mat,129,4,0.139876,4,3,1,68903ff4ed6b13266c09aa0896ff2ebddec90e8cac71f8867341d40a257a598c
20211106A07_1,130,130,1.mat,130,12,0.419628,10,2,1,ede77b25edb4d9f2d27aab1662acd972b562c2e0dc730e4f84d74fbfe43f8c24
20211106A07_1,131,131,1.mat,131,30,1.04907,5,8,1,5254fb3f480f4f4ba99687ac89841e24558d1729800ed227fdfd39f5bb6a032f
20211106A07_1,132,132,1.mat,132,14,0.489566,10,5,1,cd365405a8daa5cf580136ef5607d6b2893dcd0c56ba5cad47e4cb5ce54ed801
20211106A07_1,133,133,1.mat,133,24,0.839256,5,11,1,9df0dd3faae202ac76946bce32d913e55863295be56a8e54ab8fc20c970f594b
20211106A07_1,134,134,1.mat,134,9,0.31472100000000003,3,3,1,c8efb31c1f72f87c6c41362348e5ca94c36c649327e3a6b353f9c0a8d459fcda
20211106A07_1,135,135,1.mat,135,15,0.524535,5,3,1,b0bc1eacefa27c3e49edd2289d3bce160a4a9e1f8b9f672e339060d2b2538387
20211106A07_1,136,136,1.mat,136,26,0.9091940000000001,5,6,1,50380c91786ffc0a4bd783b93435ea0bb5e4c41dbb6300b6b4e9ed7e20ef3d53
20211106A07_1,137,137,1.mat,137,28,0.979132,8,11,1,55c78787baf1aa6bb07fb354c90b1c1cb10b0e3536c8dae807328b8722c1a6b9
20211106A07_1,138,138,1.mat,138,15,0.524535,7,7,1,c9d587949891ed116fba7d222373025ee793a775127e7caeead7b0dfe80dde83
20211106A07_1,139,139,1.mat,139,5,0.174845,5,1,1,efdfe5f9cce30c612ae4218c7baf64c073db55d17c9b85844f61619a9debba64
20211106A07_1,140,140,1.mat,140,34,1.188946,7,9,1,2cff7906c396a9cecdd10371bd08b9bdcbaa1adb7f7ac25305133cfdbb67fe0e
20211106A07_1,141,141,1.mat,141,6,0.209814,3,2,1,fdfb0eef92742a36683a478207c3f8bddd208983e1d6b1321aa3fae64d4440d8
20211106A07_1,142,142,1.mat,142,12,0.419628,3,4,1,60000be173be13bd02845a46e1f4d732124300179926b856fb79250e2c065d0b
20211106A07_1,143,143,1.mat,143,20,0.69938,5,4,1,2b7bfe9c42978e0120a583bb7395987ad050d45f8cb3f47034f77116210cfaa3
20211106A07_1,144,144,1.mat,144,36,1.2588840000000001,10,7,1,6d7cd3d985905c0ea88c79850de52c17fb0fa2bdaca69de6410582be411f9db6
20211106A07_1,145,145,1.mat,145,7,0.244783,3,3,1,ebed4d1b26a24682c75e9a2a2d664630149c37fc9981400bb632af7a101c8f0c
20211106A07_1,146,146,1.mat,146,9,0.31472100000000003,3,3,1,5f82136d588878be75cd368b6b87b4fca520df48e6c14f0d86e4d8d70a49719b
20211106A07_1,147,147,1.mat,147,10,0.34969,4,4,1,da9f629df116902b81a3203a7f406fccfff2c9b5589e87f790bbbe4915564a18
20211106A07_1,148,148,1.mat,148,40,1.39876,5,9,1,1b7e839b2c18b6adb0cff4ee727118490457446452fdc10d57cf6b83ec06d6af
20211106A07_1,149,149,1.mat,149,27,0.944163,7,5,1,2f358cffb6b1a0620c67a359d3e9a158a69cc50a609be8c50537654bf0c48355
20211106A07_1,150,150,1.mat,150,27,0.944163,6,5,1,4f52643e9736a61df598dc160e38d516527210081db67973394cc1b7fdf60371
20211106A07_1,151,151,1.mat,151,95,3.322055,9,16,1,894eaf18d6836eb4fb90b6cd41f4d42ef446d5e4d32fb73f422636cf12280dfb
20211106A07_1,152,152,1.mat,152,6,0.209814,2,4,1,54bef3d08e43b5830967e464c2d89c43c924bea9e19bf7dfddefe020f182d4a7
20211106A07_1,153,153,1.mat,153,5,0.174845,3,3,1,61fcf8037ed659b987565e5a7241017a9719226a30db9fa8f5ed54b8ebe79a9c
20211106A07_1,154,154,1.mat,154,121,4.231249,19,12,1,2bfbfa5583a62e430b2b99d4625eea9989f68598305902d00cc5a643c3a99f5e
20211106A07_1,155,155,1.mat,155,44,1.538636,7,10,1,d45afc881f4b57caa8fd49a20ff277d1634ddc152d9894566252ca65421a6dc1
20211106A07_1,156,156,1.mat,156,25,0.874225,5,7,1,fe9d2dbf197a21a0b004c04874359abaeefd5b8d82b84c2bcafb16b87ff61c61
20211106A07_1,157,157,1.mat,157,16,0.559504,4,5,1,2a24e5c2af933273850b3c124c5f0dbe6e1fd313bc73b3e480d3cc4211e1b80d
20211106A07_1,158,158,1.mat,158,11,0.384659,3,4,1,73f2014b03f1f9a0f8f38b1f5ffefac18743fce2088f0ea890c823a790c945e3
20211106A07_1,159,159,1.mat,159,15,0.524535,4,4,1,01f349b562a1893bdbecd7f46fe32fa9d4afe1e7e993b89d99183f38d76b1d28
20211106A07_1,160,160,1.mat,160,35,1.223915,7,6,1,e197ef95c01a04cf500c982bf9df107cd9e5f2f7bba7b9d145df2dc2c5e446f7
20211106A07_1,161,161,1.mat,161,12,0.419628,4,3,1,28e092820f8d4aefefa0e9d82edd9a323b7570ef58c3628658c4d467b30eaf52
20211106A07_1,162,162,1.mat,162,5,0.174845,3,2,1,200a464b92dcf53b3d082ead10f3c3134d29672fcccd8c23f81b912b625685ae
20211106A07_1,163,163,1.mat,163,21,0.734349,6,4,1,91befa9fbde128c8f8bc6bb3596fb661b6ccf739c6370a3f107fc59b67e20a00
20211106A07_1,164,164,1.mat,164,9,0.31472100000000003,3,3,1,b5d5c1d98f49e86a374e47cea0b05aee11efa43151438a8d7b009b3046458990
20211106A07_1,165,165,1.mat,165,56,1.958264,10,14,1,31bd26847357de8579de403ddabecc91b658708ba7070e0a6151fee31e5058ea
20211106A07_1,166,166,1.mat,166,12,0.419628,3,4,1,55fae645a06f7c54d092ec74eeca0dd0287c501090e2e0078f51ee5671b2b9d7
20211106A07_1,167,167,1.mat,167,55,1.923295,14,14,1,90c50c72a3abd9fc4a579c75709b26339035abfc7a56761ae0f46cc7c969e361
20211106A07_1,168,168,1.mat,168,9,0.31472100000000003,4,3,1,c8ed3106cb23dc469c92694d9df0b9a205db931a5ef2e6132a8f59f4f2af93f6
20211106A07_1,169,169,1.mat,169,84,2.937396,16,12,1,2a81f61b851b32ff8e80b5210b9d7e690796ae729c4064cf352aff4737fedf7d
20211106A07_1,170,170,1.mat,170,52,1.8183880000000001,9,19,1,6c7a326f763ac9eb91c3905d3a1c6286c5dee9c35a7335f4663b6557cb0d3d46
20211106A07_1,171,171,1.mat,171,28,0.979132,10,10,1,90a3ce089ec3fc89474aecc113cfb789627ce79bba622b42e0767da94f0c6c14
20211106A07_1,172,172,1.mat,172,12,0.419628,4,3,1,a4803d1c106c2ca4802512711cd22ca6a7031c597712ef1eae9ee46932013950
20211106A07_1,173,173,1.mat,173,16,0.559504,5,5,1,7a412041af57ee255be6a630f0079a1d2632a82c01d2bff3feaf526c72be4d26
20211106A07_1,174,174,1.mat,174,24,0.839256,7,6,1,40adfcb249d409103ee581aba1e14c44c1625c6513f4edfe4488eca730d9b36f
20211106A07_1,175,175,1.mat,175,38,1.328822,8,7,1,97a27f8f22d4f9f2c689207b49784bb2f9a5dc0f20cda65eb947a812b5b34210
20211106A07_1,176,176,1.mat,176,31,1.084039,7,8,1,f027ef394c1276b6100479dc439c2e7af29f0b512e41dab17624cd777ec60541
20211106A07_1,177,177,1.mat,177,62,2.168078,12,7,1,64b6e8323931292c15cc41fa492416e2b1e133de036ffa023e19edaa78c5eb26
20211106A07_1,178,178,1.mat,178,20,0.69938,6,5,1,e3ba375c559938a365de9ba01f774fd1d1534aca667ffd951802272d389fdb5e
20211106A07_1,179,179,1.mat,179,6,0.209814,5,2,1,95d23eec8f0b44f1382a88bfbf44c00a9494aefb1cc458cafe352c59801d717c
20211106A07_1,180,180,1.mat,180,12,0.419628,3,4,1,4dbd34cda4fed575594844dcdb6252efb99959e47209493b1f20443576c9b342
20211106A07_1,181,181,1.mat,181,5,0.174845,4,3,1,35531d82c549d6041ede61ac461355cc2bd009bfb222fe251eb43ca50b06a303
20211106A07_1,182,182,1.mat,182,8,0.279752,3,3,1,451e552696683890b01a5bd12e11b0002359d6a2b2b5e0aee385d199a7fecd62
20211106A07_1,183,183,1.mat,183,9,0.31472100000000003,3,3,1,4e26d1b5cdfd983c9aa8b6e9fc7fda52635dac4349b4704f2d94c55b862de4e4
20211106A07_1,184,184,1.mat,184,33,1.153977,10,15,1,7678a04bc9b469dac0e886853e78a4fcb18867e917a12aef9797c11ae96bb961
20211106A07_1,185,185,1.mat,185,28,0.979132,6,6,1,dbe3f7982f1337c514d0f6a2201a778b0d555d4c124c9bca0a6655ab9d099df5
20211106A07_1,186,186,1.mat,186,13,0.45459700000000003,10,7,1,549fc1717021d180ec4fbf250b502c5a6dda345e1544e81917ea6de1af44aeac
20211106A07_1,187,187,1.mat,187,6,0.209814,5,2,1,d27c2d7a67bdcca8026f4f370e6d34acba1427a8ee5af14ea0dd4511ec458c91
20211106A07_1,188,188,1.mat,188,97,3.391993,21,11,1,453c7c87cb1c54e9a6400ab7be086c533faac1df3158ae3a79068d9eeaad03ee
20211106A07_1,189,189,1.mat,189,10,0.34969,4,3,1,1362236cd7b557fbd282ab6228542bd8a5004d721bec1e9195091a9a99dc6010
20211106A07_1,190,190,1.mat,190,7,0.244783,5,2,1,4ca4a219492b885d3369ec4a4cb0fc7324e5c707a0741761e7fe95ec679188e3
20211106A07_1,191,191,1.mat,191,133,4.650877,12,18,1,fa2fcf27079bc0aff8eccf253b7534bdf11a4d70657edd169bf5f79bc377d4c5
20211106A07_1,192,192,1.mat,192,12,0.419628,3,7,1,c0a6d96358319c1293e3fc1cee7a13624b5823f70c28283d14aa0bb53498a1d3
20211106A07_1,193,193,1.mat,193,154,5.385226,18,15,1,71c3996735fac987bf1c5b3a3d91d5e496ee419dc47cb2810e76f82b1b90a23e
20211106A07_1,194,194,1.mat,194,5,0.174845,3,2,1,edebcd23e4e1001ee647dbae7974adac3da5fa030a2483e34b5309125a22b1b7
20211106A07_1,195,195,1.mat,195,23,0.804287,7,5,1,afc9c633a401aba26e4add0ffc40f6ae2030c8f5957ca57f61164deb6c156b60
20211106A07_1,196,196,1.mat,196,18,0.6294420000000001,5,6,1,7b3efea0822656fbe3330da39e2c31eeaa7e358c6aa1f9c8745eb56511001250
20211106A07_1,197,197,1.mat,197,65,2.272985,8,10,1,a56a694bd8f8db4887968a53654ef486b3b6730b6dcc801f704861dbefad8cde
20211106A07_1,198,198,1.mat,198,17,0.594473,6,4,1,7e0b17d53bde237fa1bf13682842f4f7454b80763d0e27c6f1a313dfaacbf8fb
20211106A07_1,199,199,1.mat,199,17,0.594473,8,9,1,7012eac197c8b75b560af0e20e40a7240b7d995f925f11cdb94fa218c30d757e
20211106A07_1,200,200,1.mat,200,4,0.139876,3,2,1,1f32c47cb3d877f1f7ad0d03603b057ba77d7b65d989ac8fc7f7280f5167f360
20211106A07_1,201,201,1.mat,201,42,1.468698,8,9,1,24c2e547883ec2bf2f54fd4556547f3fd1ecb010593e2f10513f3eb6bcfc9e2d
20211106A07_1,202,202,1.mat,202,66,2.307954,9,15,1,ed6d3ac722e828b3daf84ef06d824ba0dbd60c30a9176c639b2751e8484113a4
20211106A07_1,203,203,1.mat,203,47,1.643543,7,15,1,0df4634b89e821b2c1dd51172572316da329832a6557d3e2dc8ee1ba69d17562
20211106A07_1,204,204,1.mat,204,9,0.31472100000000003,3,3,1,4bc024189a7984a1ecb6bf3c8c2b029221c219c58f3e91262b106cca77f3d259
20211106A07_1,205,205,1.mat,205,57,1.993233,6,11,1,1acdc1572cddd4eeff4fc7fd99876e7802b5a422a4b8b3fe9a25209c2f62830c
20211106A07_1,206,206,1.mat,206,15,0.524535,7,3,1,e8dcb4fd58872739cc4d191e00cc24482db7740608df2561b6b6924737f766f1
20211106A07_1,207,207,1.mat,207,46,1.608574,8,11,1,c7fd5b93f66e9163cb16f22ec517305c3548890a1f4d01e1350bb0c4e28e736f
20211106A07_1,208,208,1.mat,208,11,0.384659,5,6,1,942bff45ce5fa47b210fca44c95d2d8d28ab983c17c477c3779a608ced6b178b
20211106A07_1,209,209,1.mat,209,12,0.419628,4,3,1,401eb8f3688db2a916346bc37bdf7867e23d541def6e338b0a4f9a6e7990ebef
20211106A07_1,210,210,1.mat,210,23,0.804287,6,5,1,3dda79f22c43e77681efb848fc57d7d7f5ac1f56e563525901ee25278dae58c4
20211106A07_1,211,211,1.mat,211,12,0.419628,3,4,1,7994b37a16fd82b2bf6762b42e20482ec5088ec2d66abde34eb1a564d4fe3f50
20211106A07_1,212,212,1.mat,212,28,0.979132,8,10,1,25eaf04c5086ab0b9ddcfbf909ecf7b071a09905273c18579b5269316392d7ee
20211106A07_1,213,213,1.mat,213,9,0.31472100000000003,3,3,1,a59bb093b1d9560d62b96e6b9d1db31a9d4762a4846c7d34e3310bc0ac13142a
20211106A07_1,214,214,1.mat,214,42,1.468698,8,11,1,93d9fe8d02821646fe3d4ffa9764117f4cd3db1ca96418e724f60ca66cc10d58
20211106A07_1,215,215,1.mat,215,6,0.209814,5,4,1,18b31d88e3b7f3f6d08df1d996debe3f70199ffc768d733637d089424dc84363
20211106A07_1,216,216,1.mat,216,9,0.31472100000000003,3,3,1,3b94c16a15f891da4a344324999c39fc04ae0b089097ea4e778aeebc64217dbc
20211106A07_1,217,217,1.mat,217,100,3.4969,16,19,1,a7a831f58157cc6c92182ad6f564028d81c5ebac8e5bcd7aa8ed80cc61eed0f6
20211106A07_1,218,218,1.mat,218,8,0.279752,3,3,1,9cb5e3dcb4b41f4b070839c2c4ac298f29c8f713feb415e627598e24c46d14f5
20211106A07_1,219,219,1.mat,219,46,1.608574,10,18,1,dbf4c7ce30a8dd1d6ee34d90bd1fcfb57d9c6ebbb40cc453fdc474868246aae9
20211106A07_1,220,220,1.mat,220,16,0.559504,5,5,1,3f7793ea87c1168840b23f070f86e8dcc95879410ab3cd57d0ec718799a50b5c
20211106A07_1,221,221,1.mat,221,15,0.524535,4,4,1,49281a50033102373ca2aec1bc1ab5d3eccaa7ec15ec7b9883e5d4ba950299e3
20211106A07_1,222,222,1.mat,222,48,1.678512,7,11,1,301793cbac66c81e8785b2c1283a582cb06a096cc9e4afc5b00a58f14cf72233
20211106A07_1,223,223,1.mat,223,50,1.74845,10,6,1,b08c80e344685fab82b1e9ed874bb2d7cfcedeaeccb860d32894d74a08311d43
20211106A07_1,224,224,1.mat,224,9,0.31472100000000003,3,3,1,c058678434cc560c0fd2f4c3af9ea73fed2316a83772e4b7fd57a0b084180180
20211106A07_1,225,225,1.mat,225,34,1.188946,7,7,1,87255cee0c08464b587bb509eb1720d4fed89087b9e7444af95b96fa6d064ef6
20211106A07_1,226,226,1.mat,226,9,0.31472100000000003,3,3,1,b250816bcf9858a55a9950215af62cb8d13d16b5179cf59404dd216131b8ae9c
20211106A07_1,227,227,1.mat,227,100,3.4969,20,16,1,74031110ada333f6f75406e5b42371e6f4b9caaa597ae9caceae254aa3b4e07c
20211106A07_1,228,228,1.mat,228,8,0.279752,3,3,1,a2b7b23dcd0fcb36fa5d6f220602336f61668df70b356bdb55b1566746b04a0c
20211106A07_1,229,229,1.mat,229,18,0.6294420000000001,6,4,1,4153b206e75f2832e03ec04dfb4d7f84df91ff2e9cf039630fd9ffec87d857ca
20211106A07_1,230,230,1.mat,230,16,0.559504,4,4,1,0bc2a1ac5d8d759c69dac8ffe690dc572d9273e43a793167c10ea5d9cfb32d6f
20211106A07_1,231,231,1.mat,231,87,3.042303,19,11,1,4feb40c4e1c653d49602bdf76f34ce514a975308cf9266652642003abe50defd
20211106A07_1,232,232,1.mat,232,41,1.433729,8,10,1,8593def69db7695c606af692fcc984d7b6f9224faeaa8c77597d8d725666d934
20211106A07_1,233,233,1.mat,233,4,0.139876,3,2,1,e13b02a3bd41d6025bf7dba1e7d154689965e69be3cd2516c50c41805b12e179
20211106A07_1,234,234,1.mat,234,9,0.31472100000000003,3,3,1,807c7bbdff29a52423891f8c639fc2bd39a64fdd03f7604c00ec32682d3585a3
20211106A07_1,235,235,1.mat,235,56,1.958264,10,9,1,1323ee3faeb71e9932b2ab77bab193bd4173b93b3413447713ae4d36bc562f20
20211106A07_1,236,236,1.mat,236,34,1.188946,5,8,1,641af27649306ce0f85cc33040d9616804bb92b8c387d44976bfe680c1f779e2
20211106A07_1,237,237,1.mat,237,25,0.874225,8,5,1,3a3c72f9667a383202d6882e2155f0098e4ca42014d230c498a5da310cec58eb
20211106A07_1,238,238,2.mat,1,49,1.713481,11,7,1,78f5cce4444b0ce692f0adea192deaaf13f83c333b2ddb39fafbded903151b30
20211106A07_1,239,239,2.mat,2,50,1.74845,8,10,1,ecbcbbfc4a51d7c43ff76f9e96f0e7f012f1fd4a69de24a38aa3369f34f372d2
20211106A07_1,240,240,2.mat,3,31,1.084039,6,11,1,5d0b0f66aca6dab8d76049f47b7a4e4e66432b95609c86401144dbf65d36c271
20211106A07_1,241,241,2.mat,4,16,0.559504,6,5,1,8d820f0ef9e42b9152ab3b967ca736bc132a774813fa1fba0a697d874c14e438
20211106A07_1,242,242,2.mat,5,21,0.734349,5,5,1,7945ea5a4e1d2939f3d08164a6f8af55e8e8c6bb8830138caaa373a7854d7955
20211106A07_1,243,243,2.mat,6,51,1.783419,13,11,1,a322630e38a5a357c042a0833c8af32d0994eb7aadd9e06f193ea1d4164b75c8
20211106A07_1,244,244,2.mat,7,5,0.174845,3,2,1,e35e537fd7aa46d9e7e19880b4fc9211759012637f411c34173ee8b7737a5aaa
20211106A07_1,245,245,2.mat,8,35,1.223915,6,8,1,75d9956918199ae7ed5eb94e162b8beb2327e059dc35d2c396c2d053f993589f
20211106A07_1,246,246,2.mat,9,15,0.524535,4,4,1,d8dd9155d8fca2911f8d66bb7e27d71ef2ddd0e7d8c190f66690b8730afc36a8
20211106A07_1,247,247,2.mat,10,15,0.524535,5,3,1,99cd49458fa91204530212c8311469db7af8347ab1e5df0265a2d13e9fe5c23b
20211106A07_1,248,248,2.mat,11,29,1.014101,5,7,1,5d4dfbf21728521c706f55986634fead61e7e6034d0b9a87af79ad696016948c
20211106A07_1,249,249,2.mat,12,53,1.853357,7,12,1,7264ce510bf99d65873a198a9e506161d0141384fcdb185cb9b0c74bfaf69fa8
20211106A07_1,250,250,2.mat,13,26,0.9091940000000001,6,5,1,89d846a11d1c111f20fa868c9b679469fc9ab89a848874e2ec0fc82743ee5c49
20211106A07_1,251,251,2.mat,14,9,0.31472100000000003,3,3,1,597583173c5718a77ec2a1cd347ab3471dac70842326aa1c435dd4efc8196a27
20211106A07_1,252,252,2.mat,15,53,1.853357,13,7,1,d5733baa983e0c598f3e37ad39cb222cd40a1c28901b61d7ccdfc1348def17fb
20211106A07_1,253,253,2.mat,16,21,0.734349,10,6,1,37eea2d83c854ba16c61adda36e22caac9fefa1a7757ca7780861871dff9c1bf
20211106A07_1,254,254,2.mat,17,48,1.678512,10,7,1,87379c711aaa177517779d314175d0ed2636faf1f417d9aab804f12c72b7c5f5
20211106A07_1,255,255,2.mat,18,33,1.153977,7,8,1,8d87906516c709b832e0d30a728e0597f96d2703cf0edc600784c61704875e7a
20211106A07_1,256,256,2.mat,19,21,0.734349,7,3,1,f8a8c3eceb76525be2bd23ca5a9dca1319f4bcbb5e7720ced52c48ba11e2ac57
20211106A07_1,257,257,2.mat,20,22,0.769318,6,6,1,584cd467196fd7fb14707856dbb43a6b6ef5009f6cea19e2796befbe4acfb1fa
20211106A07_1,258,258,2.mat,21,33,1.153977,5,9,1,2f6cd3a8b7f788da4f43ca1a1b80aa188bba22c82cfaa2e65051ee570403c0fd
20211106A07_1,259,259,2.mat,22,16,0.559504,5,4,1,faeb9cfdbd79368041159ab4795aa01f78a7edde1bc3617a986f222098ead07d
20211106A07_1,260,260,2.mat,23,53,1.853357,12,6,1,0a9b2eb7869fdc171d2bfd2a8130ff9e4845c221e28c541ad2b4dd3e6fd9027e
20211106A07_1,261,261,2.mat,24,17,0.594473,5,9,1,494dcaefbec4580c125288c1a89e6e2dc560cdfd8f337b9bc5f9352bfd1001b9
20211106A07_1,262,262,2.mat,25,10,0.34969,3,4,1,7ce36aa2e32b172906d240cd1dc77f53c8e2f12e56971ecc3adf022b858952c5
20211106A07_1,263,264,2.mat,27,19,0.664411,4,6,1,7296f0591ff52066ae88751b52c2b4a411b8024c019199f7b46dd8e99d759459
20211106A07_1,264,265,2.mat,28,39,1.363791,8,7,1,1d41b7ee6c3920cd03d13649ce87e74c3e083dd72f978f39a163f13ca9a3f655
20211106A07_1,265,266,2.mat,29,4,0.139876,1,4,1,a75c999ceb01c6cc67ef6e97d1e9d8d575106cea1992d659967ad8946ceff34b
20211106A07_1,266,267,2.mat,30,19,0.664411,6,6,1,85b6c8ebf2cc7a6a250a40d09345ce6526c3d3d1b993024d7ff8fe3b88abe862
20211106A07_1,267,268,2.mat,31,20,0.69938,6,5,1,2ef02148653a49ec6c220b9463bb635e0cf616e21bcd84be3b953bd05682bc19
20211106A07_1,268,269,2.mat,32,14,0.489566,4,4,1,fedcdb6161dfe4a9e7e31921104bb9871b74a71c7e92bc7b68c17263d1d526bf
20211106A07_1,269,270,2.mat,33,12,0.419628,4,4,1,f03cacacaaa4fb9566f486065ff4d225229bd2ddcf345ab69bb5e60c37993073
20211106A07_1,270,271,2.mat,34,9,0.31472100000000003,3,3,1,ef47d0e394cd5dcffaf7110bcd535638636c498e03be4a3c2a697b978b94588a
20211106A07_1,271,272,2.mat,35,15,0.524535,4,6,1,35da7b16a91b09acb06219ddc167dede95d632d194c23481b7e4b5f27586bc6d
20211106A07_1,272,273,2.mat,36,5,0.174845,2,3,1,f5f2f0b50a0aa058abb886bd476236e100734d67f4e210e893eb8cc7c122fe9f
20211106A07_1,273,274,2.mat,37,46,1.608574,7,9,1,a4c3dac9e39636e521a4772b7c35f205eddcb8e14a4c4c0ffa13555640ef1dcb
20211106A07_1,274,275,2.mat,38,36,1.2588840000000001,12,15,1,924a5eb7e29030860b71d26c459119c68b11de5c5fcac577f41bbd12b2f20b1f
20211106A07_1,275,276,2.mat,39,19,0.664411,7,5,1,5c585828bf9ac1930b097090615b1c7732de9f7e47277edcc9c8352e0da9b510
20211106A07_1,276,277,2.mat,40,19,0.664411,6,7,1,f1f495811327d3c45e554ef9f11bb3b79379ccc04bf59c073e5591ac5e172412
20211106A07_1,277,278,2.mat,41,34,1.188946,6,7,1,c444099daeb3b36504542f07798472de239759057817fb620a2b48d3da0c6666
20211106A07_1,278,279,2.mat,42,18,0.6294420000000001,6,7,1,b3cf0cff7043166e11a56670ee1b6032f09ed6941ad27918c0522f0b7642f729
20211106A07_1,279,280,2.mat,43,11,0.384659,7,4,1,cf4a00ca3c44527a07cdf45f8e4e029510c2f616f194310bb6f0253e59d66d75
20211106A07_1,280,281,2.mat,44,9,0.31472100000000003,3,3,1,ab7419441213e260a31a702b9cc8b4df061f43d0f7e173d26716fc359fb7b458
20211106A07_1,281,282,2.mat,45,17,0.594473,7,7,1,27f6eab315abacdb311e68bd83196e2aaf4638ca4a7ceb9c9df14078a3a91861
20211106A07_1,282,283,2.mat,46,38,1.328822,12,6,1,480165ff98e6193527dd06f65aa1849fa8a21aa8040ee96a47fa0907fed04aaf
20211106A07_1,283,284,2.mat,47,9,0.31472100000000003,3,3,1,69c9f907f7c38fc9e8008538d548fbcee0e08b8104e84abc645346b2accd28ab
20211106A07_1,284,285,2.mat,48,65,2.272985,9,13,1,0476ae5c67b7c7b6da7b6748f2e05ad1b790789b96fffb11d4200e3749b96c10
20211106A07_1,285,286,2.mat,49,8,0.279752,6,3,1,7b16d7c2dfeff5ef7c51dd7dc8d8542931d40b6b543840d05ce9e68d3422a867
20211106A07_1,286,287,2.mat,50,9,0.31472100000000003,3,3,1,a862e160e500e690be5b63b36b052475e20fadf7c36d41cb49529626f4e08c1e
20211106A07_1,287,288,2.mat,51,46,1.608574,8,7,1,c61e0b747c7ae254e56b64fabe3635fb2caadb69365dca0e90455054f3ce57b9
20211106A07_1,288,289,2.mat,52,4,0.139876,2,4,1,5c04ec19a188d7a0741016fa14f1610897c442e131c676ad7dbea35af93f9fa7
20211106A07_1,289,290,2.mat,53,14,0.489566,10,3,1,5625e8a1975843cd73e7d59fb8cc4b52d4cbe0826302114bb9ca0e594724f0da
20211106A07_1,290,291,2.mat,54,35,1.223915,9,12,1,70a4041c00355cca7dafede1e93b26e06520e73254fd1b7966f7489839b5b4d1
20211106A07_1,291,292,2.mat,55,11,0.384659,3,4,1,9eab7c077b90aa3a391fc0952a64d6863c96a3191743e1e3e9b623e85c74a3be
20211106A07_1,292,293,2.mat,56,46,1.608574,6,10,1,052ade531ee1533180655cce906dfda0e26bd510e2096afcf42344e2d01d7439
20211106A07_1,293,294,2.mat,57,7,0.244783,3,5,1,85494fa3108ce46028019fc5a0b17631dc05b88973dad15a222b428964fc1fff
20211106A07_1,294,295,2.mat,58,26,0.9091940000000001,7,12,1,f252d5feb0d6333857fe0238be0ed248f69e71b5058ac629615454cce57f0358
20211106A07_1,295,296,2.mat,59,9,0.31472100000000003,3,3,1,69971b375431dbd37cb0edf144258e62c1d839deaae6ee976f3cb8515d75400e
20211106A07_1,296,297,2.mat,60,69,2.412861,10,12,1,6d0acce3da9dc69507e94c2239c5372f1cd44e19283a38a5357f1bd2443549da
20211106A07_1,297,298,2.mat,61,27,0.944163,6,5,1,8abd159f04d27bfd1961cb0c6c326c3efc9f7d42038743a0f18006081df3b667
20211106A07_1,298,299,2.mat,62,9,0.31472100000000003,3,3,1,8fafc5f937542f52462e4d9b13d46e3ea8bbfebe5b85e07567ab46f563856f92
20211106A07_1,299,300,2.mat,63,7,0.244783,3,4,1,7fe2934de90186c876a6ae01813efdc848573664815133102c06233982dcc7aa
20211106A07_1,300,301,2.mat,64,32,1.119008,11,8,1,af43e1aec9d4b157ab2e340da4a1b88b05e79e71e117a62ce20dd4580b13faa4
20211106A07_1,301,302,2.mat,65,12,0.419628,4,3,1,42811963fc2e0bca6dd0a39fc498b1107f67c42a38b1f778b0c3e76f16718c1f
20211106A07_1,302,303,2.mat,66,7,0.244783,2,4,1,885561de400a507e2195ce1ff7a85d7c6e83d38674dbd3f67dd6a4f982d937a2
20211106A07_1,303,304,2.mat,67,38,1.328822,9,6,1,b9841d4ae5421c3f699c89c5a67b08663bd93bf21a713868df0d51a16a17d25f
20211106A07_1,304,305,2.mat,68,27,0.944163,6,8,1,db6a7a69d5e43f8465bb0db256fe06557458631b8e4a7d87d5bb6f76c01e8efa
20211106A07_1,305,306,2.mat,69,21,0.734349,6,12,1,9f6327ea3aec26ed4890a4ab54cb4949a612d624a7ec0ab0469cb9986123651c
20211106A07_1,306,307,2.mat,70,20,0.69938,6,5,1,155dc2b0b232b3f77399555505efaa922019dba0f86e5adc81ca0b284fcd74ff
20211106A07_1,307,308,2.mat,71,6,0.209814,4,3,1,f9e9f1988c5eebf568fe63157ffc036fe95a8bf176ddb83bca2e01652e81a577
20211106A07_1,308,309,2.mat,72,5,0.174845,3,3,1,b4e3316b0430a7a501de67dfa886e64bc4ed5eef6bcf3985ebd92a4af63807ff
20211106A07_1,309,310,2.mat,73,9,0.31472100000000003,3,3,1,bdc801f4cf6a8699a44dd879cf10c862c4de9950abf3152ae274f22c74a441d1
20211106A07_1,310,311,2.mat,74,21,0.734349,8,5,1,f3486ea733e04433dce761b668bc744efe047d29ee28f2cd1ab41bec65367f4c
20211106A07_1,311,312,2.mat,75,6,0.209814,5,2,1,37bb1970c2a38547f20615998ce88f678fdbb3e098deb40ae8d0f219ea2fa436
20211106A07_1,312,313,2.mat,76,47,1.643543,11,12,1,403b1567dd97beab643e6a31265ffd666c51490bce110de97e3dbd0524d29685
20211106A07_1,313,314,2.mat,77,21,0.734349,5,6,1,a9478a602a3a2b70e1147131b51e4761e3954b7bc99db38fa85327e8f51eb48b
20211106A07_1,314,315,2.mat,78,15,0.524535,4,4,1,88c653c1ebea2d15586370dc1387290c3e536884c0f74fc34150fa45f3828b28
20211106A07_1,315,316,2.mat,79,12,0.419628,5,3,1,03a58665ac156929211a494e9f5b564329821e642481997b45e2d4ef337e418d
20211106A07_1,316,317,2.mat,80,6,0.209814,3,2,1,eb1467760389276fee1682f01c456e4d3de627911b3c244f689dfc7435768d04
20211106A07_1,317,318,2.mat,81,9,0.31472100000000003,3,3,1,6aa2c11daa457af4b8507e037c5166403375778693270ac9d726f2967b8bf862
20211106A07_1,318,319,2.mat,82,80,2.79752,9,13,1,51cc4b633463f0de8538a9b3c34c9f5ef515e74a68f8da6ca58cf869af93ee3e
20211106A07_1,319,320,2.mat,83,39,1.363791,6,8,1,674089197be20ddf99784228ce4d2e6bf8410acb869081fb3af62411b90c2b11
20211106A07_1,320,321,2.mat,84,36,1.2588840000000001,9,8,1,4217fc099e36793f114711c56de4366b1a6eac227ac1a841d3bcaa5eac5f098a
20211106A07_1,321,322,2.mat,85,9,0.31472100000000003,3,7,1,2235be94db87c725891973ee451e9f1d723d6a5e0da0f62fe51b53f239dafe96
20211106A07_1,322,323,2.mat,86,6,0.209814,2,3,1,74810cf529e709803a32cc0f1e69a548d4145c0d743c566dbfce3c009f2c3fee
20211106A07_1,323,324,2.mat,87,28,0.979132,9,5,1,3ce2764ec559c6fd42d4c9292711aa9a327bc60a1ddcb8948e65f34737235ad1
20211106A07_1,324,325,2.mat,88,20,0.69938,6,5,1,a7e0d2d0372121d37407c9a0e5ffdd3c3456fca896cb779f90ad7a5534f1d3b4
20211106A07_1,325,326,2.mat,89,9,0.31472100000000003,3,3,1,db370004b095222cb8c25e186cd0196639eace83806f517d90c790f83b5a4be0
20211106A07_1,326,327,2.mat,90,9,0.31472100000000003,3,3,1,03e8c9ff63b281e30b9b8ffd85df1f875500b22d4f48cdbff6100b3abccee0c3
20211106A07_1,327,328,2.mat,91,40,1.39876,8,7,1,88c19c93f7c1acb171d08a69ba323e225043fdebc4712606266c22404241ce3b
20211106A07_1,328,329,2.mat,92,33,1.153977,8,5,1,261840407a2b58ec6748ecfb059b5785937986ee26385d7681855ff7a1d8c2e9
20211106A07_1,329,330,2.mat,93,16,0.559504,5,4,1,48e0321b09fd656f9c43edd22ded8b376f5ead9e7fac5f059a1c1ebcbbbb0c2d
20211106A07_1,330,331,2.mat,94,108,3.776652,12,15,1,0357fd3724b503d0413b24c087b9615020cccb2dfd045c6909dd05df52752c73
20211106A07_1,331,332,2.mat,95,65,2.272985,10,13,1,9b65196ef699da4ea71a3540c94df0f46fcc2346bdda6a862337fdb747ac5ff6
20211106A07_1,332,333,2.mat,96,46,1.608574,9,7,1,90eef314eefe5ff1bae3a8a68113225096ca116f4959302bfffd919f29440cb5
20211106A07_1,333,334,2.mat,97,28,0.979132,7,8,1,7f462dc1c30297d57b73a0d1d34689c8ed392edbfa85b47ad8342fc6b0639939
20211106A07_1,334,335,2.mat,98,27,0.944163,6,5,1,f1fd2f99b28d57918f6007f2a40497028968e0843912c198aec3c1fb420df4cc
20211106A07_1,335,336,3.mat,1,77,2.692613,15,16,1,81fd8ec8cceb2bcb0618c4d3e412cd1226a4eba99fba572c0d2efb315bab3ba3
20211106A07_1,336,337,3.mat,2,19,0.664411,5,5,1,1bb76df61ed775aabfb4b070655818d92e01410ce1865c98af49d1171d3c54f8
20211106A07_1,337,338,3.mat,3,9,0.31472100000000003,3,3,1,65cb6fb590ee61d3ca964af82ab9b7edbdac59fc8dcd932664629684a6f02d49
20211106A07_1,338,340,3.mat,5,17,0.594473,3,6,1,d7ea12dc245c4aaaf5fb761f9e536bddd99eaef595fcf45cf7b008ead4a8bcad
20211106A07_1,339,341,3.mat,6,9,0.31472100000000003,3,3,1,78ad688eaac11fb84a7cb568e313fa17a94c1399d9fdf3912950343113f83861
20211106A07_1,340,342,3.mat,7,75,2.622675,9,13,1,c6da748537df7b3ec59fe54d7cdf373c3734fc247dc911ed7724cdb50f8f89cf
20211106A07_1,341,343,3.mat,8,7,0.244783,3,3,1,de121f10894411c25856bfda001b039e59e684cc8dc236fed6f69917dbe76bbb
20211106A07_1,342,344,3.mat,9,40,1.39876,9,7,1,c7f774822faa91ba849639c503908956a70b972b4812448c2b5a58a7520edec9
20211106A07_1,343,345,3.mat,10,7,0.244783,2,6,1,eb1914e7b16901f2da30a8fff93f50f2c9cfa600aeef1172df34f021415f47c5
20211106A07_1,344,346,3.mat,11,17,0.594473,7,6,1,67a9fad67e9a4460ad0b9be33a38f6b430fa47e34eb5737867a1e670bdbacf3b
20211106A07_1,345,347,3.mat,12,35,1.223915,10,6,1,eea522a228a263cd185b20baed5d9cf2d8f7e7bb63e4f6da614e172cc3a38348
20211106A07_1,346,348,3.mat,13,17,0.594473,5,5,1,2a98a9d4dde5de203ab95b2a3b75aef648eeb40dfafb11b13963a62802f5508f
20211106A07_1,347,349,3.mat,14,28,0.979132,6,8,1,ac9d433dbd3769d1400a1546672f1a9535aa0d2a44891da7437316abc77e88a6
20211106A07_1,348,350,3.mat,15,49,1.713481,9,9,1,928aac9ae4a777a99d8633633dd1c1b1bd69eca580a420e208a59799aa37f571
20211106A07_1,349,351,3.mat,16,16,0.559504,4,8,1,c366eb131be80069464a1b6d18b34df0a591c02d9172b6d5407663d0393499ff
20211106A07_1,350,352,3.mat,17,16,0.559504,5,4,1,3a5e37353b376fdb69d21dac0fa247714f1d00203d16ec3819daa24ed970a283
20211106A07_1,351,353,3.mat,18,47,1.643543,5,11,1,c0c96d7a84fa701100a7b87e9e457781d5fdc95c897c0bd6537352a140a330ee
20211106A07_1,352,354,3.mat,19,60,2.09814,6,15,1,48e5f7e9b8b44c6f43c699ab13e87d026cd8e9a809efabff3bc9be2e0700b349
20211106A07_1,353,355,3.mat,20,14,0.489566,5,3,1,e272ce867e948d2c6fdff073a506f17b516b559e5c24c303764855ef162894b1
20211106A07_1,354,356,3.mat,21,9,0.31472100000000003,3,3,1,1cc95533beaf56d324f88a615d2e1984346ab492168812dd1ce29dacbf6bfbaf
20211106A07_1,355,357,3.mat,22,88,3.077272,15,14,1,ad1794d42381fe0ec5d618d0fc8d6c0a96cb5dfdeeed469efa670170f4894dae
20211106A07_1,356,358,3.mat,23,46,1.608574,14,8,1,f0d392185e0658dcf0a318cbefa191bba51b8004aec352d86c3d7c4eb5e3e801
20211106A07_1,357,359,3.mat,24,56,1.958264,9,9,1,8da276dd7160427049baa84e28b5924e6cde05b140492ea1ec70c937f2861278
20211106A07_1,358,360,3.mat,25,14,0.489566,5,5,1,b8401705e09a048c376960d48742f6fea85cdf5ff0e0eca0c637aac7bfdc1c30
20211106A07_1,359,361,3.mat,26,20,0.69938,4,5,1,0fc7bae31acf8ccd9673729e6100c62db3afa9985fb5d9609ad49aaa98fb35ba
20211106A07_1,360,362,3.mat,27,93,3.252117,12,15,1,ae8667c4b30bba301cfd40da64852cac7182dab4d07d130abf86fc856334cc7a
20211106A07_1,361,363,3.mat,28,8,0.279752,4,4,1,cd3c01ee0aa598e44ee684ec442626f1e79fea6dff715454d9d6c189c32a5a27
20211106A07_1,362,364,3.mat,29,29,1.014101,5,7,1,d436922de47cf8c906bc7c536d6ec1089e1bc8a9dd2734bd94dd4698ad308774
20211106A07_1,363,365,3.mat,30,21,0.734349,5,8,1,2c218b1fddeca0c71ef53d09b6fb85b29898399257c4835a8d8833589d5541c0
20211106A07_1,364,366,3.mat,31,13,0.45459700000000003,4,4,1,79ddec7b9c53935ac050c80db09d3cb72ed1eedbf824287b720e89cc9900fca3
20211106A07_1,365,367,3.mat,32,9,0.31472100000000003,3,3,1,f52262ea7ed4886a30117351653d53a452e8d6f28e43000d261ecdce465bc4e3
20211106A07_1,366,368,3.mat,33,11,0.384659,4,4,1,08d270797d66193bdf05316f6fece436340f5ca6fd3e2bb85ee13cc645297e76
20211106A07_1,367,369,3.mat,34,16,0.559504,4,5,1,e0d9aa3512fd332598b98d9aa124cffc5a32184e099840198f4eb77757c3cb2d
20211106A07_1,368,370,3.mat,35,14,0.489566,3,5,1,5488c8b6ff4146a04493ad9a0520b10618b843171a5b47eb5cb52e37e6d1ae2e
20211106A09_1,1,1,1.mat,1,142,4.965598,39,13,1,5168ca748f3c5c3386973b1259145ee525f3db3f5225f75b14351a942f618f34
20211106A09_1,2,2,1.mat,2,29,1.014101,8,4,1,da8e9f5f91d7c3d446843e2e92d2bf80e119ffa8f9a8f6b6079848e2c470823a
20211106A09_1,3,3,1.mat,3,16,0.559504,6,8,1,69baebf1c9aeccc99b209eb28fa437ef217a122193eead966b944d97be783a07
20211106A09_1,4,4,1.mat,4,15,0.524535,6,9,1,373af016014e81261efaf7d47cc788aa8b8653d992ddf110b7d5a38f511a11fa
20211106A09_1,5,5,1.mat,5,42,1.468698,13,8,1,1bdcc04b2c0b9a7313556343602a53b5076cdb823fde0e79aae64ff56c851f13
20211106A09_1,6,6,1.mat,6,17,0.594473,5,13,1,fe8ba395513c200472bb05a607ac3de6bac99e877e3d3aee9499ffa808b70ef6
20211106A09_1,7,7,1.mat,7,19,0.664411,14,6,1,14e5e45105ed80e1efb15a91d73aba76097dde0b167a9730841cd89c028f03db
20211106A09_1,8,8,1.mat,8,42,1.468698,13,10,1,21d42b1e8514f773606fd802fb09fa1830466c6fbbded481a067bd336e5b64de
20211106A09_1,9,9,1.mat,9,16,0.559504,10,10,1,de4eaf9ca0a1c109c720480683e58568ad249bf0b56d12387bb504421454f3c9
20211106A09_1,10,10,1.mat,10,164,5.734916,27,16,1,727b53ca3f372307e65fb8f8faf82c05dcddd7501f5bc53ea8fcc5d3e5fc2377
20211106A09_1,11,11,1.mat,11,24,0.839256,13,9,1,17f289d2c238fc8d0ce4c1793726735680a6cf97be502ddc6355577961a86d2f
20211106A09_1,12,12,1.mat,12,22,0.769318,9,13,1,656e66f0318473c2dd5dd361211cf5c8047b6f632d6913d1307e6ace06b657f0
20211106A09_1,13,13,1.mat,13,13,0.45459700000000003,9,8,1,df5228e6c8af5c11cb64dfe6f2ffc1482b0246f6d41f04cf2d9649831aaef525
20211106A09_1,14,14,1.mat,14,28,0.979132,9,7,1,22981f686000a4b626a75f1f7ec52871603de55cdeb138d51cda0d2bf6cb2a6a
20211106A09_1,15,15,1.mat,15,21,0.734349,6,7,1,ad5820bdf83193b5e77f57d52f513ffa56c8ad01b3645bb79978225f79de16d6
20211106A09_1,16,16,1.mat,16,30,1.04907,21,7,1,2f2d050bc906757035534f30f16a5b3f40600d7a84743388523fd19153cd68b2
20211106A09_1,17,17,1.mat,17,99,3.461931,20,10,1,4c821a089b290dd0456f204f467a33d40167f65bb242cdea4c313a0f05080f31
20211106A09_1,18,18,1.mat,18,11,0.384659,8,4,1,f441b77c53a88495732031e6a8646a75a8be8307e2b2dacea338260c01b5ae72
20211106A09_1,19,19,1.mat,19,69,2.412861,16,20,1,fb2e2e16e1749b7485a4a6941f8c428fee2b6103c4d005440a52590e627c9bb8
20211106A09_1,20,20,1.mat,20,12,0.419628,7,4,1,b9beb0fff2a90a0bb28420c7b0ef83924c2dae2f89b37e50a67a4de7fcc9620c
20211106A09_1,21,21,1.mat,21,67,2.342923,11,18,1,7e3def67a4d18bf010e5c3066869ac4a03a4ee713713c8b8c3f3b067d758c556
20211106A09_1,22,22,1.mat,22,12,0.419628,7,8,1,2ac330b058a2d837349d65bca2fbd2b025e971c3e4e2f95391674a676f699c56
20211106A09_1,23,23,1.mat,23,156,5.455164,14,20,1,bd17940b993fcd27de54bbc6849783dd05cc8ec9461823d3a3b1c13beda264ca
20211106A09_1,24,24,1.mat,24,20,0.69938,12,5,1,9a383f6c17e5e1a47f3713563ca5b54b9be7107cb795d4b69cb8d47d6c43f080
20211106A09_1,25,25,1.mat,25,37,1.293853,10,8,1,9e5e7899db5e868ce44b8b528a00572d53e566ec619b74c7aa3c12a7bad56180
20211106A09_1,26,26,1.mat,26,20,0.69938,7,9,1,95b745c231bf944e4e508bcc652c2a88f8698d772de3affcdb57144afa96998c
20211106A09_1,27,27,1.mat,27,10,0.34969,6,4,1,f70b5e1b75528250eb53a04b93c6d5fa69d5d539ebe30c3d892fa405b8a625a7
20211106A09_1,28,28,1.mat,28,41,1.433729,12,16,1,b9912730811a31f7e5895ce86d927ce28f9ca538f59a6fbd700ccb665e0de834
20211106A09_1,29,29,1.mat,29,31,1.084039,7,5,1,fda1cc7ba1ba9d8eed63a1455f453c646171f747f1934523c2081eb25564afff
20211106A09_1,30,30,1.mat,30,27,0.944163,9,12,1,9a6c3bbb2a3255bced59786d45468f62c4f993abd1c985e9bb6042cbc8a4e0f5
20211106A09_1,31,31,1.mat,31,69,2.412861,14,15,1,57fe51e00328bee8f0dc42d1b895578e5e350a39229d75badddf1c7b9f7c60c4
20211106A09_1,32,32,1.mat,32,28,0.979132,9,14,1,5b31f6e01a5538703e7c58d672cc6804905e3d7c5707aa4f6e7124f8e47d4189
20211106A09_1,33,33,1.mat,33,40,1.39876,6,10,1,29494a53d26da492fb817310d3f70b13a997408dacaa56af5263902e71100a9f
20211106A09_1,34,34,1.mat,34,57,1.993233,9,11,1,b2c83a7fd1dd5c6306de4405931b8f42469c71f73de925fdf88b54eb047cf979
20211106A09_1,35,35,1.mat,35,60,2.09814,9,14,1,d4c65263ef663d8e7f67b78d0a7acfbd92300b42fe4bb1618d531a31e6d3d9c0
20211106A09_1,36,36,1.mat,36,83,2.902427,15,8,1,be56a5469abf93ab3fddb77f3f7a5eaa089c3968e653553aa20cb7b196318937
20211106A09_1,37,37,1.mat,37,12,0.419628,7,5,1,a3d61f12b4e57b912ca6a231b9b00a9d099240b6f453d03f947ebce87338951f
20211106A09_1,38,38,1.mat,38,24,0.839256,16,6,1,890085ad72fc28e84dbbab91d906608a2e8458fd8acee447d6052e06dca25f28
20211106A09_1,39,39,1.mat,39,43,1.503667,12,13,1,16b5794c2ca944c4ac0bbccfaece8b8d10083ff9030d2fe4bbf38adc0395b2e3
20211106A09_1,40,40,1.mat,40,15,0.524535,7,8,1,7ae8c69a14a141b5f777708acb330ee717c61f2afdea18193833eb944979765c
20211106A09_1,41,41,1.mat,41,333,11.644677,32,27,1,705e3667bfbb2437dd68398664ff4bdd5bf65f63f3ba456228ad6facdd14206e
20211106A09_1,42,42,1.mat,42,11,0.384659,4,7,1,1c9f1803af1dcd61ee81751400944b0233441136822ff99dfbe1f78cdfc22c2f
20211106A09_1,43,43,1.mat,43,24,0.839256,5,8,1,2cbd13ef8930aec525ee22ed9cc459b6b368cbc340a92f5163f12ecf50b6077b
20211106A09_1,44,44,1.mat,44,218,7.623242,29,17,1,947f14c843df2809c1737087323e1a6b89e802a26d680ae907d80e834ad7d7da
20211106A09_1,45,45,1.mat,45,27,0.944163,7,6,1,4794722bf73c802214e9c9224583c0df9bc00bf6266d297986acb1762eb2f221
20211106A09_1,46,47,1.mat,47,12,0.419628,5,8,1,36886f74b34dd0fd11eb13c7f8a31767ec533c2bce2038425cb6c4d4ff89e194
20211106A09_1,47,48,1.mat,48,19,0.664411,7,8,1,7f3f5ab0365e7bc7253885cd7042949abcfc911a4aafaa70c81376dc280958f6
20211106A09_1,48,49,1.mat,49,72,2.5177680000000002,13,7,1,e876a0e08a896e26c25030b395d9e2b2b36453db3020af3de82dc44d00a0b88b
20211106A09_1,49,50,1.mat,50,19,0.664411,9,9,1,d33b24f74bcba54002562d5b7d43052671da897b943e8410f9b059cee5c39a19
20211106A09_1,50,51,1.mat,51,22,0.769318,16,4,1,87be1a2eb0ce9a90c41b568ed5cf420ba319a3d3267a196630181a72d6d9f705
20211106A09_1,51,52,1.mat,52,157,5.490133,20,18,1,a561293f33cec4de06ae487f71e439a6feb45db664d7e8e82f01c336c1a441a1
20211106A09_1,52,53,1.mat,53,55,1.923295,18,18,1,3c01a41e1b4f47a2d14099270a55306445fa48cdf48fc283e41eba4a28afe8eb
20211106A09_1,53,54,1.mat,54,54,1.888326,10,15,1,e4b939d4f1941251127e2b585fe824bd013daaf3b9fa87c72ea462d6fc11f9eb
20211106A09_1,54,55,1.mat,55,118,4.126342,15,17,1,65953d85914843f6037b7dc517f66c3fb9a1666242fe71947a0b6563215d3383
20211106A09_1,55,56,1.mat,56,70,2.44783,24,13,1,b1829bf48f1d19a0c9555d19c746c75754c21a3694e8b222ec5c99c558771c35
20211106A09_1,56,57,1.mat,57,78,2.727582,11,13,1,f2eec72ff2d6e9a3da91f10f8b428a292e4438d8a6ded017368111c7a1a10482
20211106A09_1,57,58,1.mat,58,39,1.363791,8,6,1,1d1aa03c68bce11a17de1fadaf022c70a0b7e693bc7060f54b04f22661fd68d8
20211106A09_1,58,59,1.mat,59,17,0.594473,6,9,1,a9c1301accaa1eb7b6017dfc669ad02d184cb42e9473067a8e4b45f4127f1351
20211106A09_1,59,60,1.mat,60,28,0.979132,6,5,1,80836a875c05acf387a3e51aec114dcc48f0798acd10c0fd1272760c3ffc4591
20211106A09_1,60,61,1.mat,61,63,2.203047,17,15,1,cc33e8abb47efefa91628a12002a03711ff651bc0b0bfc741c813463a4ee83c2
20211106A09_1,61,62,1.mat,62,27,0.944163,8,6,1,e55bfcbbfee64558f3dd5c81e4456dd356a74182b9cd223f0ea1bb238e31ed4c
20211106A09_1,62,63,1.mat,63,20,0.69938,8,6,1,8d19a8a008bceccf116ec211a0d71f50903c14cc834efdc3397957e48d099aed
20211106A09_1,63,64,1.mat,64,42,1.468698,19,9,1,1cf18510cbf282c401ad107b612d4caebfa489fd408144e2bfdd7c78cd87bc0b
20211106A09_1,64,65,1.mat,65,66,2.307954,18,13,1,3085c18d341e68e311bf7441ca7fc54182a0cc4fd7f82b5298d108ff9be56d32
20211106A09_1,65,66,1.mat,66,67,2.342923,18,14,1,8136c6420d6bceff2a9bf9401a7cc15bdaf84bba65a7b9a4d45fde889b8b1925
20211106A09_1,66,67,1.mat,67,20,0.69938,7,6,1,07890fb6c7061e5900b88eaffa4a0a36b9dcd9b8612a9fde2f8b53f77d69b02f
20211106A09_1,67,68,1.mat,68,35,1.223915,7,6,1,cb1788dcf3b7a3f0013f6a80ddf41d9085fb0da2d211af0868c4958bed3f734d
20211106A09_1,68,69,1.mat,69,23,0.804287,4,6,1,b0e85a24fc8cd8f05987cafb3c3eec7d1bb9f29c24be6cfb0ec51e104a599308
20211106A09_1,69,70,1.mat,70,13,0.45459700000000003,5,7,1,9df38324983e6dce23560d481b45ab76ae39a6585388ca090e7d40ed943559b4
20211106A09_1,70,71,1.mat,71,90,3.14721,25,10,1,a80f10271f196dd22568e61a4081a262ac5cc676d537aead16591b558129c12a
20211106A09_1,71,72,1.mat,72,304,10.630576,30,18,1,e0d4fa174aa3753958f42b2e1c43df8f05be87110e01f0453b429f6b67c7508c
20211106A09_1,72,73,1.mat,73,64,2.238016,11,13,1,aa9890f9b82ad5c7aa202163f5e5b90ab0b3eaea63329227aa1bedc1a1e15ba8
20211106A09_1,73,74,1.mat,74,49,1.713481,7,12,1,52f5787c4d1c929d15cab6d8ba75efddbe7c7c3ab360d7acb7788fea111bdc41
20211106A09_1,74,75,1.mat,75,48,1.678512,6,10,1,a8ffe2bbb0174c0aa2e40b25ff02d431e7f49c0583d4c7dd28805e9da9275170
20211106A09_1,75,76,1.mat,76,46,1.608574,9,8,1,538f22809a70a8ae84b6559eda2c4bd492a2194252b51ee76a6ccf5c9de9d04c
20211106A09_1,76,77,1.mat,77,77,2.692613,8,14,1,84a31ec37c233ab1304855feae3869f1b77db0e354bb4488ceb14920c82540b3
20211106A09_1,77,78,1.mat,78,12,0.419628,5,5,1,67a857e3f1c68b422afdb811e5a8b888d69a09b6515f18e24d48f6b3801466c1
20211106A09_1,78,79,1.mat,79,48,1.678512,12,15,1,d0dfc5d161c1ded36383d5643ce71b8ca53d0138b0d6cd13f9c8320dffeeb4c5
20211106A09_1,79,80,1.mat,80,188,6.574172,18,18,1,c66a26a01ece3dcff7839b6287a6a57441e4d603dab151533531017805d5c4c9
20211106A09_1,80,81,1.mat,81,33,1.153977,10,18,1,8b8cf233360d17c1022f47f6c4ff62d4acb56bf0088a3fb26878155387243e2f
20211106A09_1,81,82,1.mat,82,56,1.958264,15,14,1,e980446faa9e7c48d8c28d4ffb33a1459741ad056c52b18bb929397f45f6fd7c
20211106A09_1,82,83,1.mat,83,208,7.2735520000000005,20,22,1,cd652d6fd07a35f36601a66e410b514d3c5ad4792cb32d17cdc66c48e57440a7
20211106A09_1,83,84,1.mat,84,11,0.384659,4,7,1,1d910b6c659c01e3b8fa8a5161f0fe15d2f923bf466f724b872687375f3e532d
20211106A09_1,84,85,1.mat,85,27,0.944163,5,6,1,866086657da11a63497ef6d7d6d3676d4b9491c600d23b3c47ed2ca815589d4f
20211106A09_1,85,86,1.mat,86,59,2.063171,12,9,1,03ba47a16c18c6520ddcbecd02e1452ae321167c26dd8bff50c912ba168b72ae
20211106A09_1,86,87,1.mat,87,96,3.357024,15,13,1,e8260167da424c9b2ec886e59258b308aaa62e20bc38a5c55b06866018c292e2
20211106A09_1,87,88,1.mat,88,32,1.119008,8,6,1,f766d14a479d2a8143c475f217a713d4bab383cbc48ca5f9b8b1cc43edac0ab0
20211106A09_1,88,89,1.mat,89,75,2.622675,13,7,1,d5b2b52f028d9cd91a08f28199122d2b37b11e692d5e293a23f01a9a0efef0b1
20211106A09_1,89,90,1.mat,90,48,1.678512,14,7,1,fdba1167b5a3cf8798f2e23c61c9eb52520d06053841223985e9d5eac99f9427
20211106A09_1,90,91,1.mat,91,53,1.853357,9,8,1,cb60d24f01034287b24b3a9663eebc8fdfbf01ff0ad72293001b26eb1906164f
20211106A09_1,91,92,1.mat,92,30,1.04907,9,4,1,0b72d0756e1d8af7a63d32bf8c27bc256e2120ff43964f75ba95deb03d068023
20211106A09_1,92,93,1.mat,93,23,0.804287,6,7,1,a4129edf097a45812e9a743d704aa912aa5d38f55844a46958c1559a4c96ad8c
20211106A09_1,93,94,1.mat,94,12,0.419628,6,4,1,2d844808a531a443e0f4dab22b25edf84d3e4949c224c7f5e3d08a534ac4121b
20211106A09_1,94,95,1.mat,95,173,6.049637,26,31,1,dfc9ad813eea5de6b331ff8a93a967a45ba8b500b762753e0e29095e1e147338
20211106A09_1,95,96,1.mat,96,36,1.2588840000000001,7,7,1,10971fe09c5a0c6d8d44ff7990c65f1a565b2e07b9ead52ed719dad0773ada11
20211106A09_1,96,97,1.mat,97,29,1.014101,6,6,1,2ba633e099a0123effd8e7d5871145208228cf09ddaea5be3bde6a9826cbb97e
20211106A09_1,97,98,2.mat,1,47,1.643543,11,12,1,225c5a80a06bc845ae4255a3272565aa902efabd2a7345b4268f3d4b5e5b62f4
20211106A09_1,98,99,2.mat,2,15,0.524535,8,8,1,82dd8b46a73c7971e0a1243ee834d694d5884d933d1cf8606c20c24b773cbdf4
20211106A09_1,99,100,2.mat,3,273,9.546537,15,30,1,f6c2d6c194a7b2c03d30c65934df5919271a3ae2e6a6894f07b6e55528142aa8
20211106A09_1,100,101,2.mat,4,16,0.559504,9,9,1,eacae4bef90105c03b1e8febc8f15564cd1d618217ea30c1fdb84266ca878991
20211106A09_1,101,102,2.mat,5,38,1.328822,13,8,1,a4bd182bb366271409a805f11cca483b61e8888958cb6f27c4529a49a5d2d7f1
20211106A09_1,102,103,2.mat,6,16,0.559504,4,8,1,cda99b3e06f73744d24cf6c4faa67305ab6bf9d6dbd319714b9ded47d265705f
20211106A09_1,103,104,2.mat,7,121,4.231249,17,10,1,1cd6a173b622ae32032d49474c2ff9fc4cdd05aff91e19bb0fce7021d7c2c390
20211106A09_1,104,105,2.mat,8,59,2.063171,10,12,1,2d4d9e366a6502d206fe46ec7bdb0e0e86ea2b0a9e6d3329eae1c21d0d1c939b
20211106A09_1,105,106,2.mat,9,33,1.153977,7,7,1,2bc64aad3442ff0021ad7794f577f0a097dc92920c8fa8456523eb1646232a1a
20211106A09_1,106,107,2.mat,10,220,7.69318,16,23,1,d30e7e12552d1f0e47e9e0dfa72b7a7632585132abdeadebfbeb0836681dc2f0
20211106A09_1,107,108,2.mat,11,34,1.188946,7,8,1,0b97167bb7fef4ffef894e212ce52000202f14a623f6adaa5143089c05aed374
20211106A09_1,108,109,2.mat,12,66,2.307954,7,14,1,f61a9788937756b9d5ef8107eb11aae8c989e8c754d1e8414f5807d772c2d620
20211106A09_1,109,110,2.mat,13,50,1.74845,10,15,1,0d900142c4a762c278e6e611e5b7fae0fb3ab65c3e11d321b4eac2da8235b8a6
20211106A09_1,110,111,2.mat,14,41,1.433729,9,7,1,835b831e56060791b39fa8d0ee7db0f121e44304d86bfc9f3d15e286c7128585
20211106A09_1,111,113,2.mat,16,24,0.839256,6,5,1,97c0bf568b1eac2ac6fa2d78dd8f9923b0e21d30f8979daecd65f0a2bf44c4b7
20211106A09_1,112,114,2.mat,17,154,5.385226,15,29,1,627f28cc56dd69ce3e1fa1b77c1bad6603e29f2178432adcf1c42a15c69feced
20211106A09_1,113,115,2.mat,18,43,1.503667,9,6,1,5329e44242f6c865c324ebf88a46f178cb668263c073da5f44bf36f59e332317
20211106A09_1,114,116,2.mat,19,23,0.804287,8,6,1,4a92eb7f66ab3252b2b5680c5f5befcde78ed84007c65b7b690a43a4ec3a4742
20211106A09_1,115,117,2.mat,20,225,7.868025,20,22,1,f6addb241c3f552eb7c002fa706a5cc596b42f4065fbadc0c111f0977dd53a5a
20211106A09_1,116,118,2.mat,21,37,1.293853,12,9,1,a1e5715509fa6de24c587b16927dd47b29cbf206ef3752c57e17647bb5f335d7
20211106A09_1,117,121,2.mat,24,215,7.518335,15,28,1,7c40fe711234e847bdabf90618710aebca84a5766f306600b150c39f97483d72
20211106A09_1,118,122,2.mat,25,27,0.944163,8,7,1,5f4ee3083ee1b24bcd1ca86061c00fe77197d39c838a06e708d1eb868fecfbfe
20211106A09_1,119,123,2.mat,26,26,0.9091940000000001,7,6,1,f408f88c82394f43a790b42132b767cef2a77058e78c7ae433b3054bc9075dd6
20211106A09_1,120,124,2.mat,27,83,2.902427,11,14,1,88b325bfdfd9c1c3b18a606cadaf2af148c411cbe7bf45239787189dbad0b46a
20211106A09_1,121,126,2.mat,29,93,3.252117,11,12,1,13d58ce07fc9c6b114ddf32ab801ca0e06c8532406b4a5a1752c733f31d03621
20211106A09_1,122,127,2.mat,30,36,1.2588840000000001,8,7,1,b0a092a2108610a39a3afdfb9671f127c1b67adebed76a340927b19f65d70f8e
20211106A09_1,123,128,2.mat,31,26,0.9091940000000001,4,7,1,541bc3c37a9f459d1d6271d27ee3ad96c86a9edda9fcc1da3aeec2b479c9f72c
20211106A09_1,124,129,2.mat,32,45,1.573605,9,8,1,242379dd5fd7e9703c7e1f052320e4ae68d0471b0d50e6b285c73b7b6c1786bd
20211106A09_1,125,130,2.mat,33,16,0.559504,12,7,1,15b76c7e7e6e4f3c30d8e0e4de247df4b31bd9868af082592c18a00da47feba2
20211106A09_1,126,131,2.mat,34,52,1.8183880000000001,14,15,1,4c0aa84b5fb444b461c25e3a9c7e97b74cffe504f24def870b037f02cb219114
20211106A09_1,127,132,2.mat,35,63,2.203047,18,13,1,41c05d0e4e59866d50778231386230523ee198eac24cc8667ac1ab7d8fe02db6
20211106A09_1,128,133,2.mat,36,51,1.783419,10,14,1,0187eaa11966747ac32b08c134fd15ffef17fcb2daef575d1607530020bae4c7
20211106A09_1,129,134,2.mat,37,57,1.993233,12,7,1,2e755c2ef0bd20f0646be83d526fcef34ac6bdb27abe463cd859b6ccca5bc63c
20211106A09_1,130,135,2.mat,38,47,1.643543,7,12,1,139bfa97260ac7026047226a086b87a5021c4d3a57c2a85dfda3e710cd8b76cf
20211106A09_1,131,136,2.mat,39,91,3.182179,16,13,1,804721099d802367fd30b6382a44a53536b2206426c495a84e07d02b4e484a1b
20211106A09_1,132,137,2.mat,40,141,4.930629,17,16,1,d6751b5463e7829898755ea76fcfe2cbcfc7cb4222017476a49850b47de1084e
20211106A09_1,133,138,2.mat,41,40,1.39876,8,7,1,3f661b3e6110276c34685fa3fd0256e7bc46a2b212df215d0227716f15188f70
20211106A09_1,134,139,2.mat,42,37,1.293853,5,12,1,b960b3e3fbb6f6609579bd62850acdc16a0d5d7711f7a487cc146fba215371fe
20211106A09_1,135,140,2.mat,43,35,1.223915,9,7,1,301432e9f54df7ede458d4687e067223ea28ca206722386abd5c9d2501966c3d
20211106A09_1,136,141,2.mat,44,78,2.727582,15,22,1,61bae6d6da64572a0e06c7c09c7d4014306f954ac59d2ea4f46375408414b46b
20211106A09_1,137,142,2.mat,45,41,1.433729,6,9,1,aa20b228c3f160500c66b76f16bbf8790905f7a1f756c84efdcf5732d986f54a
20211106A09_1,138,143,2.mat,46,50,1.74845,7,10,1,410df4c15b78308733effd7213b70ec1e5766da0546d22591245092777a0232f
20211106A09_1,139,144,2.mat,47,204,7.133676,19,24,1,fdba301af6f676e93596ce9e215d62c00681f5865a6ec0fa6c01895c1f3a84ab
20211106A09_1,140,145,2.mat,48,20,0.69938,5,7,1,26557dfe86b25f93005af6e426205c0ba2170cb19c81d469eb38e1317312e671
20211106A09_1,141,146,2.mat,49,75,2.622675,23,18,1,41e587a1975dc6196f0205745ed9bbdae82b72546f229027d840fc52fe7dfc6f
20211106A09_1,142,147,2.mat,50,57,1.993233,18,13,1,6771e533a37fd08ae0476947857ac3a6646746d1f5e76addc4e00bad7237b7da
20211106A09_1,143,148,2.mat,51,30,1.04907,5,7,1,e0aee02a9d79bfc8e19decae857aad7f926154c10858fdcd2b4d313b7f4d937e
20211106A09_1,144,149,2.mat,52,102,3.566838,27,18,1,b89b902766992c520567482759dd9d7b9d43eba2741859979624f3be0c9ff9dd
20211106A09_1,145,150,2.mat,53,107,3.741683,14,12,1,8b097c80b3be527fd091a8c17e53527f9c702a4bf660261ba0af3d55815b81b4
20211106A09_1,146,152,3.mat,2,17,0.594473,8,5,1,303df38e9f973b529090841033c8c7a1366adf8c9b3b39bd6b838f4380b62c4b
20211106A09_1,147,155,3.mat,5,26,0.9091940000000001,14,8,1,299d6f0764682620be2884f182dd3b8e2cd478bd68fa5cb942e8980ba489fe5b
20211106A09_1,148,156,3.mat,6,30,1.04907,7,5,1,42620a24553321e0d280f027cf0980a5c8b6c0d41d1af1b653ecfabe250b134f
20211106A09_1,149,157,3.mat,7,37,1.293853,6,7,1,16513940796868243300a686cb9f11ee4d91480b40691b1870c401e6657a3f14
20211106A09_1,150,159,3.mat,9,35,1.223915,9,13,1,4e64e8a27f2f6ed4aa3b6d6b0588496825385321f8848c672d4654569744d480
20211106A09_1,151,160,3.mat,10,162,5.664978,25,18,1,dbfbe6a834e4e2071fb21028607ad787b93cb0afbac6a8782cd155082b4d58f2
20211106A09_1,152,161,3.mat,11,25,0.874225,8,6,1,f808f571935de9b9c674c4eb34d74ff9d5dc3e1729cb4ee5bb39bc53a739900f
20211106A09_1,153,162,3.mat,12,103,3.601807,14,10,1,c42a02995f9d7b2ffd3b970cde4a4bc8e0e28232560ea0b1f0cdcea851daf4b0
20211106A09_1,154,163,3.mat,13,35,1.223915,6,8,1,17dd00e260f4bb186f136de44a70b90d9b915ab760b64364e52047876c4d7986
20211106A09_1,155,164,3.mat,14,259,9.056971,19,19,1,8c4f940e8f04375e9f1014d46ab8be3f45100cb8e323255f55a8fd1c8afcf167
20211106A09_1,156,165,3.mat,15,87,3.042303,12,11,1,b46514091a50b051eb761ddf9591df6cb126fa3aee0d8a57ff80e11c29a8e35e
20211106A09_1,157,166,3.mat,16,64,2.238016,11,10,1,e5f210edd194ececd177ecae61899aa58f5533cb692a2ea996ccaae309ac9b83
20211106A09_1,158,167,3.mat,17,11,0.384659,8,4,1,142bc4fe71dc6cf4a7ded79eaaf4593be21ad5ea55ad59bea6a075d95b5b2302
20211106A09_1,159,168,3.mat,18,87,3.042303,22,16,1,475de20342878aabd46013d401bcb61a4913878bff93861d6ad62ed0526bd909
20211106A09_1,160,169,3.mat,19,70,2.44783,29,12,1,050d8845ba7dd6bb49f51e8038fe57d78d17e05d95921e4e9001282352c48ef3
20211106A09_1,161,170,3.mat,20,20,0.69938,9,7,1,442bb278b44cda253bcb0744219c3754b53e98155ca150d9d1256085b92af716
20211106A09_1,162,171,3.mat,21,54,1.888326,9,10,1,cae79893433ec15d86725aea7cce068518d2caad8ddd1e9939a388c7049dd717
20211106A09_1,163,172,3.mat,22,26,0.9091940000000001,5,9,1,ff5082a22ca34a33bdcb5f8a196c2d51343bec6903ada9ef19ad37e114abf861
20211106A09_1,164,173,3.mat,23,44,1.538636,10,10,1,5656ee3ade784c3ab40c0cf8882c939e60efaa511cf3061defe90fb185764a61
20211106A09_1,165,174,3.mat,24,12,0.419628,3,12,1,2da97c6c411a98b09bb259547c4aa6df57b5f28a01ca21fe3b226dd0d997d7e0
20211106A09_1,166,176,3.mat,26,52,1.8183880000000001,9,9,1,25f99a3f0c8cf9777a3c7ba1b871330b8c7d4ffdb429ef5a163e2d4a7b9117ff
20211106A09_1,167,177,3.mat,27,49,1.713481,11,12,1,500b3cb9e1780e0728f2eae59bc95ea5c47dbced9201fd1c0351d803dd67f33f
20211106A09_1,168,178,3.mat,28,210,7.34349,24,16,1,47d28a600311540d958b390fea597cd4046f36270f8ad9be12153ef37887a3c3
20211106A09_1,169,179,3.mat,29,15,0.524535,13,4,1,133604ec14ce24adf2d35d70ddd847c7dc04617d94155ece5a744e8665d4d73c
20211106A09_1,170,180,3.mat,30,28,0.979132,16,6,1,e2a8eaf55d1dba6fa511368da989461d994a91390461d87ee593562f569b5a8e
20211106A09_1,171,181,3.mat,31,182,6.364358,16,24,1,1826e7a096901c08c8feba18cd420430d79dbf78f867f0c0cd63870b6d26ef71
20211106A09_1,172,182,3.mat,32,28,0.979132,9,8,1,006004443fe994ee19609606860b900b0bb61bbcd767d75837c50863432458ae
20211106A09_1,173,183,3.mat,33,68,2.377892,7,11,1,12d28f305ea6bc3f039b4d30193e1726a146582018dface5b1f39502d0885d3b
20211106A09_1,174,184,3.mat,34,34,1.188946,7,6,1,86c73938c100d8141f1ab3c0c1691af1cbec979390e369e17b4fa185a78271c3
20211106A09_1,175,185,3.mat,35,35,1.223915,7,7,1,14aca9de78833ddd050a7aeaefd910f17a0c311b6f8cececd2911a865453591f
20211106A09_1,176,186,3.mat,36,14,0.489566,7,6,1,e3c58bfde916dd16fb10ffc236f40b2f567ca5669827a9b7d1eb9939fe56f390
20211106A09_1,177,187,3.mat,37,16,0.559504,7,7,1,89e61b55311ef9bac234caaa66cf2d1d5e476f591028139c8526dd5caff3605d
20211106A09_1,178,188,3.mat,38,57,1.993233,9,13,1,16c9a70ed6178550a3793885653a4c58020479702c8c4747139d82755a492b75
20211106A09_1,179,189,3.mat,39,10,0.34969,6,4,1,eb599bab1f5d97664779c1f818aa2c6ec69b82cb555026f39ca4c5654924135d
20211106A09_1,180,190,3.mat,40,41,1.433729,16,11,1,02a601f6cd2a4d19f5dba14e418349553154ff0b4dd1277ce7db1068ef73eae0
20211106A09_1,181,191,3.mat,41,36,1.2588840000000001,9,8,1,b6f01ab7f1b35eb984919f9e9345ecde61106b52ab00fdc2db964a1e0f4db0ff
20211106A09_1,182,192,3.mat,42,134,4.685846,18,12,1,7031ea5d5ed4fea3511018f461908d75af789fb9459780f85c96e0b40d188f02
20211106A09_1,183,193,3.mat,43,10,0.34969,7,5,1,51ecc4282cd91522b6af7e556b9da2e495dee22d2bf76f9a75e0325dd8b67777
20211106A09_1,184,194,3.mat,44,55,1.923295,19,9,1,de8da9a0fd2a5a56d6d8fd7ea6147d8a9b1a13b931f345cea905e4254de8b245
20211106A09_1,185,195,3.mat,45,67,2.342923,13,10,1,40116ba19f0e43baa7ddfd2e10a7ac8a473c061d1e42b33ecb2ae8193a2717bd
20211106A09_1,186,196,3.mat,46,12,0.419628,8,5,1,bbe1cb3420c64109e2ec8a76ed6e6d3180152cfb54d8e3d79e54d41507e7db49
20211106A09_1,187,197,3.mat,47,75,2.622675,13,18,1,07fb7ed31d1cb580b3cfcceb6b133f9677e50e59566347545dceb349baf3c6aa
20211106A09_1,188,198,3.mat,48,43,1.503667,13,9,1,b65bfaeed51514df9c2c9f7ab7ae98d7ae3b487617b3bf559fbb2fd97e5ca7fd
20211106A09_1,189,199,3.mat,49,28,0.979132,7,5,1,873cdc42a40b9083122faa382c62dcb401884b3256d64d7f18d2ea5b6da16d31
20211106A09_1,190,200,3.mat,50,81,2.832489,17,10,1,1b87e30a6032bbbb1ae3713ce1ab1698f4ad4746036b5bdff695e5139ff02411
20211106A09_1,191,201,3.mat,51,27,0.944163,10,12,1,c1cd51e5232074ead759798b028194d0cb40719ffc967d98f0467a6388b264e4
20211106A09_1,192,202,3.mat,52,38,1.328822,8,7,1,adbed5feedbb75af4da25d7c3a549343082888ac6aff47a56e74f236a1bdae76
20211106A09_1,193,203,3.mat,53,157,5.490133,10,33,1,b57012e15243fa80722b4538fe6a1533a14143db90df09e70fd03dba9e151265
20211106A09_1,194,204,3.mat,54,34,1.188946,6,7,1,7b869cc9ecaf60ef5286391cc3c9e4e7ecb2217e40e8633b158e879a51ee5058
20211106A09_1,195,205,3.mat,55,44,1.538636,12,12,1,dbed758a9f4f39fa228d1e6fdba51d47776cbe5a34346665d967b32c40627e2b
20211106A09_1,196,206,3.mat,56,175,6.119575,18,18,1,292b6bc9db07b29b04747d4f279f656ce01efea55578cd9f3d4293f6b697b648
20211106A09_1,197,208,3.mat,58,19,0.664411,6,5,1,f5cc381314ca89ddd16a795f24b67b2218ce16d0cce8f13bf43395f24af40894
20211106A09_1,198,209,3.mat,59,42,1.468698,10,9,1,4a27cda3e17933365e7872d29f7dbf2c82437ad4d88ead15ba38eda42f4294c8
20211106A09_1,199,210,3.mat,60,122,4.266218,18,11,1,2260aa4052e11bb96dc079744c3bd5f326b4217b3155a0c2a6fdfefda4c584aa
20211106A09_1,200,211,3.mat,61,86,3.007334,16,19,1,4af94e971fd7f18a3db83220103f930cbd7c1cefd42a77419e10fd6797440804
20211106A09_1,201,212,3.mat,62,19,0.664411,8,4,1,2fe02f6f64aa5c23c2063bc5a4872879a1189810d165ff59a3585cd379cc183e
20211106A09_1,202,213,3.mat,63,209,7.308521,16,26,1,62b633d5ca8ee2562120fcc76a20c6cb724e270f8ba8f4619d23255bbfe20a35
20211106A09_1,203,214,3.mat,64,50,1.74845,12,7,1,588637259498c76eada0b368f5b234f55b7ee915c37abb4d1c7531071efcf214
20211106A09_1,204,215,3.mat,65,32,1.119008,6,6,1,70de0c4710d6d4767abc9101606410b118205cd22aff11a9733b1c8dfffae2d0
20211106A09_1,205,216,3.mat,66,30,1.04907,7,8,1,fae7a142fb0e5a99dda34731dfb3e7d875cb064b620e48d51c25010500f422dd
20211106A09_1,206,217,3.mat,67,126,4.406094,17,10,1,7f4d378bdc62bb2c73e84c0d4959e1ad699c75ce1f103020a444873f7a65291c
20211106A09_1,207,218,3.mat,68,35,1.223915,8,8,1,8759a53a596f512390ba2dc6b897b030f32ada73cdcbafcb1684f83a3c6f008b
20211106A09_1,208,220,4.mat,2,33,1.153977,7,6,1,b55998fec8c7c9ff360cdfc14ab7c8cbc561ec44773d66a0c52bfd5e05a38aa6
20211106A09_1,209,221,4.mat,3,127,4.441063,16,18,1,35c87a8111ee3d5a11033cad43987a87a315aee6171f07e2431173c59a930239
20211106A09_1,210,222,4.mat,4,30,1.04907,5,8,1,8b6257555887d1c6955e330a3139f3aa68216445fe4322bad9382d6e29d643e3
20211106A09_1,211,224,4.mat,6,26,0.9091940000000001,7,5,1,c7f5b64762e9bb9a903f466bfcdaa6da1b096d2b6095836dd98136188dec604a
20211106A09_1,212,226,4.mat,8,77,2.692613,12,11,1,505d29cb6d63590fbd9bad101fd09b7cb9a7a8b1d21790acf8fcabbf296230f9
20211106A09_1,213,227,4.mat,9,72,2.5177680000000002,18,8,1,80f1a5275cd00c37c333c0d0205e1c3306edf87f811d53ee04919d4a5a0d752f
20211106A09_1,214,228,4.mat,10,25,0.874225,6,5,1,ccae61796069fda2ec1028a72e99d7cb72f0db7d904a3ffa99069593c38e3a49
20211106A09_1,215,229,4.mat,11,20,0.69938,6,5,1,269d5f690fc6c8634a444f9490cfc2e15dd9521b181951c32ec446ed92f7db5b
20211106A09_1,216,230,4.mat,12,27,0.944163,11,9,1,bb7c9ca14669fd2ac7995a05231bfa33366ac3c2eb6d1f1e242b074e08c30d49
20211106A09_1,217,231,4.mat,13,26,0.9091940000000001,5,6,1,c636e566e0805531935c465021cc3fb78b9e1613a88456936f6932c78b7d90df
20211106A09_1,218,232,4.mat,14,17,0.594473,8,5,1,76733720ea8c1ab1c6778d320c4573e8d72a978a68743303d51aaa42aaef664d
20211106A09_1,219,233,4.mat,15,71,2.482799,16,15,1,e7f1cf8face11c89f98d88f2c0e092159931f62192d3a8257c8c968af1ef8001
20211106A09_1,220,234,4.mat,16,172,6.014668,23,13,1,096b7ebe46b143cc819f855eed44da68eb34fa2067ac76f8c03dc56ea2dcce9c
20211106A09_1,221,235,4.mat,17,62,2.168078,20,17,1,a8eac0048c7457e6c5d6a358695929026d8d8cbdbaec0d54042b34059f80acd9
20211106A09_1,222,236,4.mat,18,47,1.643543,12,16,1,96fa62b69955e6f5f0593f991a0f85959c807c8de067fa07084096334dd10a00
20211106A09_1,223,238,4.mat,20,73,2.552737,12,9,1,fab7028f5d436af9beb37ba18ff7a3d590ace295065ce71d9537cc6aef72f811
20211106A09_1,224,239,4.mat,21,10,0.34969,4,6,1,b59596e49df7a7861dd94878912b15e515aba9c5c0d891345ab09331e2af1089
20211106A09_1,225,240,4.mat,22,54,1.888326,10,13,1,d7e25366d29f3921cc1f8155a4df26ea6d87fa16a8112ed6fd6f3a6e5151a877
20211106A09_1,226,241,4.mat,23,13,0.45459700000000003,11,3,1,61272e96cf3be567bb97d8f444467af2757835a496c89d8e2af08be685f89277
20211106A09_1,227,242,4.mat,24,91,3.182179,15,11,1,3c20fb6e3443f6daa6c9ff6d3a7ece0138be96a0fb46f07fb116762d81c779cc
20211106A09_1,228,243,4.mat,25,55,1.923295,14,8,1,b8bacaf4b3b8b14bad8c3a4e76dc9584b34265e54ba93023d1581c22a74b2dfa
20211106A09_1,229,244,4.mat,26,29,1.014101,6,7,1,425b559d1f508468401e4e00fd0ae2ec1657ac36feead83b6258e8e4e656d3b2
20211106A09_1,230,245,4.mat,27,17,0.594473,6,6,1,0e87ea560859972100380a1554ac81cb38e2172f78ac182798f62872e9033639
20211106A09_1,231,246,4.mat,28,14,0.489566,4,9,1,5eeb0a9f1c6fdbad9d0df96a345eebfaafe95054ef7e312c95ab55d34c949c71
20211106A09_1,232,247,4.mat,29,16,0.559504,5,10,1,ff5f418db430d6e313a880f849ddb807414ee9c3356630bafd716be5373c20e7
20211106A09_1,233,248,4.mat,30,295,10.315855,27,22,1,c457473f1b1d0095da80472ede23d5b34fbb59ee86d3e8b1f13d925aa440bf05
20211106A09_1,234,249,4.mat,31,12,0.419628,8,5,1,715d040d468c15699ba9473e80f1f159c6c4961b88b16ef14e832c5bf8f2eb43
20211106A09_1,235,251,4.mat,33,133,4.650877,24,15,1,836fd84899e150d8e512914c677e212bd9fd1afccb302b06460a7d0cf4e828f4
20211106A09_1,236,252,4.mat,34,13,0.45459700000000003,5,7,1,ccad7ff751640e4b7b0d6ad8ce8e43dfb27bfb03d499b0dd251ef77116c9bb93
20211106A09_1,237,253,4.mat,35,221,7.728149,26,20,1,53e36cc60397227d596a44d86db4d56f25c853d5ac4aae4352847e2ee948209b
20211106A09_1,238,254,4.mat,36,36,1.2588840000000001,12,12,1,1d4b0ae3338adc7100e8e5dd893ec597c0e3eeadefd1aa871d5264669cf3396b
20211106A09_1,239,255,4.mat,37,31,1.084039,9,4,1,212d933608a8ca1edca54e7d9fa1a7e536f3a366e158120954a42da68ba1998c
20211109A07_1,1,1,1.mat,1,7,0.244783,4,3,1,649f56f85534514977c111acce0ffaf339721984c8980f87846a6918cec11876
20211109A07_1,2,2,1.mat,2,38,1.328822,15,7,1,3203b6099f96b01baacd2f9e346c4aa1ec5726063053997d9c2c428bf18a3040
20211109A07_1,3,3,1.mat,3,15,0.524535,4,4,1,b65f943f80816e08499e12208dee0e727f5baae8a1a6d7ff2e2386cdfef54603
20211109A07_1,4,4,1.mat,4,103,3.601807,14,14,1,ddf77a36e17dd252c1b1212a32db54092e9b1b2e15934aeb5256d6ab0555973f
20211109A07_1,5,5,1.mat,5,4,0.139876,2,3,1,5fedea0d83a96791427ff9078d012f71f707021367e4e6c3c6720e6952965ce0
20211109A07_1,6,6,1.mat,6,16,0.559504,4,5,1,e5326e7037be3ce98589407b262101c9eccbf1c711e2ce43b14d4b4082e09c57
20211109A07_1,7,7,1.mat,7,33,1.153977,5,9,1,e39c9de5589334b6a5decbceef51620a9e87fdf7f0073c50b73eb8dbc2c2df59
20211109A07_1,8,8,1.mat,8,31,1.084039,4,8,1,2166cf67f3664104f6702634b6bc2106a86b719e2e869951580cf2be15a37491
20211109A07_1,9,9,1.mat,9,48,1.678512,10,21,1,5abb8cebf56e212e3ab626c9491cf91d38ba3d4accef74a862fd253724e15cf2
20211109A07_1,10,10,1.mat,10,12,0.419628,3,4,1,2abad8d92740ff9e78756ee9230fded8ba8db45e9ee82011a87abed5edf6f3c3
20211109A07_1,11,11,1.mat,11,87,3.042303,8,15,1,cd301784b14264844472a32f7f2c9ca2a61b0fdf7011e978e035688bc05d938a
20211109A07_1,12,12,1.mat,12,42,1.468698,10,17,1,ba1d7befcf38d44d6f4cc80bd87e32ec0323a9058e1c8ce7468342ea813242f2
20211109A07_1,13,13,1.mat,13,9,0.31472100000000003,3,3,1,b2293dcf52da9a208dd2f135873cb545262363b54ba43f1161cda7ebca0b9876
20211109A07_1,14,14,1.mat,14,22,0.769318,5,11,1,3a59afbf7977ea309905b2456fe56c831e76443e1a89bceb9d56d6a9cdb42fdf
20211109A07_1,15,15,1.mat,15,70,2.44783,12,9,1,728aa6c99b902169a2c36fb246aa2c2449210079ff409040a9b8b27f0c5d3f29
20211109A07_1,16,16,1.mat,16,9,0.31472100000000003,3,3,1,4a6bffa6b21150cc42f8915796ce63d33d3d9a35602dd5f602e0b8a539788902
20211109A07_1,17,17,1.mat,17,5,0.174845,3,5,1,fbd28052c80239c6658ef2e18bb0742bc7736efbac63fd8971e4c1c050e6c2c3
20211109A07_1,18,18,1.mat,18,17,0.594473,4,5,1,a95b9edbe6fc75226f0087aead0d2491f8e8c3ef37ee32f2112614baf75d47a5
20211109A07_1,19,19,1.mat,19,9,0.31472100000000003,3,3,1,aaae2f00eabaebb711dad5f61151d059eb3bfc67dff7217db0b642169ad2ab0e
20211109A07_1,20,20,1.mat,20,18,0.6294420000000001,4,5,1,078314aac731a058541899dc19f2e47a062e48399dd933955c6c004ef264404b
20211109A07_1,21,21,1.mat,21,42,1.468698,8,7,1,6b8c68671cc868f5e9d79bee738530bf4de3d0bbf21fa953ebf724f01f6d55c9
20211109A07_1,22,22,1.mat,22,29,1.014101,10,7,1,c2b9cec053aeaa3806ffce3ae1531d51edfb0b785e10c980ade2cb02536372c5
20211109A07_1,23,23,1.mat,23,6,0.209814,5,3,1,23cd32b38ca2160d3901e8b0f6d480fcf5357d33272cc4c49426f0060a0901ba
20211109A07_1,24,24,1.mat,24,24,0.839256,5,6,1,3bbd0592e8404fed9a44262abec6450b9f28972660867ae6a03ec2881799b14c
20211109A07_1,25,25,1.mat,25,80,2.79752,14,9,1,c8c551401bdd119f75bad08347f9baf3c4a81d94cf345c25b876647015be7c5a
20211109A07_1,26,26,1.mat,26,85,2.972365,8,20,1,3c0fcbfb07e2aa8d1bebfef310c3bc80635af6b1c8d77a6607c868adf1860b15
20211109A07_1,27,27,1.mat,27,15,0.524535,4,4,1,9423dd7a072bfa9d767727d14d6dc76c326e4e8f2ec94f204a273f1e00aa0d19
20211109A07_1,28,28,1.mat,28,8,0.279752,3,4,1,d14deadce712a9ed53d315fd828f4d42402cdb035d7b9cdcbcfbcbf367ab686b
20211109A07_1,29,29,1.mat,29,64,2.238016,10,18,1,f9ec3adccbed1a88c92172fa3de86935bf37fa197cade18f8ec40d00b1df2dd3
20211109A07_1,30,30,1.mat,30,7,0.244783,2,5,1,4c588d54bafae733f32af2232feca41c4dff6c58e6f22e7d4a53f5a41450616a
20211109A07_1,31,31,1.mat,31,64,2.238016,13,11,1,ed4676aea227c09343f3c1b4320625e70f5203ff479355c9b55ec841cdddef20
20211109A07_1,32,32,1.mat,32,39,1.363791,8,9,1,9e164125709f57fedd29631d48520d79219894748e5c030fb7f8602f48f68024
20211109A07_1,33,33,1.mat,33,77,2.692613,16,12,1,c5436a652f4dbca157afc6e3c0889268f13d3af127f6f26cdca75d0fe48bf473
20211109A07_1,34,34,1.mat,34,88,3.077272,16,10,1,b12446c912734fc8bf6ca0d1ac8feb10e9a3e6bac823193fb8cccf04546b558d
20211109A07_1,35,35,1.mat,35,31,1.084039,5,8,1,edbeb0215b6da80365a4d48a4e9bfc41c6f3fae935d1e88f859c080e948d1524
20211109A07_1,36,36,1.mat,36,29,1.014101,5,9,1,122a01670fd7f10e4c96f4ee4a9d5fea5cc14de2c8ea744e5c6f9b40292594a0
20211109A07_1,37,37,1.mat,37,12,0.419628,4,3,1,020b5dc83ebc7a3ec5cd9e0c76c97857e87b29dc818ac9097312762f28591d34
20211109A07_1,38,38,1.mat,38,89,3.112241,14,16,1,c6b63be7423c7f9c89c4424739be87d54942cd25a8db01fcf23a73150535df89
20211109A07_1,39,39,1.mat,39,9,0.31472100000000003,3,3,1,a9936edb5ad9286d479603a533b04b13e9a15bb87c62011f16b7b5de07e610f9
20211109A07_1,40,40,1.mat,40,31,1.084039,5,8,1,02d779c22e1bd472074e417e274bd53ed176aabcdd747425e90dcc09aca6375e
20211109A07_1,41,41,1.mat,41,9,0.31472100000000003,3,3,1,e079c69199cb941b83b34e5a0133ba6b413622b89c947dd177b21be274d44073
20211109A07_1,42,42,1.mat,42,43,1.503667,8,10,1,d0642869643fd067fdedfa4ea82f07c14bafd86d4cccd893d7770c9b25a0ebbd
20211109A07_1,43,43,1.mat,43,15,0.524535,4,4,1,20466248fe65101647fccdebd62c86a205e440f571a91e84a2e9961f9ef0f8ae
20211109A07_1,44,44,1.mat,44,30,1.04907,5,7,1,d90a25de7b6eb563979e1556dd054c8831198b371595bbe6e67c19e5566d27b2
20211109A07_1,45,45,1.mat,45,9,0.31472100000000003,3,3,1,14939a38308eb45b0b09598d39fc4059612e4f934d053729e3809046cb2d7a6f
20211109A07_1,46,46,1.mat,46,61,2.133109,13,14,1,b51a169407a1d2d5bf2cb9d905adec75fe358bbd3946e295798237bddf9d9c1e
20211109A07_1,47,47,1.mat,47,9,0.31472100000000003,3,3,1,09af66ce5e613b300d258bdef8222d52f5f5255547adbbec42ae92b74deb2dcf
20211109A07_1,48,48,1.mat,48,12,0.419628,3,6,1,d0e3e936dc65f05e5dd990cd809ea4d58dc8ee13a2467429a5044981b6201016
20211109A07_1,49,49,1.mat,49,15,0.524535,5,3,1,6ba2475a31ba13bda630fb17ad21cb70d4b4a131a23cdaebd0da17906b110a01
20211109A07_1,50,50,1.mat,50,15,0.524535,4,4,1,0071aa6cbbbb338b1a4bafdab598ff98302ac6252fdc7bac1ca339729fd39107
20211109A07_1,51,51,1.mat,51,9,0.31472100000000003,2,5,1,38c7104b2dda235b5234d0236f9aea0203892f8acfd8d33f2da9ab496ab03e38
20211109A07_1,52,52,1.mat,52,24,0.839256,6,6,1,7848ab377cf0c77ec63138062fd288c15cf03f987954abd3034536f04cbc0b73
20211109A07_1,53,53,1.mat,53,12,0.419628,3,4,1,6e22a6fc3142c3971fe444ab65d3550abf4a433684ea32888483e5b76e18b9e7
20211109A07_1,54,54,1.mat,54,12,0.419628,3,4,1,d17078ef4a2d32918e24b6868233c3a925f909cad386cf8f7b1aa304950e9dc9
20211109A07_1,55,55,1.mat,55,21,0.734349,6,6,1,4a4892854ff920debba0422654a283552c1cccabe77b4a5f97b4a3a87d56e840
20211109A07_1,56,56,1.mat,56,23,0.804287,7,10,1,6f836fe6dfe2957c99d6329b09fafc9dce80a35e3b8be227d33c3ce9f65a3b80
20211109A07_1,57,57,1.mat,57,21,0.734349,4,6,1,639b9ade153bf9bcf8d3a03b87987173facc4dd045a944338370775023084329
20211109A07_1,58,58,1.mat,58,13,0.45459700000000003,4,5,1,54adc2d5949969f9055a644604a50facddd2b39daddf3bb6982e8c18698cc149
20211109A07_1,59,59,1.mat,59,5,0.174845,2,4,1,12a895546fe65e7d5ddf560bae80f6160da33c8eba2959296e94deaa4aa22aaf
20211109A07_1,60,60,1.mat,60,61,2.133109,7,14,1,13305bc0d16a77c7ef70696d8afc3b0d43f1791e1443238e31697016c99cb8f5
20211109A07_1,61,61,1.mat,61,42,1.468698,9,10,1,e393ab3b8a84109c0a802bb9369bee436077748c28510ba95a9be32a2b10aac7
20211109A07_1,62,62,1.mat,62,11,0.384659,7,5,1,c7c8a3fb78458e6b20d838509bed6d35611c49fdddaeccb6e3729767af0da52e
20211109A07_1,63,63,1.mat,63,27,0.944163,7,6,1,4206db7da8cd16d37997289d1ba887fd22c2af0cb3754979e2cf471577a0d2a5
20211109A07_1,64,64,2.mat,1,32,1.119008,4,12,1,018d85cb7fd9c474f969eef3c6bc11407b9a640aa09c37631737059ca74402f0
20211109A07_1,65,65,2.mat,2,23,0.804287,4,6,1,076998167fcfef9a2cadc64c9b2bad6f0bb3f4a9751ceb32958f22de666d3864
20211109A07_1,66,66,2.mat,3,20,0.69938,5,8,1,e35999a2221c2fcb97a34d843e121e452edf1b59cea9851b71046793e0d0e7e0
20211109A07_1,67,67,2.mat,4,22,0.769318,5,5,1,f11e221e62f8b973ae9cd99785f961222f05508797b25c4f37c2d897c7554e3a
20211109A07_1,68,68,2.mat,5,49,1.713481,9,9,1,fec7679311502763ad057c558526ad28706741149ede34624bea3f90c7caf5e2
20211109A07_1,69,69,2.mat,6,50,1.74845,8,17,1,5c0b814e265d66c3574ebc9dcc68dd4b4effbec69020afb94b63dc9bc7f0778e
20211109A07_1,70,70,2.mat,7,30,1.04907,6,6,1,b569dd19ef061998322aec25a68c0b6776fcb092442b829e3de48b027c89c6f3
20211109A07_1,71,72,2.mat,9,132,4.615908,15,13,1,aac8fadda72992f9defb1d47549b0564279838ed87ff2c9761e073bcebd9ddf3
20211109A07_1,72,73,2.mat,10,32,1.119008,5,9,1,c34c1b2427e112ab7aea40c8993d1513cec51da63e9b3c74c481e2491eeaf2d1
20211109A07_1,73,75,2.mat,12,24,0.839256,10,6,1,d626c22eadc8c2e804c5b872ac441da71421fdcb1377ea320bcbeb6d08f58869
20211109A07_1,74,76,2.mat,13,20,0.69938,5,5,1,d64c44d34ecad8b2d68c11d64d1ef72c96111e3201c72121e046d2dbdafd2171
20211109A07_1,75,77,2.mat,14,12,0.419628,4,6,1,985973afef3ce91ae3d410848178aa244d5a8ee378f1695d8030b19341268acc
20211109A07_1,76,78,2.mat,15,14,0.489566,4,5,1,ab648e72826863bef67f0dc2f1f09e3aef7149108cbcdf9084f6a89b08a739d8
20211109A07_1,77,80,2.mat,17,9,0.31472100000000003,3,3,1,58dcbc28ffeddbfec733b7d58b647e198e6c22fb4689084b875f9b40ffb2f1e8
20211109A07_1,78,81,2.mat,18,5,0.174845,2,4,1,e43d7a9a014d538ad22fc94f3cbc083798f62fd935ecc7983f69aeb9e9d707f1
20211109A07_1,79,82,2.mat,19,15,0.524535,3,5,1,2db0858ed37a0016114113172a3d76701b301c8f1145e134f8857598fd9d3857
20211109A07_1,80,83,2.mat,20,70,2.44783,6,21,1,d4f67c30814c5cb19ef2b5069965b3637c49b6544981164e9ed4c4fb7c8c2f21
20211109A07_1,81,84,2.mat,21,8,0.279752,4,3,1,05b7c33e45256cdc4941c39e7a04a6ea48ee02058070bdd0c0e6e59f4a476e8b
20211109A07_1,82,85,2.mat,22,22,0.769318,4,6,1,604f8f5d2594d2bd899bb4ddfd4922437f4dfdd0757eb32eaed3127eee0a979b
20211109A07_1,83,86,2.mat,23,27,0.944163,8,5,1,2336fac7d43fc26bd5a0a4bfc8ff9f045922cbecd8c856890bbd124863b19979
20211109A07_1,84,87,2.mat,24,6,0.209814,3,3,1,efad51fd6c525bec9b30a89e96c1d66774071a4a01d33ccd8c829456b7dae917
20211109A07_1,85,88,2.mat,25,11,0.384659,6,5,1,13cf1707b0d7acae9b832ec8290a88a1b350ee39874d22d2fb1d389f2d3abd25
20211109A07_1,86,89,2.mat,26,32,1.119008,7,7,1,59603a08b65dfc53163e631ada0a5baa071d32119920dfaf0c0813be0710e989
20211109A07_1,87,90,2.mat,27,9,0.31472100000000003,3,3,1,0f96bd3a12d70501276f72297c82e41f5ba9d5ea45453764d24e70d07f03e44c
20211109A07_1,88,91,2.mat,28,27,0.944163,7,9,1,b7bb1aec172aa7e4353db79fff1bd8ebe8ca601244c9f28c54ec0b0c950a9dfb
20211109A07_1,89,92,2.mat,29,7,0.244783,2,5,1,59a4bca49c5a40b4a2a6e5482357101e06e593a961427611a308dfc233fa5db2
20211109A07_1,90,93,2.mat,30,20,0.69938,6,8,1,c6cbc0f5b5bb48ae2ed983041b24c555903cbca063658a657b822d202f8a1131
20211109A07_1,91,94,2.mat,31,36,1.2588840000000001,8,6,1,ebf57ded9ba1240331e73725a3b114469e28f593031e1b526569eb891500c218
20211109A07_1,92,95,2.mat,32,19,0.664411,4,5,1,b8389d7e2a20b1430ace7750a80f8cd62af3da7b2e512b849808a804e075c0c6
20211109A07_1,93,96,2.mat,33,8,0.279752,3,4,1,f36697317520587982496c62836a1cbec88021a756d918e1a3b2726ead7d4b14
20211109A07_1,94,97,2.mat,34,19,0.664411,7,8,1,0b59a0c44ef15aa5138e951011f560f41642a2d7360fd4dca650546a9d6b01d0
20211109A07_1,95,98,2.mat,35,21,0.734349,3,9,1,0d13706f4611c5a362df8408a1616bdccdc23c42449c9066170f0c52c013ff43
20211109A07_1,96,99,2.mat,36,12,0.419628,3,4,1,15d800c6b6ede71fbbceb8bea035eaf0fc86747551df8fbf7cf8a54b054b50d4
20211109A07_1,97,100,2.mat,37,9,0.31472100000000003,3,3,1,da009ff3388a6f8768b2b4fac4467cf4dddd6919521a1e6f29646c777a7c923e
20211109A07_1,98,101,2.mat,38,12,0.419628,3,4,1,586de53341e9019d23c2bf53f09277a9382597fda4d373daa8149e33f2dd7898
20211109A07_1,99,102,2.mat,39,51,1.783419,14,10,1,c561c65aa4988f43dcfab530bc80c8fed7768002ddb1e1b181380d2bfb551f07
20211109A07_1,100,103,2.mat,40,96,3.357024,14,12,1,721c9f532862f5ee4a1397cf16764afad0e19ae1df46fa9c6c7ec6128534e682
20211109A07_1,101,104,2.mat,41,14,0.489566,4,4,1,a0b08e00a219aa3bd2e322a1ae5bfbd650d36d3af02f6a7d79dcd087019daf78
20211109A07_1,102,105,2.mat,42,33,1.153977,7,7,1,c78971dab0a7eb3388514a0abfb52bf883a28a6c2850b78ccae9f826f61f7115
20211109A07_1,103,106,2.mat,43,26,0.9091940000000001,4,7,1,18751dd7fe5510338584100db28efd30b26803d50428c9831863a0d62de31807
20211109A07_1,104,107,2.mat,44,9,0.31472100000000003,3,3,1,2841b8a20455d2620afed0ca6fcae7ebe1adc0d1c1125b9095ae2511dcbd2dc2
20211109A07_1,105,108,2.mat,45,81,2.832489,14,8,1,038f2606adddd40e51baf13894b357929b70aacd1099286018cabf9abb54ba05
20211109A07_1,106,109,2.mat,46,12,0.419628,5,6,1,3e3ee59a20d8be36b7d19ee4b19087b057abc53bb13941b53959a219ded1f647
20211109A07_1,107,110,2.mat,47,6,0.209814,4,3,1,ee3b5d5359d88f14dac52b89656e6709e79cdca4cbc9b7e0f3eba93e59a96f5c
20211109A07_1,108,111,2.mat,48,12,0.419628,3,4,1,c9edd03fd0a841e2d814d124fa625af873bc7cebc52a21dce873ecbdbe09303b
20211109A07_1,109,112,2.mat,49,26,0.9091940000000001,7,6,1,3f2c83c3a9d7fc7a3519fd1d1e20381d7fd5bc218971aa2eb6414c97eda0fad2
20211109A07_1,110,113,2.mat,50,69,2.412861,7,14,1,bcdfed6110c0e2bc2fc5d1ebd205d94b0a08353cb325d20cc6a863a87d6cbffb
20211109A07_1,111,114,2.mat,51,43,1.503667,8,7,1,93ed6cf7396ed62743c387f44ab4887d8a7ea56faeab2f62679b9226805d2b3c
20211109A07_1,112,115,2.mat,52,18,0.6294420000000001,4,8,1,541c728bc06aa4c1306be6359bdbdba6c2293354b089e3f7c9afa06c4c0ceab7
20211109A07_1,113,116,2.mat,53,15,0.524535,3,5,1,b739d51cc5b968c6d59ed8871578bece5791ca11a147c0e6a267721c51b8aa90
20211109A07_1,114,117,2.mat,54,10,0.34969,5,3,1,191baa20f63715faffb184f1e609c523aeeac5c33f8f5e5dc04cdc16d569aef3
20211109A07_1,115,118,2.mat,55,44,1.538636,9,8,1,aeb61554e3aa448ae1a1e4e018a9dd4b4cb04e044ebd9f90d2e0d96366308420
20211109A07_1,116,119,2.mat,56,43,1.503667,9,7,1,dbff0eb1383fce12724579b3d290cfc65ab6445f1a6426ef36f6eabf5f823bba
20211109A07_1,117,120,2.mat,57,45,1.573605,8,10,1,b5036c2f0d5acc5708d3dd795b614f567e21b41c54d8f934b45f8caa78ba27d5
20211109A07_1,118,121,2.mat,58,46,1.608574,12,7,1,27ae5fea5ef8fd8898c3d8b0f7835f3558f990c95408318491bdf09e994930a0
20211109A07_1,119,122,2.mat,59,33,1.153977,8,7,1,72feebdbdff0ae3135c9ed2d09d37ff5119848b4673d2e5d50869fd3a55611fd
20211109A07_1,120,123,2.mat,60,19,0.664411,4,6,1,287b074b0678479a790a604a9c7f923ec0365594dc2b2fceefc9b2e6fd861933
20211109A07_1,121,124,2.mat,61,45,1.573605,7,17,1,7694fe457594b4526844f83677f7c2e921e6830282085e8d613fba25695a97fb
20211109A07_1,122,125,2.mat,62,14,0.489566,4,4,1,0e589099e41f274062e676ddfba38c15dfa1d6d2a3ecc01c306b3e7f0e4009a7
20211109A07_1,123,126,2.mat,63,9,0.31472100000000003,3,3,1,62b75a15e22c3d6b5c82c1ee6e96ffce7710a6e48c3985bd9cb82e9a1356eca5
20211109A07_1,124,127,2.mat,64,36,1.2588840000000001,6,8,1,1e468333af71f351413fe858af0c5d60b8e74ba5f28d710831d84d9a3b17378a
20211109A07_1,125,128,2.mat,65,9,0.31472100000000003,3,3,1,7ad70342dec58190ed18bdd31492b3c7ddf3d71bfd010fe511f14c04a0b05907
20211109A07_1,126,129,2.mat,66,16,0.559504,4,4,1,07d151cebbc2869c417c91d89fd97e0b89598b36e06db142798936f1142e5441
20211109A07_1,127,130,2.mat,67,8,0.279752,3,6,1,89da5b25bc1ef1271534b8ae3d0e7bfc9ea2b11acb63d6fbd6db68be62095ec0
20211109A07_1,128,131,2.mat,68,66,2.307954,14,10,1,aaa9ff20f5e15eef8dbe79337262f567488dd675dcf23b83e6e590e563c81941
20211109A07_1,129,132,2.mat,69,11,0.384659,4,5,1,436452e3444fca5134bf411f660ec312eaa6f52309f7df44bc67d651ff60ef4f
20211109A07_1,130,133,2.mat,70,34,1.188946,8,7,1,28d5da5cf8346cab755cd890d564697fd4545be1b796ea45d3d6d1db127e71ee
20211109A07_1,131,134,2.mat,71,9,0.31472100000000003,3,3,1,299285ea1063e5760aa8d3fdc5f81e6762d772f6ad6e77963439ee375bff8c00
20211109A07_1,132,135,2.mat,72,32,1.119008,5,10,1,a24ee105a7f35ec2d58e58f76adbb4eaf3bcc230ce8826aa283509957196d23a
20211109A07_1,133,136,2.mat,73,25,0.874225,6,6,1,0c7e021345838c27ebf93e0302c507264774cd604c18544f779206755f0b4f95
20211109A07_1,134,137,2.mat,74,31,1.084039,6,9,1,23a4aed5c117cee4ee1c5f49f6cbdce99f42f34b7d7c57a26d2c2c88bf2e228b
20211109A07_1,135,138,2.mat,75,77,2.692613,11,20,1,2f4441f660b0167f637bc5d8a15a52d0be8cb1cf6d8fe6f8041ba58fdb22923e
20211109A07_1,136,140,2.mat,77,48,1.678512,6,10,1,edcea48c8ce51e41dc72d4bd26b494da84b0aa37fab660967f306722f615456a
20211109A07_1,137,141,3.mat,1,9,0.31472100000000003,3,3,1,1ac570c70698b6b948f1cdf76c372e7d373f85eeef2fb2b93fde75fe4b8a938c
20211109A07_1,138,142,3.mat,2,49,1.713481,7,10,1,93a97b02a0d492e4dd5b78c87a183a7f654d98114ab0c6a238e6ddc0e8847c30
20211109A07_1,139,143,3.mat,3,30,1.04907,3,10,1,4feb0ae1fe1dbcc7f48a599f43b1d8f2421f936d711db9294da2a4e7d785f05c
20211109A07_1,140,144,3.mat,4,38,1.328822,5,9,1,ee8492a444165861e65265d4503dc479018707b94ef25784ad7a10a5ae48f054
20211109A07_1,141,145,3.mat,5,91,3.182179,14,12,1,7dd442ea36b9753acb000b636bcb878329323ef8691dd270e7fd33b2d8ecc4a8
20211109A07_1,142,146,3.mat,6,25,0.874225,7,4,1,d26ebcd5b4dbbf24fe857e6c4e1b7b7366b505b55e6fd06874034ee8fb1f29f9
20211109A07_1,143,147,3.mat,7,29,1.014101,7,11,1,0055007e22eae83d6537caca88b64dac3645dbe6712ab64830c0819adbdd231a
20211109A07_1,144,148,3.mat,8,15,0.524535,5,3,1,75bfd5c1b92d8f0812c6cb37cf96d381f11d5fc9f8c5278930dcb2771f30f952
20211109A07_1,145,149,3.mat,9,9,0.31472100000000003,3,3,1,4019ccf85893bde038fddec4237a99c48a7eea126d5a228ca3165217ab13ef32
20211109A07_1,146,150,3.mat,10,15,0.524535,3,6,1,9992649d87b87e2c64fb309049fc82b22264392276f128f4bf84b31a401f3883
20211109A07_1,147,151,3.mat,11,7,0.244783,2,4,1,275898e50b14c204964731d0f38385e6616abe4b2a0baaaf4d39b6a577e813e0
20211109A07_1,148,152,3.mat,12,29,1.014101,6,6,1,8a9a21b281ea1f17daa3098e596f9bff6266c227876de3f3a5c891dccee21b22
20211109A07_1,149,153,3.mat,13,22,0.769318,6,5,1,099eeafa511ae9552d882c018adc0ece5174416b36288a5a68b30b670c6a5170
20211109A07_1,150,154,3.mat,14,30,1.04907,8,7,1,1d4acda2d7717c9fa18734127cc2655ec82f3cac6118795fa8178c1ad443508d
20211109A07_1,151,155,3.mat,15,11,0.384659,4,5,1,fa9f741fd96bbff6fee32e6438c6d3bd242e21949950fbf56c546bcb3cfc72cd
20211109A07_1,152,156,3.mat,16,4,0.139876,2,3,1,2eb9c7b24049a4263263be1f2dcd05d81b7272a3aab0cf6b452f724bbebd7682
20211109A07_1,153,157,3.mat,17,6,0.209814,3,3,1,ea6187c0eb83debf0af95b5d5e4e3ad065bc3e3a7a17c79557af30516a42bea7
20211109A07_1,154,158,3.mat,18,15,0.524535,4,6,1,37505c15b8f664a70164b548db2923d23ffe1d96d99dc5db6bb3f3f31b80263b
20211109A07_1,155,159,3.mat,19,26,0.9091940000000001,5,8,1,2d54ad941c1d28d51917f74966b98d336e48017ea4d6104fa4ca859011db9eaa
20211109A07_1,156,160,3.mat,20,18,0.6294420000000001,5,5,1,7fd61b63d963aae79707c41b0ab48819947d01ebd5b203f7b085658f2f5c4e9f
20211109A07_1,157,161,3.mat,21,23,0.804287,5,5,1,813939f37522ad1ac402d26e43a40e7783e75ed5a4652de707ec8a174b244a19
20211109A07_1,158,162,3.mat,22,9,0.31472100000000003,3,3,1,69b3ff99c0d2fe1fd3e32ab65c7851f7fabd8f86e939f3f9821674ac0cebaba6
20211109A07_1,159,163,3.mat,23,75,2.622675,15,12,1,91d2bead2f4b29283be8f500106dc95b7166350e75616f0953aae47e46780632
20211109A07_1,160,164,3.mat,24,27,0.944163,9,4,1,84b4efb234e1ded727e85ca069f16d6f98ec93254483f9c3833a5c8bbf452c07
20211109A07_1,161,165,3.mat,25,12,0.419628,3,4,1,4016612e43d0a319a3e539f1d51ea5f61c4001cdb7d2abb9b0f266928666903a
20211109A07_1,162,166,3.mat,26,48,1.678512,5,20,1,420fd0fec59d9f6ec977a3143676929fa540cb006c4fe37d55113101d37feee4
20211109A07_1,163,167,3.mat,27,83,2.902427,8,23,1,175612724b069e465e03a21bd97f526196307386184e2ac9b4aee4ecd7d66911
20211109A07_1,164,168,3.mat,28,5,0.174845,2,3,1,f9bf10d769ee52131071852f517c26aa6d1f38477c5c80705fc162faebee0eea
20211109A07_1,165,169,3.mat,29,24,0.839256,5,7,1,28186a253f2b21614442c7fd08c737556f664b1b0c93930b903d3c79ca59f0d7
20211109A07_1,166,170,3.mat,30,101,3.531869,12,18,1,c1b18bda70eaf96dc36442af7b2a6a7bd9ea2672b9d1fcac55555613b3d6b9df
20211109A07_1,167,171,3.mat,31,6,0.209814,3,3,1,13165ebd6a533bce98bbefb547edafb31f87e41d5c04bd0b72d8c48a4ad23137
20211109A07_1,168,172,3.mat,32,9,0.31472100000000003,3,3,1,ecbf34ad7e83c1dedbc9ef844bdd5c7291d8af3603067de6abd4f27cfb930803
20211109A07_1,169,173,3.mat,33,25,0.874225,6,6,1,3b70254112bcc3764edef201c11d66443df6b5bf57537e6855cccc7c6b6bd55d
20211109A07_1,170,174,3.mat,34,9,0.31472100000000003,3,3,1,ebe35a21bf292227274cfc712d43220b8ef5a2acedbb5e79d51af65ec8763cf8
20211109A07_1,171,175,3.mat,35,55,1.923295,7,11,1,ad3ea70457861cb6eca28b953c00b75467c4b9ed08b4af95cb88dc08ef320197
20211109A07_1,172,176,3.mat,36,30,1.04907,9,5,1,1409f5c1c31395fbd6b54979b77067ed0d02146723e7edc362ee519cd1448771
20211109A07_1,173,177,3.mat,37,57,1.993233,12,7,1,72e10a89576f23a6f21162e32669822a6727e0cc6bdfd5c389229cb03f97a8f9
20211109A07_1,174,178,3.mat,38,7,0.244783,3,3,1,6448b7142f3a8b6e4543e55949ebd80979be64d583c60bd71cc7effd5a617874
20211109A07_1,175,179,3.mat,39,23,0.804287,4,8,1,78a129adab35998f2b40636f5ea657404a2f1d0496d80ec81901fe23de26508b
20211109A07_1,176,180,3.mat,40,84,2.937396,11,13,1,bc1a0a995e96e960f39c332cea011367ca851b269948687033b1658edf8ededd
20211109A07_1,177,181,3.mat,41,19,0.664411,4,7,1,bd007d39f2450b6919419435c39ce3e1e79a8b7cca5fa7506a6fbcb62555f42a
20211109A07_1,178,182,3.mat,42,24,0.839256,6,5,1,5cc2ae972ce694e68cc5ff5a0339e5ac346adef257e95493981686a519cd0788
20211109A07_1,179,183,3.mat,43,54,1.888326,10,10,1,35fa24cf697c946acae48a33795d3ce5ee430e6f2fdbd030894470207925e785
20211109A07_1,180,184,3.mat,44,17,0.594473,4,6,1,cc7042c8ba6bfb63e27bbb6b939b122296367ed093168c1efdbdc6a3b3080a84
20211109A07_1,181,185,3.mat,45,9,0.31472100000000003,2,5,1,abc45e70fc4895dcf995d3397ace2e2c54231eb03abc13af0e244d29bc16699c
20211109A07_1,182,186,3.mat,46,9,0.31472100000000003,3,3,1,2ad900c6274e756746d8401265f6f5c817d0c2a7bc509d7b7ddf31d866866dda
20211109A07_1,183,187,3.mat,47,27,0.944163,6,10,1,48690968f3d1bd26ac58284e64697abe9e27794aa7e031eb9d2ab0d7ae96b27f
20211109A07_1,184,188,3.mat,48,93,3.252117,12,13,1,b60875ff85b3d9c3a5ea31f67f56514fd650fbe1b5c580be378ac977f626463f
20211109A07_1,185,189,3.mat,49,16,0.559504,4,6,1,065f0bfd2a719677fed6804d5952c47f8a880731313fdaa763bee38e1a908b00
20211109A07_1,186,190,3.mat,50,15,0.524535,4,4,1,092fceb18b3fded3f309d5feaf47af5b191e202b6b5585cfd77e4444d16ca0af
20211109A07_1,187,191,3.mat,51,137,4.790753,18,12,1,c10a07f5b9f1ddb8de93e876501a8e41f58f550468a24125c99431e64adf16b9
20211109A07_1,188,192,3.mat,52,61,2.133109,10,11,1,0c34b274feda9e25ace95ad68101241329efc2738aea02f365ce4dc7900697c9
20211109A07_1,189,193,3.mat,53,27,0.944163,5,7,1,3a4a62af52df6cb0f6f242b5fbc1cbf91acc47e587e7095991f1924aa964649f
20211109A07_1,190,194,3.mat,54,9,0.31472100000000003,3,3,1,12794d942f4e00f6c681172b25c90089d8d9092ff7e2fc986dffe06203d5316a
20211109A07_1,191,195,3.mat,55,18,0.6294420000000001,5,4,1,c4aab0f93e85e3dbd2dcbd063dd634bae6c20bb575eba2abd853f5c97b65e120
20211109A07_1,192,196,3.mat,56,6,0.209814,3,3,1,4f01049d375da73e9ffd735d03ac3b28ebe124c9251dce31194d86dfd9772f9d
20220412A06_1,1,1,1.mat,1,78,2.727582,8,18,1,1868f11bb7f688dad039ba0bdab1118691902a43456eb0ddcaf507d8fa65733c
20220412A06_1,2,2,1.mat,2,10,0.34969,2,10,1,89004d71417a451c295b25f9f672ad8c2577031c6259e0144ffafb369cf591a4
20220412A06_1,3,3,1.mat,3,6,0.209814,1,6,1,58967795167c5597fc5d7e5a5af5eeb4bda7598ea7fb938f48eaea651e458c82
20220412A06_1,4,4,1.mat,4,30,1.04907,6,6,1,727ad243ab41ec9fdbb55580a04ac0f8931fda4662ccbce9b60938b22ba597a1
20220412A06_1,5,5,1.mat,5,44,1.538636,9,7,1,4d7989d65a0183aa68a7f1a977bd3a7a259e7f106453ec1837b5800f1e566878
20220412A06_1,6,6,1.mat,6,8,0.279752,2,8,1,ea0e9460357236b26637caa3ef9ac0156813c9e809cdfab347a2f18e94f75ea1
20220412A06_1,7,7,1.mat,7,41,1.433729,5,12,1,d86e54467a80f84338b06c3f6f56084048b37e1bae00470e723c62af4b9bc857
20220412A06_1,8,8,1.mat,8,43,1.503667,6,9,1,a021b1a7dfa99a2f87a8a79e7940c2cb482bf8192c3c4a60e927c19bb126a434
20220412A06_1,9,9,1.mat,9,32,1.119008,6,7,1,e0d7a5721fec193173ba72b2f010422e9bf4cc5c2c7aeffe555757cbc13a09cc
20220412A06_1,10,10,1.mat,10,78,2.727582,9,17,1,b2d0a0815de64da22ca0013920506688ed11b3e4f508011be321370a70252ede
20220412A06_1,11,11,1.mat,11,44,1.538636,5,17,1,3ede3fb74512185076e390936514b332fd27f3d3922af21a57ac6c3d43071356
20220412A06_1,12,12,1.mat,12,40,1.39876,9,5,1,3aedd6cd630f6d151665659b432c56170c577437d2d4d2c2f1fc1f850a6bc39a
20220412A06_1,13,13,1.mat,13,9,0.31472100000000003,2,6,1,59b0d7eb1d2ebf1c536cc6bef324f885a7bb5887c3d5daca4820eac9f419076b
20220412A06_1,14,14,1.mat,14,12,0.419628,3,4,1,f4a07c75cac4207c8dd3f349431908d98e18caa56b5fce5437fe047240b07b1c
20220412A06_1,15,15,1.mat,15,12,0.419628,4,3,1,1cccfbcf747c6c3798608e88c058f0cded26a4c27d9624f69442c343f3a545fd
20220412A06_1,16,16,1.mat,16,28,0.979132,7,5,1,c4a88418b3b47da0c868fd82e001f6db564d2392b904aee8c9825e25825f0af7
20220412A06_1,17,17,1.mat,17,45,1.573605,8,7,1,39a069fa5b5e00562a661d295ab4a5c1ba68964e188be7f192c083da3c0a965a
20220412A06_1,18,18,1.mat,18,44,1.538636,12,7,1,c36bd765a2a4a31a4b17de2b04a002d66417d471cf9b96679215b0cdd4844636
20220412A06_1,19,19,1.mat,19,12,0.419628,4,3,1,f6dfada76ad7a90de722176c7e2fb61fdd8fab58550f424140e69f194763d5e0
20220412A06_1,20,20,1.mat,20,14,0.489566,5,4,1,d42a77f426406f95ad26bbe4b5bb972f2e6c33f447610a80a7e8479c4d623e42
20220412A06_1,21,21,1.mat,21,35,1.223915,6,7,1,0cd78086cdb7f7eed99676ab9227e101063ebd976d73149f3c3ba7d597939c89
20220412A06_1,22,22,1.mat,22,89,3.112241,14,13,1,44839c9cf6ace49ff09a5f8ec846e87bc4bda95290458244909fa59dac09650d
20220412A06_1,23,23,1.mat,23,37,1.293853,9,5,1,96fd1c909cf37ae5d365c4bfc4fefc2df9b62b5f96f9d7a54901f2e2f26b85e8
20220412A06_1,24,24,1.mat,24,27,0.944163,6,9,1,d5c5fdc32cb7c1f1b2059704188310ba04b44de8b54456dd0c5060814f1b4644
20220412A06_1,25,25,1.mat,25,10,0.34969,3,7,1,d42fbdfec3fbd0ff185bebc07bb3d733a5f32b89787a95863c410a4935f4cd06
20220412A06_1,26,26,1.mat,26,19,0.664411,4,10,1,5665c34a994b8352c96157baec6c228ac3685ea61ba7705dd280148371f816c5
20220412A06_1,27,27,1.mat,27,17,0.594473,5,4,1,c8763ff5c8d9c521b5a562e80db8b9b57ae4b100f75e31166dd1743efed639b7
20220412A06_1,28,28,1.mat,28,23,0.804287,8,9,1,821a90868b6e6d91f24a62e767dad9edee4cefaec91f37b96dd1a7c961c051fb
20220412A06_1,29,29,1.mat,29,18,0.6294420000000001,4,5,1,f6d42b4efe5b91423a12cdd0d2cb59a65c6eb142af5a46f91ffc1b8d2b23e943
20220412A06_1,30,30,1.mat,30,21,0.734349,7,6,1,1e232a2cf96206cab83a663228cca2c9588938321e0adc64f019b4503461b406
20220412A06_1,31,31,1.mat,31,15,0.524535,4,4,1,b222c4ddaef052157988c2028dbf5ce16757243f95ddd530f0e50c1bb386f754
20220412A06_1,32,32,1.mat,32,8,0.279752,7,3,1,c073faf42095aa7a18e8dbba80e955c1ccb1c5630846c222afd688e4e0cd67b5
20220412A06_1,33,33,1.mat,33,12,0.419628,5,4,1,1a7a84c9a4388a804b8e77472f094a8fee1f7ad9667aa435e02f280076dee34f
20220412A06_1,34,34,1.mat,34,46,1.608574,12,12,1,9ce2cc9333043b141bd4c121d6298e52ca05c8c6c193257cd9dda77603bfd5f6
20220412A06_1,35,35,1.mat,35,123,4.301187,14,16,1,c69c48d5e3f9c0d814ae18c7e8cb1cb069d0ec46753021d515671ca1ec38f54b
20220412A06_1,36,36,1.mat,36,10,0.34969,5,4,1,88167343bfe2718bf7a09b0b895896c75617afa92b60fb8ba4f5f361ddb723b0
20220412A06_1,37,37,1.mat,37,92,3.217148,14,11,1,bb1609c6e12067e3da51bb4f5bb1b6c1c11a6e95ac98e0a352c04ee86a0d35e9
20220412A06_1,38,38,1.mat,38,12,0.419628,4,3,1,310c3aee1230cbeb6a041dc82ac6e3349a5f9127180a440c2d4bc27c51fc2600
20220412A06_1,39,39,1.mat,39,25,0.874225,15,11,1,bed15c13d37079d9af851a748d9751f7bc3196878069e241b3cd2f4b654cde1f
20220412A06_1,40,40,1.mat,40,98,3.426962,9,16,1,fefb996248135a468e4d8f6e92469448b4872945787a27546d4ca771d03cfc1d
20220412A06_1,41,41,1.mat,41,15,0.524535,7,5,1,d590fd5c3097eb0cd01e450de5b87da87d7eb82f8b3cd77993e0b398621020ae
20220412A06_1,42,42,1.mat,42,8,0.279752,5,4,1,73a3d87a20939e55e30c9425f667794aaea683dd00e5e393098f471b407d37af
20220412A06_1,43,43,1.mat,43,47,1.643543,11,8,1,7cf683debca6acd48ef43e0ad77506cbf31381dac335a7976396dcbada35a7ab
20220412A06_1,44,44,1.mat,44,62,2.168078,8,10,1,3f1f17b1e9b47e2698495838b8a8f664c417dbca8839921e0d65756e11dcdc0d
20220412A06_1,45,45,1.mat,45,37,1.293853,9,10,1,75bc5a4720a826f7a73da8e96454787968108b056500525b9629548bc25b52f3
20220412A06_1,46,46,1.mat,46,72,2.5177680000000002,9,14,1,45dc63ddebcac58b624190e3f0da02a01f0826d6e949d594bb55bd031252b641
20220412A06_1,47,47,1.mat,47,23,0.804287,5,5,1,d844a7ba3788e8fff51152539ea35dee5fc7917404c4f29b7a42621b212e805c
20220412A06_1,48,48,1.mat,48,19,0.664411,6,8,1,18e1485dfbc8cba26b9225938f3ada2348e3be2438060eb8df486a3d05fcc128
20220412A06_1,49,49,1.mat,49,12,0.419628,3,4,1,71054b3af1d20e1805f4c32e84fb79111ac1e3752f79a62d99a62e9b956313c2
20220412A06_1,50,50,1.mat,50,87,3.042303,10,14,1,7c47e5597f4570a063cb43cd84e5d85fa73e11bad69a883f944f32f5979cd68c
20220412A06_1,51,51,1.mat,51,11,0.384659,6,8,1,45694508e55f0eb23c0c7d36d5bd82dbd99ee69da0abf42d458d86935c09fa17
20220412A06_1,52,52,1.mat,52,41,1.433729,7,8,1,2b5d14a43825ea953b3db1a0d04cd00241d1436ac69c05adaaa393d063e92b5c
20220412A06_1,53,53,1.mat,53,33,1.153977,9,5,1,524a769579c30c899c79999783f7741d11d012e0891039ef0ef206e529691a66
20220412A06_1,54,54,1.mat,54,17,0.594473,4,5,1,46100e6b2d72beb5bca19163218c33953bcf3d168af0c6eb224f87940dbb4dfa
20220412A06_1,55,55,1.mat,55,18,0.6294420000000001,6,7,1,4832c6129412ac1d12bee82b2cf64aa1aebc24aac2bed747c27247c44875150c
20220412A06_1,56,56,1.mat,56,24,0.839256,7,5,1,432399ac36d21918c58362b3d0b680ebdb107aa469ae2dd83c7eaad1e86252a3
20220412A06_1,57,57,1.mat,57,19,0.664411,6,5,1,09970b7996b8371beba8c3bb329e1772f7128d4565aa1e876ef718ed952b0d2a
20220412A06_1,58,58,1.mat,58,44,1.538636,10,9,1,057b2661a17028ae7c6579ea01ed61b3619ae07bb72d24eaac15f3e240880801
20220412A06_1,59,59,1.mat,59,59,2.063171,7,12,1,16a59c12a9ce94ee36ed017618edb93ea969ccc69adf5b959fc7f4d119ce0b67
20220412A06_1,60,60,1.mat,60,36,1.2588840000000001,9,9,1,c2576307431f103cacb5326f0963df15952c00d1e2a9d968bf7315879087811a
20220412A06_1,61,61,1.mat,61,15,0.524535,4,4,1,f0a61691c35e994cd20fe466df341a59a7a12abb1a63ebb282091919002e4348
20220412A06_1,62,62,1.mat,62,6,0.209814,6,1,1,3ba66fb03a57249e4fb022517593df648dd6f31842a2f56087f2520925f28c2c
20220412A06_1,63,63,1.mat,63,22,0.769318,12,5,1,16b70be915df817c61d3dbf1acf49f04c8891fd0b440e011dbb52245d3e5929b
20220412A06_1,64,64,1.mat,64,54,1.888326,14,9,1,bcc2842d245e4ca2106c6a75f4b0817526054038ad87566b251969b4d675e11a
20220412A06_1,65,65,1.mat,65,188,6.574172,18,17,1,ca5320ad4e9541388d9c8139e30f5459e437075ff6e5456a91913876c0279e43
20220412A06_1,66,66,1.mat,66,45,1.573605,7,14,1,ada1675dacdc35f68a4365e322723d8b7a0cd9159e61a40725578eaf2821a329
20220412A06_1,67,67,1.mat,67,53,1.853357,10,8,1,38b1a4f5ef91b11c742b213e4db51974829c7d34f20c1e30d2cf5688eab36298
20220412A06_1,68,68,1.mat,68,32,1.119008,8,6,1,0b0a48ff38f702e7771985f04646c59b7c8dc297001c0c06a1e710fd7a1087ce
20220412A06_1,69,69,1.mat,69,9,0.31472100000000003,4,4,1,2c6a33b357af32a58e19bd1f5fa4cd1844510332cc65a832f64d01899f90b389
20220412A06_1,70,70,1.mat,70,23,0.804287,6,5,1,cdea45f95e78e9332865ad67b3f3e9134896bfe6aa511c0ea72cb9c1f561f00b
20220412A06_1,71,71,1.mat,71,11,0.384659,10,5,1,a108c0fb52a21f65078bd79e261cd1f8b217f83b3e203867d9c1a7769af28c41
20220412A06_1,72,72,1.mat,72,63,2.203047,17,7,1,9270f0215647ca596432f56f0997198fbf5c9fb98329737fae84c8c8f20ba270
20220412A06_1,73,73,1.mat,73,13,0.45459700000000003,5,4,1,f69411b959ae609a5f37bb40b533abb8522f497d459d1895618db3c4a5951b29
20220412A06_1,74,74,1.mat,74,19,0.664411,5,4,1,66e7bd148947a56d8b58c3a0604d838143be337b600f59d8fc7b103c14ed26ad
20220412A06_1,75,75,1.mat,75,16,0.559504,9,6,1,557311e5ebae96a6a1594f01f338161bac05e59c79d6e5bb965804b7ec9fba66
20220412A06_1,76,76,1.mat,76,50,1.74845,11,7,1,1234886a0c64e74cfa7ff58ff151d09b8687838e8f8d9f978f5e96395e061ae5
20220412A06_1,77,77,1.mat,77,21,0.734349,11,7,1,7836f0305928bd9b80c715b0925d23c367c9eb97baba3313ffe28eadd223afd3
20220412A06_1,78,78,1.mat,78,55,1.923295,10,7,1,931b06f68f7b25aecf9846c21fd9c94e3f2ffc938342cae871caa745d3b0e76a
20220412A06_1,79,79,1.mat,79,19,0.664411,5,5,1,d4fb1a4a7643657497265fc6a1933b2a9d6b11340d2d39077167cd9fc13a19b4
20220412A06_1,80,80,1.mat,80,16,0.559504,5,5,1,d59dd0b242b06f5cabb1332735335bd8d545698e91696371ef8da66e0150d7dd
20220412A06_1,81,81,1.mat,81,6,0.209814,3,6,1,c96c6bf9c29953fdcd7b17a4e49246b524ebe28161c8b69d07c5e0d140983c36
20220412A06_1,82,82,1.mat,82,8,0.279752,3,5,1,180a2f46e968927be17939d0a9aace79332d1ba053ab08d3d50e1b5d6bab3711
20220412A06_1,83,83,1.mat,83,80,2.79752,10,13,1,797dd78913def42ad65c76a4144a7af6b2ed7877eb0356e4843985bcad7da871
20220412A06_1,84,84,1.mat,84,33,1.153977,11,12,1,e6c2d1d9e0bb098403a05b8bc65ebbd78cb1a98aaeb933006a9d9677fd40b322
20220412A06_1,85,85,1.mat,85,12,0.419628,3,4,1,7c364910c8eb5481693115bbbf8f54fee45a3d8f6dbc8807ec8c222f570c5131
20220412A06_1,86,86,1.mat,86,13,0.45459700000000003,6,5,1,c0f1bada112f3f481f8b4b89ec03fb0c647a1d08b1fcb5ee54b27ae85c665bb8
20220412A06_1,87,87,1.mat,87,23,0.804287,5,5,1,00c5156360311173ca3e00a83b5649a9ee551fe6e3edcd9dfadb9b478232ecf2
20220412A06_1,88,88,1.mat,88,62,2.168078,9,13,1,2ab47370cf81c03986be88e3735d58cd95cf42240b83ae1c750816ee4c12b3be
20220412A06_1,89,89,1.mat,89,15,0.524535,7,4,1,dd60cf3322ee49bbc530ec92ac124921dc23c1367aef93a35100a7344c27aadf
20220412A06_1,90,90,1.mat,90,12,0.419628,6,3,1,615265c2ac32cbad87a89783a54c01a30ab9d077e5f615b2fbc1877c6251f10b
20220412A06_1,91,91,1.mat,91,20,0.69938,9,9,1,0dc70dafbbd3f29446418d7f553aba49e26b4043ee2bbbc805a7c91fb00a3ecc
20220412A06_1,92,92,1.mat,92,35,1.223915,8,7,1,32649dcb88b9cd342774c280e579b777093282902495985a4a3d887cbe707478
20220412A06_1,93,93,1.mat,93,17,0.594473,4,5,1,1078a8b5ddbd6913d4ffb5af6ed533797243ef4b1a97fc339c25e8e6f41de720
20220412A06_1,94,94,1.mat,94,14,0.489566,4,4,1,3756db69e95d8a001516d073d1bb340f0e96200ce451598fd3aa5ee74a4e309a
20220412A06_1,95,95,1.mat,95,57,1.993233,16,12,1,999b41f83449201bcf4199b67d9b3c2a91f30b09f0464cf77ea6908851fee01f
20220412A06_1,96,96,1.mat,96,32,1.119008,6,7,1,74a80a551d8235cd1ea86891f39b2d00b82a1fb415eba0577434d3778765317b
20220412A06_1,97,97,1.mat,97,7,0.244783,2,7,1,cd49bcfe43e90c518a344dbcf511705c99a12f7a26bdf0c375bc2597a46fc683
20220412A06_1,98,98,1.mat,98,10,0.34969,7,5,1,bf2c0d3256a123a02197ef36b91c4b9a2d15eb6216b62ee98b0ed897ee068b27
20220412A06_1,99,99,1.mat,99,30,1.04907,15,12,1,d1d6c9a3f51432549699c85c0c9f3f2856b029b6020e02606af7ffd9a75cea35
20220412A06_1,100,100,1.mat,100,12,0.419628,4,3,1,008dbf7fe1588bb35b2178be53eae29999db0be203202b461b00d3258c6371c2
20220412A06_1,101,101,1.mat,101,21,0.734349,17,6,1,aff1ce2ce3c79d7d83eb22a3d00c47b9df0595a0d23eacd77e0dd64b3c1a6843
20220412A06_1,102,102,1.mat,102,12,0.419628,5,6,1,2fd21e5d4106189308039154a2583018f31e093dcb825f4b7e751535564b7226
20220412A06_1,103,103,1.mat,103,26,0.9091940000000001,7,6,1,8e42d6617d6f7310bdd431a606a5a482d32a89a3f46c733b903987e58a97894d
20220412A06_1,104,104,1.mat,104,36,1.2588840000000001,9,5,1,17bdc26696af81e29fd71bc1f5c929be0b6121fb2e187c91334f6861ed2e325b
20220412A06_1,105,105,1.mat,105,41,1.433729,7,8,1,38154a77e0abe5af51014f70aa023f1f1a5a5c4564ad323e0cc171fe94cc765e
20220412A06_1,106,106,1.mat,106,27,0.944163,5,7,1,dbc4519b96d2c51c4781fc45f78890f37d3b35e980b8f222665b3f014d4da408
20220412A06_1,107,107,1.mat,107,14,0.489566,6,4,1,1ca97a336805cd37b9b470615552a4fab32e9f9142d4aa4755860ee925c22d1d
20220412A06_1,108,108,1.mat,108,14,0.489566,4,4,1,181ac55ad15000183abad8fe4b017e23834b1ea51896c1346bbcbd84df22f6ff
20220412A06_1,109,109,1.mat,109,12,0.419628,4,3,1,d998c9096edf359b8c4a2bea60a4c5da2a59b5f06993049e96e9d2e90c86254e
20220412A06_1,110,110,1.mat,110,16,0.559504,4,4,1,58215c9b7824358a4ef165f1da8a3770c6b50b509a560903c5f0d706d2a13fec
20220412A06_1,111,111,1.mat,111,78,2.727582,16,9,1,096a5c63f58fce5b132131adbddc2863bddf9593e15fa402304522acdfe37fdf
20220412A06_1,112,112,1.mat,112,66,2.307954,10,9,1,8fafa0e6f9900dd9b80aab4069752876ba9b15c7c3ea03d579f20eddd2ba0f47
20220412A06_1,113,113,1.mat,113,9,0.31472100000000003,4,7,1,a456505dbfa27f06997594394891a9aa939dacffdcaccd6160fcc84581f4e3d4
20220412A06_1,114,114,1.mat,114,64,2.238016,12,9,1,e0017ddaa9e13b36dfbd77bf817b400a6011dda7e7f049b01e87e4b0e2742374
20220412A06_1,115,115,1.mat,115,20,0.69938,7,8,1,5747049abd963c45cc87123754f73f27ed9800b5ac3753b86261707a07b26754
20220412A06_1,116,116,1.mat,116,12,0.419628,3,4,1,5b74fd37f1416c1ecbb96e70dbb1366412d8ee95ed3a4982751ffccadda68b58
20220412A06_1,117,117,1.mat,117,13,0.45459700000000003,7,4,1,a1519e7d763a7e25926a9beff4d61a5dec28897ae66e0706cd11a24a9a03d7b3
20220412A06_1,118,118,1.mat,118,67,2.342923,12,12,1,65a4c6832db8fd9c0da7aa6bab45ef786d6c9c2d549b3ab1966cc7e419024bc0
20220412A06_1,119,119,1.mat,119,11,0.384659,9,5,1,42f5b3e50d24f37b3f405ba786983b1781f3d3c0249b32e31e62d4893ee6e41a
20220412A06_1,120,120,1.mat,120,50,1.74845,10,7,1,60e07324690a81e413e66687984293cc972e7dbf6b671f777acbe71dcf0e319d
20220412A06_1,121,121,1.mat,121,19,0.664411,5,7,1,9364f23c780fce1c66a2f8912e179065a9eaf1a035efa3b2c7dc45f49d0fe9f8
20220412A06_1,122,122,1.mat,122,34,1.188946,7,10,1,461df86ef4aad222882d987b6fea6ddb82bb420ee79d1548689b55a7dd55ff94
20220412A06_1,123,123,1.mat,123,7,0.244783,4,7,1,c8a45647f91ec809412ae49c1a7ab30d9013bde533372efa55272756c620946a
20220412A06_1,124,124,1.mat,124,88,3.077272,15,11,1,1414b894eee549aeb0b2c20036cbdcda03786da0929d1f151bfbea5fcdb24870
20220412A06_1,125,125,1.mat,125,35,1.223915,8,9,1,258c3647ea56e3e0955165206cf165fbe7b16c36e2368f6fa8761c333ead6ad5
20220412A06_1,126,126,1.mat,126,7,0.244783,5,4,1,28459b7a238777a98dcbea7ff5544337e4ae4b2f18b0ba4f560fe94f76b70f4e
20220412A06_1,127,127,1.mat,127,8,0.279752,7,5,1,c16086451ab1d02bac423273c20341dd00c235043fd785737bd189ea27424a59
20220412A06_1,128,128,1.mat,128,16,0.559504,6,5,1,6106a72e6d93765214f07cf3b646276730b676bc7ec12f26d019252f2de62ba9
20220412A06_1,129,129,1.mat,129,39,1.363791,8,6,1,6016530713eed41039bbe7b004984301cae00ecbd6dc3ccab2402e16f4db35c5
20220412A06_1,130,130,1.mat,130,32,1.119008,7,6,1,a84f8f6787999fe568cb4cce354bf3616c2c06bd9274a7c73d1f0e253bb481e4
20220412A06_1,131,131,1.mat,131,49,1.713481,9,7,1,e93396e0f52540ffbd756308619aebdc39edf5335ad15b5910fcad05b5450c20
20220412A06_1,132,132,1.mat,132,23,0.804287,5,6,1,325319c6bf6c9293eab421e1c19a2dbe0f79b72f99d9743f381233fb88e6a7b5
20220412A06_1,133,134,1.mat,134,54,1.888326,8,13,1,e2463055132e91557d389603ca86db2ac0344bdcf1bb556df358abb53a505c34
20220412A06_1,134,135,1.mat,135,79,2.762551,19,6,1,f2f7ee7b5cacf827d028940de6458a0ec2fd4be5141b21628ea97e178aacbe4c
20220412A06_1,135,136,1.mat,136,31,1.084039,9,4,1,a11e6811aac2f33e101be8e7c846758411ddd49ce6c9d902bf9d231bcfa43006
20220412A06_1,136,137,1.mat,137,32,1.119008,9,12,1,e67ba131c2419a57605dcb7bb8b1d1f53976ceec658ffe06378b1b2e45bdb7f1
20220412A06_1,137,138,1.mat,138,15,0.524535,6,9,1,5f30878253467c94705b07e7a1fd6624e04852d727017a8922b887c2d2b3b194
20220412A06_1,138,139,1.mat,139,81,2.832489,10,14,1,a06c6ccc848aa48771f64f7aff35650a8360743cbbc6107782e9c3005d56726a
20220412A06_1,139,140,1.mat,140,77,2.692613,7,15,1,3f5b444bb461687d3737aba6b56b5d57d1f6726d168be3197177ca166585cab8
20220412A06_1,140,141,1.mat,141,19,0.664411,8,8,1,b46d3054af7058f7096ba268ecec933796ecd1dbcbe8838e332e2a877704b5e7
20220412A06_1,141,142,1.mat,142,22,0.769318,6,7,1,fbd45e58c11e26564e0df4cff295dabc75e9f1187c38e6152aefcab739809690
20220412A06_1,142,143,1.mat,143,12,0.419628,5,5,1,cb1a8a0183a4f99db70ba49a43f3872178dd7684ec799a9b62a44a8246cb7d2c
20220412A06_1,143,144,1.mat,144,10,0.34969,3,9,1,35bb747bdd92ecf6182be1b6d997b8a7751d79a1d3cb65f064e971f45ed34ed8
20220412A06_1,144,145,1.mat,145,6,0.209814,3,6,1,40ffebfc9f343f902f1b7bc6c3bc280d658f5ef5b39a994f9b331a0125900b9a
20220412A06_1,145,146,1.mat,146,16,0.559504,5,4,1,090097f8aa860920fd5013275dbcf7a66c168b9b68b558040ced4922adffcc62
20220412A06_1,146,147,1.mat,147,69,2.412861,12,8,1,6f8dad5a27719000cd4c3bc9fd653b1f0654b1cd3e7f3168007d70bb06b2c063
20220412A06_1,147,148,1.mat,148,92,3.217148,13,9,1,2e3a8373e200d261341250b317142b0e4052544bab7726f71f2612ff6aaf1c3d
20220412A06_1,148,149,1.mat,149,19,0.664411,5,4,1,bc320e79515c4ca152d30de7511120d6f7c94da4c5692efb4d21842e0f65ae97
20220412A06_1,149,150,1.mat,150,39,1.363791,15,9,1,655ce378a610790ad1d7ade62c652f9a33a0a8330b8cecbcbe668aaad32b67a2
20220412A06_1,150,151,1.mat,151,25,0.874225,4,7,1,539e7ba5d4af8547be9527e04b1d29e67c714de942246ece68c14112772d8eab
20220412A06_1,151,152,1.mat,152,19,0.664411,5,7,1,d509234acf1f3bb1509c8848adabd1ef6a3e3eb4751b9bf1c7e0a6269cbc4194
20220412A06_1,152,153,1.mat,153,28,0.979132,7,12,1,4ab32a252e7655618015b8767002c12655859846c29cc572530f10eda2618688
20220412A06_1,153,154,1.mat,154,17,0.594473,9,8,1,ab75b1ee5c0d60cd197b30a38e9b74398b98a939789cb80e53cd46e9ae409351
20220412A06_1,154,155,1.mat,155,22,0.769318,5,5,1,d1d9aeaba73c549829d3d3357716295353156ba1506e8a6a33af4b32e4b05a79
20220412A06_1,155,156,1.mat,156,19,0.664411,4,5,1,58bce5ee5239c1f9bf3f5c63e1be3bc628c0b9002c97391b58743a09cb696f46
20220412A06_1,156,157,1.mat,157,34,1.188946,13,12,1,620512873be84e8a2a6a5e4be32eba2e68cff4ad78ad0a2c56d20490e6cfb55b
20220412A06_1,157,158,1.mat,158,17,0.594473,6,4,1,c43963759367ec6083365a505f11de48d602729d3b0cc04fa31c85bd8108f1d2
20220412A06_1,158,159,1.mat,159,42,1.468698,11,7,1,de8f353e8a7124f535449ad2b3c96079286fba6069c2e8f4d29004cfa727f9a4
20220412A06_1,159,160,1.mat,160,91,3.182179,11,11,1,674c7cfd9b2fbc36aff5af2685bcfc7ebec1381dbc05d5f23999d0447ac25e3f
20220412A06_1,160,161,1.mat,161,49,1.713481,7,10,1,583ff70b55f3626efe6d34002ca004c044286e7f8ce776f36fd85d77ed0e5737
20220412A06_1,161,162,1.mat,162,18,0.6294420000000001,6,3,1,646a2aad8f056299ad1b327fa42aa6d6f13f2d042b86af699a05aa1dd76c3494
20220412A06_1,162,163,1.mat,163,82,2.867458,12,14,1,7ec8788543b6fa9d62c09e0bc729ecf4187c5a125d1b9e20737e5f08767343e0
20220412A06_1,163,164,1.mat,164,52,1.8183880000000001,16,10,1,ca7533bf65c64f29bfcf62d497162f7c0c38e22562d2d3f87e278fa0666ad06a
20220412A06_1,164,165,1.mat,165,62,2.168078,8,10,1,4bd8a1d0a5199faab5a96e8fd1262ef3b1f6069cf92b50d34d76dd441a733984
20220412A06_1,165,166,1.mat,166,44,1.538636,11,6,1,c628a8162c2c81742cdd6d339146f5a39f8008745bb28d86c5e775764d18a00a
20220412A06_1,166,167,1.mat,167,14,0.489566,4,7,1,0c9bfa9a925509e215cf088ae77dace292a598c3aad8196b913111cf35cfcab4
20220412A06_1,167,168,1.mat,168,12,0.419628,3,4,1,7e5352c4132479c8160039dba333030a1c99f67614001d8ea431bbeece2a3ee0
20220412A06_1,168,169,1.mat,169,15,0.524535,10,4,1,21e3097c8fbadd02b96b1e9d39721bce3e8993c899bfcf3b8eae1e7417f66365
20220412A06_1,169,170,1.mat,170,91,3.182179,15,12,1,b5948e572b668d648d7896af206c113fc5dd2e961d3db4b053dedcb05e9071fc
20220412A06_1,170,171,1.mat,171,17,0.594473,4,5,1,6dc70412f62c20cb0f3c4c1bf8c11cdf61a9d9c1e45c7959cab461897766a5a7
20220412A06_1,171,172,1.mat,172,10,0.34969,5,6,1,c632fd4f532285d772bb3e0376ec1c795b7720c641a9a714f8df8ffa57d996d8
20220412A06_1,172,173,1.mat,173,32,1.119008,12,8,1,7ad760491ccd6158beb55d5c03d65bf0c1eada06014d5a5c98fd6e60d81f52f4
20220412A06_1,173,174,1.mat,174,102,3.566838,13,13,1,9d19b2000b65639d1d7d7dc7681e05e249f08e3526e645c1df299c53a4f66072
20220412A06_1,174,175,1.mat,175,76,2.657644,10,13,1,82479a70e04ef17fa1ddfd978a7ec06845e229e755a9cafb781bdd01e1db3dba
20220412A06_1,175,176,1.mat,176,42,1.468698,6,9,1,a653c49384ee2bcc73770c89cd86f926143c800968499907c6efa16473c5ae7c
20220412A06_1,176,177,1.mat,177,52,1.8183880000000001,12,8,1,11835b2c524509fb77e1a8ecbb87456a4a4fd2ab4e09215e3c2b016902e185da
20220412A06_1,177,178,1.mat,178,24,0.839256,6,5,1,b4b70c83adb1e57cf21a75f8ffeccb76248f1fc31e4a09f0c62f6e4d36393ab2
20220412A06_1,178,179,1.mat,179,19,0.664411,5,9,1,fd1ea00b4518f9e64856c2eb471a98d8581985d3503edf54edc99c1ce6a293e9
20220412A06_1,179,180,1.mat,180,18,0.6294420000000001,6,3,1,56fae1b011415d5800e542e8778f24bf14bd976abf75ec2cdb76df82b45a9821
20220412A06_1,180,181,1.mat,181,46,1.608574,17,7,1,ff549348e2779a728f5a61962119019a73928801a9e602cbd0aaa9f62f702ee7
20220412A06_1,181,182,1.mat,182,144,5.0355360000000005,14,14,1,f73c05acfbfe88b7d73caec44206db4d4ad7d7691f04d4902b121986be252a90
20220412A06_1,182,183,1.mat,183,15,0.524535,6,3,1,3596bd0dc1bc0384ade5f717069b137bb06bf4410770f1ff03954a0d619ebaf1
20220412A06_1,183,184,1.mat,184,8,0.279752,4,5,1,093a9cc61daa71593203848891447f3fa1295ac54b45f32c8015d2d2d99fb552
20220412A06_1,184,185,1.mat,185,30,1.04907,10,9,1,822463ae62317d1978c90cb859f8c8c25edb30216c438e48c914eae5a9040260
20220412A06_1,185,186,1.mat,186,15,0.524535,4,4,1,38fb8b497db40a4f58bcb885ca39fe82a70892a36149dc9261c72c869cfa7ade
20220412A06_1,186,187,1.mat,187,42,1.468698,12,5,1,358e0c84d9a980651f8b5de30a5d08a2e92adf5b533d95279d6022d649add64b
20220412A06_1,187,188,1.mat,188,24,0.839256,6,11,1,ba5713737f8fc6d0cffe84729058967b49dc31b9374aac43f99ae45df00d0a1f
20220412A06_1,188,189,1.mat,189,11,0.384659,6,7,1,590ed8e6d503a125695cc033fff9d6e4c1aff8c388926cddb532f04c085d7e27
20220412A06_1,189,190,1.mat,190,137,4.790753,15,17,1,220ee5a1bc30e1bf2185c3f73027ae54ef91d7a468b61ca7f90ceddd19eb2682
20220412A06_1,190,191,1.mat,191,9,0.31472100000000003,5,6,1,2e2a3b68a96e41e616dcb0ecef51b80487da772e708de393562eb01289fcfd3b
20220412A06_1,191,192,1.mat,192,20,0.69938,6,5,1,ab6008214f488a8c8ecbc1a1bac9215a8582ae3dd11d67f29fc41eecb5188d2a
20220412A06_1,192,193,1.mat,193,17,0.594473,7,7,1,69750d4862086c7c13d45482c2f98f3c9b7064f60902aeef6a8063203274ed03
20220412A06_1,193,194,1.mat,194,13,0.45459700000000003,8,7,1,2cf9fc562a419b37075fa003a1032e0129eebf5bcf4994e602da0707e78d93fe
20220412A06_1,194,195,1.mat,195,9,0.31472100000000003,6,7,1,d538a5224aa1e9ac41a5037c722faa25559256870ec542bb1f7c3c31332c4e3f
20220412A06_1,195,196,1.mat,196,23,0.804287,5,7,1,541a896b70077db09d9885ab10ee2cc2ca173694cc3911501de879c1f2313057
20220412A06_1,196,197,1.mat,197,34,1.188946,7,10,1,578fc32a045e9eb9e51c872fc724f02989dca92d740f185e61d8a05e23a8e4ca
20220412A06_1,197,198,1.mat,198,24,0.839256,4,7,1,4d9ca4afd6af2f9a4c38e4f0a0fe4546f971467e194d699fd9e2071f8f97a58f
20220412A06_1,198,199,1.mat,199,12,0.419628,3,4,1,e0e1284d32f7190eaddeb6310ae2b5ba73f039c7c6042f87ab2a4c4d3425714f
20220412A06_1,199,200,1.mat,200,15,0.524535,5,4,1,55870c2b45a3a03efbc9a5b8dcab102f0675d1e8299bff11d29a0eee374cd5a4
20220412A06_1,200,201,1.mat,201,28,0.979132,6,6,1,22ecfe1407197fa4980053db961d4224253974406af710b1da78eefea512a56c
20220412A06_1,201,202,1.mat,202,29,1.014101,5,8,1,6c5eb946ae0ad884bc038ca1c12e82b8bd5c0c2d22f827c745fb3b57771382a9
20220412A06_1,202,203,2.mat,1,18,0.6294420000000001,7,3,1,c8625c126d24fae85d8b975f8c20d2475fe5dbb62c9a094bb8684d04cc403a57
20220412A06_1,203,205,2.mat,3,120,4.19628,15,12,1,48c276ecdc6db0d7778dcd156fda1589f2d1db9ed65f2bc52d128f5108b9998a
20220412A06_1,204,207,2.mat,5,23,0.804287,5,6,1,5924ebdedb3c72aa6005527b8a08a4bb3d0b4b31da39bcbd2104867b59181c0e
20220412A06_1,205,208,2.mat,6,61,2.133109,8,11,1,29926fc699a022d129bf9593686e9b009f554e99e0a2a3e5184f281fc1172548
20220412A06_1,206,209,2.mat,7,24,0.839256,4,7,1,b4b4a526450d25a72f3b61abcfbd42320fa4eefed5afe6ff884b75511d08565a
20220412A06_1,207,210,2.mat,8,13,0.45459700000000003,8,2,1,ec5339cab85ad7b60fd81196133b44fed718b3c3301417436e08fc1d56142f2b
20220412A06_1,208,211,2.mat,9,32,1.119008,8,11,1,52b816f9cf64a59c7f2ac0d96e8830c56af70b838194ef0dafdc1fec74dca8d3
20220412A06_1,209,212,2.mat,10,11,0.384659,9,2,1,1ef457989a80fe4221e91f18d9a98c274f7441baffe585313c185c7b5025b404
20220412A06_1,210,213,2.mat,11,25,0.874225,9,6,1,842d6beed084078e13bb2a8e5a3e418800e72cdfce01fca72e33e40d1391881a
20220412A06_1,211,214,2.mat,12,75,2.622675,9,13,1,b2f485c9ef01c10166bd5eab7f91a4b61a0848571b733d1e2f70e687300f3c15
20220412A06_1,212,215,3.mat,1,32,1.119008,6,10,1,966754b977c4640575169cc580aa13166b5577a6363765d826ab2276d3ef3467
20220412A06_1,213,216,3.mat,2,48,1.678512,9,8,1,149bb335aa1d302500eaaaca3e3cbc063984a05a20fa854628ac9fb5ffaee52f
20220412A06_1,214,217,3.mat,3,67,2.342923,17,10,1,3e64eecc373fed8300044ac1c959c33e93771d48a8f93cdb25857cc817fd7a53
20220412A06_1,215,218,3.mat,4,18,0.6294420000000001,5,4,1,2efb6c0757de422cacb795d199f1d4df88561b2cb6af381c8d9db8bb6d1dce61
20220412A06_1,216,219,3.mat,5,18,0.6294420000000001,3,6,1,a1ff96742708162265911dda55627659c1f54004950572cb79d2e3e8ac34a492
20220412A06_1,217,220,3.mat,6,46,1.608574,6,11,1,f673416a33ba0133f06b20cddc79d1817f97d24b255f56784fea52df4ce1b0c8
20220412A06_1,218,221,3.mat,7,23,0.804287,8,5,1,acf5f1f1f794c7067049baecffbc5b0fc79aa0671c19e1ec5720f6ec65509cba
20220412A06_1,219,222,3.mat,8,13,0.45459700000000003,6,4,1,bbcb2744c3c571ab5afbbe21fa6f4252e1018b392349aa881097a6394cc4261f
20220412A06_1,220,223,3.mat,9,59,2.063171,13,6,1,8ef7d13a77e16ed57277979a67f5cc96398e06bc5f61501aeac97371ee284f80
20220412A06_1,221,224,3.mat,10,34,1.188946,5,8,1,58937567b35efd3bf717bc3714a6febe373d5339903eaab5bc97093771a247ed
20220412A06_1,222,225,3.mat,11,56,1.958264,8,12,1,0821f0caeda83b82b3a88fe26b05505a95fc7c3b85b8b2cac7ada6f2cfa6f76d
20220412A06_1,223,226,3.mat,12,13,0.45459700000000003,5,4,1,ec653d1f29181a5835b8a8be0371a57864e4bde09c39083d52cfc10e70e99a3d
20220412A06_1,224,227,3.mat,13,16,0.559504,5,7,1,ef85f8c05ba80585e8138d14ad14a79ede6c167a33666c98680f7c83abd68cd3
20220412A06_1,225,228,3.mat,14,67,2.342923,9,8,1,1eac658cf89defebc3612685098abea23c5091ec18af427961513607ad422f80
20220412A06_1,226,229,3.mat,15,11,0.384659,5,3,1,a37dc189e5f419c06c439d0eb1194607b2a14b37d9e95db1c9c314a63dea86fd
20220412A06_1,227,230,3.mat,16,92,3.217148,15,13,1,56e343b9a55ace007a1727d8b9f7f0d5b7ebdebf89ca56d142139517aa04b2eb
20220412A06_1,228,231,3.mat,17,32,1.119008,8,7,1,877a478be627456bd5f44895c30f1e243bb5da32bf5e788e30a314706dd4b324
20220412A06_1,229,232,3.mat,18,41,1.433729,9,7,1,4a12fccbb5754974c5bdba5aa4233305d6d2caab41686512aafcf2b6d45f39a1
20220412A06_1,230,233,3.mat,19,47,1.643543,8,10,1,4e5aca2630441705c4f852d87837775808b84dec832691235e912bf850ced3a0
20220412A06_1,231,234,3.mat,20,23,0.804287,7,4,1,673cf65d65f65b29b0ddd9295a3235949c16b3450080e6a5e5a534c18f882f74
20220412A06_1,232,235,3.mat,21,14,0.489566,4,4,1,28147a1972f3450a9f40369cfef00b8f83990437864c9148462e9c3032b56b64
20220412A06_1,233,236,4.mat,1,13,0.45459700000000003,4,5,1,9e15293752d03bcb4b8eee8b7adf5b24919d9fbffeb25363a5797580bc028606
20220412A06_1,234,237,4.mat,2,17,0.594473,5,10,1,642455491720e783ebfce4f63d9e69f3258920a0488d879420251a8abc102c19
20220412A06_1,235,238,4.mat,3,64,2.238016,11,10,1,9e99f6dafb2a20fdcf0639bb2f8cd767585b8186c93261a7e96f2f3c08700eeb
20220412A06_1,236,239,4.mat,4,21,0.734349,5,10,1,9f1dca776ec3a75f85bf09a4c1782e104b1dadab196ec82e4853a1a7c01bcdb6
20220412A06_1,237,240,4.mat,5,42,1.468698,8,11,1,0904d92c043449451bae0ad302c920c758d04f209b97032ffa3f265b9649004c
20220412A06_1,238,241,4.mat,6,23,0.804287,6,4,1,d4c4041c2d771ffbcbb072e434d141067f66b19510af6ff2d7707aae34707177
20220412A06_1,239,242,4.mat,7,18,0.6294420000000001,5,5,1,a9ad3820d234f72950b1a9cd0694db2d57a9d73094fa300ff8a45a4b50cc03f5
20220412A06_1,240,243,4.mat,8,10,0.34969,6,4,1,57d0c07987575ab80fc40837cd9267fedbd357d6a5554f7b7a6c6e22cff9e437
20220412A06_1,241,244,4.mat,9,19,0.664411,6,6,1,a2ccf090ddf6e3538b681ee71145140a8f0670d64191ac6429e5bbfba3fe314f
20220412A06_1,242,245,4.mat,10,10,0.34969,4,7,1,7efab1e68db548ae03ece7252186c796a5c5526ddc7a7a4da34c84929d805dcc
20220412A06_1,243,246,4.mat,11,40,1.39876,6,9,1,40c09600429862d1f33a21bc8cc398185b5546cfda37a297324159681de25bbd
20220412A06_1,244,247,4.mat,12,70,2.44783,11,11,1,e55910bfbae3c08e7a9dc693b1236153a8cb0b68663352092f51b0e5a27b3d41
20220412A06_1,245,248,4.mat,13,24,0.839256,6,7,1,f6288aa88da8e851c5f6a40839fc42fc62bf17676dd87886a1cc1273dfb6998d
20220412A06_1,246,249,4.mat,14,32,1.119008,10,13,1,b085762d7955aff011f70cc0d4b6281228acbfc675db17407f57e21eb38e1796
20220412A06_1,247,250,4.mat,15,62,2.168078,7,13,1,1efe9b215de7da5cc2a78f791a748a9b90221fb668809da4e939bf9c22b088dc
20220412A06_1,248,251,4.mat,16,21,0.734349,5,6,1,8e8065492cee1ef5dd5886f3d701a1673e1de5671603c345abdb5c897f32095f
20220412A06_1,249,252,4.mat,17,51,1.783419,9,8,1,f0f38a8b0a8524316f4bbfff06e44ad7d6b057e696df159b808b04de69ebff1c
20220412A06_1,250,253,4.mat,18,30,1.04907,12,9,1,cc724e74309bde5f534f99aa848f000c9eec7f79b66bbaba676426a80e2f21f4
20220412A06_1,251,254,5.mat,1,16,0.559504,12,2,1,907307c86310d0697001ff09e6bda285583826d8d77785a06425eb0eb6383b09
20220412A06_1,252,255,5.mat,2,61,2.133109,17,9,1,121363f153462c0cbbc5729e9d624e9954bc64fc205a1ec7e6a74a9141686722
20220412A06_1,253,256,5.mat,3,18,0.6294420000000001,10,3,1,fc51139febd9fadd7232c1ebd9c5ce63cd47979651308991db681360f73e9c6e
20220412A06_1,254,257,5.mat,4,28,0.979132,18,2,1,97cdd180914c3b730c1ad49fc4b9691d46e46b26a76bcca0b80b5488d3a2d133
20220412A06_1,255,258,5.mat,5,23,0.804287,5,5,1,9fd1200c31d37a82d5f9ad73cc755cb8373f1d45e32a3ed2ce93a8be61695d3a
20220412A06_1,256,259,5.mat,6,16,0.559504,5,9,1,4d2e0f7814e8035c7e608fdef5b5df1c2b44286cacf95e808953be6d58046bd7
20220412A06_1,257,260,5.mat,7,6,0.209814,6,2,1,39b198c1e4e186b215bad0c411dd608ee0f8fe907e2a81de173aec1f6a871550
20220412A06_1,258,261,5.mat,8,29,1.014101,7,5,1,b587644d9173dcd41ea2528d2be99a8cc845191e6845943988c1859529ab9a9f
20220412A06_1,259,262,5.mat,9,25,0.874225,14,3,1,7763f916d45bdf2315aa9b4ac352f1c18403a3a75d6ef9b080e57a64a4c1b93f
20220412A06_1,260,263,5.mat,10,131,4.580939,17,11,1,f227605d8d44242d7a5994f2a00b0b8f7dc029fef4f27d162fb1ba1b460d64e0
20220412A06_1,261,264,5.mat,11,14,0.489566,11,4,1,919dcc5bb50583f171af53f5cf7d8f067fa7bdd0c9ba98678f82974e103a2d48
20220412A06_1,262,265,5.mat,12,24,0.839256,16,5,1,e80795de3cea7652f8011c18ff54b1e445f2f1628c90abbbaa6d7d15ef9961b3
20220412A06_1,263,266,5.mat,13,15,0.524535,5,4,1,35dfb02da062ded72750071358f84a8d4bc9508911e15a3a731e8326e4935876
20220412A06_1,264,268,5.mat,15,38,1.328822,14,7,1,b3b0d88040a9aed51eb39bf400eb0580562e0bacf7d8c926fc51625252142a99
20220412A06_1,265,269,5.mat,16,22,0.769318,8,7,1,1d9fcf34b189f6b492ad16aae47ef182d3150ea307dc1a77a9a82b8d0fa1b75f
20220412A06_1,266,270,5.mat,17,15,0.524535,4,5,1,641aa3bfa990cca2b0e6cf15b0364e780b665b25128b5c4dc7d5f948a16c7e1a
20220412A06_1,267,271,5.mat,18,15,0.524535,4,4,1,903b01a5cd1fc8b431e57ebbe14b92c5ef87e882ffe23e7e2edba77a1a2a5056
20220412A06_1,268,272,5.mat,19,16,0.559504,4,4,1,5c335aa886fccc2b70ce9321dc32a0f4ee2d15920633a76b16c5145bae662b79
20220412A06_1,269,274,5.mat,21,96,3.357024,21,8,1,a14cb1124a9842832e22c30706ea54f7c9a49855a10af2828db097277a2ff999
20220412A06_1,270,275,5.mat,22,32,1.119008,5,7,1,2a07e73c16fe34b41dacc3f48e53dd4f57ad5c739ffdcc60c77cddb8b2cda97d
20220412A06_1,271,276,5.mat,23,16,0.559504,7,6,1,8ea0d28255cb9c756a6478c5d141097c285dfa3c62dcfe8a6155247b50b7ce9d
20220412A06_1,272,277,5.mat,24,40,1.39876,6,16,1,b15561787d4473829abcf4f06153c215e638f01fd7f0285823f9eff3101a9285
20220412A06_1,273,278,5.mat,25,35,1.223915,13,10,1,80c6edb670f625406f57ca1ae80bbb0135f03bbe5c0cc3949b91e66a8b2f3063
20220412A06_1,274,279,5.mat,26,42,1.468698,9,7,1,2a10d70f4a3bd2b4d02d9ccf28ca5fe6d721d4d6e2fbe3464b30cf722e31e548
20220412A06_1,275,280,5.mat,27,21,0.734349,6,5,1,dd518159e19a342df56e0a7c1426575c44ed38338923a414082111295b1299db
20220412A06_1,276,281,5.mat,28,14,0.489566,4,9,1,4ba4d125edbe5ac669e2fa9f24071a65811f258521025b3f39de4d6e3297b22e
20220412A06_1,277,282,5.mat,29,33,1.153977,8,6,1,2365b6c519bce504875d0fbb49e5f94e9bf3b16da00cb7dfdbfd9b594f9743fb
20220412A06_1,278,283,5.mat,30,11,0.384659,7,4,1,21c79862e0de00cdb7cb5efad529eb62a4d69098d52b607cbcb600b4e6d8a3a3
20220412A06_1,279,284,5.mat,31,12,0.419628,4,4,1,8a4a512c24b31408156c44caa7a86937cc933c84985e821333c3764b99f435ea
20220412A06_1,280,285,5.mat,32,42,1.468698,11,17,1,2b3a0f44f14d2578dc225d05e5e94d747a2be028ccba9248486e201e13efa8f9
20220412A06_1,281,286,5.mat,33,12,0.419628,3,4,1,d457b1926995935f50fc340fab8204e6ca3b498dcf68d40f2cc4de93010cc581
20220412A06_1,282,287,5.mat,34,23,0.804287,5,6,1,c12f0d806aaa54dd32cbc33fde7b012aea58e0fff6064bf595829bb07a0a77ab
20220412A06_1,283,288,5.mat,35,48,1.678512,8,10,1,16e2f037e3e0f019197c5389f9887ccf6a7da48f54931d715fc6108e8c481659
20220412A06_1,284,289,5.mat,36,13,0.45459700000000003,7,4,1,edd70e51631cbb06646f7e56191c62660163ce619d301571d66074a47472d3ff
20220412A06_1,285,290,5.mat,37,66,2.307954,12,9,1,8af6d38f242e6dfc4c7a2d67588c4395f6bb58afc4c9f48ada1ae0822093426e
20220412A06_1,286,291,5.mat,38,63,2.203047,10,9,1,9e90345e109d61b58ebd8f0c53d0166da3d79677adb30e9e6e55dc34b8dc6e09
20220412A06_1,287,292,5.mat,39,47,1.643543,6,11,1,7668f3fc1590cc17a02314c679845842aedbaee1674f9d27c473939474e55b65
20220412A06_1,288,293,5.mat,40,10,0.34969,4,5,1,be27e7aba951ce0325d9763b47ae76295a2de227351f2e1bd43cdb7f57b323a6
20220412A06_1,289,294,5.mat,41,31,1.084039,7,9,1,7a59268d03a2077a2ed0027a00d3681ce0c25de513284d4d46bf2284f7d5b6b7
20220412A06_1,290,295,5.mat,42,8,0.279752,6,6,1,db2b6676e444000c918213acf5b0ceedbe72da6c5dd5d123731e978d6603760f
20220412A06_1,291,296,5.mat,43,37,1.293853,10,10,1,6691e60ff4cf69c4af31db783e31fa096a55f0d275cc2946308554c2e7338bff
20220412A06_1,292,297,5.mat,44,52,1.8183880000000001,9,11,1,6cc2810ce0dcbadc11587bd45c378bdd4f64cb4a7955e09837b804cef21304f6
20220412A06_1,293,298,5.mat,45,9,0.31472100000000003,2,8,1,2946e652a041aeb2e934a46289248f824b24ab73e889dda4c319d62e6aea107a
20220412A06_1,294,299,5.mat,46,27,0.944163,6,6,1,469e74aa4167b73f25dde3bd013c511417987569de049ad0b8dbf652c4b7d799
20220412A06_1,295,300,5.mat,47,12,0.419628,3,4,1,77266127711ed913b252449406b8e748ab5c8f0fc39409c24b140a162c69706d
20220412A06_1,296,301,5.mat,48,7,0.244783,5,5,1,1dc972fd350c58fc3c1b518ca62e87756f5030a574de92c6f64cb3544740352c
20220412A06_1,297,302,5.mat,49,7,0.244783,5,4,1,54287e6ae07bef35bd70e1d5e2429eab166840a238d64e2fead8634f84b50eaf
20220412A06_1,298,303,5.mat,50,21,0.734349,4,6,1,11e36c5cef104c4536c3c2855721e4bce8165ffc3d962d9ca0ca10184367e7d6
20220412A06_1,299,304,5.mat,51,12,0.419628,4,3,1,c359afd7ad5c0cd71c69b3fc018c51d3eac0683e8ddb636be93e2ffe21f13620
20220412A06_1,300,305,5.mat,52,12,0.419628,4,3,1,318edbd61fb2f5ff3248a6b5ed38ab6ea0517cb6674f505940f26153e8e45c65
20220412A06_1,301,306,5.mat,53,67,2.342923,11,9,1,8331660af3475604288cbfeac84880f62aa577c2879060684a2a8a356fae809f
20220412A06_1,302,307,5.mat,54,13,0.45459700000000003,5,8,1,00306c866758bac85466a90d0283c41b7f134447e5e5db735893a737bb8214a9
20220412A06_1,303,308,5.mat,55,70,2.44783,10,15,1,23bd7c1d4897b7742df1f9358d910d36e87c228f756d2cea28b553cd54f4622a
20220412A06_1,304,309,5.mat,56,21,0.734349,6,5,1,6a765ef03d94453c1873849742ad90e3fcc4e9d413e0cac6e7bb56b161399d3a
20220412A06_1,305,310,5.mat,57,51,1.783419,7,12,1,422bc4b4af4993c8076fc59b748a319b5a913961dd0ee0769ef443e3dc05c5e9
20220412A06_1,306,311,5.mat,58,11,0.384659,3,7,1,807bc2d464b6b8cf675b4f095276f69b17547a5099e564fa69babc9250985bcb
20220412A06_1,307,312,5.mat,59,20,0.69938,4,6,1,3328e3053d6b5ba2c23f9ed8f693990a8ece4d843d0f18abd1fe9ffe8b89483e
20220412A06_1,308,313,5.mat,60,34,1.188946,9,9,1,d185525087de36fd9efbf48506ab0601f3b413a5629d1abc9f38c1f77c5acfa6
20220412A06_1,309,314,5.mat,61,19,0.664411,4,9,1,30dda44cac8ac541bfc379684896a0b7edb5fb764ac4786f842933153b27f3fb
20220412A06_1,310,315,5.mat,62,11,0.384659,9,4,1,6306c55298e27b48264e7fe2ef85d7ccc3d89b21ab22b8e38a132ad647a53fc9
20220412A06_1,311,316,5.mat,63,97,3.391993,14,10,1,e97351774252807eb03efb60c50422eb030a0945dc1b0b6aaf1009e35ba62574
20220412A06_1,312,317,5.mat,64,12,0.419628,3,4,1,389ad082a6b0394f93cd37b5dfdee10b3bdaf23819a01121838b083963cf91d4
20220412A06_1,313,318,5.mat,65,25,0.874225,7,4,1,ca31da5c537cf121c8d259045929ee5cbb099fde34de3fe6ad348d34586b2f96
20220412A06_1,314,319,5.mat,66,18,0.6294420000000001,4,7,1,03814f7ac761a6d9eed7e51b821da485360cfa6187aaf5f003b8ea5d57ed41d2
20220412A06_1,315,320,5.mat,67,9,0.31472100000000003,5,5,1,6af77ef990d5c79e0b7dc7643d0f6027164514909a277a16cc1213e587bceaa5
20220412A06_1,316,321,5.mat,68,18,0.6294420000000001,10,8,1,3e8cc442cc36ef8336b71eb64ef24d0d425b2d16c562d363ed7ccfa8114808b5
20220412A06_1,317,322,5.mat,69,15,0.524535,4,4,1,3b7d8dee9e8537bf19131f61532d6924f645022ebc465d2fb01120fe7a6110ee
20220412A06_1,318,323,5.mat,70,34,1.188946,6,10,1,76f1477d0070236a927d7c7ae991de00bde763e1c9c99ff62f5217eef7888186
20220412A06_1,319,324,5.mat,71,36,1.2588840000000001,9,9,1,f0569635931cf556139eab584c277978e69422d387fdf4ab2ba6a777aa332070
20220412A06_1,320,325,5.mat,72,32,1.119008,8,10,1,d2e999588d325df4462025cc5a419a0612aeeacd6248ce25f63c3b096d855e29
20220412A06_1,321,326,5.mat,73,60,2.09814,12,14,1,69fb54da15dbad3dc1047c729bb746996d9ffc7428b2795286853bc82d58b7cc
20220412A06_1,322,327,5.mat,74,15,0.524535,3,5,1,ab3b8ee78f6ded22bc12944b4935a406841cc9248309d2945508e8b64ae8e913
20220412A06_1,323,328,5.mat,75,16,0.559504,5,4,1,550f5f7f3086e6d17559e4ebd37d3677b68cff6be772bab3e9ac7e0e60ae16ef
20220412A06_1,324,329,5.mat,76,12,0.419628,4,3,1,31eeda0d35db997cbd37a70b0af2986c6afe4b5c8145d640ffdae37b482dd9cc
20220412A06_1,325,330,5.mat,77,31,1.084039,7,6,1,e070c257ccdb09fa7b122516ac1cf623019e9642ff50ae3873237f86d025ba79
20220412A06_1,326,331,5.mat,78,29,1.014101,12,6,1,35b854df9762d5ea8750658c4140e1a28fa514e1e7802b7a33e888c5088b8319
20220412A06_1,327,332,5.mat,79,79,2.762551,15,12,1,55854f84fd07ddc7c7b3b9dbd69689eaa422e9ba061f7df17a76d09484abf119
20220412A06_1,328,333,5.mat,80,23,0.804287,6,7,1,d13b58f742e98209ae016e1bde6a020ec6126f63b92dcc5d0fc541a3173ae695
20220412A06_1,329,334,5.mat,81,17,0.594473,7,4,1,719d1fcda491f17ca19f90eafdbaa0957450184c3f16ccb1029264a0e3ed08cd
20220412A06_1,330,335,5.mat,82,24,0.839256,4,8,1,8dbae28f9434b93002232875f73ace96f79828fe9cf82d864c8591aa3993ac9d
20220412A06_1,331,336,5.mat,83,30,1.04907,6,6,1,2351d5b5aca4858a32dab9c749fa976d060297aae1aca2a17f92668bdeb980d0
