output_frame_zero_based,source_start_zero_based,source_stop_exclusive,correlation,mean_abs_difference,fitted_gain,fitted_offset,affine_rmse,excluded_from_kernel_discovery
1,7,15,0.9993501346445398,1.56781005859375,1.0022190625828673,1.5143736392665474,0.3850883102104867,True
2,15,23,0.9994346756800672,1.571685791015625,1.0021015447553494,1.5205543374601695,0.367862220637655,True
3,23,31,0.9993501393144004,1.56689453125,1.0025156517500173,1.5055527954500691,0.3920575058451737,True
4,31,39,0.9951506101826043,1.575897216796875,1.004914006253082,1.4563269137035675,1.068964058529249,True
5,39,47,0.9989246695348893,1.5582275390625,1.0060170979592566,1.412244604210858,0.49776933696170245,False
6,47,55,0.9992067852442612,1.563323974609375,1.007034095734328,1.3908381499584759,0.43956146799985707,True
7,55,63,0.9990317020684085,1.57275390625,1.0034377440032811,1.4890705221349192,0.48502515061210555,True
8,63,71,0.9978449873820827,1.574066162109375,1.005530975059115,1.4383444264950955,0.7409781967033043,True
9,71,79,0.9993715820308112,1.55804443359375,1.0010821690723057,1.531494765474064,0.3929287578629939,True
10,79,87,0.9973792478886669,1.56640625,1.0036958537646021,1.4757829411992236,0.8072712704932485,True
11,87,95,0.9993068940359083,1.5638427734375,1.0048888015168072,1.442976823730387,0.4193413212354098,True
12,95,103,0.9991462440830493,1.571319580078125,1.0036055452983494,1.4832417465053038,0.4463535464731975,True
13,103,111,0.9958710597596625,1.586578369140625,1.0088339711762975,1.3698152866667532,1.0136818558227156,True
14,111,119,0.9983361893567423,1.57916259765625,1.0108661909650274,1.312360601807652,0.6404429919849667,True
15,119,127,0.999418523811015,1.5693359375,1.00385197073263,1.4753651553985723,0.38289019690837883,True
16,127,135,0.9994382114797273,1.552703857421875,1.0023297833294618,1.4959005290031755,0.37965709207412895,True
17,135,143,0.9992162601710894,1.568634033203125,1.0052141611389915,1.441556836403588,0.4319609221433751,True
18,143,151,0.9993923373052648,1.562957763671875,1.003281622358252,1.4820988411353975,0.38047449171802283,True
19,151,159,0.9994813539070985,1.554443359375,1.000530433351347,1.5414034531541774,0.3465157636793816,True
20,159,167,0.9993908082715005,1.568206787109375,1.0022932831792644,1.5113928099036784,0.3891136543681039,True
21,167,175,0.999439253121134,1.5599365234375,1.0017963673143084,1.5153170135805316,0.36699595720455963,True
22,175,183,0.9986019552278463,1.574615478515625,1.0073337560081606,1.3936253720108716,0.586355946807835,True
23,183,191,0.9994584344031365,1.5750732421875,1.000716039572034,1.5576116487519687,0.35400110737872953,True
24,191,199,0.9993381343397273,1.570648193359375,1.0033710439876447,1.4879731543854111,0.4123678170178614,True
25,199,207,0.9968964338173212,1.581787109375,1.0042318714005711,1.4781434542433114,0.8537020713121528,True
26,207,215,0.999250757273223,1.56964111328125,1.0058225719724576,1.4252911528631884,0.4353959862805584,True
27,215,223,0.99897363175248,1.56695556640625,1.0047086245114327,1.4518014752433714,0.4917285647595893,True
28,223,231,0.9993079533570933,1.57183837890625,1.0026175678433964,1.5074422797726343,0.40150498051779004,True
29,231,239,0.999041658524967,1.571685791015625,1.004614601807352,1.4557058615842495,0.48989804262676184,True
30,239,247,0.9975172112629197,1.57757568359375,1.0048086413079633,1.4597953756392557,0.7624400437981785,True
31,247,255,0.9992715073111031,1.562408447265625,1.0018516556459713,1.5162669719619548,0.4210836934050896,True
32,255,263,0.9993880911687739,1.561187744140625,1.0021902367996753,1.5068021885929532,0.38537363286662296,True
33,263,271,0.9994278214323035,1.559051513671875,1.002077076858504,1.5073334535450178,0.3801564517189673,True
34,271,279,0.9992769894329308,1.574859619140625,1.0051092280811005,1.4475949657805358,0.42259904302797846,True
35,279,287,0.9953363722260801,1.584442138671875,1.0101507868388548,1.3309249363062345,1.0552151089469286,True
36,287,295,0.9990510892507107,1.56475830078125,1.0051211985520307,1.4370049642215308,0.49494472368183673,True
37,295,303,0.9992341782766658,1.568328857421875,1.0037726568094398,1.4732275799633,0.4398044424745292,True
38,303,311,0.9992958826791046,1.5631103515625,1.0039726119168928,1.463601563386919,0.42892447507106746,True
39,311,319,0.9990680615320633,1.578857421875,1.0073209714831066,1.394926950094734,0.49865241389091874,True
40,319,327,0.9993679729189382,1.567413330078125,1.002148592270389,1.5128834247309875,0.41000543095165587,True
41,327,335,0.9972732894560875,1.57550048828125,1.0071430971855735,1.3969862757495555,0.8437260373977502,True
42,335,343,0.9988175797154253,1.5780029296875,1.007571217287235,1.3870084201828499,0.5492538712871919,True
43,343,351,0.999450714144586,1.5592041015625,1.0023729867117155,1.4998687159340958,0.375613046024612,True
44,351,359,0.9993366313263976,1.571197509765625,1.0046240575386947,1.4546846092730392,0.4119588281853654,True
45,359,367,0.998839788368239,1.577484130859375,1.0069084592692195,1.4025755954775947,0.5558111505972362,True
46,367,375,0.9986762503369049,1.576263427734375,1.0108348385473358,1.3021345397282205,0.5794696501234365,True
47,375,383,0.9993315574902332,1.56378173828125,1.0040563760190542,1.460280026175426,0.41071503489984057,True
48,383,391,0.9952897921879018,1.582305908203125,1.0083680605124865,1.3733273359680194,1.0588741866876277,True
49,391,399,0.9993123946288797,1.56964111328125,1.0035552300968036,1.4793023780108157,0.41411222110471574,True
50,399,407,0.9994828854995715,1.57659912109375,1.000855182691697,1.5551111422747823,0.36240656091063855,False
51,407,415,0.9991562411710423,1.5670166015625,1.0013916998155825,1.5316894773497431,0.4718320753375661,True
52,415,423,0.9982586576825367,1.573760986328125,1.004270793239683,1.465736948690979,0.6603317370765246,True
53,423,431,0.9994252763360544,1.5640869140625,1.0010695818840458,1.5376073202732485,0.360812954633453,True
54,431,439,0.9993827646005755,1.564453125,1.003070315274616,1.487461371463285,0.3894976057371905,True
55,439,447,0.9928634486305062,1.590484619140625,1.0060983589085768,1.4366970275221054,1.358239634056759,True
56,447,455,0.9989876753572533,1.56890869140625,1.005081173047559,1.4423138576147032,0.49919015828270924,True
57,455,463,0.9985324721783753,1.572296142578125,1.0061640443580402,1.4195120036756768,0.5936348377952805,True
58,463,471,0.9973241959665509,1.5789794921875,1.0038129241641154,1.4846826939662712,0.7961055333308849,True
59,471,479,0.9968266461505599,1.58990478515625,1.0101527004368838,1.3387599180930196,0.8660747273579289,True
60,479,487,0.9959286648348257,1.59234619140625,1.0073644485288786,1.4132427492450716,0.9884849168763582,True
61,487,495,0.9990646648074859,1.585052490234375,1.0049017158305245,1.4634530491143216,0.47161444314532036,True
62,495,503,0.9993170447367287,1.56866455078125,1.0030160446731793,1.4937481291192864,0.39427280372489254,True
63,503,511,0.999088574776406,1.565948486328125,1.0067202100137065,1.4007161839712166,0.4789766921755189,True
64,511,519,0.9994780528678942,1.561065673828125,1.001781440851232,1.5171277247764825,0.36327466256194374,True
65,519,527,0.9986562022642245,1.570892333984375,1.0047880156222175,1.452256125489992,0.5576239905856905,True
66,527,535,0.9990681096831501,1.574462890625,1.0028277571188313,1.5051911256583603,0.48107977835968485,True
67,535,543,0.9942861021154725,1.5880126953125,1.0046051957630784,1.4736535194228833,1.1614914943082206,True
68,543,551,0.9993456093288883,1.573455810546875,1.003586308078017,1.4842060117400049,0.3978913766741939,True
69,551,559,0.999111310795602,1.56964111328125,1.0061891874436686,1.4152699195530938,0.48426355581579256,True
70,559,567,0.9994401641997158,1.5693359375,1.0033398788921606,1.4873384860169505,0.36970064955556153,True
71,567,575,0.9946478061222356,1.575592041015625,1.0093524206208209,1.3443219886281936,1.1416225750816786,True
72,575,583,0.9992406692141961,1.5604248046875,1.0067462085787076,1.3923419309134881,0.43789350616204287,True
73,583,591,0.999034644906865,1.574127197265625,1.004201181192371,1.4700583440516442,0.48227019023630835,True
74,591,599,0.9994623936957553,1.5728759765625,1.0002215732970041,1.5673815700708174,0.3609543030016573,True
75,599,607,0.9994191898052542,1.5670166015625,1.002231637956602,1.5113370710952174,0.3714554338743756,True
76,607,615,0.9988061313291878,1.581695556640625,1.0035384486825298,1.4934776295212824,0.5411966062433712,True
77,615,623,0.999424033149048,1.559356689453125,1.00118299793637,1.5299490026845095,0.36817508876945415,True
78,623,631,0.9987895365367001,1.5699462890625,1.0070401245231626,1.395710941626047,0.545703230703194,True
79,631,639,0.9992389134356522,1.568939208984375,1.0030877213044656,1.4919085342770144,0.42479013501281887,True
80,639,647,0.9990927207227729,1.5672607421875,1.00636609452335,1.4086375917954586,0.4714794069947531,True
81,647,655,0.9993721378867358,1.561309814453125,1.0013085825876806,1.5292626795947586,0.37821434588412284,True
82,655,663,0.999060218939783,1.567779541015625,1.0056944959930203,1.427966352668414,0.4628700702743337,True
83,663,671,0.9989922812334292,1.588134765625,1.0069485367992574,1.4157479461750084,0.5062726101044797,True
84,671,679,0.9991610293302005,1.565338134765625,1.006141342582309,1.4149886299348196,0.44732382747247457,True
85,679,687,0.9994244748764299,1.56292724609375,1.000678731492842,1.546193059826546,0.35232641291753974,True
86,687,695,0.9995130829845008,1.561004638671875,0.999892322383139,1.5637041797503857,0.3499476355290499,True
87,695,703,0.9993335560111041,1.56982421875,1.0015929790681357,1.530589719889974,0.39319032252513564,True
88,703,711,0.9993174277871967,1.577972412109375,1.0023310268020194,1.5204339378214848,0.4101224675115868,True
89,711,719,0.9991704241006352,1.577545166015625,1.0046598973358027,1.4627026162049996,0.44924213239722405,True
90,719,727,0.9980402318496054,1.57598876953125,1.004213654219847,1.471325600447283,0.6821969597286298,True
91,727,735,0.9992539726494604,1.576019287109375,1.0044534221509347,1.4638969639014296,0.4380666407795632,True
92,735,743,0.9989523221408336,1.571929931640625,1.0066106597886908,1.406109253499285,0.5009555390622487,True
93,743,751,0.9992141061569054,1.5703125,1.0050695195278383,1.445646380868886,0.43220285818016835,True
94,751,759,0.9994064934289175,1.571990966796875,1.0013949117330578,1.5372162106323868,0.3810157575986134,True
95,759,767,0.9945311829036483,1.592559814453125,1.0100962864316139,1.3445429730402993,1.1526152662010638,True
96,767,775,0.9960667525728769,1.5833740234375,1.02200861093586,1.0375298450108215,0.9870317343883076,True
97,775,783,0.999204274775,1.573089599609375,1.003813166886976,1.4794616202670499,0.42442153557685525,True
98,783,791,0.9990848605006822,1.57135009765625,1.0022457667834421,1.5169348011439339,0.44790652026529215,True
99,791,799,0.9976855742621358,1.576904296875,1.0035176582337788,1.491825232361841,0.729284412439777,True
100,799,807,0.9994246595821076,1.566986083984375,1.0021667705104322,1.5143653929577006,0.3635023750394377,True
101,807,815,0.9987841137252568,1.569244384765625,1.0036682265050563,1.4789327780677808,0.5367222446615686,True
102,815,823,0.9983700898891192,1.5723876953125,1.0041696958639477,1.4705075495078348,0.6041175989814831,True
103,823,831,0.9993474970673983,1.560943603515625,1.0021934351066113,1.5077981194278638,0.38063441209291893,True
104,831,839,0.9990871136334043,1.57177734375,1.0081375283614522,1.3742038768335723,0.45469644655511754,True
105,839,847,0.9974539050506019,1.574188232421875,1.0017595286455532,1.5310518047017696,0.7578862709275777,True
106,847,855,0.9993189201554721,1.561370849609375,1.0025739938869662,1.497875256082693,0.4014394112955558,True
107,855,863,0.9994733829506987,1.561767578125,1.0005928196434428,1.547221063500117,0.3466088266336176,True
108,863,871,0.9992973129251155,1.567413330078125,1.0043744304618851,1.460045545592978,0.4147966638626634,True
109,871,879,0.999379697125605,1.564727783203125,1.0015588998866627,1.5266786468733853,0.3775134071222269,True
110,879,887,0.999107823648288,1.57037353515625,1.0040751989522327,1.4703234709385538,0.45125058762618026,True
111,887,895,0.9937364161141052,1.591552734375,1.0113111871312555,1.3175878288775231,1.2342518257501944,True
112,895,903,0.9991800847625553,1.562530517578125,1.003053310003145,1.487843785602673,0.43096938865167367,True
113,903,911,0.9994295897021257,1.570159912109375,1.0017326239254951,1.5274028377307223,0.3661083607126718,True
114,911,919,0.9961220828433287,1.5782470703125,1.0102478435012034,1.3253397499411543,1.0015373744649017,True
115,919,927,0.9979635485079053,1.58599853515625,1.0083235051339252,1.3788807292751761,0.7156069025759174,True
116,927,935,0.9992270184021316,1.570831298828125,1.004484393558033,1.4592449219549395,0.4317971022423082,True
117,935,943,0.9984787243209706,1.57440185546875,1.0032967547746194,1.4931643366453269,0.5936592507170434,True
118,943,951,0.999335983288932,1.55810546875,1.0027228605477143,1.4912418255686468,0.40008177011272583,True
119,951,959,0.9994385667949877,1.5614013671875,1.001985267963854,1.5115824143995553,0.3581490814235136,True
120,959,967,0.9994359041029719,1.567474365234375,1.0018959422851745,1.5206754067958346,0.36108584000518285,True
121,967,975,0.9948553496558272,1.595428466796875,1.0077704714732827,1.4030407655377721,1.1153183552948314,True
122,975,983,0.998956383730556,1.566070556640625,1.0036906542273851,1.4752923788827654,0.49341011190974016,True
123,983,991,0.9994560643119357,1.56744384765625,0.9994741741225044,1.5802325787255458,0.34819082679465796,True
124,991,999,0.9991308141955525,1.574951171875,1.004081461168575,1.4755243464693932,0.4520998803940922,True
125,999,1007,0.9994436214509567,1.55792236328125,1.0002458159796894,1.551981025259897,0.35124091726470574,True
126,1007,1015,0.999124514359418,1.571746826171875,1.004689584162089,1.4576956756580601,0.4435388736043725,True
127,1015,1023,0.9991138879296568,1.5645751953125,1.0041829441269368,1.4627144805846408,0.43683572816346544,True
128,1023,1031,0.9991856796872722,1.576141357421875,1.0058693883884233,1.4335362482146603,0.43112254797100263,True
129,1031,1039,0.999366102516522,1.568206787109375,1.001871870512575,1.5225175057899782,0.3835262796135886,True
130,1039,1047,0.9994231055549401,1.5709228515625,1.0003549444585198,1.5623074327299151,0.3651225614347048,True
131,1047,1055,0.9992268808222715,1.572784423828125,1.0043719159948978,1.466355727247613,0.41701977695383013,True
132,1055,1063,0.9991726349224171,1.565643310546875,1.0031261531067872,1.4901889000572863,0.42988026728207707,True
133,1063,1071,0.9991211142310783,1.571990966796875,1.0079189362932328,1.376772318829034,0.473343834056126,True
134,1071,1079,0.9994514408735142,1.571685791015625,1.0013215545126766,1.5397754199229616,0.35982074836664557,True
135,1079,1087,0.9989484771891399,1.58282470703125,1.0050615583866862,1.4581285327508955,0.49674256188330823,True
136,1087,1095,0.999248362865111,1.57659912109375,1.0048533248286102,1.4584898000678286,0.4176991720923621,True
137,1095,1103,0.9992808524190394,1.578338623046875,1.0021484854404052,1.5258386162584405,0.40490990976088964,True
138,1103,1111,0.9930466313924772,1.584197998046875,1.026838189212991,0.9361165010641641,1.3386740115666662,True
139,1111,1119,0.9993016894652401,1.57147216796875,1.0033293540375159,1.490150704167543,0.40561669766981123,True
140,1119,1127,0.9994330441430203,1.549835205078125,1.0000950164185214,1.5475154248027294,0.35527386545419937,True
141,1127,1135,0.9899795617482275,1.590972900390625,1.0068013392197572,1.4249023706328683,1.4790499059975095,True
142,1135,1143,0.9993538102430286,1.5699462890625,1.0011984380899424,1.5406236162800457,0.3875260932572806,True
143,1143,1151,0.9993881735071206,1.562469482421875,1.002137403230613,1.510356645946343,0.37821459124636414,True
144,1151,1159,0.9987365086121149,1.57373046875,1.009739675926304,1.3346970404072818,0.5549094077413964,True
145,1159,1167,0.999356821282536,1.5648193359375,1.0029398390370126,1.4925287945000985,0.3869684640098661,True
146,1167,1175,0.9991201168048256,1.578704833984375,1.0076849171021312,1.3896089213553162,0.45714376744884594,True
147,1175,1183,0.9962410105548102,1.5765380859375,1.0029302127665485,1.5044205849879153,0.9483626674000847,True
148,1183,1191,0.9991850901185939,1.5672607421875,1.0045031135598304,1.456601893601604,0.45153876632521667,True
149,1191,1199,0.9993329138678723,1.55462646484375,1.0025727828344586,1.4916609654166675,0.40009437270426584,True
150,1199,1207,0.9990740383994097,1.576019287109375,1.0051373606439757,1.4503475743909562,0.48067864406317456,True
151,1207,1215,0.997302920397946,1.59735107421875,1.0118710455249138,1.3038288951689514,0.8380408898455983,True
152,1215,1223,0.9984239870950252,1.57550048828125,1.0070305681383251,1.4014325638667322,0.6459626525827645,True
153,1223,1231,0.998734166368681,1.56915283203125,1.0073108948838556,1.388685194558629,0.5712477397977423,True
154,1231,1239,0.9994491138830696,1.567657470703125,1.0013266187781025,1.535269033544528,0.3688989404643697,True
155,1239,1247,0.9989168861126245,1.570587158203125,1.0054361239258127,1.4360989984416603,0.5221025369507455,True
156,1247,1255,0.9990062752403728,1.57373046875,1.0064721096859304,1.414710291337295,0.49725475569680794,True
157,1255,1263,0.999310232024866,1.567169189453125,1.0051708050122201,1.4404669508042198,0.4129629136883804,True
158,1263,1271,0.9848055969644883,1.59295654296875,1.013071549815805,1.272233654095198,1.8938514900173564,True
159,1271,1279,0.9982747943349104,1.576904296875,1.0061357930746726,1.4257474765642684,0.6461479179048576,True
160,1279,1287,0.9990319444403211,1.5714111328125,1.0039064357931573,1.4746014327944728,0.5037536045510265,True
161,1287,1295,0.9969959548560814,1.590606689453125,1.0207815154561657,1.072444386149065,0.9337619912903058,True
162,1295,1303,0.9992949988562836,1.56903076171875,1.0064890991463462,1.4073906447565605,0.46020786557913185,True
163,1303,1311,0.9976042615983403,1.584442138671875,1.017704938806937,1.141364266229886,0.8764955350767553,True
164,1311,1319,0.9966642234249411,1.594757080078125,1.0251573954431104,0.9616341571307765,1.0542947330161996,True
165,1319,1327,0.9974280489997932,1.598480224609375,1.0219365686531854,1.054738106443535,0.8784343913802999,True
166,1327,1335,0.998789239521525,1.580718994140625,1.0141513280210097,1.2231893711733173,0.5983753282875168,True
167,1335,1343,0.9994850999070064,1.565338134765625,1.0016676305514818,1.5230532063457392,0.39337310355938415,True
168,1343,1351,0.9994286016079733,1.569671630859375,1.002357974292273,1.510905554818437,0.38684064220757625,True
169,1351,1359,0.99943281163714,1.570831298828125,1.0031647359074574,1.4911961011587584,0.39334147731576136,True
170,1359,1367,0.9987854534649837,1.56884765625,1.0024788042331216,1.5072067666091717,0.5655528873305758,True
171,1367,1375,0.9994493993886018,1.56256103515625,1.0019820269099529,1.5127907958277864,0.3790987021644679,True
172,1375,1383,0.9879795206152122,1.59478759765625,1.0090338051039038,1.3683342982428226,1.8216642322244008,True
173,1383,1391,0.999391491276889,1.562164306640625,1.0014157509630224,1.5266577235512284,0.39776634945589256,True
174,1391,1399,0.993468926237811,1.596221923828125,1.0089318325979146,1.376356501740459,1.3174529197003941,True
175,1399,1407,0.9993102434969201,1.562286376953125,1.003962037062112,1.4637675831246457,0.4285541459179272,True
176,1407,1415,0.998386502086628,1.576171875,1.0112980400047247,1.2958806320410279,0.6625973348217044,True
177,1415,1423,0.9991805332568205,1.579345703125,1.0086753556956887,1.3625952451587904,0.4959586381127721,True
178,1423,1431,0.999179858531092,1.5638427734375,1.0073756790968014,1.379923480529891,0.46428948147672056,True
179,1431,1439,0.9992353086603533,1.5655517578125,1.0042230537893848,1.4592253467614922,0.45028602025579456,True
180,1439,1447,0.9983537783284632,1.58294677734375,1.0138224098955384,1.2389987507384184,0.6687175350487448,True
181,1447,1455,0.9987129490284986,1.578155517578125,1.0074649292503854,1.3918860776736726,0.5843540031858326,True
182,1455,1463,0.9992178347878213,1.580902099609375,1.0038922610263963,1.4838106888395728,0.44664379943654825,True
183,1463,1471,0.9905417010033527,1.608428955078125,1.0090299643450187,1.380762136434463,1.6206106220047536,True
184,1471,1479,0.9988552879944934,1.572998046875,1.0079862205863124,1.375662747670705,0.533321939297959,True
185,1479,1487,0.9982587563458715,1.57830810546875,1.012022861990363,1.2781027305224142,0.6616557939344287,True
186,1487,1495,0.999414559824122,1.566925048828125,1.0027738733149993,1.4971970284672396,0.3798908343947457,True
187,1495,1503,0.9991789133526229,1.57421875,1.0028545347066786,1.503141811474765,0.43860378262119476,True
188,1503,1511,0.9993336318870659,1.56939697265625,1.001772366332393,1.5254401457150981,0.40416502999655063,True
189,1511,1519,0.9986897371167437,1.558685302734375,1.0050278611968326,1.4349851565425507,0.5635456144814786,True
190,1519,1527,0.9992521785253407,1.572052001953125,1.0026259184032618,1.5068778900014124,0.4209845182831869,True
191,1527,1535,0.9994705205813358,1.568084716796875,1.0017386065003084,1.52513522557143,0.35872660409217183,True
192,1535,1543,0.9949040681815926,1.583099365234375,1.0085913506297386,1.371221420384144,1.1237716712740091,True
193,1543,1551,0.9995177682463854,1.56005859375,0.9997634272468834,1.5659487123865727,0.3441860465001095,True
194,1551,1559,0.9982280257177957,1.576812744140625,1.0095604168368137,1.3383499581813065,0.6588616549641271,True
195,1559,1567,0.9992206553994893,1.567596435546875,1.0028468488721423,1.4970242439853807,0.42902125481091963,True
196,1567,1575,0.9986859170589136,1.567657470703125,1.005739133407392,1.426421159650043,0.548593380631545,True
197,1575,1583,0.9992418840406082,1.57476806640625,1.0043432333033016,1.4678724104661094,0.4197067413636006,True
198,1583,1591,0.9992771745754738,1.57354736328125,1.0025234462476211,1.5110743564749964,0.42011465939240333,True
199,1591,1599,0.9994010629103364,1.5576171875,1.0003435702919419,1.549238803178481,0.381024631825994,True
200,1599,1607,0.999370325383262,1.56512451171875,1.0011063937534976,1.5381063951664562,0.3712026701721952,True
201,1607,1615,0.9989324390067528,1.573089599609375,1.0052420093318637,1.444892492424641,0.5058542753576025,True
202,1615,1623,0.9865364712999282,1.602447509765625,1.0085988293358394,1.3916116565529184,1.8156751712606953,True
203,1623,1631,0.9992944674991056,1.5670166015625,1.0025831452141927,1.5046802497255045,0.4005430644755053,True
204,1631,1639,0.9989827525113674,1.569580078125,1.0033197962038192,1.4885149666724387,0.4792498708209881,True
205,1639,1647,0.9993438560209277,1.576568603515625,1.002546626778014,1.5140784019002933,0.38292856579692985,True
206,1647,1655,0.9989165723141951,1.572967529296875,1.01155553436535,1.2909455583964144,0.5155507242783587,True
207,1655,1663,0.9992955831044553,1.564605712890625,1.0044673825966766,1.4545316579411516,0.41029525839700604,True
208,1663,1671,0.9993675596989142,1.566009521484375,1.002485753930327,1.5051306252154546,0.3787058301277512,True
209,1671,1679,0.9993963886852619,1.562530517578125,1.0012053546064539,1.532658889141317,0.3780851010159762,True
210,1679,1687,0.999291180202709,1.57354736328125,1.0020419264129603,1.5235771217527692,0.4085346789643314,True
211,1687,1695,0.9993108167764547,1.56793212890625,1.0022494633984234,1.5133124830596183,0.3827331324686125,True
212,1695,1703,0.9994177055612972,1.566650390625,1.001075111718466,1.540205162143845,0.3630884458240929,True
213,1703,1711,0.9993842265567058,1.565460205078125,1.0015808029352764,1.5269223926997637,0.36006970820949236,True
214,1711,1719,0.9954910109207662,1.571380615234375,1.0040236685137365,1.4738767683612732,1.001312163317584,True
215,1719,1727,0.9985990907739332,1.57672119140625,1.0049167194006898,1.4571393373446562,0.5675602310321654,True
216,1727,1735,0.9986600652311466,1.56878662109375,1.0027140380407094,1.502601960887253,0.5596839929707235,True
217,1735,1743,0.9985261502473217,1.577239990234375,1.007779578144673,1.3841624369845622,0.6136902989291494,True
218,1743,1751,0.9994643832926033,1.559112548828125,1.001415289445505,1.5244843015775507,0.35305733677985457,True
219,1751,1759,0.9985925886620383,1.58203125,1.0086226377903105,1.3702629709096246,0.5927081780984933,True
220,1759,1767,0.9990752585197882,1.56463623046875,1.0056617148429303,1.425919724489476,0.46369431074260836,True
221,1767,1775,0.9993152774161406,1.572723388671875,1.0024962583151493,1.5119379598669256,0.40493413701242315,True
222,1775,1783,0.9994889189733704,1.560089111328125,1.0007991182986549,1.540449281767338,0.34159821730580436,True
223,1783,1791,0.999488737070498,1.56414794921875,1.0004323841349425,1.5535091196328699,0.34611422689850685,True
224,1791,1799,0.9990251439896873,1.57086181640625,1.0044419932643305,1.4631773694653236,0.46253178066385453,True
225,1799,1807,0.999140509452284,1.57659912109375,1.0032471482075735,1.4976026881769642,0.4486948041803711,True
226,1807,1815,0.9994369194409902,1.567718505859375,1.000505649592794,1.5555209902228715,0.35390614473322807,True
227,1815,1823,0.9992949826931656,1.57403564453125,1.002140446806789,1.5221288949691154,0.3949995631060426,True
228,1823,1831,0.9987045776691463,1.569427490234375,1.0033783757743249,1.4838681206016286,0.5425842148286458,True
229,1831,1839,0.9994100432046318,1.57342529296875,1.001835402133481,1.528701144924053,0.37288383495942523,True
230,1839,1847,0.9990529573468336,1.57366943359375,1.0079120250072415,1.3807805031361569,0.47897190777159593,True
231,1847,1855,0.9992966095767514,1.5631103515625,1.0016633339940229,1.522746685220487,0.39400016365184526,True
232,1855,1863,0.998953356589448,1.572906494140625,1.0077486365712702,1.3845700272880772,0.48511455107090345,True
233,1863,1871,0.998947659246561,1.57171630859375,1.0060655736958228,1.4228443101542163,0.5076429579403432,True
234,1871,1879,0.9986225799267813,1.573516845703125,1.0075232892464618,1.3904197579561677,0.5555735227221965,True
235,1879,1887,0.9963009325558826,1.5736083984375,1.0056156546499986,1.4368851679336674,0.9355973937555088,True
236,1887,1895,0.9992508284814298,1.568878173828125,1.002273097627858,1.5129409510839384,0.4305597447993681,True
237,1895,1903,0.9993999953145851,1.56854248046875,1.0030734175376563,1.493828082804825,0.3654006715279663,True
238,1903,1911,0.9992088033985794,1.56488037109375,1.0021622529332301,1.512614531499917,0.4184778084282677,True
239,1911,1919,0.9989621563870322,1.573883056640625,1.0061406252550817,1.424489597313649,0.48229727386598026,True
240,1919,1927,0.9986503951345022,1.57940673828125,1.0101403996755325,1.3301159300226073,0.5706484514274223,True
241,1927,1935,0.9991349571717892,1.589263916015625,1.0027842796377888,1.520840124959794,0.46120258949987186,True
242,1935,1943,0.9994449126861052,1.561614990234375,1.0040369313706603,1.4617673421921862,0.37351028597263003,True
243,1943,1951,0.9994607743050086,1.564971923828125,1.0007740734386692,1.5461339556443172,0.3624471154653418,True
244,1951,1959,0.9988199411567932,1.58056640625,1.0035086789172398,1.493479899061959,0.5543774667857201,True
245,1959,1967,0.9991833248998204,1.576690673828125,1.0042783444826544,1.4716248583915583,0.43855242719884613,True
246,1967,1975,0.9981137534252058,1.565185546875,1.0108395098382625,1.2988421709785678,0.6803549671660978,True
247,1975,1983,0.9990691319018192,1.56695556640625,1.0035812392575363,1.4798702933451149,0.4702243039242545,True
248,1983,1991,0.9960970888457582,1.59136962890625,1.009039026055891,1.3674693217948801,1.0017170090775038,True
249,1991,1999,0.9993835026408517,1.56964111328125,1.0022794666758623,1.5139312204132724,0.38551021564655,True
250,1999,2007,0.9990855957381506,1.571441650390625,1.0017533080809993,1.529287186523638,0.45829378318979525,True
251,2007,2015,0.9993488720916406,1.564666748046875,1.0021379297629498,1.5120540894978598,0.3989021884980689,True
252,2015,2023,0.9994650955309179,1.5528564453125,1.0001135881674272,1.5500878862546412,0.351666816711217,True
253,2023,2031,0.9984785617600277,1.581085205078125,1.005064606454945,1.4559527332101914,0.6246696809525264,True
254,2031,2039,0.9993279848893751,1.55963134765625,1.003320423119313,1.4775613265397702,0.41137607078414257,True
255,2039,2047,0.9991864538117433,1.570648193359375,1.0044077196691532,1.4627530860027835,0.4549365554204789,True
256,2047,2055,0.9995191805376527,1.565399169921875,1.0008684626094124,1.5440215207148895,0.3478809806819618,True
257,2055,2063,0.9919159602713268,1.58587646484375,1.0078634220765843,1.3952667105533525,1.3878526722945752,True
258,2063,2071,0.998993300779552,1.58135986328125,1.0042923637633199,1.4761301448812099,0.5091892177969295,True
259,2071,2079,0.9995100693002281,1.5662841796875,0.9996913038892018,1.5739371828415487,0.3553132596969546,True
260,2079,2087,0.9990330883266358,1.572509765625,1.0052947678668327,1.4412987994250304,0.5037878718247406,True
261,2087,2095,0.999320556690621,1.570037841796875,1.001155478749637,1.541152248290048,0.4321448100798702,True
262,2095,2103,0.9993810446487672,1.565277099609375,1.0033845478973618,1.4806141337015883,0.4181380320391988,True
263,2103,2111,0.9985745794202417,1.576416015625,1.0064860488424179,1.4131088337112172,0.6405117174407795,True
264,2111,2119,0.9894904040435598,1.615570068359375,1.0144568737716757,1.2498541337226687,1.827980391651577,True
265,2119,2127,0.9993356528194607,1.5823974609375,1.0027157947681213,1.5139028758243323,0.4218520073778281,True
266,2127,2135,0.9993488720264462,1.56781005859375,1.0033966601840294,1.4826047632437171,0.43504493854695886,True
267,2135,2143,0.9994916224554584,1.574798583984375,1.0023234246237207,1.516790326065478,0.37233773228104566,True
268,2143,2151,0.9988941212490345,1.592987060546875,1.0069522728221298,1.4157629425151512,0.5695285533117833,True
269,2151,2159,0.9994677839091994,1.5684814453125,1.000824220443734,1.547758519026545,0.3744564914490332,True
270,2159,2167,0.9982557178400161,1.5848388671875,1.0055277698597875,1.4443348604108348,0.6988070405462385,True
271,2167,2175,0.9953550200834154,1.58221435546875,1.007369221378366,1.3935917038978527,1.1454518334743857,True
272,2175,2183,0.9994563023296406,1.572601318359375,1.0032877214610474,1.4888128820848694,0.3940840002203411,True
273,2183,2191,0.9993309274092951,1.572509765625,1.0052641235952362,1.4393091890183036,0.4201640884212091,True
274,2191,2199,0.9994099118752751,1.571563720703125,1.0034422504681895,1.4838250968997782,0.4100416663040102,True
275,2199,2207,0.99892916014018,1.574005126953125,1.0053953084955114,1.4374220559584028,0.5461063117869766,True
276,2207,2215,0.9984803041406545,1.589324951171875,1.0107101745767844,1.3154804169863838,0.6585667576095289,True
277,2215,2223,0.9995294646207502,1.56011962890625,1.0008114283584526,1.5395354288123364,0.35688894888881606,True
278,2223,2231,0.9958684569402441,1.579620361328125,1.005163397936299,1.4504258987127179,1.067691050698633,True
279,2231,2239,0.998476796623762,1.584564208984375,1.004757329922821,1.4667057446485225,0.6325121141975262,True
280,2239,2247,0.9992588749663056,1.56707763671875,1.0024301059842688,1.505735704209497,0.44789307198377026,True
281,2247,2255,0.9991198854699135,1.5601806640625,1.0037234479930417,1.4680066908138454,0.47238126070701203,True
282,2255,2263,0.999074977953157,1.575164794921875,1.006516643626138,1.411325738476562,0.49543977395203215,True
283,2263,2271,0.999005404173904,1.573028564453125,1.0052368436074404,1.4420488218744103,0.5055545793207809,True
284,2271,2279,0.999063953709045,1.56768798828125,1.00483513116198,1.4473553731427906,0.4843957339487218,True
285,2279,2287,0.9995271331584572,1.555694580078125,1.0008742368157426,1.5340269375534352,0.3495931783972706,True
286,2287,2295,0.9989824953195178,1.57598876953125,1.0076451950141623,1.3843535385741343,0.5186086983105083,True
287,2295,2303,0.9993119177315675,1.56732177734375,1.005575632662087,1.4275753372483624,0.42805070652258354,True
288,2303,2311,0.9993074852013251,1.566009521484375,1.0034836499309923,1.479408480418777,0.4372086941039409,True
289,2311,2319,0.9968734945374351,1.58868408203125,1.0156769456938555,1.1988970741901717,0.9321476166172413,True
290,2319,2327,0.9994147259841353,1.566864013671875,1.003226098344377,1.4866422856611083,0.3979992083524647,True
291,2327,2335,0.9985528252070416,1.57208251953125,1.0033794721185996,1.4881693440053128,0.630319796875293,True
292,2335,2343,0.9991834905169749,1.577545166015625,1.0054136006842591,1.4440629351546796,0.45594626542204764,True
293,2343,2351,0.9992815531594305,1.5718994140625,1.0035716377863337,1.4835070467329514,0.4343208193665554,True
294,2351,2359,0.9994804281808801,1.565521240234375,1.0007893371883811,1.5459703784737895,0.3633804758545326,True
295,2359,2367,0.999414276550641,1.57989501953125,1.00346601905005,1.4928732747599331,0.40722693531172044,True
296,2367,2375,0.9993623042546032,1.56317138671875,1.0042429892872853,1.4570570318949345,0.41535711152571697,True
297,2375,2383,0.9982121632419972,1.586578369140625,1.0141478350873765,1.2318760648447047,0.7236840635030252,True
298,2383,2391,0.9990485708986214,1.567169189453125,1.008492102987153,1.3540707392775968,0.5131328475823417,True
299,2391,2399,0.9990871221885109,1.575531005859375,1.0070271956375596,1.3998723457665738,0.49214254407002755,True
300,2399,2407,0.9956263185079686,1.601226806640625,1.02103174674006,1.072771436059919,1.1318425324986925,True
301,2407,2415,0.9993812996438207,1.559539794921875,1.0036341045333756,1.4680926248735502,0.4097735039948085,True
302,2415,2423,0.9989746127087532,1.57659912109375,1.0058741156791033,1.427700829339001,0.537546593364455,True
303,2423,2431,0.9985287934619057,1.580291748046875,1.0105901748129065,1.3149475623850868,0.634645950443958,True
304,2431,2439,0.9985262932910363,1.585968017578125,1.006648901606906,1.4214858225313294,0.620494734825641,True
305,2439,2447,0.9980318777498695,1.5814208984375,1.0066180353596519,1.4145522102401091,0.749526161974118,True
306,2447,2455,0.9989636989799087,1.57421875,1.010785793193069,1.3002760774038773,0.5475951224606842,True
307,2455,2463,0.999125162153238,1.571075439453125,1.0058126928347482,1.4263557431620786,0.48585757571476085,True
308,2463,2471,0.9984375911986074,1.5718994140625,1.0055469239365336,1.4320867315444843,0.6355854341766053,True
309,2471,2479,0.9992471520123009,1.57769775390625,1.0054195713415124,1.4405072462833954,0.4558915755133792,True
310,2479,2487,0.999384212302762,1.57489013671875,1.0028801135390852,1.5021368585017276,0.40497149835254764,True
311,2487,2495,0.9988136339399554,1.57159423828125,1.0044038769547134,1.4604492970643905,0.552287737391586,True
312,2495,2503,0.9989824858756545,1.578369140625,1.0085712172944263,1.3626364561153932,0.5253585025446096,True
313,2503,2511,0.9985678878713046,1.585296630859375,1.0043854886911554,1.4748246878429754,0.6102736102604882,True
314,2511,2519,0.9988321446436521,1.56866455078125,1.0068365644175072,1.3961301779147155,0.5481362009782464,True
315,2519,2527,0.9990369386911202,1.578216552734375,1.0051262779659842,1.4491251779777201,0.5073885784538732,True
316,2527,2535,0.9977350524010088,1.585205078125,1.0064252430666771,1.4244139978465729,0.7708096796232813,True
317,2535,2543,0.9990082610690937,1.569671630859375,1.0032162350649168,1.4894128836421154,0.507172190225916,True
318,2543,2551,0.9949211841044476,1.5887451171875,1.0080658004843113,1.3866855906749573,1.2084039428940205,True
319,2551,2559,0.9985232679881736,1.5870361328125,1.012154457552255,1.285600540941918,0.6327378794075391,True
320,2559,2567,0.9993977130718948,1.563201904296875,1.0032394798535245,1.481747393913728,0.3945839604528854,True
321,2567,2575,0.9978497467606625,1.5880126953125,1.0092775541393195,1.355209733698642,0.7988613131937764,True
322,2575,2583,0.9985557957610914,1.589874267578125,1.0106122964122757,1.3194087138094297,0.6526985907535269,True
323,2583,2591,0.9986730774792074,1.580718994140625,1.0128894584531394,1.2586638694926264,0.585459090853955,True
324,2591,2599,0.9989086873202945,1.576690673828125,1.0089387534649013,1.3489796937994907,0.582135188395504,True
325,2599,2607,0.9989698491289725,1.580169677734375,1.0049098676549066,1.454684410582634,0.546057842395237,True
326,2607,2615,0.9993216222875267,1.5667724609375,1.0034814501435008,1.478564532783878,0.45111027634158846,True
327,2615,2623,0.9983866305954697,1.571319580078125,1.0116966900272157,1.2713895048431785,0.7090083947632013,True
328,2623,2631,0.999479745259612,1.567962646484375,1.0033472372129741,1.48198324861455,0.389931924451818,True
329,2631,2639,0.9994105599767699,1.572662353515625,1.0027626925927857,1.5031374845974201,0.39943136604550755,True
330,2639,2647,0.9989981380954416,1.593780517578125,1.011020905013404,1.3139262810471626,0.5693982898003632,True
331,2647,2655,0.998258862532046,1.581451416015625,1.0103007170357103,1.3211134299260918,0.7216554769334719,True
332,2655,2663,0.9986085056616939,1.589935302734375,1.0114249816427456,1.2988866149550153,0.6497512564507655,True
333,2663,2671,0.99444353508796,1.6112060546875,1.0197215122681371,1.109133233879823,1.3473041759772646,True
334,2671,2679,0.9988420646889896,1.579925537109375,1.012548469302686,1.259689504264187,0.5917343774189724,True
335,2679,2687,0.9991555626638491,1.57391357421875,1.0090196112768581,1.3440582716787215,0.5093007160150832,True
336,2687,2695,0.9988822925054744,1.564422607421875,1.007727705036652,1.3672111881239548,0.5944507491484555,True
337,2695,2703,0.9977839642528686,1.591949462890625,1.0114237522224834,1.3024500086423714,0.831158305497805,True
338,2703,2711,0.9994818534498284,1.56195068359375,1.0018602652244475,1.5151364688459976,0.38329989688435034,True
339,2711,2719,0.9985472177401172,1.581298828125,1.0154795751538859,1.1882816361991162,0.6813159768156736,True
340,2719,2727,0.9994131120800835,1.5732421875,1.0019762638831349,1.5235031573612356,0.3868167162424708,True
341,2727,2735,0.9985737284271907,1.59149169921875,1.0112753789766178,1.3061077556812044,0.6413867565418112,True
342,2735,2743,0.9985914470922238,1.584259033203125,1.0084947610888146,1.3688893083630167,0.6203935688221566,True
343,2743,2751,0.9989827014718602,1.570892333984375,1.0055397049932495,1.4319079183259213,0.5408685864621801,True
344,2751,2759,0.9992917869683713,1.57513427734375,1.006592780622002,1.407964393653265,0.4605483893034485,True
345,2759,2767,0.999132676059829,1.5780029296875,1.0065701510991938,1.4103205150068823,0.5077861482954478,True
346,2767,2775,0.9993573662958248,1.569915771484375,1.004515043998539,1.455751489564661,0.4181323573193253,True
347,2775,2783,0.9994783511882092,1.566650390625,1.0020753789414052,1.513831084534512,0.39486743961424237,True
348,2783,2791,0.997128606870674,1.59881591796875,1.01369743573492,1.2450895052109947,0.9131978110597331,True
349,2791,2799,0.9992908356559331,1.581817626953125,1.0074283698466102,1.3936095123546661,0.46570093406785196,True
350,2799,2807,0.9987153321355766,1.5771484375,1.0043326293859118,1.4667954362025162,0.6285333696242162,True
351,2807,2815,0.9992963950862968,1.57000732421875,1.0042098190480195,1.4623617064333272,0.4640753786590621,True
352,2815,2823,0.9993935561926497,1.569244384765625,1.0036979525343162,1.4760215157304237,0.42268078165053874,True
353,2823,2831,0.9993562296461673,1.5711669921875,1.0043997211410454,1.4602722141745743,0.4352918236671515,True
354,2831,2839,0.9990209041350748,1.5836181640625,1.0084274065352885,1.3682265327971486,0.5344172859620444,True
355,2839,2847,0.9976922333317975,1.588623046875,1.015021913661406,1.2112158034291558,0.8247918567132739,True
356,2847,2855,0.9995367632949705,1.572967529296875,1.001071759551311,1.545981449332375,0.3529427404321229,True
357,2855,2863,0.9976668453527734,1.58026123046875,1.0053525447520257,1.4456619140284281,0.8070866122674941,True
358,2863,2871,0.994600330604603,1.600921630859375,1.0126721676325103,1.2870577015978044,1.2329121619558743,True
359,2871,2879,0.9991496680050191,1.583282470703125,1.0065912461219622,1.4203215137648344,0.47885899918577385,True
360,2879,2887,0.9994557179709499,1.56683349609375,1.0020122240042537,1.5171890167036544,0.3746888209090261,True
361,2887,2895,0.9990666040985102,1.56787109375,1.0028323598856483,1.4972889066777473,0.48608934148244304,True
362,2895,2903,0.99889042164639,1.5753173828125,1.006844866947577,1.405627014919121,0.5335896344380029,True
363,2903,2911,0.9992539946770213,1.5753173828125,1.0029399243424375,1.5015791852153377,0.4549182006121328,True
364,2911,2919,0.9993352296980604,1.574737548828125,1.005960184136277,1.4275971399772431,0.42190188511750626,True
365,2919,2927,0.9992607772846157,1.573486328125,1.0024117507536536,1.5136983439265623,0.4554580360965157,True
366,2927,2935,0.9989141275878524,1.57171630859375,1.0082903657665234,1.3678529557306924,0.5437241054444478,True
367,2935,2943,0.997294328461201,1.577606201171875,1.00632378113855,1.419865030962063,0.8489581339777318,True
368,2943,2951,0.9992140646563783,1.580108642578125,1.005618831675939,1.4397258163977382,0.46493635585261944,True
369,2951,2959,0.9939962224541454,1.60064697265625,1.012025915558474,1.3017379383061123,1.32728397254688,True
370,2959,2967,0.9986967604333024,1.59197998046875,1.0121566914948035,1.289146349329088,0.5855385484964216,True
371,2967,2975,0.9985564800364752,1.565826416015625,1.0106975506732983,1.3014319198138855,0.6229641733671221,True
372,2975,2983,0.9991892218939916,1.5733642578125,1.005683892392448,1.4332575592408168,0.46193170997667804,True
373,2983,2991,0.9991115555992158,1.57537841796875,1.0076521210155827,1.3840338252714113,0.5121866039627778,True
374,2991,2999,0.9991991411310808,1.5767822265625,1.006530530746131,1.4140953218898693,0.4678233012371561,True
375,2999,3007,0.9989688918615823,1.5892333984375,1.0091705179966153,1.3585453912211272,0.5487302791228086,True
376,3007,3015,0.9993931699521984,1.566497802734375,1.0041205633473027,1.4649699537381402,0.4082827186841652,True
377,3015,3023,0.9963667185176495,1.580657958984375,1.0098274815154678,1.33633685560784,0.999783923946951,True
378,3023,3031,0.9985862856422778,1.581298828125,1.0127534297108842,1.2625627215225326,0.6541296887939372,True
379,3031,3039,0.9990307629190185,1.56964111328125,1.0083090438085602,1.3635525853559074,0.5275414093690833,True
380,3039,3047,0.9985703357114363,1.58172607421875,1.007090034477447,1.4076718727247497,0.638937727973713,True
381,3047,3055,0.9994324698371042,1.564453125,1.0041107405583851,1.462553727574438,0.4034956791776383,True
382,3055,3063,0.9992319507682295,1.568511962890625,1.0016112433999789,1.5288475344914747,0.44776465636841456,True
383,3063,3071,0.9992791669575228,1.575775146484375,1.0056388225068187,1.4352359964123171,0.4582506075539328,True
384,3071,3079,0.9995426514875217,1.566741943359375,1.002336048926305,1.5084743899935085,0.3673813237811048,True
385,3079,3087,0.9993913535157211,1.565582275390625,1.0034603414403263,1.4797737700040385,0.4300879221997959,True
386,3087,3095,0.9992062215367574,1.5645751953125,1.0048586730595919,1.4424790899999105,0.49379956536223196,True
387,3095,3103,0.9985725834477998,1.581756591796875,1.0152270140229167,1.2033521890245813,0.6670358270666231,True
388,3103,3111,0.9995005364616242,1.568695068359375,1.0019481008251685,1.5203675071998946,0.37751767623731064,True
389,3111,3119,0.9994116014170221,1.565032958984375,1.0036397647560626,1.4740613886743068,0.4130246452536547,True
390,3119,3127,0.9992074414415232,1.576873779296875,1.0054574457653183,1.4410930016520958,0.4605712947066381,True
391,3127,3135,0.9984110120480166,1.57373046875,1.0047079289776129,1.4564012006577864,0.647505483268381,True
392,3135,3143,0.9993292810379394,1.566650390625,1.0033432083725666,1.4840014803228285,0.414591534068641,True
393,3143,3151,0.999347262320091,1.56683349609375,1.0034527446533672,1.4822106949588272,0.41730865065219885,True
394,3151,3159,0.9991247308893471,1.56982421875,1.0038515281148594,1.4739130819854473,0.48406022035252677,True
395,3159,3167,0.9987431862908779,1.581817626953125,1.0086904549889504,1.365494305796673,0.6021661318192842,True
396,3167,3175,0.9994081423782645,1.56146240234375,1.0023993730868157,1.5019371837321087,0.4040503246917166,True
397,3175,3183,0.9994144681590322,1.570343017578125,1.0035922675608049,1.4811389498587644,0.3960292757013495,True
398,3183,3191,0.9991722549817915,1.573394775390625,1.0023539382619922,1.5148656320602394,0.45794832883268793,True
399,3191,3199,0.9982475921292729,1.57208251953125,1.0093055518340166,1.3386582269654024,0.6665190909457838,True
400,3199,3207,0.998885476655478,1.586334228515625,1.0074657469363686,1.3997153892865715,0.5406127642243109,True
401,3207,3215,0.99935350960164,1.56927490234375,1.0030917678701676,1.492926314036679,0.4072573166061681,True
402,3215,3223,0.9992212615393514,1.5718994140625,1.0040059406902013,1.4729347813791307,0.4477484574067925,True
403,3223,3231,0.999152855760602,1.574432373046875,1.0008492799995785,1.5536467582329732,0.44521235224668576,True
404,3231,3239,0.9976967765231293,1.587921142578125,1.0082209402847495,1.387198787016701,0.7635306243871258,True
405,3239,3247,0.9993819529053344,1.565765380859375,1.003794046022505,1.4710164685364497,0.41420021029037607,True
406,3247,3255,0.9956583217202892,1.58111572265625,1.006020944183334,1.4303149038275969,1.058293369489352,True
407,3255,3263,0.9994584119893707,1.559112548828125,1.0033696882659588,1.4762607704946749,0.3815149208442222,True
408,3263,3271,0.9994707683036481,1.55902099609375,1.001206609826746,1.5291149093594476,0.37051499436143676,True
409,3271,3279,0.9994043629187859,1.56890869140625,1.0049863873858935,1.4428894979422293,0.41403219548099185,True
410,3279,3287,0.9985169507141336,1.587921142578125,1.0109245758616574,1.3158552626103197,0.6663560566434852,True
411,3287,3295,0.9993151975152597,1.585357666015625,1.0048345068179638,1.4642561324518952,0.4443567806699999,True
412,3295,3303,0.9968002347958467,1.589202880859375,1.0138000042262267,1.242286997029127,0.9949397334094691,True
413,3303,3311,0.9991920030203616,1.579376220703125,1.0060501548301035,1.429188992542484,0.4725231489424153,True
414,3311,3319,0.9980444319912597,1.59051513671875,1.0130889077109662,1.2638604501324955,0.7890227942046849,True
415,3319,3327,0.9993750295871572,1.562774658203125,1.0033080861770294,1.4797681251206911,0.4150087679989129,True
416,3327,3335,0.9985642755612265,1.577239990234375,1.0111559991551582,1.2995367074317528,0.6390697767361639,True
417,3335,3343,0.9983677422152245,1.58258056640625,1.0178911246806643,1.1347837552842108,0.6927107040264607,True
418,3343,3351,0.9991345038537994,1.577972412109375,1.0083476626366115,1.3675024333258936,0.5054812182602415,True
419,3351,3359,0.9993284863756331,1.57904052734375,1.005174754298618,1.4486101251274925,0.449316222283192,True
420,3359,3367,0.9992194222320439,1.57647705078125,1.0079132994704656,1.3780036369934001,0.4822001465688323,True
421,3367,3375,0.9985382730993067,1.586395263671875,1.021756214863015,1.0336135848301904,0.707875567822497,True
422,3375,3383,0.9990202176437886,1.5694580078125,1.010020128605794,1.319741284695649,0.5334433182742838,True
423,3383,3391,0.9995160026953823,1.565399169921875,1.0033214387809366,1.4816746465154864,0.3754661749763589,True
424,3391,3399,0.9975781745165662,1.59222412109375,1.0109350705820506,1.3177174081479182,0.8520328720809608,True
425,3399,3407,0.998932366719202,1.58599853515625,1.0140278610542603,1.2368234632122417,0.576181258920013,True
426,3407,3415,0.9983071935354721,1.5904541015625,1.0093048348540024,1.358799833540205,0.6998942251867196,True
427,3415,3423,0.9995610610853328,1.5604248046875,1.0020030972931497,1.5104948171423915,0.36341441422597615,True
428,3423,3431,0.9991074096910029,1.574432373046875,1.0057748991118252,1.429756593207468,0.5181876147692652,True
429,3431,3439,0.9988890654620475,1.57879638671875,1.0105154565433292,1.3164381848503066,0.5822050400684873,True
430,3439,3447,0.9992192632970864,1.570343017578125,1.0058997798392457,1.421908136156934,0.4698729799400173,True
431,3447,3455,0.9988109405817128,1.587310791015625,1.0117293955688917,1.297101676352198,0.6010419670036456,True
432,3455,3463,0.9980343519853293,1.59857177734375,1.0185515678975678,1.127326398593169,0.834590917497791,True
433,3463,3471,0.9970563937782647,1.59490966796875,1.0219707074443942,1.039225365945748,0.9918246790129056,True
434,3471,3479,0.9972489332757075,1.58941650390625,1.009927758905963,1.3378928782305497,0.948805825106451,True
435,3479,3487,0.9984632326188314,1.58966064453125,1.0079398688797727,1.3915714805036958,0.686293795277036,True
436,3487,3495,0.9991536302166469,1.574676513671875,1.0093665664544282,1.3419229970088378,0.5027567054739462,True
437,3495,3503,0.996935649177207,1.588104248046875,1.0196793083828797,1.0980667679625866,0.9879737896065444,True
438,3503,3511,0.9990840249688648,1.57635498046875,1.0082873144252171,1.364843839226936,0.5325130475007128,True
439,3511,3519,0.9993894929386937,1.568756103515625,1.0047979384028578,1.4471579128538539,0.4336121733292775,True
440,3519,3527,0.9986448526323277,1.57440185546875,1.0074306785074587,1.3902961827830393,0.6297140294299665,True
441,3527,3535,0.9994482106999131,1.5693359375,1.0032162588857105,1.4896126062826789,0.40513739946023236,True
442,3535,3543,0.9994060396374789,1.576446533203125,1.003667905438425,1.4855441996149457,0.4067281316746073,True
443,3543,3551,0.9994134907916764,1.561187744140625,1.0029090580918352,1.4884858831865861,0.4164224862647176,True
444,3551,3559,0.9992111231639651,1.570220947265625,1.006512401006914,1.4086902288946175,0.47473625511883827,True
445,3559,3567,0.9988325176732255,1.5703125,1.009600856098253,1.3313951022365895,0.5813831547230116,True
446,3567,3575,0.999416106705182,1.57000732421875,1.0056528321639053,1.431918336458979,0.418107483906516,True
447,3575,3583,0.9982448720830042,1.581695556640625,1.0125292578625866,1.2737793326573388,0.7135627851809505,True
448,3583,3591,0.9994630822585067,1.5809326171875,1.0036670527998826,1.490119791434956,0.3973011178657911,True
449,3591,3599,0.9987289638825448,1.592010498046875,1.0136696627470942,1.2566928532172021,0.6312528522240988,True
450,3599,3607,0.9981628481821553,1.586090087890625,1.0101784980936612,1.3350137380796208,0.7195102363826799,True
451,3607,3615,0.9987561640750489,1.57464599609375,1.007577834043867,1.3882282260203456,0.5960384339383383,True
452,3615,3623,0.9985449438422366,1.58111572265625,1.0097828604238446,1.339463426208834,0.6326746108624853,True
453,3623,3631,0.9992868997802972,1.5758056640625,1.002505299432444,1.5141857571601862,0.4386449110497883,True
454,3631,3639,0.9991254349492923,1.5855712890625,1.0078090840031309,1.3932525770815878,0.4790462269135107,True
455,3639,3647,0.9888292887353943,1.599578857421875,1.0130187696945612,1.283812905226592,1.7185434705157494,True
456,3647,3655,0.9994631165681369,1.57159423828125,1.0025509110123605,1.5082314085713089,0.3821526567511516,True
457,3655,3663,0.9989167208326681,1.58709716796875,1.007066415371127,1.4134727027456184,0.5327252770869942,True
458,3663,3671,0.9982670696342106,1.580902099609375,1.00682861694663,1.4138850238730643,0.6917446690960011,True
459,3671,3679,0.9994239185970328,1.5655517578125,1.0029718943003427,1.4933319588162104,0.37857283816511667,True
460,3679,3687,0.9994917010316905,1.56732177734375,1.0017601051082137,1.524670919815244,0.36310809504813335,True
461,3687,3695,0.9992064157896022,1.568450927734375,1.0032525498318288,1.4892648188296733,0.4404732460519733,True
462,3695,3703,0.9987185134470818,1.573974609375,1.0061940998647776,1.4236376357526723,0.5858647011173093,True
463,3703,3711,0.9988293463701231,1.570526123046875,1.0095100129176444,1.3446699913716986,0.5475758132978293,True
464,3711,3719,0.9994784100721903,1.562408447265625,1.0020694737169886,1.5121376289195005,0.36392208326458003,True
465,3719,3727,0.9992758467149602,1.56683349609375,1.0046638607195153,1.454121725862147,0.42343850177927794,True
466,3727,3735,0.9982543462914089,1.572479248046875,1.0147662479626973,1.2110518062672546,0.7274458886367284,True
467,3735,3743,0.999253222590042,1.577667236328125,1.0080420339814093,1.3821867617097876,0.45400674128299595,True
468,3743,3751,0.9991928984460652,1.5731201171875,1.0073584171222985,1.3919900568488557,0.46426469644631824,True
469,3751,3759,0.9984187543975838,1.578338623046875,1.012769744471855,1.265027439842171,0.6803250796240959,True
470,3759,3767,0.9984565507015434,1.5838623046875,1.0110631400045473,1.3161010947459015,0.6569818490958317,True
471,3767,3775,0.9990963201101108,1.583740234375,1.0081837264494518,1.3833148596068834,0.501850692484664,True
472,3775,3783,0.9984084231576305,1.57666015625,1.0096345684158283,1.33938538711468,0.6583532112023684,True
473,3783,3791,0.9994526722909135,1.56280517578125,1.0026456183436685,1.4968489609963325,0.3855447917912504,True
474,3791,3799,0.9991072274426267,1.57586669921875,1.0076505587536146,1.38367582857628,0.5019849729053059,True
475,3799,3807,0.9990157742694025,1.56439208984375,1.008495103055458,1.3532729128174044,0.5058724222271219,True
476,3807,3815,0.9992837891284689,1.56781005859375,1.0040965145219298,1.4654629538046744,0.4246148977616496,True
477,3815,3823,0.9992051170539175,1.567840576171875,1.0043916972942948,1.4590687363101202,0.46158927465831984,True
478,3823,3831,0.998762972017046,1.587921142578125,1.0081343416810806,1.3841100582878116,0.5796124255016666,True
479,3831,3839,0.9983923863246899,1.571533203125,1.0080111180448577,1.3742672446278679,0.6569570042738742,True
480,3839,3847,0.9979831239093314,1.583038330078125,1.0105163761127125,1.3219367503390156,0.7553021706769167,True
481,3847,3855,0.9993758043942007,1.567474365234375,1.0041259384211068,1.4656519013349787,0.40913474710468184,True
482,3855,3863,0.9986764950764673,1.58087158203125,1.0108910725628946,1.3117569281263022,0.5967984854628514,True
483,3863,3871,0.9994609942087633,1.55999755859375,1.0039699801074504,1.4623809719197025,0.37268704029070804,True
484,3871,3879,0.9993238699351419,1.574371337890625,1.0051516970341563,1.4462022786975541,0.4405231607724852,True
485,3879,3887,0.9994905112217873,1.564453125,1.0016336728973116,1.523870552416666,0.37371347837251273,True
486,3887,3895,0.9993992595920113,1.5736083984375,1.0048381587659532,1.4545614623275929,0.4147002544406906,True
487,3895,3903,0.9990955432542772,1.561553955078125,1.0070981075635073,1.3858170896601938,0.5009143567328324,True
488,3903,3911,0.9990936008920543,1.578460693359375,1.0083168630803045,1.3710190720428554,0.525419396353893,True
489,3911,3919,0.9982185707821261,1.597137451171875,1.0187340573471357,1.125222498833616,0.7481643148534249,True
490,3919,3927,0.9992489365249582,1.572235107421875,1.004452356150001,1.4620543748484527,0.4482537151445187,True
491,3927,3935,0.9980120851371862,1.592803955078125,1.0189363982617283,1.117785722278707,0.779876896171946,True
492,3935,3943,0.9979070060951915,1.587249755859375,1.0190396891026365,1.1214531284119351,0.7802894531376059,True
493,3943,3951,0.9991792629910028,1.57196044921875,1.0095278755358688,1.3365915673363842,0.4889741803628975,True
494,3951,3959,0.9919839132586294,1.61712646484375,1.0203946066921936,1.1110143333773268,1.6385690841373661,True
495,3959,3967,0.9992108789942469,1.579254150390625,1.0105314500715183,1.3139717182928123,0.5089983413488237,True
496,3967,3975,0.998004428762307,1.597442626953125,1.011043365847641,1.3177001636149483,0.7947914691546092,True
497,3975,3983,0.9985301486681717,1.57708740234375,1.0116072721985874,1.2869785679013381,0.6525597497933833,True
498,3983,3991,0.9988066425593191,1.581695556640625,1.010543527210842,1.3168708414858192,0.6078027173011965,True
499,3991,3999,0.9948771120347778,1.6026611328125,1.0169234905183204,1.177373733452877,1.2940659604248383,True
500,3999,4007,0.9985550232444735,1.57830810546875,1.0166875440272538,1.1595336584708367,0.6787455971772794,False
501,4007,4015,0.9994433499842924,1.57049560546875,1.0028649369401041,1.4994294667578676,0.3923867390891629,True
502,4015,4023,0.997874643238239,1.59405517578125,1.0185598940187521,1.126406791473143,0.8234301495682645,True
503,4023,4031,0.9987152776989845,1.570770263671875,1.0090350366372793,1.3472829745218016,0.6053439632864108,True
504,4031,4039,0.9993816560575768,1.574859619140625,1.0027700960922883,1.5061628760623504,0.41355346159582934,True
505,4039,4047,0.9993208397539047,1.568450927734375,1.0066364761537527,1.402016296078261,0.45317472790997176,True
506,4047,4055,0.9991412932869621,1.57281494140625,1.0067520252901287,1.4044268321825693,0.48588972319674645,True
507,4055,4063,0.9993867472198968,1.573333740234375,1.003597048308549,1.4842482854807235,0.41933947122543247,True
508,4063,4071,0.9991558744377462,1.57318115234375,1.002595734200037,1.509146335161977,0.4721972720473216,True
509,4071,4079,0.9991324824129751,1.57470703125,1.0041620734904122,1.4707822103925658,0.5021893648514064,True
510,4079,4087,0.9994685333579043,1.566436767578125,1.0036254235140487,1.4777848289634654,0.37822074218244733,True
511,4087,4095,0.9991033221759438,1.569122314453125,1.0102954974869534,1.3162922561564958,0.5030079026386095,True
512,4095,4103,0.9993826045613646,1.563446044921875,1.0032880918953313,1.4818168155565894,0.4162541378887239,True
513,4103,4111,0.9990922749064508,1.574554443359375,1.0064326519362683,1.4159295418510462,0.5069184204330046,True
514,4111,4119,0.9987161979115264,1.585601806640625,1.011593319853442,1.2999454198281788,0.6086485165325493,True
515,4119,4127,0.9992401362336679,1.57623291015625,1.0030233017356753,1.5015576894349747,0.44979523302464164,True
516,4127,4135,0.9984294842360322,1.575347900390625,1.0043373505626403,1.468411057025103,0.6643820710502392,True
517,4135,4143,0.9994074557635073,1.565643310546875,1.0047224003182573,1.448947074386439,0.40480761645838237,True
518,4143,4151,0.9991483395282811,1.5782470703125,1.0077838505366206,1.3863027510922608,0.4879521491067207,True
519,4151,4159,0.9959318334038951,1.585479736328125,1.0089503519703376,1.3657833938828305,1.0808909017472912,True
520,4159,4167,0.9991844814472726,1.57806396484375,1.0066645178499298,1.4127164797180196,0.4766817127384297,True
521,4167,4175,0.99877540812364,1.5806884765625,1.0112743993535063,1.2980096124007636,0.6128454206764589,True
522,4175,4183,0.9985995974200007,1.58160400390625,1.009329376095169,1.3505157452344747,0.6409932291035205,True
523,4183,4191,0.9990219847939933,1.56884765625,1.00326936733996,1.4867957949674497,0.5356963966664494,True
524,4191,4199,0.9991290166535969,1.57965087890625,1.011009479191245,1.3047532415927785,0.5302373450930427,True
525,4199,4207,0.9992283910115697,1.585693359375,1.006476756214722,1.423135633325589,0.479466358902653,True
526,4207,4215,0.9988740824896589,1.58099365234375,1.008866892244225,1.358104205084697,0.5724698814565007,True
527,4215,4223,0.9980243313025142,1.60113525390625,1.0262206929937614,0.9429564903141703,0.7913256290464475,True
528,4223,4231,0.9988434201663452,1.58282470703125,1.0065714373332566,1.4194568657442677,0.5857401393672258,True
529,4231,4239,0.9994151086472037,1.576446533203125,1.0049116391431419,1.4520884407561507,0.4274345972707934,True
530,4239,4247,0.9976003945655317,1.592071533203125,1.0153702427830933,1.2061310598833435,0.838381663249504,True
531,4247,4255,0.9942705007129683,1.610626220703125,1.018975157774757,1.1350341124077952,1.3413493334221631,True
532,4255,4263,0.9985609623314464,1.57818603515625,1.0124495280758607,1.2681522096024926,0.6673496911149942,True
533,4263,4271,0.9982797696799993,1.594940185546875,1.0127051076092826,1.2757053581370588,0.7237845725447178,True
534,4271,4279,0.9987304403680206,1.572174072265625,1.0092318936652371,1.3421647435309103,0.5925723795741501,True
535,4279,4287,0.9991743144720255,1.57373046875,1.0064525217842317,1.414030571787135,0.49174483789430373,True
536,4287,4295,0.998845527634599,1.5791015625,1.0103062375247562,1.3186325449004845,0.6022166086293022,True
537,4295,4303,0.9993988099619854,1.57440185546875,1.0064193656013225,1.413862470651143,0.4352618336378289,True
538,4303,4311,0.9993529704070088,1.573486328125,1.0085080712781371,1.362199096108153,0.4460025933288551,True
539,4311,4319,0.9990934081369154,1.57794189453125,1.0093285033768857,1.345440449068888,0.5135099264250425,True
540,4319,4327,0.9986106276216611,1.58038330078125,1.011754801321365,1.2856616473144784,0.6273074883093879,True
541,4327,4335,0.9994855173546303,1.559814453125,1.002342557012366,1.5008570514426571,0.3882863491526404,True
542,4335,4343,0.9992178944032457,1.574981689453125,1.00784115208798,1.3776456297506707,0.49539548172612513,True
543,4343,4351,0.9993962138857797,1.576385498046875,1.003514053793984,1.4875337074012613,0.42484590010523354,True
544,4351,4359,0.9991714059507623,1.57293701171875,1.0080004176067925,1.3728010767171104,0.4836779658084866,True
545,4359,4367,0.9993615834929734,1.56719970703125,1.0048660443947686,1.444962008984831,0.42168543874379194,True
546,4367,4375,0.9993336575648423,1.57476806640625,1.0024244135033014,1.5141874716895614,0.4359456180079971,True
547,4375,4383,0.9991642007247022,1.5709228515625,1.0064148239190063,1.4103510072802838,0.494233536351806,True
548,4383,4391,0.9989459736430155,1.58123779296875,1.0093402214628746,1.3464889078244449,0.5654834331691351,True
549,4391,4399,0.9989548729405434,1.5770263671875,1.009229487043854,1.3473673916650397,0.5626083635968177,True
550,4399,4407,0.999315773299964,1.585540771484375,1.005238364945547,1.4562216742731988,0.439130730745729,True
551,4407,4415,0.9849530735008345,1.597930908203125,1.0170440724942253,1.1717671987335863,2.161293692936815,True
552,4415,4423,0.9991714412255576,1.571746826171875,1.0057134598213033,1.4262570799648182,0.4944491291442959,True
553,4423,4431,0.9994580101907269,1.5723876953125,1.0026719876517114,1.5049810009655311,0.3875887137586915,True
554,4431,4439,0.9982708078008941,1.574432373046875,1.0093807554846643,1.3355022291778438,0.6993309950350409,True
555,4439,4447,0.9980395748478927,1.58782958984375,1.016021709933103,1.1795527287317178,0.7806121255670465,True
556,4447,4455,0.9991614762604366,1.5794677734375,1.006363390314368,1.4160307113874409,0.49875418350035705,True
557,4455,4463,0.9990135211829833,1.5721435546875,1.0042122971300336,1.4666659274193,0.5332348648212225,True
558,4463,4471,0.998355837212109,1.58770751953125,1.009251871593099,1.3553361257217356,0.6914729747756845,True
559,4471,4479,0.9989116446611136,1.57196044921875,1.0076783158340847,1.3794434572490557,0.5670714587236702,True
560,4479,4487,0.9991468954583048,1.5672607421875,1.0068235370012395,1.3948339936504348,0.48817355387757305,True
561,4487,4495,0.9992868851205304,1.566375732421875,1.005852457733034,1.4173550626753824,0.461104985846308,True
562,4495,4503,0.9993982459206321,1.566864013671875,1.0035639600714257,1.478299149090523,0.4134532705876654,True
563,4503,4511,0.9993076926223096,1.561248779296875,1.0020361866132852,1.5094005258995047,0.43470968556675715,True
564,4511,4519,0.999134561546439,1.573272705078125,1.0071898249726592,1.3930638934899982,0.48536553304248387,True
565,4519,4527,0.9976348349365612,1.585052490234375,1.0205313109634861,1.0777565531911504,0.8371441941114438,True
566,4527,4535,0.9993334404622731,1.563262939453125,1.0019274042127486,1.51560962312025,0.40472957300247203,True
567,4535,4543,0.9983934369184698,1.575531005859375,1.0042910215680754,1.468083933859491,0.6645944898396551,True
568,4543,4551,0.9986429674369379,1.581756591796875,1.0074465251497986,1.39934558636574,0.6022989135638298,True
569,4551,4559,0.9991967898634457,1.57891845703125,1.0040607749176682,1.479217559771394,0.46049863356111764,True
570,4559,4567,0.9994418320212639,1.564178466796875,1.001958970174726,1.5149195854449922,0.38006081014901866,True
571,4567,4575,0.9992301703517344,1.57012939453125,1.0058232112216388,1.4269137272872345,0.4492870675127088,True
572,4575,4583,0.9994708510314209,1.57196044921875,1.002022476093803,1.521573217508026,0.37605616565816163,True
573,4583,4591,0.9995126519639599,1.563629150390625,1.0007992344565295,1.5437182658955584,0.34763952557749933,True
574,4591,4599,0.9992047973095542,1.5665283203125,1.0028722626324051,1.4960116781138264,0.4404277171988085,True
575,4599,4607,0.999508362278101,1.579254150390625,0.9999998213517283,1.579258526679043,0.3518033884490993,True
576,4607,4615,0.9989856283121252,1.569671630859375,1.0066059125736713,1.407899952316885,0.4979839929208631,True
577,4615,4623,0.9905798553046956,1.591522216796875,1.0079220758705034,1.398460057701906,1.5145540430168911,True
578,4623,4631,0.9977276112439156,1.589447021484375,1.0055412908868706,1.4534383297540574,0.7487704376519853,True
579,4631,4639,0.9991621464787294,1.570404052734375,1.0033914738175558,1.4857624171882609,0.4620638282572667,True
580,4639,4647,0.9977103274662241,1.573638916015625,1.0049884993349276,1.4502084197303657,0.7507656292689,True
581,4647,4655,0.9993296946616387,1.57550048828125,1.0034409845509014,1.491425919769686,0.4124971872301755,True
582,4655,4663,0.9994203052556202,1.56683349609375,1.001795061708918,1.5230892753167045,0.37252203344779083,True
583,4663,4671,0.9993700346402307,1.5733642578125,1.0026239367609286,1.5082632721132319,0.3978421198308131,True
584,4671,4679,0.9991689410415472,1.581573486328125,1.0036689791304767,1.4919335229731732,0.45057239602691673,True
585,4679,4687,0.999446388498488,1.56561279296875,1.0024382599394277,1.5057800311043352,0.37133256510792273,True
586,4687,4695,0.999249056920835,1.56170654296875,1.0026027867567036,1.497767809043867,0.4270495691482624,True
587,4695,4703,0.9994572376895349,1.5594482421875,1.002272627133528,1.5042968082553436,0.3546817587730389,True
588,4703,4711,0.9980716792336304,1.58392333984375,1.0049853017948749,1.462133670623083,0.7018169005151862,True
589,4711,4719,0.9983752602299096,1.586700439453125,1.0046287053986114,1.4725367714095532,0.6095743038053006,True
590,4719,4727,0.9993480728864226,1.561248779296875,1.0030421189816596,1.4871779911072096,0.39671433162483866,True
591,4727,4735,0.9987288270869191,1.575042724609375,1.0054580090484952,1.4412726993124894,0.5428461486926641,True
592,4735,4743,0.9993062103583991,1.577239990234375,1.002657178560601,1.5122366675567447,0.4071845678271651,True
593,4743,4751,0.9993163445361121,1.5682373046875,1.003461315493837,1.4833416973145968,0.4111509025615382,True
594,4751,4759,0.9983047700344494,1.572662353515625,1.0063875037856467,1.4143776783308326,0.6624394237268956,True
595,4759,4767,0.9991544537812529,1.571014404296875,1.0057230596996223,1.4283974262737467,0.4775135935426531,True
596,4767,4775,0.9993368690856187,1.578125,1.0021157928565787,1.5256594324585055,0.4150396412519812,True
597,4775,4783,0.9987544316248281,1.581329345703125,1.0075485074871107,1.3949850119639275,0.5764466974468573,True
598,4783,4791,0.9989499389483922,1.57647705078125,1.0054770177450425,1.4400975037603165,0.5112203720838624,True
599,4791,4799,0.9993608606770004,1.572662353515625,1.00454305330708,1.4589092510337445,0.41534132671152446,True
600,4799,4807,0.9967405016260109,1.5872802734375,1.0090785413004169,1.3594977660709513,0.9417473310404954,True
601,4807,4815,0.9993040278146208,1.572357177734375,1.0037596726683709,1.4772550597430074,0.4356805290849611,True
602,4815,4823,0.9989221001592895,1.585479736328125,1.0101484201286586,1.332111457362245,0.5562538211928346,True
603,4823,4831,0.999127866424867,1.582244873046875,1.0047529221066458,1.4618168678932644,0.4825902705762534,True
604,4831,4839,0.9993887199588639,1.575531005859375,1.0042492730693773,1.4682154640663683,0.42203919752282765,True
605,4839,4847,0.9993318017217611,1.5811767578125,1.003197431769928,1.501179684659516,0.426215262771756,True
606,4847,4855,0.9994693710968783,1.5645751953125,1.003349568574224,1.4803089309211714,0.3902050789348934,True
607,4855,4863,0.9990723551640327,1.574462890625,1.0078668007809095,1.3772704663628943,0.5079205574153244,True
608,4863,4871,0.999301404775197,1.572998046875,1.0041238049966081,1.4693028761155815,0.4394086210174188,True
609,4871,4879,0.9992846456837506,1.57659912109375,1.00381767496734,1.480739455698352,0.44111561023927087,True
610,4879,4887,0.9988738802952443,1.5888671875,1.0103378485033674,1.3283993399912202,0.5795162747682181,True
611,4887,4895,0.9988823869047274,1.581756591796875,1.0067225908356827,1.4130761441745423,0.5567820796939921,True
612,4895,4903,0.9994338033646435,1.565032958984375,1.000913014107996,1.5423708554805602,0.37801328922300687,True
613,4903,4911,0.9994320154293866,1.57879638671875,1.0023322057852484,1.521158989727861,0.38751167918618823,True
614,4911,4919,0.9993507856832362,1.577178955078125,1.002952614453834,1.5033622421326094,0.40327763764290525,True
615,4919,4927,0.9993183014988727,1.573211669921875,1.0038080580671251,1.4797923401449544,0.40959857350071716,True
616,4927,4935,0.9989437190690923,1.5631103515625,1.0083122600616174,1.3584524026308682,0.5247810719892384,True
617,4935,4943,0.9992684553066981,1.573883056640625,1.0036066085418165,1.4856608197977452,0.4314233088507718,True
618,4943,4951,0.9960941010383879,1.58636474609375,1.0073456030361654,1.4042969986715912,0.9769949272610681,True
619,4951,4959,0.9988972917887564,1.5721435546875,1.0030776778563835,1.4957933249068187,0.5227314376601864,True
620,4959,4967,0.9982774043542854,1.57415771484375,1.0080596200009626,1.3730937096036704,0.660400556133832,True
621,4967,4975,0.9994275972345203,1.57244873046875,1.002420541730329,1.5128220592812682,0.3842699291489813,True
622,4975,4983,0.9994580371589665,1.561279296875,1.0013068244278245,1.5290748166699064,0.360351088454942,True
623,4983,4991,0.9993490421659695,1.574371337890625,1.00367785944562,1.4840730867952145,0.39592902251375656,True
624,4991,4999,0.9984628000728741,1.566192626953125,1.003275405992884,1.4861643868335028,0.5846681546684515,True
625,4999,5007,0.998844075871376,1.58172607421875,1.0085555378009219,1.3721879823097256,0.5453268968349944,True
626,5007,5015,0.99776114135109,1.5946044921875,1.0116255544258348,1.3100579783616646,0.7544175239093673,True
627,5015,5023,0.9992733186682519,1.570709228515625,1.0022291311273432,1.5166531388159843,0.4225669718310876,True
628,5023,5031,0.9965632395184777,1.592254638671875,1.0094666077963224,1.3603640600677973,0.9468894138244746,True
629,5031,5039,0.9990843371088259,1.574462890625,1.0061504801545864,1.4229907994155437,0.4974779508189367,True
630,5039,5047,0.9989138011975948,1.574920654296875,1.0054005788874516,1.4423386510985832,0.5210627436386701,True
631,5047,5055,0.9994584011274884,1.56622314453125,1.0017805681941265,1.5223376376152546,0.36778455346152256,True
632,5055,5063,0.9950525118488239,1.580657958984375,1.0040764447994424,1.4810302601498955,1.122646492372709,True
633,5063,5071,0.9955637749116306,1.588531494140625,1.0082935557289743,1.3875901902766734,1.0566413141933066,True
634,5071,5079,0.9971796146811424,1.57269287109375,1.0044330802392343,1.465467472233506,0.8270330260613552,True
635,5079,5087,0.999438285315241,1.56976318359375,1.0031827142237442,1.492263587176227,0.3835045546577354,True
636,5087,5095,0.9970471729118685,1.584686279296875,1.004030572697728,1.4867883081541537,0.8465048422148506,True
637,5095,5103,0.9989040008068268,1.57708740234375,1.0072852749378618,1.4009810880209044,0.5304904255736217,True
638,5103,5111,0.9992495919849236,1.56988525390625,1.0073925521092868,1.389320454055794,0.44920127344116656,True
639,5111,5119,0.9981799419942764,1.583099365234375,1.0101771981420091,1.3349997123250532,0.6957551062280198,True
640,5119,5127,0.9988734256054299,1.575164794921875,1.0127032132494447,1.2674557380683804,0.5388613310915435,True
641,5127,5135,0.9993024046286171,1.577728271484375,1.0034498355165324,1.4939538462403916,0.42652251499449717,True
642,5135,5143,0.9991985907842483,1.566497802734375,1.0052551841570292,1.4396014957175356,0.43949862675150164,True
643,5143,5151,0.9988019940586691,1.5784912109375,1.0123264383020636,1.2769072628852465,0.570055324855058,True
644,5151,5159,0.9993598938149368,1.57415771484375,1.0034465654886013,1.4896594316390057,0.41357201886299727,True
645,5159,5167,0.9994598032651301,1.5697021484375,1.0037962753477987,1.4765085008217251,0.3749938241948806,True
646,5167,5175,0.996984649275549,1.585601806640625,1.005853444331807,1.4411586716604092,0.8937537890645557,True
647,5175,5183,0.9975889091418432,1.598358154296875,1.0200244095647149,1.1103537472608311,0.8245558750854396,True
648,5183,5191,0.9988076464825545,1.57940673828125,1.0080002130310448,1.3831871578438306,0.5732663727068413,True
649,5191,5199,0.9993084407149614,1.57244873046875,1.006108332143838,1.4235428487194044,0.43580765374815317,True
650,5199,5207,0.9990888910037684,1.582733154296875,1.0097449080343261,1.3456527578774402,0.5029944508343992,True
651,5207,5215,0.9968071037251286,1.598846435546875,1.0131259877178176,1.2756570424643976,0.9385272730307151,True
652,5215,5223,0.9988139925451522,1.5850830078125,1.0112604375612806,1.3091624251722327,0.5821951267940167,True
653,5223,5231,0.9993597148580394,1.571990966796875,1.0048082393013587,1.4542053915894584,0.4224560788469983,True
654,5231,5239,0.9989825283934516,1.586639404296875,1.0053127562385507,1.4561900641420404,0.5354039406667724,True
655,5239,5247,0.9991446911743742,1.572662353515625,1.0097392785035935,1.3340966935907914,0.4973928199136237,True
656,5247,5255,0.9989072209803618,1.5762939453125,1.0113985480278849,1.297289714977147,0.5436127568691901,True
657,5255,5263,0.9993019967220028,1.57366943359375,1.006136808050155,1.425118151275687,0.43979372468499756,True
658,5263,5271,0.9991989721920764,1.565093994140625,1.0078788890395005,1.3733204211048424,0.47301765244742194,True
659,5271,5279,0.9992774037059687,1.57275390625,1.0051493747699407,1.4474415580277404,0.4253072329798408,True
660,5279,5287,0.9974282354454732,1.59783935546875,1.0129982442317578,1.2833451543796766,0.8115721694910358,True
661,5287,5295,0.9990383441706154,1.57275390625,1.007646665884217,1.3875037624204591,0.4899286271992111,True
662,5295,5303,0.9992219806512016,1.57366943359375,1.0067200939800691,1.4101472834660869,0.4456389159427291,True
663,5303,5311,0.9982782529434578,1.590789794921875,1.0058963875924,1.446519578815573,0.6863095695743889,True
664,5311,5319,0.9987682564816898,1.585113525390625,1.0092833302980928,1.3602638883149225,0.5615047945519289,True
665,5319,5327,0.999306424843372,1.57464599609375,1.004244896273839,1.4705348886724243,0.43642998190606147,True
666,5327,5335,0.9994635914808793,1.569915771484375,1.001077560976904,1.543282803580687,0.36441364749714844,True
667,5335,5343,0.9987932601905837,1.567718505859375,1.0040717881824646,1.4685525451637025,0.5535054511921869,True
668,5343,5351,0.9990480659845477,1.57666015625,1.0070136175147388,1.403588527758262,0.49030853735836144,True
669,5351,5359,0.9993034386059989,1.5833740234375,1.0046057787756664,1.4695738432368757,0.42955756516151883,True
670,5359,5367,0.999327302985316,1.57427978515625,1.0002328419517597,1.5685761947809236,0.41052739128557814,True
671,5367,5375,0.9992162577711158,1.576324462890625,1.0047040664782758,1.4603060879573138,0.4491054865611594,True
672,5375,5383,0.9992125436408135,1.57086181640625,1.004484918431638,1.4605020001232587,0.4536948266146709,True
673,5383,5391,0.998332963856252,1.570098876953125,1.004509706448075,1.4586214053074436,0.6371176448269694,True
674,5391,5399,0.9993229229837817,1.56292724609375,1.0042198695222577,1.4592393546958777,0.43000053270148003,True
675,5399,5407,0.9993019170485345,1.583740234375,1.0035770456181319,1.4951655635207244,0.42752564575006247,True
676,5407,5415,0.9987303364908627,1.582763671875,1.0044934409192439,1.4724999413490554,0.5603966155328634,True
677,5415,5423,0.9961683535613949,1.5970458984375,1.0110482234861873,1.3245208046780663,0.9951571572696787,True
678,5423,5431,0.9989529521079776,1.5736083984375,1.0080021533263506,1.3787307628467498,0.5220826301636152,True
679,5431,5439,0.9989061818294185,1.58380126953125,1.0103933026914977,1.3294045061234545,0.5406286406244627,True
680,5439,5447,0.9990554407207289,1.57611083984375,1.0033540869280604,1.4918087852114066,0.5244106846684421,True
681,5447,5455,0.9993729243838233,1.5728759765625,1.003560924490084,1.4839932669727722,0.4306548117291381,True
682,5455,5463,0.9988968392078293,1.57769775390625,1.0102224887209827,1.320436571234026,0.5770643690960963,True
683,5463,5471,0.9873970570368349,1.5992431640625,1.0143601357737133,1.2389408365399133,1.9671801282822996,True
684,5471,5479,0.9994347736485588,1.571868896484375,1.0022671212628969,1.5156371905732025,0.3899151451874517,True
685,5479,5487,0.9992857198644297,1.584625244140625,1.0053695171035573,1.4522797894834931,0.42836367637985134,True
686,5487,5495,0.9989444060852234,1.58465576171875,1.0066687977522664,1.4204622600293422,0.5336288341970064,True
687,5495,5503,0.9995255006589382,1.561859130859375,1.0008942094905946,1.5397967330124027,0.3549647180391938,True
688,5503,5511,0.9994726043771258,1.567230224609375,1.0007407009700526,1.5490169329738779,0.3641103745658746,True
689,5511,5519,0.9912627738965002,1.596160888671875,1.0065539576377047,1.4336990234194955,1.5754843112583194,True
690,5519,5527,0.9995041019486103,1.5623779296875,1.0021107828446745,1.5103774853761944,0.3647905443994004,True
691,5527,5535,0.9992452178919634,1.569854736328125,1.0041583020121678,1.4677358590541663,0.4477282345246176,True
692,5535,5543,0.9992060786986492,1.5665283203125,1.004433374603119,1.4594005205002363,0.4469541828558064,True
693,5543,5551,0.9952845013236762,1.578857421875,1.0062451379370263,1.4264034808781294,1.082837096611689,True
694,5551,5559,0.9966610997443063,1.579833984375,1.0108400947245268,1.3136403203913214,0.9302819651192801,True
695,5559,5567,0.999388161572044,1.56805419921875,1.0024335788228282,1.50973074376519,0.3723611983268526,True
696,5567,5575,0.9993423272466697,1.578582763671875,1.0028759105694525,1.508519568485623,0.41571402009769687,True
697,5575,5583,0.9991636237950852,1.57562255859375,1.0052292454002816,1.4477457413121881,0.4601017692078931,True
698,5583,5591,0.9993345773096555,1.57574462890625,1.0054111667178334,1.4440366856747264,0.4103615461944016,True
699,5591,5599,0.9990944513521515,1.57220458984375,1.0050268076403828,1.4498771154628414,0.4902622427704551,True
700,5599,5607,0.9993948239396163,1.571044921875,1.003872475134719,1.4756776582545374,0.40235127301301477,True
701,5607,5615,0.9993174648594949,1.569122314453125,1.0036019236269025,1.4799660208503933,0.433776447527027,True
702,5615,5623,0.9993042083855523,1.568817138671875,1.0037704434193542,1.476033370175977,0.4323043573326868,True
703,5623,5631,0.9994411007256944,1.556060791015625,1.0017414727014091,1.5132087536243488,0.38883408710848,True
704,5631,5639,0.9995080271173842,1.56707763671875,1.0017744505862138,1.5234388671720527,0.3667724457679069,True
705,5639,5647,0.9992110526122847,1.580230712890625,1.0029735541813307,1.506908663612546,0.4618571254073724,True
706,5647,5655,0.9979775383734468,1.597747802734375,1.0124421191849617,1.2918386643151434,0.7500133867515537,True
707,5655,5663,0.9993843960814901,1.5755615234375,1.004064747316713,1.475309830126296,0.41573014034472444,True
708,5663,5671,0.9990303070327963,1.57928466796875,1.0086071603431053,1.3679022870644288,0.517066476970581,True
709,5671,5679,0.9995335724624841,1.556365966796875,1.001596557666986,1.5169360888557677,0.36193817830334735,True
710,5679,5687,0.9994790769616457,1.565460205078125,1.0020117979052172,1.5153671862596658,0.3744177960116553,True
711,5687,5695,0.9995018139969292,1.56927490234375,1.001295553530037,1.536984669760137,0.38530867160480237,True
712,5695,5703,0.999216027376684,1.57403564453125,1.0033103344784737,1.4930817283245403,0.4527176281009373,True
713,5703,5711,0.9988824790813748,1.587249755859375,1.010655527769254,1.3212423484633165,0.5739204958869072,True
714,5711,5719,0.9970411469472622,1.582244873046875,1.0052522578838337,1.453793924431327,0.9131104968012428,True
715,5719,5727,0.9991304435101079,1.58563232421875,1.0082181186602208,1.380923221847355,0.5201748005752025,True
716,5727,5735,0.9951173610015946,1.594085693359375,1.0091797554926718,1.363541546541168,1.1912422669373512,True
717,5735,5743,0.9994922413502778,1.56842041015625,1.0043712277688328,1.4597237380048906,0.3867677756683912,True
718,5743,5751,0.9994182005401743,1.57720947265625,1.0044690187095948,1.464033155885877,0.4268174080362802,True
719,5751,5759,0.9985294617662329,1.585662841796875,1.008309387579944,1.374909254009179,0.6631632313577496,True
720,5759,5767,0.9989831805334577,1.585357666015625,1.0085654443861556,1.3703529353993207,0.5639580258163256,True
721,5767,5775,0.998432245529926,1.589569091796875,1.0157103925657667,1.1874002061774274,0.7073288232509982,True
722,5775,5783,0.9989144393174091,1.5947265625,1.0102026619428517,1.335472837481947,0.5846560004687804,True
723,5783,5791,0.9992835354039863,1.58447265625,1.0046682330527597,1.4676608373348659,0.4569296848519885,True
724,5791,5799,0.999294808505263,1.581207275390625,1.0044712992143443,1.4675609804578469,0.46433075169573546,True
725,5799,5807,0.9990023512832672,1.584716796875,1.0056802938110205,1.4420018253813842,0.5460975030672247,True
726,5807,5815,0.9992586531737353,1.57611083984375,1.0058495366072402,1.431257333872943,0.45993476288418683,True
727,5815,5823,0.998856286293465,1.585052490234375,1.0078798103734232,1.3873288390036342,0.5832420592402601,True
728,5823,5831,0.9985219648006929,1.58685302734375,1.0089296411035447,1.3626064340913158,0.6396844116931196,True
729,5831,5839,0.9988756874100674,1.580963134765625,1.007705190634242,1.3886599835882818,0.549688083969278,True
730,5839,5847,0.9995362006842614,1.57049560546875,1.0017066569656734,1.5274569959424737,0.36626831741988775,True
731,5847,5855,0.9992796456385323,1.570526123046875,1.0071189297871797,1.3933591023798466,0.46207037005690954,True
732,5855,5863,0.9992464324254006,1.57012939453125,1.0050402229097055,1.4451430026052468,0.46269403018151856,True
733,5863,5871,0.9988148377952912,1.58929443359375,1.0093422877774552,1.3565874192767415,0.5873142951424144,True
734,5871,5879,0.9987761279240168,1.582855224609375,1.008732801537625,1.3641905965573466,0.588738063162112,True
735,5879,5887,0.9974136586314701,1.58758544921875,1.0067039264085744,1.4198363033571328,0.8353098394505165,True
736,5887,5895,0.9994929814246859,1.56591796875,1.0020666705859709,1.5150065277987788,0.36401212699558105,True
737,5895,5903,0.9989664467764731,1.584014892578125,1.0083191354070897,1.376670445423046,0.5420211032184054,True
738,5903,5911,0.9994265608956251,1.56695556640625,1.0048557414772303,1.4467928579883458,0.39254918606799916,True
739,5911,5919,0.998954983845033,1.584625244140625,1.0099075803249589,1.3404832714156374,0.532025635223284,True
740,5919,5927,0.999538826974906,1.5673828125,1.0007536227480538,1.5486658850308181,0.35664331785941367,True
741,5927,5935,0.9991718062650237,1.5745849609375,1.0057157407973858,1.4354026257319745,0.46886938440521697,True
742,5935,5943,0.9994592160173315,1.57379150390625,1.002353003883071,1.5149527633133124,0.38486426834731796,True
743,5943,5951,0.9993253247683298,1.572540283203125,1.0053137909257663,1.441392556629957,0.4295067755499321,True
744,5951,5959,0.9980966545431466,1.5828857421875,1.0142389025849943,1.2303321132784928,0.7290161977090551,True
745,5959,5967,0.9992439517123578,1.56793212890625,1.0049860629226486,1.4450715092274484,0.44652046161877756,True
746,5967,5975,0.9989780133041521,1.57537841796875,1.009565072600697,1.3399570177338613,0.542186247432042,True
747,5975,5983,0.999062422973007,1.573333740234375,1.008804866540581,1.353307466356721,0.5207956344489135,True
748,5983,5991,0.9991717843155742,1.575347900390625,1.0057905573942778,1.4312181913176538,0.47258623597297733,True
749,5991,5999,0.999277905077338,1.571868896484375,1.0066061518826939,1.4088994761153268,0.44068137963577775,True
750,5999,6007,0.9990165450552739,1.574249267578125,1.0104128769466336,1.318135013091022,0.5307281397295549,True
751,6007,6015,0.9992061509411936,1.58135986328125,1.0056686507882322,1.4427329113787288,0.45772754014047673,True
752,6015,6023,0.9989101130515324,1.57635498046875,1.0055603735718208,1.4412006389394625,0.5327334885867098,True
753,6023,6031,0.9994686787725968,1.573394775390625,1.0022940297896565,1.5171566715014706,0.3753404771943366,True
754,6031,6039,0.9980692904549031,1.585723876953125,1.010988007066963,1.315141855637593,0.7333415511489657,True
755,6039,6047,0.9990428039441448,1.5767822265625,1.007142716163949,1.4013628024525544,0.5171511192082454,True
756,6047,6055,0.9992238490602285,1.57965087890625,1.0071352137761203,1.4044501118823278,0.45763104180382325,True
757,6055,6063,0.997152830350858,1.585296630859375,1.0094937059366331,1.3528616327383043,0.872411169469109,True
758,6063,6071,0.9977555133192396,1.588287353515625,1.012698418829777,1.2745645612871748,0.7886375089970576,True
759,6071,6079,0.9991139890214318,1.57745361328125,1.0075566327593877,1.3916911572223907,0.4975976450850806,True
760,6079,6087,0.9994232028126487,1.569061279296875,1.0026095772165795,1.503736397333522,0.41001735161106007,True
761,6087,6095,0.998901069072496,1.582061767578125,1.007892111499136,1.383603149927533,0.5609791335405238,True
762,6095,6103,0.9982422110292017,1.577545166015625,1.0072009765282763,1.3988808249441056,0.6906156325411801,True
763,6103,6111,0.9988771393574752,1.588897705078125,1.012992432340788,1.2656034997598393,0.5842237192157871,True
764,6111,6119,0.9987522414996672,1.575927734375,1.0092070066043761,1.3485982895686515,0.5977046567228547,True
765,6119,6127,0.9984574329096683,1.5845947265625,1.0137662512478418,1.246435973528503,0.6623434421306592,True
766,6127,6135,0.9995158524246794,1.56634521484375,1.0017539788308096,1.5237203390347895,0.3669300797222154,True
767,6135,6143,0.9981022065607278,1.59344482421875,1.014478791599109,1.2363982122193964,0.7530068562924437,True
768,6143,6151,0.9993023286532519,1.56793212890625,1.0044598709002055,1.4577629192904422,0.44100293189751844,True
769,6151,6159,0.9990024817696982,1.580108642578125,1.004640649132493,1.4651393708328413,0.5123495119492681,True
770,6159,6167,0.999296385200054,1.580047607421875,1.0073790321076599,1.3956778693093854,0.45387544886135545,True
771,6167,6175,0.9970088676902424,1.592315673828125,1.0114245880181119,1.3088964271945953,0.9480610544128717,True
772,6175,6183,0.9988601426507506,1.58612060546875,1.0079104068067992,1.392322880895852,0.5482692086794677,True
773,6183,6191,0.9954304948941222,1.615814208984375,1.0175531733236132,1.180012005485437,1.1779437761592249,True
774,6191,6199,0.9982907444530728,1.582366943359375,1.0142426806411537,1.2334990703803916,0.7115640778710213,True
775,6199,6207,0.9994801231621783,1.569610595703125,1.0024398791898437,1.5103656521265132,0.37181936686323863,True
776,6207,6215,0.9988852658611284,1.58856201171875,1.007266896811181,1.4119638182018965,0.5381744083174017,True
777,6215,6223,0.9985111907307971,1.576995849609375,1.0075901993201355,1.390782789756743,0.6497495449242191,True
778,6223,6231,0.9995078980961165,1.57073974609375,1.0016330688306483,1.5307350418464933,0.3652490852466664,True
779,6231,6239,0.9990844304154335,1.5740966796875,1.004713669619494,1.4592280264711204,0.5077579208245521,True
780,6239,6247,0.9990798664605525,1.575103759765625,1.0054759549309056,1.4425880902857884,0.4933388897997074,True
781,6247,6255,0.9991974772427376,1.576202392578125,1.0049843276753003,1.4540439259522877,0.45505661948807613,True
782,6255,6263,0.9988631169013008,1.5711669921875,1.008768311888309,1.355652974804793,0.5749420414301264,True
783,6263,6271,0.9989543784075914,1.574432373046875,1.0075162451403978,1.39036487864414,0.5431710989363788,True
784,6271,6279,0.9988571478649679,1.582611083984375,1.0074586390478912,1.3973585478738761,0.5677095004436588,True
785,6279,6287,0.9958574724163808,1.60052490234375,1.034043232225021,0.7622913443284977,1.181332478492088,True
786,6287,6295,0.9978652973145322,1.591156005859375,1.0232730134568115,1.0192192853558155,0.8660415243093774,True
787,6295,6303,0.9943904458443144,1.609954833984375,1.0390812931447377,0.6486597387352286,1.3884171584993759,True
788,6303,6311,0.9929842059600378,1.621917724609375,1.0435612363712083,0.5471524289613073,1.5614142489573548,True
789,6311,6319,0.997162251575707,1.6053466796875,1.032147012967794,0.811831098726687,0.9839127795727491,True
790,6319,6327,0.9975741221841923,1.58587646484375,1.0242355219505297,0.9894125194952313,0.8693782861993931,True
791,6327,6335,0.998866816098809,1.58990478515625,1.0104438218941125,1.3342944115948203,0.5800192762136265,True
792,6335,6343,0.9893838816335379,1.6044921875,1.0206609053266458,1.096600122940735,1.7484401556725249,True
793,6343,6351,0.998493499884464,1.5836181640625,1.011008238219143,1.3140520493805157,0.6469860363814924,True
794,6351,6359,0.9991698323503112,1.561309814453125,1.0082576734159683,1.3605917503032074,0.467557570396633,True
795,6359,6367,0.9986110193210103,1.583526611328125,1.0073407241183094,1.4052687483307342,0.6017567725420491,True
796,6367,6375,0.9993445645258385,1.568206787109375,1.0022777330849826,1.5128724287262265,0.3980924441707413,True
797,6375,6383,0.9986173562056667,1.581939697265625,1.0109906066955547,1.3127734738943104,0.6130901058023318,True
798,6383,6391,0.9991408160206038,1.57537841796875,1.0053061375240142,1.4453362705700583,0.4622416684647599,True
799,6391,6399,0.9979407960129206,1.58209228515625,1.0070147784404084,1.406731815256092,0.7371954223184939,True
800,6399,6407,0.9994319555788482,1.571075439453125,1.0008950412985405,1.5491192034287427,0.3765763700442614,True
801,6407,6415,0.9864526730539787,1.5968017578125,1.0099449588791347,1.348674305387492,1.8834961067562876,True
802,6415,6423,0.9993287406594434,1.567291259765625,1.001944311836109,1.519701486268117,0.40352890625255383,True
803,6423,6431,0.9993022333882503,1.569305419921875,1.0046371307451105,1.4546076428162316,0.41943471459504633,True
804,6431,6439,0.9994445344613778,1.564727783203125,1.0011425781548777,1.5364593298791955,0.36454902830833236,True
805,6439,6447,0.9981543294173931,1.5770263671875,1.0091916621493147,1.3491815338927728,0.6660261560200136,True
806,6447,6455,0.9995250458378376,1.556121826171875,1.000330616224444,1.548008238869173,0.33812137485561233,True
807,6455,6463,0.9978381891795884,1.588409423828125,1.0111975371442414,1.3131023496202092,0.7558131305111365,True
808,6463,6471,0.9994765451311657,1.573822021484375,1.0027802558896775,1.5066271022454587,0.3652905423173335,True
809,6471,6479,0.9969988959504561,1.587646484375,1.007039360973785,1.4158751384730761,0.8502205401554958,True
810,6479,6487,0.9993808812561473,1.57647705078125,1.0024380294575954,1.5167091693314767,0.3952717516681495,True
811,6487,6495,0.9991846941836741,1.570892333984375,1.001633671680222,1.5310270656360703,0.45293936231108617,True
812,6495,6503,0.9994526387968834,1.5704345703125,1.000708888157376,1.5531212404678842,0.3731990733260865,True
813,6503,6511,0.9988752464945132,1.578277587890625,1.0081728462150585,1.3767910393633542,0.5361152984613037,True
814,6511,6519,0.9984185676731432,1.57635498046875,1.0043637559290661,1.4702427868091639,0.6300879211654056,True
815,6519,6527,0.9994620143147386,1.56243896484375,1.0010584423415243,1.5366489292915826,0.35969748170264554,True
816,6527,6535,0.9993519226435873,1.57611083984375,1.002946140276929,1.5034022772048776,0.40338411581543626,True
817,6535,6543,0.9930981451417428,1.597930908203125,1.0106905879313668,1.3341874353689174,1.3116701069270407,True
818,6543,6551,0.9979003958433267,1.5736083984375,1.0029929634448602,1.4998690423535208,0.7456017285734011,True
819,6551,6559,0.9995167689996494,1.566619873046875,1.0003134647634504,1.5588891611992484,0.34841428689383697,True
820,6559,6567,0.9977900376209785,1.58941650390625,1.0150294401340434,1.2227739356167526,0.7720950428094208,True
821,6567,6575,0.9993126080802497,1.57696533203125,1.0057124966580926,1.4350667616324422,0.4346316310159996,True
822,6575,6583,0.9994253192547488,1.57452392578125,1.0031032031594946,1.4971872315631474,0.399432657175551,True
823,6583,6591,0.9988787753781697,1.58172607421875,1.0086194245402589,1.368361121132268,0.5528353601111089,True
824,6591,6599,0.9991409690920277,1.5845947265625,1.0034260704997395,1.4990730309544489,0.4735818524822608,True
825,6599,6607,0.9991637953731571,1.570404052734375,1.0031684780401124,1.4916874665081457,0.48182079655059756,True
826,6607,6615,0.999467778339232,1.568023681640625,1.001434345167439,1.5326593780154598,0.37480202558961523,True
827,6615,6623,0.9988761153279259,1.573272705078125,1.0082220105491009,1.3694008174664072,0.5413657208302288,True
828,6623,6631,0.9991235518098928,1.57940673828125,1.005072846130338,1.4532522010944673,0.4985687045405488,True
829,6631,6639,0.999412141668044,1.5816650390625,1.0026142033889396,1.5156777843057212,0.4157812735116081,True
830,6639,6647,0.9990859014717508,1.573944091796875,1.005996929368481,1.4253588565659445,0.5014033791102703,True
831,6647,6655,0.9973624931898774,1.58367919921875,1.0094963803428105,1.3462134681818447,0.8874257934069719,True
832,6655,6663,0.9991318047459444,1.5802001953125,1.0124475218876936,1.269180809610614,0.5295954657386275,True
833,6663,6671,0.9987154918055478,1.60162353515625,1.009525837901095,1.361475789539649,0.639407336129875,True
834,6671,6679,0.9988873924846159,1.57763671875,1.0107760686748883,1.304038754432408,0.5971736227228535,True
835,6679,6687,0.9987717869947621,1.592864990234375,1.0043004465981777,1.4854791587302265,0.5955321022451835,True
836,6687,6695,0.9993116860666419,1.57684326171875,1.0040644879418266,1.4751196767542871,0.44574370413483555,True
837,6695,6703,0.9994864021957274,1.57537841796875,1.003925840242342,1.4762516706924234,0.39959363390806796,True
838,6703,6711,0.999213450432428,1.579559326171875,1.004488176024718,1.4645124232028233,0.5007188872024994,True
839,6711,6719,0.998713523983285,1.578125,1.0105042256312498,1.3075745127818332,0.6588442325478805,True
840,6719,6727,0.9893077646895617,1.604339599609375,1.0118753890736139,1.2998163969540275,1.882324686668806,True
841,6727,6735,0.9994756310534534,1.57275390625,1.002374025941364,1.5125176347572982,0.406293034179164,True
842,6735,6743,0.9990235928370059,1.588104248046875,1.0073243296932066,1.4003823128090778,0.5488164999925571,True
843,6743,6751,0.9993626452451044,1.57159423828125,1.0047456682704914,1.4515439509037356,0.4433355066403074,True
844,6751,6759,0.998546890549727,1.590484619140625,1.007803338125274,1.392091272313552,0.6571232243994081,True
845,6759,6767,0.9992707996078133,1.581573486328125,1.00482780056515,1.4604884823283166,0.464524638852669,True
846,6767,6775,0.9993418389625613,1.5880126953125,1.005568809592397,1.4488026522975008,0.4408337820929984,True
847,6775,6783,0.9983131684799951,1.58062744140625,1.0055381237728211,1.4430170315685547,0.7009156256572207,True
848,6783,6791,0.9974030235604581,1.59515380859375,1.013310819826441,1.265232497816264,0.880340260531976,True
849,6791,6799,0.9994110245205701,1.568450927734375,1.0026005063274361,1.5032613735339337,0.39085053969632355,True
850,6799,6807,0.9986020551828175,1.577423095703125,1.0120995704911109,1.279025488107169,0.6051673998698319,True
851,6807,6815,0.993295434331219,1.592559814453125,1.0117782747862425,1.2974505531730283,1.389015215512135,True
852,6815,6823,0.9989177757869245,1.58984375,1.0119723761774828,1.2892102522015203,0.5604675035598925,True
853,6823,6831,0.9992312639561539,1.567779541015625,1.0025429282119414,1.5042247278675491,0.4468003719402974,True
854,6831,6839,0.9990186437935015,1.57208251953125,1.0091381845867373,1.3425308095818975,0.5369321293162316,True
855,6839,6847,0.9987561083607479,1.579345703125,1.0121096696685228,1.2761427532898333,0.5834706608264555,True
856,6847,6855,0.9990219245032925,1.577667236328125,1.0086857264273974,1.3582574848630553,0.5358292665801898,True
857,6855,6863,0.9993252410540548,1.572601318359375,1.0058942428411444,1.4260919331539346,0.4528259748644634,True
858,6863,6871,0.997939556742485,1.583892822265625,1.0206603176123954,1.0700210144001208,0.7852297600353594,True
859,6871,6879,0.9993212242632971,1.5860595703125,1.0095623945431298,1.348593050063252,0.46416936649440477,True
860,6879,6887,0.9982059312981446,1.602081298828125,1.019052603225383,1.1231712545645254,0.7490138737492087,True
861,6887,6895,0.9973843262648256,1.60321044921875,1.026468263943463,0.9431435776769879,0.9186052007848623,True
862,6895,6903,0.9992729060821217,1.56878662109375,1.0038260660739529,1.4733467760031944,0.4552477451295879,True
863,6903,6911,0.999042856551368,1.584228515625,1.0088318695620884,1.3629617210150378,0.512112432043774,True
864,6911,6919,0.9991534751398047,1.575042724609375,1.00596954666888,1.4265580847935826,0.49555331098415756,True
865,6919,6927,0.9992856312591996,1.582672119140625,1.0048891894428216,1.4597651360339596,0.44401689019792107,True
866,6927,6935,0.9991296861100666,1.588775634765625,1.0060838333459505,1.4370758221290152,0.504745176782633,True
867,6935,6943,0.9992777422125526,1.57318115234375,1.0065511237874543,1.4095194136768303,0.457007382701561,True
868,6943,6951,0.9988995480680423,1.590118408203125,1.008839012091279,1.3670652583217056,0.57555323225066,True
869,6951,6959,0.9991193085945711,1.58251953125,1.0075136144501866,1.3950405425652843,0.4961404901206468,True
870,6959,6967,0.9886104776251337,1.60882568359375,1.019305918105373,1.1298623992892005,1.8432759886787455,True
871,6967,6975,0.9994523916158247,1.5694580078125,1.004038962606955,1.4679499831044813,0.3940493468369398,True
872,6975,6983,0.9862475707050368,1.6116943359375,1.0194757480228316,1.1227204010503518,2.0116126519287705,True
873,6983,6991,0.9993688955839277,1.5699462890625,1.0027403103305161,1.5019841174876989,0.412859996881341,True
874,6991,6999,0.9993666104651966,1.56683349609375,1.0037771954355679,1.472180215284141,0.4192739261451258,True
875,6999,7007,0.9988435370559942,1.5789794921875,1.0081582619225251,1.3771172830920555,0.5725619255591737,True
876,7007,7015,0.9995309638825531,1.5582275390625,1.0011638597145074,1.5291809137242156,0.3609428305774115,True
877,7015,7023,0.9992051877400653,1.575439453125,1.0073526396553716,1.3918640021982114,0.4896248643433562,True
878,7023,7031,0.9990669927165667,1.576873779296875,1.00804469162798,1.3722563308660434,0.5281936986409246,True
879,7031,7039,0.997602370419158,1.59112548828125,1.014008650136958,1.2360843561511263,0.8464332529538476,True
880,7039,7047,0.9989673267547061,1.582855224609375,1.0067967941985885,1.4127534608155017,0.5402557648947806,True
881,7047,7055,0.9981130033064884,1.591552734375,1.0101056911048572,1.338979538626385,0.7383516358564737,True
882,7055,7063,0.9992505565319122,1.591278076171875,1.0029181680262282,1.5175158756839826,0.46581916888993563,True
883,7063,7071,0.9991395036295854,1.574615478515625,1.0046217588204478,1.4597921063263082,0.4919177822787227,True
884,7071,7079,0.9972167124812754,1.593963623046875,1.0163723825749067,1.1847135164844866,0.8871675589681445,True
885,7079,7087,0.9995361464692655,1.567169189453125,1.0015475979140285,1.528883568559851,0.35483178884426664,True
886,7087,7095,0.9992485883860911,1.57208251953125,1.004724283123212,1.454882293893745,0.44218634755633673,True
887,7095,7103,0.9990825028819386,1.578582763671875,1.0060894327520367,1.4236454652592767,0.5131554201073442,True
888,7103,7111,0.9992809981154386,1.57745361328125,1.004899828485106,1.4543947677894888,0.4515506155012217,True
889,7111,7119,0.9992302918919548,1.56658935546875,1.0030196984784194,1.4914704853549694,0.45658957504640835,True
890,7119,7127,0.9994388668605722,1.569580078125,1.0015567216097385,1.530942521413747,0.392262693197447,True
891,7127,7135,0.9975466552128439,1.58575439453125,1.006497718140252,1.4246189957557518,0.822650375521661,True
892,7135,7143,0.9986104629149355,1.5850830078125,1.0073995741281068,1.4009093059083761,0.6161490950098016,True
893,7143,7151,0.9988321761730158,1.58447265625,1.0139820357792324,1.2365295593404448,0.5993714715006235,True
894,7151,7159,0.9988187616716219,1.5819091796875,1.0071985627801154,1.4035997602963524,0.5697129025284146,True
895,7159,7167,0.9991631691750053,1.5789794921875,1.0073023347537808,1.3959032209391953,0.48708575757367184,True
896,7167,7175,0.9988428697281702,1.58087158203125,1.010638812585162,1.3123720819152243,0.5821459954557622,True
897,7175,7183,0.9991380675517911,1.57568359375,1.005737926147077,1.4282275771075337,0.5080472625728831,True
898,7183,7191,0.9801771814489714,1.6197509765625,1.0167235467569735,1.1933229901940832,2.467771068858433,True
899,7191,7199,0.9989535326943116,1.575897216796875,1.0099516535865753,1.3212623783941169,0.5531971265550187,True
900,7199,7207,0.9978488367684302,1.5888671875,1.012017743231938,1.2847120722317305,0.7972531679639068,True
901,7207,7215,0.999505365657842,1.571746826171875,1.002292065845291,1.5132224138334605,0.37960052925506144,True
902,7215,7223,0.998816997961799,1.586578369140625,1.009643860506985,1.3433784424327189,0.58312744315347,True
903,7223,7231,0.9991815319030499,1.575164794921875,1.0066216399650638,1.4081718767538296,0.49074059032028244,True
904,7231,7239,0.998184968700861,1.59381103515625,1.0209785302851033,1.06629651840527,0.7607240659868326,True
905,7239,7247,0.9987084435878464,1.587677001953125,1.0077894921856236,1.392331380952006,0.5979632019898952,True
906,7247,7255,0.9992428706441928,1.57415771484375,1.0025873071687565,1.5093959193594157,0.4520085360128874,True
907,7255,7263,0.999083544649194,1.5770263671875,1.004589648311404,1.4633546953675185,0.503013634103744,True
908,7263,7271,0.9986414262852021,1.572509765625,1.0041322259551384,1.4686623673964851,0.6174658011489117,True
909,7271,7279,0.9989095322896505,1.577392578125,1.0070903894814187,1.4020196878997646,0.5438344185853214,True
910,7279,7287,0.9973504852014797,1.58050537109375,1.0059180124856166,1.4330979527989582,0.8404529587037685,True
911,7287,7295,0.9981700408005368,1.5789794921875,1.0079260822366423,1.3806600519664354,0.7107957407285521,True
912,7295,7303,0.9994724091148317,1.572906494140625,1.0006383102920826,1.5570144418133862,0.37057807060483494,True
913,7303,7311,0.9986789787888354,1.576019287109375,1.0086045575692657,1.35936210493236,0.5919694609833773,True
914,7311,7319,0.9994571560097223,1.564910888671875,1.0018991309832967,1.5168168222590621,0.37845454480165214,True
915,7319,7327,0.9990819180584181,1.576171875,1.0049388692021646,1.4533958792060797,0.48346885648258375,True
916,7327,7335,0.9993105382079797,1.57171630859375,1.0040809457316588,1.4694542946318891,0.418526106108253,True
917,7335,7343,0.9991132338448464,1.57861328125,1.0044777774370988,1.4654506569200527,0.47105187893178546,True
918,7343,7351,0.9993660503333854,1.563201904296875,1.0022408209112756,1.506885892404945,0.4035635789955071,True
919,7351,7359,0.999020972073412,1.577545166015625,1.0012193068141289,1.5470900684880193,0.49742073798253855,True
920,7359,7367,0.9994601144632022,1.56591796875,1.0018161914781556,1.520734884857353,0.3692709209801141,True
921,7367,7375,0.9995002654012725,1.572052001953125,1.0017182569498033,1.5291866613477811,0.3573823348156162,True
922,7375,7383,0.9921250821857155,1.594451904296875,1.0039708149777518,1.4950262987133096,1.4456063448897165,True
923,7383,7391,0.9976545729034069,1.584503173828125,1.0036089299248905,1.495206938742273,0.7773974897431358,True
924,7391,7399,0.9993442534387017,1.5706787109375,1.003795253699519,1.47507695591256,0.4163213375784806,True
925,7399,7407,0.999024355795744,1.577972412109375,1.0066804832252734,1.4097752225606266,0.5136263277301601,True
926,7407,7415,0.9991188717624674,1.5732421875,1.0060636502252278,1.4221335368432886,0.4775580747582484,True
927,7415,7423,0.998978168386662,1.583099365234375,1.0083983520411377,1.3734078823571696,0.5259646958665883,True
928,7423,7431,0.9993764834435531,1.57305908203125,1.003524935697118,1.484273258145162,0.4206537047885495,True
929,7431,7439,0.9994239467921224,1.582611083984375,1.0027121223181974,1.5154525358100914,0.38862176888460837,True
930,7439,7447,0.9992945307114269,1.57781982421875,1.0054560362755705,1.440486156245064,0.4461957540217941,True
931,7447,7455,0.9927149773480158,1.603668212890625,1.0106872886580922,1.336440661565129,1.3563899081764308,True
932,7455,7463,0.9994665676207187,1.56781005859375,0.9999660000861001,1.568658896410092,0.37042790517030755,True
933,7463,7471,0.9993927802667171,1.57330322265625,1.003786102416079,1.4783939264276222,0.40058150742404297,True
934,7471,7479,0.996886090407277,1.584991455078125,1.005573112351552,1.4461400344636928,0.9348203788230863,True
935,7479,7487,0.9990348254790381,1.573394775390625,1.0035351225096731,1.48563607111828,0.498847149484696,True
936,7487,7495,0.9989524290015902,1.593353271484375,1.00860497564688,1.3776603447815081,0.553092611413031,True
937,7495,7503,0.9995471463088448,1.5704345703125,1.0005899164946626,1.555785241403074,0.3416560007252208,True
938,7503,7511,0.9990920723526737,1.571563720703125,1.003769922405756,1.4787304169015085,0.4775250617788987,True
939,7511,7519,0.9979114842224973,1.585540771484375,1.0039927532019908,1.4867555878400056,0.7259463627561289,True
940,7519,7527,0.995110554434325,1.591552734375,1.009302137980262,1.3570234889595594,1.179153682705446,True
941,7527,7535,0.998726502038756,1.5758056640625,1.0035333951138272,1.4887565590237652,0.5708426818141517,True
942,7535,7543,0.9991673754102933,1.578277587890625,1.0023203465647785,1.5199633727632873,0.45891909061354275,True
943,7543,7551,0.9992689125931185,1.569793701171875,1.0022175146094263,1.5151147905976312,0.43165694168819435,True
944,7551,7559,0.9994570698652616,1.564056396484375,1.001019961629666,1.53884406431724,0.36498886129966307,True
945,7559,7567,0.9988702164291893,1.571319580078125,1.0020855730911316,1.5203254467887293,0.5326457965456578,True
946,7567,7575,0.9987891695847327,1.584747314453125,1.0065681105355866,1.4230318460963012,0.5536412735632966,True
947,7575,7583,0.999253379666199,1.573211669921875,1.004114198314428,1.47299124035798,0.42170491458597487,True
948,7583,7591,0.9994812614539521,1.565887451171875,1.0015310102765387,1.5282210380973473,0.3583610377474968,True
949,7591,7599,0.9995017754117083,1.5736083984375,1.0008206332422218,1.553098878404234,0.35640759183836007,True
950,7599,7607,0.9987767734799504,1.58880615234375,1.0053287005397842,1.456420923070456,0.5656485556097111,True
951,7607,7615,0.9994408220218011,1.569915771484375,1.002853926850332,1.4997565331921876,0.37151390687500274,True
952,7615,7623,0.999452439639737,1.5604248046875,1.0016118903145181,1.5204830992901728,0.36446896794656103,True
953,7623,7631,0.9991292200319124,1.578521728515625,1.0065808928382671,1.4153114489686482,0.46766391472484387,True
954,7631,7639,0.999237925950024,1.576416015625,1.0033173016091619,1.4942536789678136,0.4384761540338631,True
955,7639,7647,0.9990564832909112,1.5733642578125,1.0047818324536464,1.4553156877119793,0.48349446452973105,True
956,7647,7655,0.9991073254311075,1.57354736328125,1.0035350561962824,1.4861257083539396,0.4709761523502265,True
957,7655,7663,0.9990630584643666,1.575836181640625,1.0053611437184733,1.4421290806039795,0.4962896048580335,True
958,7663,7671,0.9995016168495777,1.58154296875,1.0017428059788516,1.5387118949587326,0.3646916087523213,True
959,7671,7679,0.9987836372118607,1.579071044921875,1.0052859987135512,1.4463388880768655,0.5835023336942115,True
960,7679,7687,0.9937111911103632,1.59637451171875,1.008684506635037,1.378680369782138,1.2844116623921689,True
961,7687,7695,0.9991563385513311,1.58001708984375,1.0046787740034775,1.4630086167076277,0.4824116961523875,True
962,7695,7703,0.9923739977549452,1.6016845703125,1.0201714467399663,1.096081052691548,1.5279225642473342,True
963,7703,7711,0.9994181887351364,1.5736083984375,1.0016651625252784,1.5324836405088067,0.3962965261073298,True
964,7711,7719,0.9994672445200447,1.568328857421875,1.0032452125430142,1.4868205233302414,0.394927053286637,True
965,7719,7727,0.9991392720948228,1.584991455078125,1.0055991076447293,1.444059790022507,0.5032074042980376,True
966,7727,7735,0.9965297566538438,1.58697509765625,1.006033355262421,1.4369222675185513,0.973152591551751,True
967,7735,7743,0.9986611806166962,1.587860107421875,1.0071234546715648,1.4093178725770823,0.6313965548181469,True
968,7743,7751,0.9966511820047075,1.58123779296875,1.0046165068500488,1.466363582691045,0.968094622443287,True
969,7751,7759,0.9992631485425809,1.569183349609375,1.0022274069621764,1.5141623599247465,0.4531589458976001,True
970,7759,7767,0.9992240162232354,1.579345703125,1.0050508572610497,1.4535120290030337,0.46352120233170724,True
971,7767,7775,0.9995500410051213,1.56005859375,1.0012912744951916,1.5273577607149333,0.36334699106369606,True
972,7775,7783,0.9987973615057955,1.5870361328125,1.0076714937808027,1.394532395135405,0.6017432930344759,True
973,7783,7791,0.9989672380610217,1.5810546875,1.009233545204511,1.3484126305894546,0.5760239774562181,True
974,7791,7799,0.9969009831691796,1.58837890625,1.0119561401942947,1.2872035026492104,0.9760652730476195,True
975,7799,7807,0.9990168522203957,1.57916259765625,1.007452011043759,1.3918675981642596,0.5564051697642639,True
976,7807,7815,0.9990973227767085,1.573211669921875,1.0085659994445815,1.3560185685871888,0.5232482024402768,True
977,7815,7823,0.9987669280972536,1.578887939453125,1.012944482655389,1.2519959036016437,0.6214902618744687,True
978,7823,7831,0.9982719420153142,1.575714111328125,1.0131293124619964,1.2458245094025058,0.7332948180301379,True
979,7831,7839,0.9992626917500541,1.58203125,1.0099624863132772,1.328975341551242,0.48701341862133835,True
980,7839,7847,0.9992610360317806,1.582550048828125,1.005049511686286,1.456277892623529,0.4566554682277247,True
981,7847,7855,0.9993740425512239,1.584625244140625,1.0040472125404398,1.483420845960246,0.41720158116924577,True
982,7855,7863,0.9991991280336447,1.57861328125,1.0099431186521226,1.3316010648323622,0.5132383729127418,True
983,7863,7871,0.9981316154506069,1.5816650390625,1.0100595783755708,1.3277380475595426,0.7707054463409758,True
984,7871,7879,0.9993070194679612,1.580963134765625,1.0048578419323264,1.459598475471791,0.4633987553210196,True
985,7879,7887,0.9975733647785078,1.593902587890625,1.0165631225228524,1.1804821365869995,0.8763655040722267,True
986,7887,7895,0.9960263095904636,1.6011962890625,1.01458918569405,1.2377257475761407,1.1147914510474273,True
987,7895,7903,0.9984773273016224,1.58013916015625,1.012209729609504,1.2739487417976987,0.6854206979499368,True
988,7903,7911,0.999391604088309,1.58599853515625,1.0043011342889254,1.478173267356908,0.42415203863598133,True
989,7911,7919,0.9934431772289393,1.59979248046875,1.007216791356142,1.4197722101003825,1.4209379606404384,True
990,7919,7927,0.9975174940682205,1.59625244140625,1.0152066386240632,1.2123971210359206,0.8756326594435715,True
991,7927,7935,0.9990233869471918,1.5855712890625,1.0071513415033284,1.4067746569819537,0.5379749860601556,True
992,7935,7943,0.9991024295913044,1.582061767578125,1.0077312944370667,1.3877320672957778,0.5176253730476763,True
993,7943,7951,0.9987950085834377,1.577911376953125,1.0122801875497354,1.26589725013063,0.6225385425669748,True
994,7951,7959,0.9983227146693002,1.58935546875,1.0075209208838114,1.4017143684183744,0.7083400055117206,True
995,7959,7967,0.9988660782159096,1.58966064453125,1.0065781101160358,1.4241483437424207,0.5555383742501854,True
996,7967,7975,0.9991979632186836,1.584197998046875,1.0083881396676293,1.3768124569387243,0.49606755107022815,True
997,7975,7983,0.9987186054999374,1.58831787109375,1.0118311457949758,1.2925818310534418,0.6132026820069953,True
998,7983,7991,0.9990334805346569,1.585205078125,1.007615505766391,1.3975189305176243,0.519035343531591,True
999,7991,7999,0.9974209554630694,1.589874267578125,1.009309742459828,1.358071965139043,0.8771844625248639,True
