slice_id,group,time_relative_s,mean_local_dff
010323_Slice1,WT,-60.56338028169005,0.09841691702604294
010323_Slice1,WT,-59.1549295774647,0.135599160566926
010323_Slice1,WT,-57.74647887323935,0.0236748019233346
010323_Slice1,WT,-56.338028169014,0.053282272070646286
010323_Slice1,WT,-54.92957746478865,-0.02308362943585962
010323_Slice1,WT,-53.5211267605633,0.016145807458087802
010323_Slice1,WT,-52.11267605633795,-0.025391055271029472
010323_Slice1,WT,-50.7042253521126,0.052071573212742805
010323_Slice1,WT,-49.29577464788725,0.18773394543677568
010323_Slice1,WT,-47.8873239436619,0.11176829971373081
010323_Slice1,WT,-46.47887323943655,0.04943269398063421
010323_Slice1,WT,-45.0704225352112,0.07710327859967947
010323_Slice1,WT,-43.66197183098585,0.09832048323005438
010323_Slice1,WT,-42.2535211267605,0.13230615947395563
010323_Slice1,WT,-40.84507042253515,0.0997157022356987
010323_Slice1,WT,-39.4366197183098,0.10577874630689621
010323_Slice1,WT,-38.02816901408445,0.15093107521533966
010323_Slice1,WT,-36.6197183098591,0.14376467873807997
010323_Slice1,WT,-35.21126760563375,0.1346765886992216
010323_Slice1,WT,-33.8028169014084,0.05536882492015138
010323_Slice1,WT,-32.394366197183054,0.056579697877168655
010323_Slice1,WT,-30.9859154929577,0.06451630592346191
010323_Slice1,WT,-29.57746478873235,0.06865879171527922
010323_Slice1,WT,-28.169014084507,0.0516843874938786
010323_Slice1,WT,-26.76056338028165,0.1272393073886633
010323_Slice1,WT,-25.3521126760563,0.042181093245744705
010323_Slice1,WT,-23.94366197183095,0.01639688783325255
010323_Slice1,WT,-22.5352112676056,0.01501534041017294
010323_Slice1,WT,-21.12676056338025,-0.12510800920426846
010323_Slice1,WT,-19.7183098591549,-0.06634869053959846
010323_Slice1,WT,-18.30985915492955,0.017741783522069454
010323_Slice1,WT,-16.9014084507042,0.005976294167339802
010323_Slice1,WT,-15.49295774647885,-0.04758543171919882
010323_Slice1,WT,-14.0845070422535,0.019359947182238102
010323_Slice1,WT,-12.67605633802815,0.0018317994254175574
010323_Slice1,WT,-11.2676056338028,0.01621480449102819
010323_Slice1,WT,-9.85915492957745,-0.003918969538062811
010323_Slice1,WT,-8.4507042253521,-0.059316004859283566
010323_Slice1,WT,-7.04225352112675,-0.03874139813706279
010323_Slice1,WT,-5.6338028169014,0.08395536011084914
010323_Slice1,WT,-4.22535211267605,0.05169593938626349
010323_Slice1,WT,-2.8169014084507,0.11533453315496445
010323_Slice1,WT,-1.40845070422535,-0.0010845791548490524
010323_Slice1,WT,0.0,0.03941562585532665
010323_Slice1,WT,1.40845070422535,0.0091002038680017
010323_Slice1,WT,2.8169014084507,0.08926604501903057
010323_Slice1,WT,4.22535211267605,-0.024378281959798187
010323_Slice1,WT,5.6338028169014,0.01622446021065116
010323_Slice1,WT,7.04225352112675,0.025348543655127287
010323_Slice1,WT,8.4507042253521,-0.04162698984146118
010323_Slice1,WT,9.85915492957745,0.11092521250247955
010323_Slice1,WT,11.2676056338028,0.20210503786802292
010323_Slice1,WT,12.67605633802815,0.1133480928838253
010323_Slice1,WT,14.0845070422535,0.1825169436633587
010323_Slice1,WT,15.49295774647885,0.20490990579128265
010323_Slice1,WT,16.9014084507042,0.14737002179026604
010323_Slice1,WT,18.30985915492955,0.15626885928213596
010323_Slice1,WT,19.7183098591549,0.16263137571513653
010323_Slice1,WT,21.12676056338025,0.05980591522529721
010323_Slice1,WT,22.5352112676056,0.11653016391210258
010323_Slice1,WT,23.94366197183095,0.22349719144403934
010323_Slice1,WT,25.3521126760563,0.10800182446837425
010323_Slice1,WT,26.76056338028165,0.17573794722557068
010323_Slice1,WT,28.169014084507,0.18652379885315895
010323_Slice1,WT,29.57746478873235,0.20231508370488882
010323_Slice1,WT,30.9859154929577,0.16077652294188738
010323_Slice1,WT,32.394366197183054,0.14410533662885427
010323_Slice1,WT,33.8028169014084,0.2017252780497074
010323_Slice1,WT,35.21126760563375,0.03106867428869009
010323_Slice1,WT,36.6197183098591,0.21656514704227448
010323_Slice1,WT,38.02816901408445,0.07279938843566924
010323_Slice1,WT,39.4366197183098,0.15248739253729582
010323_Slice1,WT,40.84507042253515,0.16977153532207012
010323_Slice1,WT,42.2535211267605,0.20136369951069355
010323_Slice1,WT,43.66197183098585,0.14268295280635357
010323_Slice1,WT,45.0704225352112,0.10044688638299704
010323_Slice1,WT,46.47887323943655,0.10131036303937435
010323_Slice1,WT,47.8873239436619,0.10653133713640273
010323_Slice1,WT,49.29577464788725,0.13307209266349673
010323_Slice1,WT,50.7042253521126,0.11386236874386668
010323_Slice1,WT,52.11267605633795,0.06469334848225117
010323_Slice1,WT,53.5211267605633,0.04757411847822368
010323_Slice1,WT,54.92957746478865,0.11495357379317284
010323_Slice1,WT,56.338028169014,0.14280687924474478
010323_Slice1,WT,57.74647887323935,0.1605639731278643
010323_Slice1,WT,59.1549295774647,0.1393643133342266
010323_Slice1,WT,60.56338028169005,0.040792771615087986
010323_Slice1,WT,61.9718309859154,0.14365814253687859
010323_Slice1,WT,63.38028169014075,0.12356835603713989
010323_Slice1,WT,64.78873239436611,0.13752147764898837
010323_Slice1,WT,66.19718309859145,0.12836130149662495
010323_Slice1,WT,67.6056338028168,0.14607804641127586
010323_Slice1,WT,69.01408450704216,0.16371745616197586
010323_Slice1,WT,70.4225352112675,0.15744606032967567
010323_Slice1,WT,71.83098591549285,0.13194476999342442
010323_Slice1,WT,73.2394366197182,0.027391076204366982
010323_Slice1,WT,74.64788732394355,0.15182118769735098
010323_Slice1,WT,76.0563380281689,0.16939754039049149
010323_Slice1,WT,77.46478873239425,0.13079789001494646
010323_Slice1,WT,78.8732394366196,0.11985250748693943
010323_Slice1,WT,80.28169014084494,0.11026289314031601
010323_Slice1,WT,81.6901408450703,0.07969423197209835
010323_Slice1,WT,83.09859154929565,0.13352578226476908
010323_Slice1,WT,84.507042253521,0.3091917596757412
010323_Slice1,WT,85.91549295774635,0.14594842586666346
010323_Slice1,WT,87.3239436619717,0.19723097793757915
010323_Slice1,WT,88.73239436619706,0.19184044376015663
010323_Slice1,WT,90.1408450704224,0.09444285416975617
010323_Slice1,WT,91.54929577464775,0.18114767037332058
010323_Slice1,WT,92.9577464788731,0.1613349486142397
010323_Slice1,WT,94.36619718309845,0.19282542169094086
010323_Slice1,WT,95.7746478873238,0.13313459232449532
010323_Slice1,WT,97.18309859154915,0.20867260545492172
010323_Slice1,WT,98.5915492957745,0.19743920816108584
010323_Slice1,WT,99.99999999999986,0.20724904909729958
010323_Slice1,WT,101.4084507042252,0.2809813357889652
010323_Slice1,WT,102.81690140845055,0.3008416034281254
010323_Slice1,WT,104.2253521126759,0.21305010467767715
010323_Slice1,WT,105.63380281690125,0.1693732999265194
010323_Slice1,WT,107.0422535211266,0.17482615634799004
010323_Slice1,WT,108.45070422535196,0.15165271889418364
010323_Slice1,WT,109.8591549295773,0.274494681507349
010323_Slice1,WT,111.26760563380265,0.23686089552938938
010323_Slice1,WT,112.676056338028,0.11031859321519732
010323_Slice1,WT,114.08450704225335,0.0691164517775178
010323_Slice1,WT,115.4929577464787,0.10130596114322543
010323_Slice1,WT,116.90140845070405,0.2160942330956459
010323_Slice1,WT,118.3098591549294,0.11933055019471794
010323_Slice1,WT,119.71830985915476,0.20696229860186577
010323_Slice1,WT,121.1267605633801,0.09101433074101806
010323_Slice1,WT,122.53521126760545,0.17346950847422704
010323_Slice1,WT,123.9436619718308,0.08703428646549582
010323_Slice1,WT,125.35211267605615,0.10428207647055387
010323_Slice1,WT,126.7605633802815,0.07360793626867235
010323_Slice1,WT,128.16901408450684,0.11794080212712288
010323_Slice1,WT,129.57746478873221,0.12738982401788235
010323_Slice1,WT,130.98591549295756,0.1890302635729313
010323_Slice1,WT,132.3943661971829,0.13594608614221215
010323_Slice1,WT,133.80281690140825,0.13355710241012275
010323_Slice1,WT,135.2112676056336,0.18759211525321007
010323_Slice1,WT,136.61971830985894,0.165781625546515
010323_Slice1,WT,138.0281690140843,0.14005710370838642
010323_Slice1,WT,139.43661971830966,0.271510174497962
010323_Slice1,WT,140.845070422535,0.20013145543634892
010323_Slice1,WT,142.25352112676035,0.2294664904475212
010323_Slice1,WT,143.6619718309857,0.05700127221643925
010323_Slice1,WT,145.07042253521107,0.1253885217010975
010323_Slice1,WT,146.4788732394364,0.1651390716433525
010323_Slice1,WT,147.88732394366176,0.10053282510489225
010323_Slice1,WT,149.2957746478871,0.17551065422594547
010323_Slice1,WT,150.70422535211245,0.07871932256966829
010323_Slice1,WT,152.1126760563378,0.17474563233554363
010323_Slice1,WT,153.52112676056316,0.09191059321165085
010323_Slice1,WT,154.9295774647885,0.14614243828691542
010323_Slice1,WT,156.33802816901385,0.10103364428505301
010323_Slice1,WT,157.7464788732392,0.19777829945087433
010323_Slice1,WT,159.15492957746454,0.09896573796868324
010323_Slice1,WT,160.5633802816899,0.06479428010061383
010323_Slice1,WT,161.97183098591526,0.22245581075549126
010323_Slice1,WT,163.3802816901406,0.13723721913993359
010323_Slice1,WT,164.78873239436595,0.14216250367462635
010323_Slice1,WT,166.1971830985913,0.10772907454520464
010323_Slice1,WT,167.60563380281664,0.12987939699087292
010323_Slice1,WT,169.014084507042,0.1009227188769728
010323_Slice1,WT,170.42253521126736,0.12033347226679325
010323_Slice1,WT,171.8309859154927,0.17472251877188683
010323_Slice1,WT,173.23943661971805,0.15478986920788884
010323_Slice1,WT,174.6478873239434,0.016181867569684982
010323_Slice1,WT,176.05633802816874,0.20435736211948097
010323_Slice1,WT,177.4647887323941,0.2444655206054449
010323_Slice1,WT,178.87323943661946,0.20455873478204012
010323_Slice1,WT,180.2816901408448,0.11222590878605843
010323_Slice1,cKO,-60.56338028169005,0.0010261568240821362
010323_Slice1,cKO,-59.1549295774647,0.04122875595930964
010323_Slice1,cKO,-57.74647887323935,-0.03410296665970236
010323_Slice1,cKO,-56.338028169014,0.03575483651366085
010323_Slice1,cKO,-54.92957746478865,0.022346899495460093
010323_Slice1,cKO,-53.5211267605633,0.04184797336347401
010323_Slice1,cKO,-52.11267605633795,0.014546536564012058
010323_Slice1,cKO,-50.7042253521126,0.11093367173452862
010323_Slice1,cKO,-49.29577464788725,0.0750711620785296
010323_Slice1,cKO,-47.8873239436619,0.1526184305548668
010323_Slice1,cKO,-46.47887323943655,0.07262936292681843
010323_Slice1,cKO,-45.0704225352112,0.12502062576822937
010323_Slice1,cKO,-43.66197183098585,0.07659701514057815
010323_Slice1,cKO,-42.2535211267605,0.04942734492942691
010323_Slice1,cKO,-40.84507042253515,0.03009997447952628
010323_Slice1,cKO,-39.4366197183098,0.10548744373954833
010323_Slice1,cKO,-38.02816901408445,0.16725730523467064
010323_Slice1,cKO,-36.6197183098591,0.0926455051812809
010323_Slice1,cKO,-35.21126760563375,0.09547721070703119
010323_Slice1,cKO,-33.8028169014084,0.0664712234865874
010323_Slice1,cKO,-32.394366197183054,0.10314278298756108
010323_Slice1,cKO,-30.9859154929577,0.09171998128294945
010323_Slice1,cKO,-29.57746478873235,0.05456873727962375
010323_Slice1,cKO,-28.169014084507,0.12735209008678794
010323_Slice1,cKO,-26.76056338028165,0.08247480040881783
010323_Slice1,cKO,-25.3521126760563,0.047472253325395286
010323_Slice1,cKO,-23.94366197183095,0.02509658131748438
010323_Slice1,cKO,-22.5352112676056,0.028112646425142884
010323_Slice1,cKO,-21.12676056338025,0.01465911092236638
010323_Slice1,cKO,-19.7183098591549,0.023782398602634203
010323_Slice1,cKO,-18.30985915492955,-0.05916231396258809
010323_Slice1,cKO,-16.9014084507042,0.015047492808662355
010323_Slice1,cKO,-15.49295774647885,-0.0280120144598186
010323_Slice1,cKO,-14.0845070422535,0.00799439156844528
010323_Slice1,cKO,-12.67605633802815,-0.02525283582508564
010323_Slice1,cKO,-11.2676056338028,0.04412802803562954
010323_Slice1,cKO,-9.85915492957745,-0.005552805028855801
010323_Slice1,cKO,-8.4507042253521,0.016438016784377396
010323_Slice1,cKO,-7.04225352112675,0.048336765030398965
010323_Slice1,cKO,-5.6338028169014,0.026521472493186593
010323_Slice1,cKO,-4.22535211267605,0.022256471129367128
010323_Slice1,cKO,-2.8169014084507,0.016243897145614028
010323_Slice1,cKO,-1.40845070422535,0.06312344793695956
010323_Slice1,cKO,0.0,0.010639816988259554
010323_Slice1,cKO,1.40845070422535,0.05775148735847324
010323_Slice1,cKO,2.8169014084507,0.04394189175218344
010323_Slice1,cKO,4.22535211267605,0.07802183006424457
010323_Slice1,cKO,5.6338028169014,0.028225477086380124
010323_Slice1,cKO,7.04225352112675,0.08759925607591867
010323_Slice1,cKO,8.4507042253521,0.026382243260741234
010323_Slice1,cKO,9.85915492957745,0.054539578035473824
010323_Slice1,cKO,11.2676056338028,0.08765631821006536
010323_Slice1,cKO,12.67605633802815,0.12924838718026876
010323_Slice1,cKO,14.0845070422535,0.04463801940437406
010323_Slice1,cKO,15.49295774647885,0.1388860405422747
010323_Slice1,cKO,16.9014084507042,0.11818818951724097
010323_Slice1,cKO,18.30985915492955,0.14498267229646444
010323_Slice1,cKO,19.7183098591549,0.14224254863802344
010323_Slice1,cKO,21.12676056338025,0.13682757620699704
010323_Slice1,cKO,22.5352112676056,0.15213575400412083
010323_Slice1,cKO,23.94366197183095,0.16127032972872257
010323_Slice1,cKO,25.3521126760563,0.14931433435413055
010323_Slice1,cKO,26.76056338028165,0.17821737052872777
010323_Slice1,cKO,28.169014084507,0.19939237646758556
010323_Slice1,cKO,29.57746478873235,0.09742121491581202
010323_Slice1,cKO,30.9859154929577,0.15301524475216866
010323_Slice1,cKO,32.394366197183054,0.1309396382421255
010323_Slice1,cKO,33.8028169014084,0.11834775534225628
010323_Slice1,cKO,35.21126760563375,0.08329461794346571
010323_Slice1,cKO,36.6197183098591,0.1536109670996666
010323_Slice1,cKO,38.02816901408445,0.12847484136000276
010323_Slice1,cKO,39.4366197183098,0.09172604396007955
010323_Slice1,cKO,40.84507042253515,0.11243815602210816
010323_Slice1,cKO,42.2535211267605,0.19925951212644577
010323_Slice1,cKO,43.66197183098585,0.15743126906454563
010323_Slice1,cKO,45.0704225352112,0.12790011847391725
010323_Slice1,cKO,46.47887323943655,0.1280832295306027
010323_Slice1,cKO,47.8873239436619,0.1655513532459736
010323_Slice1,cKO,49.29577464788725,0.08822119131218642
010323_Slice1,cKO,50.7042253521126,0.08462671464076266
010323_Slice1,cKO,52.11267605633795,0.12359419622225687
010323_Slice1,cKO,53.5211267605633,0.1211127107962966
010323_Slice1,cKO,54.92957746478865,0.13465648761484772
010323_Slice1,cKO,56.338028169014,0.14069128036499023
010323_Slice1,cKO,57.74647887323935,0.1147076211636886
010323_Slice1,cKO,59.1549295774647,0.07692837319336832
010323_Slice1,cKO,60.56338028169005,0.11379699991084635
010323_Slice1,cKO,61.9718309859154,0.1935122599825263
010323_Slice1,cKO,63.38028169014075,0.11206844646949321
010323_Slice1,cKO,64.78873239436611,0.12329550599679351
010323_Slice1,cKO,66.19718309859145,0.14473737124353647
010323_Slice1,cKO,67.6056338028168,0.14499553269706666
010323_Slice1,cKO,69.01408450704216,0.12945900694467127
010323_Slice1,cKO,70.4225352112675,0.10949614620767534
010323_Slice1,cKO,71.83098591549285,0.09005609294399619
010323_Slice1,cKO,73.2394366197182,0.13054503640159965
010323_Slice1,cKO,74.64788732394355,0.1083225894253701
010323_Slice1,cKO,76.0563380281689,0.1326654041185975
010323_Slice1,cKO,77.46478873239425,0.0921166050247848
010323_Slice1,cKO,78.8732394366196,0.13496029237285256
010323_Slice1,cKO,80.28169014084494,0.1359864929690957
010323_Slice1,cKO,81.6901408450703,0.12145568616688251
010323_Slice1,cKO,83.09859154929565,0.16381290089339018
010323_Slice1,cKO,84.507042253521,0.10898468212690204
010323_Slice1,cKO,85.91549295774635,0.09187982528237626
010323_Slice1,cKO,87.3239436619717,0.13465178292244673
010323_Slice1,cKO,88.73239436619706,0.11105795577168465
010323_Slice1,cKO,90.1408450704224,0.14605963742360473
010323_Slice1,cKO,91.54929577464775,0.16088097158353776
010323_Slice1,cKO,92.9577464788731,0.09902819839771837
010323_Slice1,cKO,94.36619718309845,0.1381297716870904
010323_Slice1,cKO,95.7746478873238,0.0750142801553011
010323_Slice1,cKO,97.18309859154915,0.08714119513751939
010323_Slice1,cKO,98.5915492957745,0.12638440052978694
010323_Slice1,cKO,99.99999999999986,0.09383521974086761
010323_Slice1,cKO,101.4084507042252,0.14495133142918348
010323_Slice1,cKO,102.81690140845055,0.18891081865876913
010323_Slice1,cKO,104.2253521126759,0.1656735627911985
010323_Slice1,cKO,105.63380281690125,0.16891104355454445
010323_Slice1,cKO,107.0422535211266,0.09885133960051462
010323_Slice1,cKO,108.45070422535196,0.142933778835868
010323_Slice1,cKO,109.8591549295773,0.11708121839910746
010323_Slice1,cKO,111.26760563380265,0.1278703799471259
010323_Slice1,cKO,112.676056338028,0.13511020014993846
010323_Slice1,cKO,114.08450704225335,0.11944391019642353
010323_Slice1,cKO,115.4929577464787,0.08754542842507362
010323_Slice1,cKO,116.90140845070405,0.10178370373870393
010323_Slice1,cKO,118.3098591549294,0.07588858110830188
010323_Slice1,cKO,119.71830985915476,0.04068464657757431
010323_Slice1,cKO,121.1267605633801,0.12600701861083508
010323_Slice1,cKO,122.53521126760545,0.1206358321942389
010323_Slice1,cKO,123.9436619718308,0.06446930405218154
010323_Slice1,cKO,125.35211267605615,0.027536796871572733
010323_Slice1,cKO,126.7605633802815,0.09990596058196388
010323_Slice1,cKO,128.16901408450684,0.12997044157236814
010323_Slice1,cKO,129.57746478873221,0.0962635453324765
010323_Slice1,cKO,130.98591549295756,0.07410515088122338
010323_Slice1,cKO,132.3943661971829,0.08044382813386619
010323_Slice1,cKO,133.80281690140825,0.16492242482490838
010323_Slice1,cKO,135.2112676056336,0.050579725531861186
010323_Slice1,cKO,136.61971830985894,0.04631808219710365
010323_Slice1,cKO,138.0281690140843,0.11257456248131348
010323_Slice1,cKO,139.43661971830966,0.11388362280558795
010323_Slice1,cKO,140.845070422535,0.1162311538355425
010323_Slice1,cKO,142.25352112676035,0.12975069507956505
010323_Slice1,cKO,143.6619718309857,0.1352502964437008
010323_Slice1,cKO,145.07042253521107,0.07842039677780122
010323_Slice1,cKO,146.4788732394364,0.12432685017120093
010323_Slice1,cKO,147.88732394366176,0.12349736969918013
010323_Slice1,cKO,149.2957746478871,0.12539090123027563
010323_Slice1,cKO,150.70422535211245,0.1838927548378706
010323_Slice1,cKO,152.1126760563378,0.17116545978933573
010323_Slice1,cKO,153.52112676056316,0.1400663717649877
010323_Slice1,cKO,154.9295774647885,0.22326671914197505
010323_Slice1,cKO,156.33802816901385,0.17825527203967795
010323_Slice1,cKO,157.7464788732392,0.18506168574094772
010323_Slice1,cKO,159.15492957746454,0.1622407124377787
010323_Slice1,cKO,160.5633802816899,0.15628099715104327
010323_Slice1,cKO,161.97183098591526,0.19972732570022345
010323_Slice1,cKO,163.3802816901406,0.2133039589971304
010323_Slice1,cKO,164.78873239436595,0.1680723016615957
010323_Slice1,cKO,166.1971830985913,0.20306485635228455
010323_Slice1,cKO,167.60563380281664,0.13271537818945944
010323_Slice1,cKO,169.014084507042,0.14042092021554708
010323_Slice1,cKO,170.42253521126736,0.14455346786417067
010323_Slice1,cKO,171.8309859154927,0.07264244463294744
010323_Slice1,cKO,173.23943661971805,0.15990880131721497
010323_Slice1,cKO,174.6478873239434,0.15223086066544056
010323_Slice1,cKO,176.05633802816874,0.1491001546382904
010323_Slice1,cKO,177.4647887323941,0.16521697503048927
010323_Slice1,cKO,178.87323943661946,0.2019641459628474
010323_Slice1,cKO,180.2816901408448,0.12648662712308578
010323_Slice2,WT,-60.56338028169005,0.11564868688583374
010323_Slice2,WT,-59.1549295774647,0.13425930216908455
010323_Slice2,WT,-57.74647887323935,0.1166094234213233
010323_Slice2,WT,-56.338028169014,0.09081646869890392
010323_Slice2,WT,-54.92957746478865,0.043653552420437336
010323_Slice2,WT,-53.5211267605633,0.18169381842017174
010323_Slice2,WT,-52.11267605633795,0.12364828959107399
010323_Slice2,WT,-50.7042253521126,0.12280302122235298
010323_Slice2,WT,-49.29577464788725,0.03478460572659969
010323_Slice2,WT,-47.8873239436619,0.08225612249225378
010323_Slice2,WT,-46.47887323943655,0.0554708088748157
010323_Slice2,WT,-45.0704225352112,0.07349057774990797
010323_Slice2,WT,-43.66197183098585,0.12714311946183443
010323_Slice2,WT,-42.2535211267605,0.10176176484674215
010323_Slice2,WT,-40.84507042253515,0.05631267698481679
010323_Slice2,WT,-39.4366197183098,0.13134527462534606
010323_Slice2,WT,-38.02816901408445,0.09890292899217457
010323_Slice2,WT,-36.6197183098591,0.009921393124386668
010323_Slice2,WT,-35.21126760563375,0.024110843587550335
010323_Slice2,WT,-33.8028169014084,0.058754549361765385
010323_Slice2,WT,-32.394366197183054,0.005494825774803758
010323_Slice2,WT,-30.9859154929577,0.04201918747276068
010323_Slice2,WT,-29.57746478873235,0.021629268769174814
010323_Slice2,WT,-28.169014084507,-0.002965904539451003
010323_Slice2,WT,-26.76056338028165,0.02088877628557384
010323_Slice2,WT,-25.3521126760563,-0.004649213515222073
010323_Slice2,WT,-23.94366197183095,-0.002485159842763096
010323_Slice2,WT,-22.5352112676056,-0.07996540598105639
010323_Slice2,WT,-21.12676056338025,-0.05331060476601124
010323_Slice2,WT,-19.7183098591549,-0.0559779517352581
010323_Slice2,WT,-18.30985915492955,-0.09353436902165413
010323_Slice2,WT,-16.9014084507042,-0.08908612420782447
010323_Slice2,WT,-15.49295774647885,-0.10382575541734695
010323_Slice2,WT,-14.0845070422535,-0.05217773513868451
010323_Slice2,WT,-12.67605633802815,-0.046268675359897316
010323_Slice2,WT,-11.2676056338028,0.0021902271546423435
010323_Slice2,WT,-9.85915492957745,-0.013687699567526579
010323_Slice2,WT,-8.4507042253521,-0.028675329871475697
010323_Slice2,WT,-7.04225352112675,-0.04712219024077058
010323_Slice2,WT,-5.6338028169014,0.02955591821228154
010323_Slice2,WT,-4.22535211267605,0.030265827663242817
010323_Slice2,WT,-2.8169014084507,0.004270225763320923
010323_Slice2,WT,-1.40845070422535,0.0416999168228358
010323_Slice2,WT,0.0,0.017512718361103907
010323_Slice2,WT,1.40845070422535,0.04347730125300586
010323_Slice2,WT,2.8169014084507,-0.028956834954442456
010323_Slice2,WT,4.22535211267605,0.042338262777775526
010323_Slice2,WT,5.6338028169014,-0.030526743736118078
010323_Slice2,WT,7.04225352112675,-0.003989331773482263
010323_Slice2,WT,8.4507042253521,0.027254910208284855
010323_Slice2,WT,9.85915492957745,0.07943821139633656
010323_Slice2,WT,11.2676056338028,0.049214624799788
010323_Slice2,WT,12.67605633802815,0.04385052447923954
010323_Slice2,WT,14.0845070422535,0.07499536057002842
010323_Slice2,WT,15.49295774647885,0.08241237886250019
010323_Slice2,WT,16.9014084507042,0.2311051196884364
010323_Slice2,WT,18.30985915492955,0.25668349489569664
010323_Slice2,WT,19.7183098591549,0.3013387508690357
010323_Slice2,WT,21.12676056338025,0.32571707107126713
010323_Slice2,WT,22.5352112676056,0.3629445591941476
010323_Slice2,WT,23.94366197183095,0.2606510976329446
010323_Slice2,WT,25.3521126760563,0.286071234382689
010323_Slice2,WT,26.76056338028165,0.2620956520549953
010323_Slice2,WT,28.169014084507,0.25975857791490853
010323_Slice2,WT,29.57746478873235,0.222266286611557
010323_Slice2,WT,30.9859154929577,0.20746530685573816
010323_Slice2,WT,32.394366197183054,0.15379472158383578
010323_Slice2,WT,33.8028169014084,0.10825939290225506
010323_Slice2,WT,35.21126760563375,0.07454739231616259
010323_Slice2,WT,36.6197183098591,0.0030236560851335526
010323_Slice2,WT,38.02816901408445,0.11107514332979918
010323_Slice2,WT,39.4366197183098,0.06942080846056342
010323_Slice2,WT,40.84507042253515,0.1069461904335185
010323_Slice2,WT,42.2535211267605,0.12041922705247998
010323_Slice2,WT,43.66197183098585,0.18943757005035877
010323_Slice2,WT,45.0704225352112,0.12332274059735937
010323_Slice2,WT,46.47887323943655,0.10578579874709249
010323_Slice2,WT,47.8873239436619,0.03020573186222464
010323_Slice2,WT,49.29577464788725,0.09755295841023326
010323_Slice2,WT,50.7042253521126,0.1489519439637661
010323_Slice2,WT,52.11267605633795,0.10795406997203827
010323_Slice2,WT,53.5211267605633,0.046983225736767054
010323_Slice2,WT,54.92957746478865,0.06666211225092411
010323_Slice2,WT,56.338028169014,0.08674689964391291
010323_Slice2,WT,57.74647887323935,0.05739694042131305
010323_Slice2,WT,59.1549295774647,0.09235700638964772
010323_Slice2,WT,60.56338028169005,0.10227925889194012
010323_Slice2,WT,61.9718309859154,0.054862486314959824
010323_Slice2,WT,63.38028169014075,0.08759317902149633
010323_Slice2,WT,64.78873239436611,0.1465395065024495
010323_Slice2,WT,66.19718309859145,0.20793007034808397
010323_Slice2,WT,67.6056338028168,0.2205768981948495
010323_Slice2,WT,69.01408450704216,0.16130164824426174
010323_Slice2,WT,70.4225352112675,0.10847533028572798
010323_Slice2,WT,71.83098591549285,0.15340676391497254
010323_Slice2,WT,73.2394366197182,0.2148168757557869
010323_Slice2,WT,74.64788732394355,0.12896352913230658
010323_Slice2,WT,76.0563380281689,0.12081974186003208
010323_Slice2,WT,77.46478873239425,0.13603401742875576
010323_Slice2,WT,78.8732394366196,0.128265923820436
010323_Slice2,WT,80.28169014084494,0.13372467271983624
010323_Slice2,WT,81.6901408450703,0.21394144743680954
010323_Slice2,WT,83.09859154929565,0.10347039671614766
010323_Slice2,WT,84.507042253521,0.10818973422283307
010323_Slice2,WT,85.91549295774635,0.18340295925736427
010323_Slice2,WT,87.3239436619717,0.10637929034419358
010323_Slice2,WT,88.73239436619706,0.14095908007584512
010323_Slice2,WT,90.1408450704224,0.1283532795496285
010323_Slice2,WT,91.54929577464775,0.1318262943532318
010323_Slice2,WT,92.9577464788731,0.11331095010973513
010323_Slice2,WT,94.36619718309845,0.1251316424459219
010323_Slice2,WT,95.7746478873238,0.13439634907990694
010323_Slice2,WT,97.18309859154915,0.15264388918876648
010323_Slice2,WT,98.5915492957745,0.1292518489062786
010323_Slice2,WT,99.99999999999986,0.11122930189594626
010323_Slice2,WT,101.4084507042252,0.17700839787721634
010323_Slice2,WT,102.81690140845055,0.11328346002846956
010323_Slice2,WT,104.2253521126759,0.15112021379172802
010323_Slice2,WT,105.63380281690125,0.17795453406870365
010323_Slice2,WT,107.0422535211266,0.19239638070575893
010323_Slice2,WT,108.45070422535196,0.14643913879990578
010323_Slice2,WT,109.8591549295773,0.14355872385203838
010323_Slice2,WT,111.26760563380265,0.14111804962158203
010323_Slice2,WT,112.676056338028,0.15724399127066135
010323_Slice2,WT,114.08450704225335,0.07318602129817009
010323_Slice2,WT,115.4929577464787,0.1219835274387151
010323_Slice2,WT,116.90140845070405,0.11654179380275309
010323_Slice2,WT,118.3098591549294,0.17969154473394156
010323_Slice2,WT,119.71830985915476,0.12786924513056874
010323_Slice2,WT,121.1267605633801,0.17337582260370255
010323_Slice2,WT,122.53521126760545,0.18005064688622952
010323_Slice2,WT,123.9436619718308,0.1411468805745244
010323_Slice2,WT,125.35211267605615,0.17171071097254753
010323_Slice2,WT,126.7605633802815,0.11564414855092764
010323_Slice2,WT,128.16901408450684,0.22099172696471214
010323_Slice2,WT,129.57746478873221,0.15856335498392582
010323_Slice2,WT,130.98591549295756,0.24420408811420202
010323_Slice2,WT,132.3943661971829,0.14564401470124722
010323_Slice2,WT,133.80281690140825,0.22896426916122437
010323_Slice2,WT,135.2112676056336,0.22354627400636673
010323_Slice2,WT,136.61971830985894,0.18634844198822975
010323_Slice2,WT,138.0281690140843,0.14167738147079945
010323_Slice2,WT,139.43661971830966,0.13943183980882168
010323_Slice2,WT,140.845070422535,0.050115627236664295
010323_Slice2,WT,142.25352112676035,0.09244099206156875
010323_Slice2,WT,143.6619718309857,0.10284911934286356
010323_Slice2,WT,145.07042253521107,0.13755687605589628
010323_Slice2,WT,146.4788732394364,0.06067179306410253
010323_Slice2,WT,147.88732394366176,0.1218598447740078
010323_Slice2,WT,149.2957746478871,0.06353856157511473
010323_Slice2,WT,150.70422535211245,0.10278912947978824
010323_Slice2,WT,152.1126760563378,0.051716895308345556
010323_Slice2,WT,153.52112676056316,0.054734647274017334
010323_Slice2,WT,154.9295774647885,0.14453010074794292
010323_Slice2,WT,156.33802816901385,0.09008213318884373
010323_Slice2,WT,157.7464788732392,0.16266841441392899
010323_Slice2,WT,159.15492957746454,0.05688294268111349
010323_Slice2,WT,160.5633802816899,0.08654258213937283
010323_Slice2,WT,161.97183098591526,0.08891396410763264
010323_Slice2,WT,163.3802816901406,0.008440862409770489
010323_Slice2,WT,164.78873239436595,0.055535970837809145
010323_Slice2,WT,166.1971830985913,0.03556238976307213
010323_Slice2,WT,167.60563380281664,-0.07565450621768832
010323_Slice2,WT,169.014084507042,-0.06663178093731403
010323_Slice2,WT,170.42253521126736,0.022834246512502432
010323_Slice2,WT,171.8309859154927,-0.016563866287469864
010323_Slice2,WT,173.23943661971805,0.0664131942903623
010323_Slice2,WT,174.6478873239434,0.025794195011258125
010323_Slice2,WT,176.05633802816874,0.05597716377815232
010323_Slice2,WT,177.4647887323941,0.047402589581906796
010323_Slice2,WT,178.87323943661946,0.09622281789779663
010323_Slice2,WT,180.2816901408448,0.057049763621762395
010323_Slice2,cKO,-60.56338028169005,0.1006645031273365
010323_Slice2,cKO,-59.1549295774647,0.06425735503435134
010323_Slice2,cKO,-57.74647887323935,0.1067256711423397
010323_Slice2,cKO,-56.338028169014,0.14321066737174987
010323_Slice2,cKO,-54.92957746478865,0.0746045783162117
010323_Slice2,cKO,-53.5211267605633,0.06330613121390342
010323_Slice2,cKO,-52.11267605633795,0.0831246318295598
010323_Slice2,cKO,-50.7042253521126,0.10888206660747528
010323_Slice2,cKO,-49.29577464788725,0.04281388819217682
010323_Slice2,cKO,-47.8873239436619,0.06270434390753507
010323_Slice2,cKO,-46.47887323943655,0.08263739738613367
010323_Slice2,cKO,-45.0704225352112,0.09269104991108179
010323_Slice2,cKO,-43.66197183098585,0.09062382355332374
010323_Slice2,cKO,-42.2535211267605,0.07092423662543297
010323_Slice2,cKO,-40.84507042253515,0.08074628338217735
010323_Slice2,cKO,-39.4366197183098,0.09002114608883857
010323_Slice2,cKO,-38.02816901408445,0.11122102364897728
010323_Slice2,cKO,-36.6197183098591,-0.0024790555238723756
010323_Slice2,cKO,-35.21126760563375,0.026666110008955003
010323_Slice2,cKO,-33.8028169014084,0.032745102327317
010323_Slice2,cKO,-32.394366197183054,0.012526660412549972
010323_Slice2,cKO,-30.9859154929577,0.06552783548831939
010323_Slice2,cKO,-29.57746478873235,-0.0021684419363737105
010323_Slice2,cKO,-28.169014084507,-0.005766925401985645
010323_Slice2,cKO,-26.76056338028165,-0.037768112914636734
010323_Slice2,cKO,-25.3521126760563,-0.06970995962619782
010323_Slice2,cKO,-23.94366197183095,-0.03437517313286662
010323_Slice2,cKO,-22.5352112676056,-0.04045186117291451
010323_Slice2,cKO,-21.12676056338025,-0.060545526939677075
010323_Slice2,cKO,-19.7183098591549,-0.06991513967514038
010323_Slice2,cKO,-18.30985915492955,-0.05546870920807123
010323_Slice2,cKO,-16.9014084507042,-0.07705946750938893
010323_Slice2,cKO,-15.49295774647885,-0.07797074690461159
010323_Slice2,cKO,-14.0845070422535,-0.02958582192659378
010323_Slice2,cKO,-12.67605633802815,-0.08302411511540413
010323_Slice2,cKO,-11.2676056338028,-0.0018056062050163745
010323_Slice2,cKO,-9.85915492957745,-0.02024799380451441
010323_Slice2,cKO,-8.4507042253521,0.037518809689208864
010323_Slice2,cKO,-7.04225352112675,-0.011703211395069957
010323_Slice2,cKO,-5.6338028169014,-0.011342936754226684
010323_Slice2,cKO,-4.22535211267605,0.02706388374790549
010323_Slice2,cKO,-2.8169014084507,0.018564168468583376
010323_Slice2,cKO,-1.40845070422535,-0.0052126491442322734
010323_Slice2,cKO,0.0,0.035415919683873656
010323_Slice2,cKO,1.40845070422535,-0.025625286527792925
010323_Slice2,cKO,2.8169014084507,-0.011715910956263542
010323_Slice2,cKO,4.22535211267605,0.0679936371743679
010323_Slice2,cKO,5.6338028169014,0.006495471298694611
010323_Slice2,cKO,7.04225352112675,0.031691839185077696
010323_Slice2,cKO,8.4507042253521,0.05273632109165192
010323_Slice2,cKO,9.85915492957745,0.08440170735120774
010323_Slice2,cKO,11.2676056338028,0.024375883489847185
010323_Slice2,cKO,12.67605633802815,0.013143818534445018
010323_Slice2,cKO,14.0845070422535,-0.030066076666116714
010323_Slice2,cKO,15.49295774647885,-0.044604900479316714
010323_Slice2,cKO,16.9014084507042,-0.011799288436304779
010323_Slice2,cKO,18.30985915492955,-0.023683952540159224
010323_Slice2,cKO,19.7183098591549,-0.026819523074664176
010323_Slice2,cKO,21.12676056338025,-0.046866167522966865
010323_Slice2,cKO,22.5352112676056,-0.05819307081401348
010323_Slice2,cKO,23.94366197183095,-0.017144423350691794
010323_Slice2,cKO,25.3521126760563,-0.06844413988292217
010323_Slice2,cKO,26.76056338028165,-0.0002739761024713516
010323_Slice2,cKO,28.169014084507,-0.022897402197122572
010323_Slice2,cKO,29.57746478873235,-0.04487235620617867
010323_Slice2,cKO,30.9859154929577,-0.01712402105331421
010323_Slice2,cKO,32.394366197183054,-0.05481923781335354
010323_Slice2,cKO,33.8028169014084,-0.15568896159529685
010323_Slice2,cKO,35.21126760563375,-0.13039755821228027
010323_Slice2,cKO,36.6197183098591,-0.17954076118767262
010323_Slice2,cKO,38.02816901408445,-0.0984708085656166
010323_Slice2,cKO,39.4366197183098,-0.0756033431738615
010323_Slice2,cKO,40.84507042253515,0.01048528179526329
010323_Slice2,cKO,42.2535211267605,-0.05463104546070099
010323_Slice2,cKO,43.66197183098585,-0.054560071125160904
010323_Slice2,cKO,45.0704225352112,-0.016959483921527862
010323_Slice2,cKO,46.47887323943655,0.017970480024814606
010323_Slice2,cKO,47.8873239436619,-0.07614650726318359
010323_Slice2,cKO,49.29577464788725,-0.01636749687604606
010323_Slice2,cKO,50.7042253521126,0.03552749902009964
010323_Slice2,cKO,52.11267605633795,-0.005588962510228157
010323_Slice2,cKO,53.5211267605633,0.010029483027756214
010323_Slice2,cKO,54.92957746478865,0.022068730695173143
010323_Slice2,cKO,56.338028169014,0.027818846702575683
010323_Slice2,cKO,57.74647887323935,0.00228013563901186
010323_Slice2,cKO,59.1549295774647,0.021328376606106758
010323_Slice2,cKO,60.56338028169005,-0.003378835879266262
010323_Slice2,cKO,61.9718309859154,0.013836125656962395
010323_Slice2,cKO,63.38028169014075,0.05338152162730694
010323_Slice2,cKO,64.78873239436611,0.09966840110719204
010323_Slice2,cKO,66.19718309859145,0.1014015331864357
010323_Slice2,cKO,67.6056338028168,0.15553047955036164
010323_Slice2,cKO,69.01408450704216,0.09382725358009339
010323_Slice2,cKO,70.4225352112675,0.0975418098270893
010323_Slice2,cKO,71.83098591549285,0.10436338633298874
010323_Slice2,cKO,73.2394366197182,0.09311327817849815
010323_Slice2,cKO,74.64788732394355,0.10054842932149768
010323_Slice2,cKO,76.0563380281689,0.08891923651099205
010323_Slice2,cKO,77.46478873239425,0.059403131157159804
010323_Slice2,cKO,78.8732394366196,0.0797423381358385
010323_Slice2,cKO,80.28169014084494,0.0852362211793661
010323_Slice2,cKO,81.6901408450703,0.08639145828783512
010323_Slice2,cKO,83.09859154929565,0.09678466453624424
010323_Slice2,cKO,84.507042253521,0.06971910744905471
010323_Slice2,cKO,85.91549295774635,0.12077594324946403
010323_Slice2,cKO,87.3239436619717,0.1066246995702386
010323_Slice2,cKO,88.73239436619706,0.14480337053537368
010323_Slice2,cKO,90.1408450704224,0.1434809138998389
010323_Slice2,cKO,91.54929577464775,0.16622762978076935
010323_Slice2,cKO,92.9577464788731,0.15007540881633757
010323_Slice2,cKO,94.36619718309845,0.18590376642532647
010323_Slice2,cKO,95.7746478873238,0.1681194745004177
010323_Slice2,cKO,97.18309859154915,0.1823486752808094
010323_Slice2,cKO,98.5915492957745,0.08708558827638627
010323_Slice2,cKO,99.99999999999986,0.07906122207641601
010323_Slice2,cKO,101.4084507042252,0.13682200163602828
010323_Slice2,cKO,102.81690140845055,0.1738036811351776
010323_Slice2,cKO,104.2253521126759,0.13315371051430702
010323_Slice2,cKO,105.63380281690125,0.09408880844712257
010323_Slice2,cKO,107.0422535211266,0.13970491290092468
010323_Slice2,cKO,108.45070422535196,0.09047960489988327
010323_Slice2,cKO,109.8591549295773,0.07752169868908823
010323_Slice2,cKO,111.26760563380265,0.12485140785574914
010323_Slice2,cKO,112.676056338028,0.11723416894674302
010323_Slice2,cKO,114.08450704225335,0.09866619114764034
010323_Slice2,cKO,115.4929577464787,0.15848561152815818
010323_Slice2,cKO,116.90140845070405,0.14229907486587762
010323_Slice2,cKO,118.3098591549294,0.11085957773029805
010323_Slice2,cKO,119.71830985915476,0.09358103293925524
010323_Slice2,cKO,121.1267605633801,0.0705297414213419
010323_Slice2,cKO,122.53521126760545,0.05141790714114904
010323_Slice2,cKO,123.9436619718308,0.10848117992281914
010323_Slice2,cKO,125.35211267605615,0.07849388774484396
010323_Slice2,cKO,126.7605633802815,0.12459377124905587
010323_Slice2,cKO,128.16901408450684,0.13782864809036255
010323_Slice2,cKO,129.57746478873221,0.10653859656304121
010323_Slice2,cKO,130.98591549295756,0.1710030645132065
010323_Slice2,cKO,132.3943661971829,0.09977348167449236
010323_Slice2,cKO,133.80281690140825,0.1413362830877304
010323_Slice2,cKO,135.2112676056336,0.1229845181107521
010323_Slice2,cKO,136.61971830985894,0.08999758511781693
010323_Slice2,cKO,138.0281690140843,0.05966906249523163
010323_Slice2,cKO,139.43661971830966,0.06621605791151523
010323_Slice2,cKO,140.845070422535,0.05580524019896984
010323_Slice2,cKO,142.25352112676035,0.0775682533159852
010323_Slice2,cKO,143.6619718309857,0.09550708085298538
010323_Slice2,cKO,145.07042253521107,0.013962645456194878
010323_Slice2,cKO,146.4788732394364,0.01611230066046119
010323_Slice2,cKO,147.88732394366176,0.053358076605945826
010323_Slice2,cKO,149.2957746478871,0.11527820080518722
010323_Slice2,cKO,150.70422535211245,0.015285530593246222
010323_Slice2,cKO,152.1126760563378,0.06297063864767552
010323_Slice2,cKO,153.52112676056316,0.06111587807536125
010323_Slice2,cKO,154.9295774647885,0.04273112155497074
010323_Slice2,cKO,156.33802816901385,0.09444401040673256
010323_Slice2,cKO,157.7464788732392,0.028264546021819114
010323_Slice2,cKO,159.15492957746454,0.026302528381347657
010323_Slice2,cKO,160.5633802816899,0.01275293603539467
010323_Slice2,cKO,161.97183098591526,0.06911012092605233
010323_Slice2,cKO,163.3802816901406,-0.0008762586861848831
010323_Slice2,cKO,164.78873239436595,0.02674063131271396
010323_Slice2,cKO,166.1971830985913,0.014976985100656749
010323_Slice2,cKO,167.60563380281664,-0.03209083899855614
010323_Slice2,cKO,169.014084507042,0.014830564148724079
010323_Slice2,cKO,170.42253521126736,0.05528368391096592
010323_Slice2,cKO,171.8309859154927,0.004779908061027527
010323_Slice2,cKO,173.23943661971805,0.002331330627202988
010323_Slice2,cKO,174.6478873239434,-0.0021957096643745897
010323_Slice2,cKO,176.05633802816874,0.0423817589879036
010323_Slice2,cKO,177.4647887323941,0.04432082362473011
010323_Slice2,cKO,178.87323943661946,0.08372081704437732
010323_Slice2,cKO,180.2816901408448,0.04660790041089058
010323_Slice3,WT,-60.56338028169005,0.10140946294580187
010323_Slice3,WT,-59.1549295774647,0.03830173851123878
010323_Slice3,WT,-57.74647887323935,0.093903993123344
010323_Slice3,WT,-56.338028169014,0.0475800455148731
010323_Slice3,WT,-54.92957746478865,0.14342813619545527
010323_Slice3,WT,-53.5211267605633,0.17148711745228087
010323_Slice3,WT,-52.11267605633795,0.196787729659783
010323_Slice3,WT,-50.7042253521126,0.17499033574547088
010323_Slice3,WT,-49.29577464788725,0.10107656248978206
010323_Slice3,WT,-47.8873239436619,0.14382811955043248
010323_Slice3,WT,-46.47887323943655,0.13591596537402698
010323_Slice3,WT,-45.0704225352112,0.10146630435649838
010323_Slice3,WT,-43.66197183098585,0.09178191616332956
010323_Slice3,WT,-42.2535211267605,0.06210667992542897
010323_Slice3,WT,-40.84507042253515,0.034050424716302326
010323_Slice3,WT,-39.4366197183098,0.16051216583166802
010323_Slice3,WT,-38.02816901408445,0.17284248782587902
010323_Slice3,WT,-36.6197183098591,0.25773400494030546
010323_Slice3,WT,-35.21126760563375,0.08868892331208501
010323_Slice3,WT,-33.8028169014084,0.14966934653265135
010323_Slice3,WT,-32.394366197183054,0.15796755786452973
010323_Slice3,WT,-30.9859154929577,0.05740586721471378
010323_Slice3,WT,-29.57746478873235,0.10250241123139858
010323_Slice3,WT,-28.169014084507,0.05923637055924961
010323_Slice3,WT,-26.76056338028165,0.23802629299461842
010323_Slice3,WT,-25.3521126760563,0.08445428431566272
010323_Slice3,WT,-23.94366197183095,0.12783028105539934
010323_Slice3,WT,-22.5352112676056,0.15109213361782686
010323_Slice3,WT,-21.12676056338025,-0.11794366075524262
010323_Slice3,WT,-19.7183098591549,-0.05584450651492391
010323_Slice3,WT,-18.30985915492955,-0.0823018407183034
010323_Slice3,WT,-16.9014084507042,-0.023251998895180544
010323_Slice3,WT,-15.49295774647885,-0.04763726025287594
010323_Slice3,WT,-14.0845070422535,-0.030606132416453744
010323_Slice3,WT,-12.67605633802815,-0.06440472097269126
010323_Slice3,WT,-11.2676056338028,-0.10669061701212611
010323_Slice3,WT,-9.85915492957745,0.03856266150251031
010323_Slice3,WT,-8.4507042253521,0.016454716878277913
010323_Slice3,WT,-7.04225352112675,0.0370294490629541
010323_Slice3,WT,-5.6338028169014,0.017566101226423467
010323_Slice3,WT,-4.22535211267605,0.001968447118997574
010323_Slice3,WT,-2.8169014084507,-0.05224213110549109
010323_Slice3,WT,-1.40845070422535,-0.15637701536927903
010323_Slice3,WT,0.0,-0.032366011823926656
010323_Slice3,WT,1.40845070422535,-0.14106023418051855
010323_Slice3,WT,2.8169014084507,-0.04110637014465673
010323_Slice3,WT,4.22535211267605,0.11280880070158414
010323_Slice3,WT,5.6338028169014,0.3067468708114965
010323_Slice3,WT,7.04225352112675,0.5904400176036039
010323_Slice3,WT,8.4507042253521,0.7553258298763207
010323_Slice3,WT,9.85915492957745,0.8774627463093826
010323_Slice3,WT,11.2676056338028,0.7785595183792923
010323_Slice3,WT,12.67605633802815,0.8829188793897629
010323_Slice3,WT,14.0845070422535,0.7886296494730881
010323_Slice3,WT,15.49295774647885,0.6241408474410751
010323_Slice3,WT,16.9014084507042,0.7049115560948849
010323_Slice3,WT,18.30985915492955,0.6230985253517117
010323_Slice3,WT,19.7183098591549,0.5704290850886277
010323_Slice3,WT,21.12676056338025,0.5427686486925397
010323_Slice3,WT,22.5352112676056,0.5414126057709966
010323_Slice3,WT,23.94366197183095,0.6083465924020857
010323_Slice3,WT,25.3521126760563,0.6287039028746741
010323_Slice3,WT,26.76056338028165,0.5940620345728738
010323_Slice3,WT,28.169014084507,0.5768518430579986
010323_Slice3,WT,29.57746478873235,0.5024674241597366
010323_Slice3,WT,30.9859154929577,0.5066104781414781
010323_Slice3,WT,32.394366197183054,0.44954516206468853
010323_Slice3,WT,33.8028169014084,0.5472212436475924
010323_Slice3,WT,35.21126760563375,0.47383525861161097
010323_Slice3,WT,36.6197183098591,0.4012022673019341
010323_Slice3,WT,38.02816901408445,0.4736235226903643
010323_Slice3,WT,39.4366197183098,0.4734948292108519
010323_Slice3,WT,40.84507042253515,0.4752021260293467
010323_Slice3,WT,42.2535211267605,0.5106069432305438
010323_Slice3,WT,43.66197183098585,0.40362177587979076
010323_Slice3,WT,45.0704225352112,0.36570800228842665
010323_Slice3,WT,46.47887323943655,0.38288180995732546
010323_Slice3,WT,47.8873239436619,0.47554120421409607
010323_Slice3,WT,49.29577464788725,0.40239530163151876
010323_Slice3,WT,50.7042253521126,0.4247956323836531
010323_Slice3,WT,52.11267605633795,0.5221229876790728
010323_Slice3,WT,53.5211267605633,0.5155713175024305
010323_Slice3,WT,54.92957746478865,0.32272850083453314
010323_Slice3,WT,56.338028169014,0.4334172502692257
010323_Slice3,WT,57.74647887323935,0.38550979750497
010323_Slice3,WT,59.1549295774647,0.22819881021444285
010323_Slice3,WT,60.56338028169005,0.33553302713802885
010323_Slice3,WT,61.9718309859154,0.26515650616160463
010323_Slice3,WT,63.38028169014075,0.27402753702231814
010323_Slice3,WT,64.78873239436611,0.24750589792217528
010323_Slice3,WT,66.19718309859145,0.1988712824303158
010323_Slice3,WT,67.6056338028168,0.324117468503703
010323_Slice3,WT,69.01408450704216,0.29496112891605925
010323_Slice3,WT,70.4225352112675,0.27165617926844526
010323_Slice3,WT,71.83098591549285,0.22541538998484612
010323_Slice3,WT,73.2394366197182,0.33775071586881367
010323_Slice3,WT,74.64788732394355,0.2685250568070582
010323_Slice3,WT,76.0563380281689,0.289225167461804
010323_Slice3,WT,77.46478873239425,0.22460082652313368
010323_Slice3,WT,78.8732394366196,0.24514964063252723
010323_Slice3,WT,80.28169014084494,0.164237452937024
010323_Slice3,WT,81.6901408450703,0.15117363738162176
010323_Slice3,WT,83.09859154929565,0.15689847831215178
010323_Slice3,WT,84.507042253521,0.0868586961712156
010323_Slice3,WT,85.91549295774635,0.21293995383062533
010323_Slice3,WT,87.3239436619717,0.24171301083905355
010323_Slice3,WT,88.73239436619706,0.14194620347448758
010323_Slice3,WT,90.1408450704224,0.13860288122668862
010323_Slice3,WT,91.54929577464775,0.2559508489710944
010323_Slice3,WT,92.9577464788731,0.22626835639987672
010323_Slice3,WT,94.36619718309845,0.12050539095486913
010323_Slice3,WT,95.7746478873238,0.22099743191418902
010323_Slice3,WT,97.18309859154915,0.1869173294731549
010323_Slice3,WT,98.5915492957745,0.19069220757644093
010323_Slice3,WT,99.99999999999986,0.11961038912912565
010323_Slice3,WT,101.4084507042252,0.28325981380684034
010323_Slice3,WT,102.81690140845055,0.14103836193680763
010323_Slice3,WT,104.2253521126759,0.11461222846992314
010323_Slice3,WT,105.63380281690125,0.15955388439553125
010323_Slice3,WT,107.0422535211266,0.13001428225210734
010323_Slice3,WT,108.45070422535196,0.24816630647650786
010323_Slice3,WT,109.8591549295773,0.1921642695670016
010323_Slice3,WT,111.26760563380265,0.20757888044629777
010323_Slice3,WT,112.676056338028,0.23513784844960486
010323_Slice3,WT,114.08450704225335,0.19241765514016151
010323_Slice3,WT,115.4929577464787,0.32122948127133505
010323_Slice3,WT,116.90140845070405,0.20543683533157622
010323_Slice3,WT,118.3098591549294,0.1346286279814584
010323_Slice3,WT,119.71830985915476,0.13573383351571724
010323_Slice3,WT,121.1267605633801,0.2736865050558533
010323_Slice3,WT,122.53521126760545,0.35939432254859377
010323_Slice3,WT,123.9436619718308,0.24360293416040285
010323_Slice3,WT,125.35211267605615,0.2997906005808285
010323_Slice3,WT,126.7605633802815,0.26006641717893736
010323_Slice3,WT,128.16901408450684,0.164902499211686
010323_Slice3,WT,129.57746478873221,0.26801237197858946
010323_Slice3,WT,130.98591549295756,0.32139509277684347
010323_Slice3,WT,132.3943661971829,0.2094128711947373
010323_Slice3,WT,133.80281690140825,0.23927380929567985
010323_Slice3,WT,135.2112676056336,0.2609742528625897
010323_Slice3,WT,136.61971830985894,0.19766293891838618
010323_Slice3,WT,138.0281690140843,0.31516632810235023
010323_Slice3,WT,139.43661971830966,0.2547439443213599
010323_Slice3,WT,140.845070422535,0.2943362444639206
010323_Slice3,WT,142.25352112676035,0.3163796950663839
010323_Slice3,WT,143.6619718309857,0.22123159893921443
010323_Slice3,WT,145.07042253521107,0.2403809159129326
010323_Slice3,WT,146.4788732394364,0.4604042300156185
010323_Slice3,WT,147.88732394366176,0.24802356040371315
010323_Slice3,WT,149.2957746478871,0.21023718693426677
010323_Slice3,WT,150.70422535211245,0.3414980173110962
010323_Slice3,WT,152.1126760563378,0.19082709508282797
010323_Slice3,WT,153.52112676056316,0.3142524627702577
010323_Slice3,WT,154.9295774647885,0.3247994993414198
010323_Slice3,WT,156.33802816901385,0.3663577714136669
010323_Slice3,WT,157.7464788732392,0.21804384461471013
010323_Slice3,WT,159.15492957746454,0.17797722561018808
010323_Slice3,WT,160.5633802816899,0.2069293452160699
010323_Slice3,WT,161.97183098591526,0.18517735919782094
010323_Slice3,WT,163.3802816901406,0.2299088533369026
010323_Slice3,WT,164.78873239436595,0.2693199557917459
010323_Slice3,WT,166.1971830985913,0.2222887591591903
010323_Slice3,WT,167.60563380281664,0.2232987800879138
010323_Slice3,WT,169.014084507042,0.17787272629461118
010323_Slice3,WT,170.42253521126736,0.24475005934281008
010323_Slice3,WT,171.8309859154927,0.07096312833683831
010323_Slice3,WT,173.23943661971805,0.06634166118289743
010323_Slice3,WT,174.6478873239434,0.1039531489035913
010323_Slice3,WT,176.05633802816874,0.0947326019938503
010323_Slice3,WT,177.4647887323941,0.06904049217700958
010323_Slice3,WT,178.87323943661946,0.08433531078376941
010323_Slice3,WT,180.2816901408448,0.23183770384639502
010323_Slice3,cKO,-60.56338028169005,0.043986024955908455
010323_Slice3,cKO,-59.1549295774647,0.0768932265539964
010323_Slice3,cKO,-57.74647887323935,0.10512681623610358
010323_Slice3,cKO,-56.338028169014,0.19726727933933338
010323_Slice3,cKO,-54.92957746478865,0.2097301942606767
010323_Slice3,cKO,-53.5211267605633,0.114369871589588
010323_Slice3,cKO,-52.11267605633795,0.1746955569833517
010323_Slice3,cKO,-50.7042253521126,0.16383370105177164
010323_Slice3,cKO,-49.29577464788725,0.1363166697556153
010323_Slice3,cKO,-47.8873239436619,0.10904815668861072
010323_Slice3,cKO,-46.47887323943655,0.11950919839243095
010323_Slice3,cKO,-45.0704225352112,0.09115129499696195
010323_Slice3,cKO,-43.66197183098585,0.0636437381763244
010323_Slice3,cKO,-42.2535211267605,0.12766835993776718
010323_Slice3,cKO,-40.84507042253515,0.07514405382486682
010323_Slice3,cKO,-39.4366197183098,0.04757967971575757
010323_Slice3,cKO,-38.02816901408445,0.11074635836606224
010323_Slice3,cKO,-36.6197183098591,0.08198884486531217
010323_Slice3,cKO,-35.21126760563375,0.07549431920051575
010323_Slice3,cKO,-33.8028169014084,0.07162293558940291
010323_Slice3,cKO,-32.394366197183054,0.13201704372962317
010323_Slice3,cKO,-30.9859154929577,0.10394066292792559
010323_Slice3,cKO,-29.57746478873235,0.08491037661830585
010323_Slice3,cKO,-28.169014084507,0.09264441051830848
010323_Slice3,cKO,-26.76056338028165,0.08768894046079367
010323_Slice3,cKO,-25.3521126760563,0.05293043958954513
010323_Slice3,cKO,-23.94366197183095,0.07125936875430246
010323_Slice3,cKO,-22.5352112676056,0.05693768011406064
010323_Slice3,cKO,-21.12676056338025,-0.005411265805984537
010323_Slice3,cKO,-19.7183098591549,-0.05526610743254423
010323_Slice3,cKO,-18.30985915492955,-0.02572635287651792
010323_Slice3,cKO,-16.9014084507042,-0.1086925904576977
010323_Slice3,cKO,-15.49295774647885,-0.08173965841221313
010323_Slice3,cKO,-14.0845070422535,-0.05202189757255837
010323_Slice3,cKO,-12.67605633802815,-0.024805177934467793
010323_Slice3,cKO,-11.2676056338028,-0.04723133488247792
010323_Slice3,cKO,-9.85915492957745,-0.019196417704127573
010323_Slice3,cKO,-8.4507042253521,-0.04009122731319318
010323_Slice3,cKO,-7.04225352112675,0.003629276693876212
010323_Slice3,cKO,-5.6338028169014,-0.01946483082914104
010323_Slice3,cKO,-4.22535211267605,-0.050816798427452646
010323_Slice3,cKO,-2.8169014084507,-0.06540759520915647
010323_Slice3,cKO,-1.40845070422535,-0.01911369521015634
010323_Slice3,cKO,0.0,-0.07450121932197362
010323_Slice3,cKO,1.40845070422535,-0.011175267669993142
010323_Slice3,cKO,2.8169014084507,-0.07480164042984445
010323_Slice3,cKO,4.22535211267605,-0.1331176788856586
010323_Slice3,cKO,5.6338028169014,-0.062092928138251104
010323_Slice3,cKO,7.04225352112675,-0.06016728976586213
010323_Slice3,cKO,8.4507042253521,-0.014747470365061114
010323_Slice3,cKO,9.85915492957745,-0.04792439052835107
010323_Slice3,cKO,11.2676056338028,0.02796226126762728
010323_Slice3,cKO,12.67605633802815,0.015725958801340312
010323_Slice3,cKO,14.0845070422535,-0.012265065869238848
010323_Slice3,cKO,15.49295774647885,0.051397964203109346
010323_Slice3,cKO,16.9014084507042,0.06507692292022209
010323_Slice3,cKO,18.30985915492955,0.00623284955509007
010323_Slice3,cKO,19.7183098591549,0.09934285826360185
010323_Slice3,cKO,21.12676056338025,0.03237887813399235
010323_Slice3,cKO,22.5352112676056,0.03447874414268881
010323_Slice3,cKO,23.94366197183095,0.07150627361261286
010323_Slice3,cKO,25.3521126760563,0.21295254522313675
010323_Slice3,cKO,26.76056338028165,0.23522864716748396
010323_Slice3,cKO,28.169014084507,0.24569206420953074
010323_Slice3,cKO,29.57746478873235,0.15252486740549406
010323_Slice3,cKO,30.9859154929577,0.1328339345442752
010323_Slice3,cKO,32.394366197183054,0.17322409145223597
010323_Slice3,cKO,33.8028169014084,0.1783095009935399
010323_Slice3,cKO,35.21126760563375,0.1430373762268573
010323_Slice3,cKO,36.6197183098591,0.11419552060154577
010323_Slice3,cKO,38.02816901408445,0.10172649174637627
010323_Slice3,cKO,39.4366197183098,0.10549539265533288
010323_Slice3,cKO,40.84507042253515,0.16539471402453879
010323_Slice3,cKO,42.2535211267605,0.1883768410771154
010323_Slice3,cKO,43.66197183098585,0.16609076146657267
010323_Slice3,cKO,45.0704225352112,0.19666494335979223
010323_Slice3,cKO,46.47887323943655,0.23419914410139123
010323_Slice3,cKO,47.8873239436619,0.21615639825661978
010323_Slice3,cKO,49.29577464788725,0.23518868628889322
010323_Slice3,cKO,50.7042253521126,0.2222547677035133
010323_Slice3,cKO,52.11267605633795,0.19640490761958063
010323_Slice3,cKO,53.5211267605633,0.15414089422362545
010323_Slice3,cKO,54.92957746478865,0.14596218088020882
010323_Slice3,cKO,56.338028169014,0.10347316020245974
010323_Slice3,cKO,57.74647887323935,0.084946617949754
010323_Slice3,cKO,59.1549295774647,0.08868219470605254
010323_Slice3,cKO,60.56338028169005,0.14838859795903167
010323_Slice3,cKO,61.9718309859154,0.1110449741827324
010323_Slice3,cKO,63.38028169014075,0.14776780968531966
010323_Slice3,cKO,64.78873239436611,0.1102076806128025
010323_Slice3,cKO,66.19718309859145,0.05078590381405471
010323_Slice3,cKO,67.6056338028168,0.05319783726008609
010323_Slice3,cKO,69.01408450704216,0.01218919518093268
010323_Slice3,cKO,70.4225352112675,0.0789178271855538
010323_Slice3,cKO,71.83098591549285,0.055499644950032234
010323_Slice3,cKO,73.2394366197182,0.07021772023290396
010323_Slice3,cKO,74.64788732394355,0.0507570649497211
010323_Slice3,cKO,76.0563380281689,0.11039638076908886
010323_Slice3,cKO,77.46478873239425,0.0962386376534899
010323_Slice3,cKO,78.8732394366196,0.18217804996917644
010323_Slice3,cKO,80.28169014084494,0.14444466369847456
010323_Slice3,cKO,81.6901408450703,0.1977990408971285
010323_Slice3,cKO,83.09859154929565,0.14987247351867458
010323_Slice3,cKO,84.507042253521,0.09937201393768191
010323_Slice3,cKO,85.91549295774635,0.09855711506679654
010323_Slice3,cKO,87.3239436619717,0.10729774890933186
010323_Slice3,cKO,88.73239436619706,0.10756764723919332
010323_Slice3,cKO,90.1408450704224,0.11783559410832822
010323_Slice3,cKO,91.54929577464775,0.049172357035179935
010323_Slice3,cKO,92.9577464788731,0.06978887505829334
010323_Slice3,cKO,94.36619718309845,0.12465043975195537
010323_Slice3,cKO,95.7746478873238,0.12313133594579995
010323_Slice3,cKO,97.18309859154915,0.16426687210332602
010323_Slice3,cKO,98.5915492957745,0.2105708957921403
010323_Slice3,cKO,99.99999999999986,0.2404476727048556
010323_Slice3,cKO,101.4084507042252,0.26348793879151344
010323_Slice3,cKO,102.81690140845055,0.2639200092720178
010323_Slice3,cKO,104.2253521126759,0.24943232039610544
010323_Slice3,cKO,105.63380281690125,0.2074246034026146
010323_Slice3,cKO,107.0422535211266,0.12893550945833945
010323_Slice3,cKO,108.45070422535196,0.17859025113284588
010323_Slice3,cKO,109.8591549295773,0.16377925182071826
010323_Slice3,cKO,111.26760563380265,0.12015012341241042
010323_Slice3,cKO,112.676056338028,0.13926414493471384
010323_Slice3,cKO,114.08450704225335,0.127497683900098
010323_Slice3,cKO,115.4929577464787,0.17357618846775344
010323_Slice3,cKO,116.90140845070405,0.152234346838668
010323_Slice3,cKO,118.3098591549294,0.1742546963505447
010323_Slice3,cKO,119.71830985915476,0.2139199065665404
010323_Slice3,cKO,121.1267605633801,0.2525612333168586
010323_Slice3,cKO,122.53521126760545,0.24399504189689955
010323_Slice3,cKO,123.9436619718308,0.265089459096392
010323_Slice3,cKO,125.35211267605615,0.1615914193292459
010323_Slice3,cKO,126.7605633802815,0.20503733772784472
010323_Slice3,cKO,128.16901408450684,0.23109746563325947
010323_Slice3,cKO,129.57746478873221,0.29924227856099606
010323_Slice3,cKO,130.98591549295756,0.243856418140543
010323_Slice3,cKO,132.3943661971829,0.24862585174075016
010323_Slice3,cKO,133.80281690140825,0.27549164726709324
010323_Slice3,cKO,135.2112676056336,0.2298043656628579
010323_Slice3,cKO,136.61971830985894,0.23881647052864233
010323_Slice3,cKO,138.0281690140843,0.31367064143220585
010323_Slice3,cKO,139.43661971830966,0.3272127023277183
010323_Slice3,cKO,140.845070422535,0.39390799092749756
010323_Slice3,cKO,142.25352112676035,0.3042891239747405
010323_Slice3,cKO,143.6619718309857,0.4568399164515237
010323_Slice3,cKO,145.07042253521107,0.537997975324591
010323_Slice3,cKO,146.4788732394364,0.4679587730206549
010323_Slice3,cKO,147.88732394366176,0.44201528125753003
010323_Slice3,cKO,149.2957746478871,0.5177689163635174
010323_Slice3,cKO,150.70422535211245,0.4626308195681001
010323_Slice3,cKO,152.1126760563378,0.4216406111760686
010323_Slice3,cKO,153.52112676056316,0.4518579052140315
010323_Slice3,cKO,154.9295774647885,0.3735655297835668
010323_Slice3,cKO,156.33802816901385,0.27426492763819016
010323_Slice3,cKO,157.7464788732392,0.32091602093229693
010323_Slice3,cKO,159.15492957746454,0.3376227158684439
010323_Slice3,cKO,160.5633802816899,0.2967103156261146
010323_Slice3,cKO,161.97183098591526,0.2078104365306596
010323_Slice3,cKO,163.3802816901406,0.28894719139983255
010323_Slice3,cKO,164.78873239436595,0.2111374092831587
010323_Slice3,cKO,166.1971830985913,0.19971989002078772
010323_Slice3,cKO,167.60563380281664,0.17891269208242497
010323_Slice3,cKO,169.014084507042,0.21171823050826788
010323_Slice3,cKO,170.42253521126736,0.18746648927723678
010323_Slice3,cKO,171.8309859154927,0.15285733744773702
010323_Slice3,cKO,173.23943661971805,0.19240606389939785
010323_Slice3,cKO,174.6478873239434,0.22332829685183242
010323_Slice3,cKO,176.05633802816874,0.12036196906895687
010323_Slice3,cKO,177.4647887323941,0.11702428059652448
010323_Slice3,cKO,178.87323943661946,0.10130495911774536
010323_Slice3,cKO,180.2816901408448,0.16880600717073926
010423_Slice1,WT,-60.56338028169005,-0.009235669548312822
010423_Slice1,WT,-59.1549295774647,0.05324383204181989
010423_Slice1,WT,-57.74647887323935,0.11455771047621965
010423_Slice1,WT,-56.338028169014,0.22570347506552935
010423_Slice1,WT,-54.92957746478865,0.30665650467077893
010423_Slice1,WT,-53.5211267605633,0.20294870001574358
010423_Slice1,WT,-52.11267605633795,0.12735943108176193
010423_Slice1,WT,-50.7042253521126,0.0330045564721028
010423_Slice1,WT,-49.29577464788725,0.06410608254373074
010423_Slice1,WT,-47.8873239436619,0.0726489598552386
010423_Slice1,WT,-46.47887323943655,0.038308663914601006
010423_Slice1,WT,-45.0704225352112,0.17118042707443237
010423_Slice1,WT,-43.66197183098585,0.07872447806100051
010423_Slice1,WT,-42.2535211267605,0.06572824188818534
010423_Slice1,WT,-40.84507042253515,0.057364599158366524
010423_Slice1,WT,-39.4366197183098,0.22692069659630457
010423_Slice1,WT,-38.02816901408445,0.29640723764896393
010423_Slice1,WT,-36.6197183098591,0.1625880834956964
010423_Slice1,WT,-35.21126760563375,0.20922620594501495
010423_Slice1,WT,-33.8028169014084,0.2852703171471755
010423_Slice1,WT,-32.394366197183054,0.3139691924055417
010423_Slice1,WT,-30.9859154929577,0.15751146959761778
010423_Slice1,WT,-29.57746478873235,0.3216105078657468
010423_Slice1,WT,-28.169014084507,0.20827696472406387
010423_Slice1,WT,-26.76056338028165,0.258686497186621
010423_Slice1,WT,-25.3521126760563,0.24153560027480125
010423_Slice1,WT,-23.94366197183095,0.39815613875786465
010423_Slice1,WT,-22.5352112676056,0.24927744331459203
010423_Slice1,WT,-21.12676056338025,0.38406425605838496
010423_Slice1,WT,-19.7183098591549,0.23255192240079245
010423_Slice1,WT,-18.30985915492955,0.36200133711099625
010423_Slice1,WT,-16.9014084507042,0.32988717158635456
010423_Slice1,WT,-15.49295774647885,0.22787251066377698
010423_Slice1,WT,-14.0845070422535,0.2378293201327324
010423_Slice1,WT,-12.67605633802815,0.17666221658388773
010423_Slice1,WT,-11.2676056338028,0.24397972909112772
010423_Slice1,WT,-9.85915492957745,0.1622607825944821
010423_Slice1,WT,-8.4507042253521,0.27683185537656146
010423_Slice1,WT,-7.04225352112675,0.20782719614605108
010423_Slice1,WT,-5.6338028169014,0.4009434636682272
010423_Slice1,WT,-4.22535211267605,0.4203706309199333
010423_Slice1,WT,-2.8169014084507,0.38628289103507996
010423_Slice1,WT,-1.40845070422535,0.2494080594430367
010423_Slice1,WT,0.0,0.10480367190515001
010423_Slice1,WT,1.40845070422535,0.15854763487974802
010423_Slice1,WT,2.8169014084507,0.08127495056639115
010423_Slice1,WT,4.22535211267605,0.16217838103572527
010423_Slice1,WT,5.6338028169014,0.09304270893335342
010423_Slice1,WT,7.04225352112675,0.181031479810675
010423_Slice1,WT,8.4507042253521,0.39356155941883725
010423_Slice1,WT,9.85915492957745,0.17868390927712122
010423_Slice1,WT,11.2676056338028,0.264151451876387
010423_Slice1,WT,12.67605633802815,0.07578910619486123
010423_Slice1,WT,14.0845070422535,0.1437718835659325
010423_Slice1,WT,15.49295774647885,0.4564787397782008
010423_Slice1,WT,16.9014084507042,0.37751054142912227
010423_Slice1,WT,18.30985915492955,0.6162312775850296
010423_Slice1,WT,19.7183098591549,0.6092458019653956
010423_Slice1,WT,21.12676056338025,0.6152430959045887
010423_Slice1,WT,22.5352112676056,0.7863428456087908
010423_Slice1,WT,23.94366197183095,0.8445011004805565
010423_Slice1,WT,25.3521126760563,0.944094421962897
010423_Slice1,WT,26.76056338028165,0.7382302079349756
010423_Slice1,WT,28.169014084507,0.6864671359459559
010423_Slice1,WT,29.57746478873235,0.743864119052887
010423_Slice1,WT,30.9859154929577,0.7866523956569532
010423_Slice1,WT,32.394366197183054,0.9451116596659025
010423_Slice1,WT,33.8028169014084,0.9705796833150089
010423_Slice1,WT,35.21126760563375,0.7740115045259396
010423_Slice1,WT,36.6197183098591,0.9624260241786639
010423_Slice1,WT,38.02816901408445,0.8710545562207699
010423_Slice1,WT,39.4366197183098,0.8110002651810646
010423_Slice1,WT,40.84507042253515,0.7573478644092878
010423_Slice1,WT,42.2535211267605,0.8282535237570604
010423_Slice1,WT,43.66197183098585,0.9308195114135742
010423_Slice1,WT,45.0704225352112,0.8417057419816653
010423_Slice1,WT,46.47887323943655,0.7684893533587456
010423_Slice1,WT,47.8873239436619,0.7525271673997244
010423_Slice1,WT,49.29577464788725,0.8599610875050226
010423_Slice1,WT,50.7042253521126,0.8300154159466425
010423_Slice1,WT,52.11267605633795,0.8783605173230171
010423_Slice1,WT,53.5211267605633,0.9436293741067251
010423_Slice1,WT,54.92957746478865,0.8298351615667343
010423_Slice1,WT,56.338028169014,0.8508116205533346
010423_Slice1,WT,57.74647887323935,0.9139801015456518
010423_Slice1,WT,59.1549295774647,1.0663524220387142
010423_Slice1,WT,60.56338028169005,0.9179790889223417
010423_Slice1,WT,61.9718309859154,0.9650474314888319
010423_Slice1,WT,63.38028169014075,1.2387244651714961
010423_Slice1,WT,64.78873239436611,1.032644721524169
010423_Slice1,WT,66.19718309859145,1.0037558091183503
010423_Slice1,WT,67.6056338028168,1.2192161977291107
010423_Slice1,WT,69.01408450704216,1.0567211757103603
010423_Slice1,WT,70.4225352112675,1.095351703464985
010423_Slice1,WT,71.83098591549285,1.0665617858370144
010423_Slice1,WT,73.2394366197182,0.9721517066160837
010423_Slice1,WT,74.64788732394355,0.945875475804011
010423_Slice1,WT,76.0563380281689,0.9927787954608599
010423_Slice1,WT,77.46478873239425,0.9692934403816859
010423_Slice1,WT,78.8732394366196,0.9814619310200214
010423_Slice1,WT,80.28169014084494,0.9324675823251406
010423_Slice1,WT,81.6901408450703,0.8388262515266737
010423_Slice1,WT,83.09859154929565,0.9473817854498824
010423_Slice1,WT,84.507042253521,0.8368511994679769
010423_Slice1,WT,85.91549295774635,1.13098785157005
010423_Slice1,WT,87.3239436619717,1.1274905055761337
010423_Slice1,WT,88.73239436619706,1.2440455183386803
010423_Slice1,WT,90.1408450704224,1.1136203159888585
010423_Slice1,WT,91.54929577464775,1.1001426453391712
010423_Slice1,WT,92.9577464788731,0.9905937115351359
010423_Slice1,WT,94.36619718309845,0.6374424944321314
010423_Slice1,WT,95.7746478873238,0.8057287583748499
010423_Slice1,WT,97.18309859154915,0.7884952972332636
010423_Slice1,WT,98.5915492957745,0.7752401113199691
010423_Slice1,WT,99.99999999999986,0.8632460534572601
010423_Slice1,WT,101.4084507042252,0.9058067947626114
010423_Slice1,WT,102.81690140845055,0.8878381252288818
010423_Slice1,WT,104.2253521126759,0.6580764402945837
010423_Slice1,WT,105.63380281690125,0.7821171398585042
010423_Slice1,WT,107.0422535211266,0.7452579711874326
010423_Slice1,WT,108.45070422535196,0.815214624007543
010423_Slice1,WT,109.8591549295773,0.7793704171975454
010423_Slice1,WT,111.26760563380265,0.7117224608858427
010423_Slice1,WT,112.676056338028,0.9036505743861198
010423_Slice1,WT,114.08450704225335,0.7049877760000527
010423_Slice1,WT,115.4929577464787,0.7227703705430031
010423_Slice1,WT,116.90140845070405,0.5402616101006666
010423_Slice1,WT,118.3098591549294,0.6788398012480078
010423_Slice1,WT,119.71830985915476,0.6729363563160101
010423_Slice1,WT,121.1267605633801,0.7322276867926121
010423_Slice1,WT,122.53521126760545,0.9302443464597067
010423_Slice1,WT,123.9436619718308,0.8180678884188334
010423_Slice1,WT,125.35211267605615,0.7719378384451071
010423_Slice1,WT,126.7605633802815,0.5618380308151245
010423_Slice1,WT,128.16901408450684,0.5403931426505247
010423_Slice1,WT,129.57746478873221,0.6399924543996652
010423_Slice1,WT,130.98591549295756,0.5316103398799896
010423_Slice1,WT,132.3943661971829,0.6298494165142378
010423_Slice1,WT,133.80281690140825,0.6366472132503986
010423_Slice1,WT,135.2112676056336,0.6654771442214648
010423_Slice1,WT,136.61971830985894,0.5904494176308314
010423_Slice1,WT,138.0281690140843,0.5320235276594758
010423_Slice1,WT,139.43661971830966,0.5147528884311517
010423_Slice1,WT,140.845070422535,0.5466782012954354
010423_Slice1,WT,142.25352112676035,0.45823613554239273
010423_Slice1,WT,143.6619718309857,0.5802283009203771
010423_Slice1,WT,145.07042253521107,0.5709926163156828
010423_Slice1,WT,146.4788732394364,0.6342970902721087
010423_Slice1,WT,147.88732394366176,0.6420226724197468
010423_Slice1,WT,149.2957746478871,0.7029531380782524
010423_Slice1,WT,150.70422535211245,0.6886953304832181
010423_Slice1,WT,152.1126760563378,0.7939770355975876
010423_Slice1,WT,153.52112676056316,0.7437648624181747
010423_Slice1,WT,154.9295774647885,0.7415412316719691
010423_Slice1,WT,156.33802816901385,0.5717450547963381
010423_Slice1,WT,157.7464788732392,0.8085091933608055
010423_Slice1,WT,159.15492957746454,0.5748660018046697
010423_Slice1,WT,160.5633802816899,0.48571644226710003
010423_Slice1,WT,161.97183098591526,0.5787674387296041
010423_Slice1,WT,163.3802816901406,0.5284451078623533
010423_Slice1,WT,164.78873239436595,0.5463456927488247
010423_Slice1,WT,166.1971830985913,0.712585361674428
010423_Slice1,WT,167.60563380281664,0.5144930879275004
010423_Slice1,WT,169.014084507042,0.4927332364022732
010423_Slice1,WT,170.42253521126736,0.4814654216170311
010423_Slice1,WT,171.8309859154927,0.6159011249740919
010423_Slice1,WT,173.23943661971805,0.6387982492645582
010423_Slice1,WT,174.6478873239434,0.7508999009927114
010423_Slice1,WT,176.05633802816874,0.5691200159490108
010423_Slice1,WT,177.4647887323941,0.8069802224636078
010423_Slice1,WT,178.87323943661946,0.46930900402367115
010423_Slice1,WT,180.2816901408448,0.47956978778044385
010423_Slice1,cKO,-60.56338028169005,0.20938092842698097
010423_Slice1,cKO,-59.1549295774647,0.16605852337670512
010423_Slice1,cKO,-57.74647887323935,0.2872143853455782
010423_Slice1,cKO,-56.338028169014,0.22903480974491686
010423_Slice1,cKO,-54.92957746478865,0.2858024127781391
010423_Slice1,cKO,-53.5211267605633,0.2384729611221701
010423_Slice1,cKO,-52.11267605633795,0.1786140063777566
010423_Slice1,cKO,-50.7042253521126,0.11951309558935463
010423_Slice1,cKO,-49.29577464788725,-0.006803590338677168
010423_Slice1,cKO,-47.8873239436619,0.05161087936721742
010423_Slice1,cKO,-46.47887323943655,0.12001520965714008
010423_Slice1,cKO,-45.0704225352112,0.04102924792096019
010423_Slice1,cKO,-43.66197183098585,0.04350904282182455
010423_Slice1,cKO,-42.2535211267605,0.035217458847910166
010423_Slice1,cKO,-40.84507042253515,0.06238096277229488
010423_Slice1,cKO,-39.4366197183098,0.11128574842587113
010423_Slice1,cKO,-38.02816901408445,0.16110353241674602
010423_Slice1,cKO,-36.6197183098591,0.0739140878431499
010423_Slice1,cKO,-35.21126760563375,0.15226952973171137
010423_Slice1,cKO,-33.8028169014084,0.15852306671422411
010423_Slice1,cKO,-32.394366197183054,0.14759771697572432
010423_Slice1,cKO,-30.9859154929577,0.12958280090242624
010423_Slice1,cKO,-29.57746478873235,0.14995905268006027
010423_Slice1,cKO,-28.169014084507,0.2193602459738031
010423_Slice1,cKO,-26.76056338028165,0.0958863077685237
010423_Slice1,cKO,-25.3521126760563,0.18088539608288556
010423_Slice1,cKO,-23.94366197183095,0.2080969698727131
010423_Slice1,cKO,-22.5352112676056,0.16334865940734744
010423_Slice1,cKO,-21.12676056338025,0.17959958827123046
010423_Slice1,cKO,-19.7183098591549,0.23051604570355266
010423_Slice1,cKO,-18.30985915492955,0.21352208591997623
010423_Slice1,cKO,-16.9014084507042,0.2942213686183095
010423_Slice1,cKO,-15.49295774647885,0.23296447098255157
010423_Slice1,cKO,-14.0845070422535,0.3043530685827136
010423_Slice1,cKO,-12.67605633802815,0.23335124331060797
010423_Slice1,cKO,-11.2676056338028,0.14297965820878744
010423_Slice1,cKO,-9.85915492957745,0.13042282685637474
010423_Slice1,cKO,-8.4507042253521,0.22743135504424572
010423_Slice1,cKO,-7.04225352112675,0.1656763206119649
010423_Slice1,cKO,-5.6338028169014,0.2202193159610033
010423_Slice1,cKO,-4.22535211267605,0.24951809193589725
010423_Slice1,cKO,-2.8169014084507,0.21916736755520105
010423_Slice1,cKO,-1.40845070422535,0.19353592372499406
010423_Slice1,cKO,0.0,0.09729557181708515
010423_Slice1,cKO,1.40845070422535,0.1167582431808114
010423_Slice1,cKO,2.8169014084507,0.020102344104088843
010423_Slice1,cKO,4.22535211267605,0.08600823942106217
010423_Slice1,cKO,5.6338028169014,0.11439490504562855
010423_Slice1,cKO,7.04225352112675,0.13754307432100177
010423_Slice1,cKO,8.4507042253521,0.22303254902362823
010423_Slice1,cKO,9.85915492957745,0.13042381130799185
010423_Slice1,cKO,11.2676056338028,0.09586483635939658
010423_Slice1,cKO,12.67605633802815,0.21839512698352337
010423_Slice1,cKO,14.0845070422535,0.18009686516597867
010423_Slice1,cKO,15.49295774647885,0.17086542886681855
010423_Slice1,cKO,16.9014084507042,0.21984841395169497
010423_Slice1,cKO,18.30985915492955,0.21923619462177157
010423_Slice1,cKO,19.7183098591549,0.1398705425672233
010423_Slice1,cKO,21.12676056338025,0.17990490273223259
010423_Slice1,cKO,22.5352112676056,0.17331645963713527
010423_Slice1,cKO,23.94366197183095,0.21908292634179816
010423_Slice1,cKO,25.3521126760563,0.3313099821098149
010423_Slice1,cKO,26.76056338028165,0.24873087275773287
010423_Slice1,cKO,28.169014084507,0.28676395304501057
010423_Slice1,cKO,29.57746478873235,0.171157568693161
010423_Slice1,cKO,30.9859154929577,0.2712116383481771
010423_Slice1,cKO,32.394366197183054,0.3242582017555833
010423_Slice1,cKO,33.8028169014084,0.29643868980929255
010423_Slice1,cKO,35.21126760563375,0.31884926836937666
010423_Slice1,cKO,36.6197183098591,0.2410643771290779
010423_Slice1,cKO,38.02816901408445,0.24244380462914705
010423_Slice1,cKO,39.4366197183098,0.358216640772298
010423_Slice1,cKO,40.84507042253515,0.1547032631933689
010423_Slice1,cKO,42.2535211267605,0.2956723284441978
010423_Slice1,cKO,43.66197183098585,0.11220780294388533
010423_Slice1,cKO,45.0704225352112,0.16642238339409232
010423_Slice1,cKO,46.47887323943655,0.19100601598620415
010423_Slice1,cKO,47.8873239436619,0.2197929419344291
010423_Slice1,cKO,49.29577464788725,0.24385503330267966
010423_Slice1,cKO,50.7042253521126,0.32250788528472185
010423_Slice1,cKO,52.11267605633795,0.2961101885885
010423_Slice1,cKO,53.5211267605633,0.23060630197869614
010423_Slice1,cKO,54.92957746478865,0.27254516375251114
010423_Slice1,cKO,56.338028169014,0.4214011877775192
010423_Slice1,cKO,57.74647887323935,0.4220923790708184
010423_Slice1,cKO,59.1549295774647,0.2955856267362833
010423_Slice1,cKO,60.56338028169005,0.3133363933302462
010423_Slice1,cKO,61.9718309859154,0.35830601025372744
010423_Slice1,cKO,63.38028169014075,0.30009301053360105
010423_Slice1,cKO,64.78873239436611,0.3723081983625889
010423_Slice1,cKO,66.19718309859145,0.3458911683410406
010423_Slice1,cKO,67.6056338028168,0.31225857324898243
010423_Slice1,cKO,69.01408450704216,0.2105817450210452
010423_Slice1,cKO,70.4225352112675,0.2994315978139639
010423_Slice1,cKO,71.83098591549285,0.31334838923066854
010423_Slice1,cKO,73.2394366197182,0.3363698208704591
010423_Slice1,cKO,74.64788732394355,0.24940725415945053
010423_Slice1,cKO,76.0563380281689,0.390979440882802
010423_Slice1,cKO,77.46478873239425,0.372323497897014
010423_Slice1,cKO,78.8732394366196,0.2864643628709018
010423_Slice1,cKO,80.28169014084494,0.257958997040987
010423_Slice1,cKO,81.6901408450703,0.26529344357550144
010423_Slice1,cKO,83.09859154929565,0.1593686593696475
010423_Slice1,cKO,84.507042253521,0.19193626509513706
010423_Slice1,cKO,85.91549295774635,0.2690153243020177
010423_Slice1,cKO,87.3239436619717,0.3495286977849901
010423_Slice1,cKO,88.73239436619706,0.27922080270946026
010423_Slice1,cKO,90.1408450704224,0.17016316624358296
010423_Slice1,cKO,91.54929577464775,0.2744595417752862
010423_Slice1,cKO,92.9577464788731,0.33638557384256274
010423_Slice1,cKO,94.36619718309845,0.12169937742874026
010423_Slice1,cKO,95.7746478873238,0.117897211574018
010423_Slice1,cKO,97.18309859154915,0.17766589624807239
010423_Slice1,cKO,98.5915492957745,0.2413626159541309
010423_Slice1,cKO,99.99999999999986,0.28489569714292884
010423_Slice1,cKO,101.4084507042252,0.2543384521268308
010423_Slice1,cKO,102.81690140845055,0.2793362650554627
010423_Slice1,cKO,104.2253521126759,0.2761198431253433
010423_Slice1,cKO,105.63380281690125,0.42411823384463787
010423_Slice1,cKO,107.0422535211266,0.1973172533325851
010423_Slice1,cKO,108.45070422535196,0.33320918306708336
010423_Slice1,cKO,109.8591549295773,0.20116408448666334
010423_Slice1,cKO,111.26760563380265,0.21232062589842826
010423_Slice1,cKO,112.676056338028,0.20361348800361156
010423_Slice1,cKO,114.08450704225335,0.1872285371646285
010423_Slice1,cKO,115.4929577464787,0.23771512904204428
010423_Slice1,cKO,116.90140845070405,0.1241276531945914
010423_Slice1,cKO,118.3098591549294,0.11404866864904761
010423_Slice1,cKO,119.71830985915476,0.251326248049736
010423_Slice1,cKO,121.1267605633801,0.33709031203761697
010423_Slice1,cKO,122.53521126760545,0.1961266859434545
010423_Slice1,cKO,123.9436619718308,0.17825871240347624
010423_Slice1,cKO,125.35211267605615,0.22325797875237186
010423_Slice1,cKO,126.7605633802815,0.10473647713661194
010423_Slice1,cKO,128.16901408450684,0.1402406101115048
010423_Slice1,cKO,129.57746478873221,0.23838898912072182
010423_Slice1,cKO,130.98591549295756,0.230951854493469
010423_Slice1,cKO,132.3943661971829,0.36380126141011715
010423_Slice1,cKO,133.80281690140825,0.11037795897573233
010423_Slice1,cKO,135.2112676056336,0.33612106018699706
010423_Slice1,cKO,136.61971830985894,0.2665769807063043
010423_Slice1,cKO,138.0281690140843,0.2076893467165064
010423_Slice1,cKO,139.43661971830966,0.17130295489914715
010423_Slice1,cKO,140.845070422535,0.1867762915790081
010423_Slice1,cKO,142.25352112676035,0.20639027352444828
010423_Slice1,cKO,143.6619718309857,0.2870481926947832
010423_Slice1,cKO,145.07042253521107,0.20895046973600984
010423_Slice1,cKO,146.4788732394364,0.2496080857963534
010423_Slice1,cKO,147.88732394366176,0.2666431963443756
010423_Slice1,cKO,149.2957746478871,0.23213357664644718
010423_Slice1,cKO,150.70422535211245,0.4219044465571642
010423_Slice1,cKO,152.1126760563378,0.39823468774557114
010423_Slice1,cKO,153.52112676056316,0.27746114088222384
010423_Slice1,cKO,154.9295774647885,0.3294154551495012
010423_Slice1,cKO,156.33802816901385,0.2535619164482341
010423_Slice1,cKO,157.7464788732392,0.419008806347847
010423_Slice1,cKO,159.15492957746454,0.2718627527356148
010423_Slice1,cKO,160.5633802816899,0.17597396956989542
010423_Slice1,cKO,161.97183098591526,0.3472412182018161
010423_Slice1,cKO,163.3802816901406,0.25011246278882027
010423_Slice1,cKO,164.78873239436595,0.15140255878213793
010423_Slice1,cKO,166.1971830985913,0.32638548011891544
010423_Slice1,cKO,167.60563380281664,0.21987041120883077
010423_Slice1,cKO,169.014084507042,0.18075456493534148
010423_Slice1,cKO,170.42253521126736,0.2628201541956514
010423_Slice1,cKO,171.8309859154927,0.291575602022931
010423_Slice1,cKO,173.23943661971805,0.38852508878335357
010423_Slice1,cKO,174.6478873239434,0.31552727648522705
010423_Slice1,cKO,176.05633802816874,0.11793214629869908
010423_Slice1,cKO,177.4647887323941,0.19244168465957046
010423_Slice1,cKO,178.87323943661946,0.2642764070405974
010423_Slice1,cKO,180.2816901408448,0.3260911370161921
010423_Slice2,WT,-60.56338028169005,-0.09782397048547864
010423_Slice2,WT,-59.1549295774647,-0.042627280578017235
010423_Slice2,WT,-57.74647887323935,-0.024535498581826687
010423_Slice2,WT,-56.338028169014,-0.07550500736882289
010423_Slice2,WT,-54.92957746478865,-0.0637743320936958
010423_Slice2,WT,-53.5211267605633,-0.17133604735136032
010423_Slice2,WT,-52.11267605633795,-0.10464558253685634
010423_Slice2,WT,-50.7042253521126,-0.1585219760114948
010423_Slice2,WT,-49.29577464788725,-0.13953578441093364
010423_Slice2,WT,-47.8873239436619,-0.17238676361739635
010423_Slice2,WT,-46.47887323943655,0.02419553091749549
010423_Slice2,WT,-45.0704225352112,0.04183765718092521
010423_Slice2,WT,-43.66197183098585,-0.02758500201161951
010423_Slice2,WT,-42.2535211267605,0.1216103620827198
010423_Slice2,WT,-40.84507042253515,0.055836220582326256
010423_Slice2,WT,-39.4366197183098,0.05717293949176868
010423_Slice2,WT,-38.02816901408445,-0.03418814934169253
010423_Slice2,WT,-36.6197183098591,0.10548210330307484
010423_Slice2,WT,-35.21126760563375,0.1855940173069636
010423_Slice2,WT,-33.8028169014084,0.3315361986557643
010423_Slice2,WT,-32.394366197183054,0.22471543898185095
010423_Slice2,WT,-30.9859154929577,0.2588646436731021
010423_Slice2,WT,-29.57746478873235,0.28428253903985023
010423_Slice2,WT,-28.169014084507,0.2212574059764544
010423_Slice2,WT,-26.76056338028165,0.22022192180156708
010423_Slice2,WT,-25.3521126760563,0.19101548939943314
010423_Slice2,WT,-23.94366197183095,0.23527582362294197
010423_Slice2,WT,-22.5352112676056,0.19417138397693634
010423_Slice2,WT,-21.12676056338025,0.22234550366799036
010423_Slice2,WT,-19.7183098591549,0.2581012025475502
010423_Slice2,WT,-18.30985915492955,0.28241670193771523
010423_Slice2,WT,-16.9014084507042,0.24571112294991812
010423_Slice2,WT,-15.49295774647885,0.10971563930312793
010423_Slice2,WT,-14.0845070422535,0.02675927523523569
010423_Slice2,WT,-12.67605633802815,0.11220419391368826
010423_Slice2,WT,-11.2676056338028,0.12325202859938145
010423_Slice2,WT,-9.85915492957745,0.12144289165735245
010423_Slice2,WT,-8.4507042253521,0.1066246092474709
010423_Slice2,WT,-7.04225352112675,0.2005711601426204
010423_Slice2,WT,-5.6338028169014,0.20679452642798424
010423_Slice2,WT,-4.22535211267605,0.2872404580314954
010423_Slice2,WT,-2.8169014084507,0.33749578644831973
010423_Slice2,WT,-1.40845070422535,0.2700447936852773
010423_Slice2,WT,0.0,0.2858892041258514
010423_Slice2,WT,1.40845070422535,0.4268963237603505
010423_Slice2,WT,2.8169014084507,0.5834684570630392
010423_Slice2,WT,4.22535211267605,0.8845405975201478
010423_Slice2,WT,5.6338028169014,1.2169693149626255
010423_Slice2,WT,7.04225352112675,1.2508261849482853
010423_Slice2,WT,8.4507042253521,1.423601048688094
010423_Slice2,WT,9.85915492957745,1.6549220035473506
010423_Slice2,WT,11.2676056338028,1.7115485792358716
010423_Slice2,WT,12.67605633802815,1.9083259254693985
010423_Slice2,WT,14.0845070422535,2.0185566395521164
010423_Slice2,WT,15.49295774647885,1.9983986839652061
010423_Slice2,WT,16.9014084507042,2.083126778403918
010423_Slice2,WT,18.30985915492955,1.959782749414444
010423_Slice2,WT,19.7183098591549,1.9895810782909393
010423_Slice2,WT,21.12676056338025,1.947914143403371
010423_Slice2,WT,22.5352112676056,1.8174034754435222
010423_Slice2,WT,23.94366197183095,1.7860091825326283
010423_Slice2,WT,25.3521126760563,1.7448567847410839
010423_Slice2,WT,26.76056338028165,1.6374202966690063
010423_Slice2,WT,28.169014084507,1.7278437813123066
010423_Slice2,WT,29.57746478873235,1.6796549707651138
010423_Slice2,WT,30.9859154929577,1.6389495730400085
010423_Slice2,WT,32.394366197183054,1.6017663478851318
010423_Slice2,WT,33.8028169014084,1.6187690794467926
010423_Slice2,WT,35.21126760563375,1.6558840026458104
010423_Slice2,WT,36.6197183098591,1.6339947978655498
010423_Slice2,WT,38.02816901408445,1.5373067905505498
010423_Slice2,WT,39.4366197183098,1.6532505353291829
010423_Slice2,WT,40.84507042253515,1.5048853208621342
010423_Slice2,WT,42.2535211267605,1.4068031112353008
010423_Slice2,WT,43.66197183098585,1.3367369373639424
010423_Slice2,WT,45.0704225352112,1.2933690249919891
010423_Slice2,WT,46.47887323943655,1.3483677506446838
010423_Slice2,WT,47.8873239436619,1.3894226253032684
010423_Slice2,WT,49.29577464788725,1.2928595393896103
010423_Slice2,WT,50.7042253521126,1.2517591466506321
010423_Slice2,WT,52.11267605633795,1.3676553666591644
010423_Slice2,WT,53.5211267605633,1.2085961997509003
010423_Slice2,WT,54.92957746478865,1.133719469110171
010423_Slice2,WT,56.338028169014,1.202498624722163
010423_Slice2,WT,57.74647887323935,1.2199134876330693
010423_Slice2,WT,59.1549295774647,1.0987426737944286
010423_Slice2,WT,60.56338028169005,1.2539731015761693
010423_Slice2,WT,61.9718309859154,1.1276037842035294
010423_Slice2,WT,63.38028169014075,1.065569629271825
010423_Slice2,WT,64.78873239436611,1.094779133796692
010423_Slice2,WT,66.19718309859145,0.9873310327529907
010423_Slice2,WT,67.6056338028168,0.9644071658452352
010423_Slice2,WT,69.01408450704216,0.9810834725697836
010423_Slice2,WT,70.4225352112675,1.0296958833932877
010423_Slice2,WT,71.83098591549285,0.8901409457127253
010423_Slice2,WT,73.2394366197182,0.8546695858240128
010423_Slice2,WT,74.64788732394355,0.8746108114719391
010423_Slice2,WT,76.0563380281689,0.8865189949671427
010423_Slice2,WT,77.46478873239425,0.8627014060815176
010423_Slice2,WT,78.8732394366196,0.9341361025969187
010423_Slice2,WT,80.28169014084494,0.9231090794006983
010423_Slice2,WT,81.6901408450703,0.8483841220537821
010423_Slice2,WT,83.09859154929565,0.7158552805582682
010423_Slice2,WT,84.507042253521,0.7481286997596422
010423_Slice2,WT,85.91549295774635,0.794397845864296
010423_Slice2,WT,87.3239436619717,0.7321296806136767
010423_Slice2,WT,88.73239436619706,0.6621037969986597
010423_Slice2,WT,90.1408450704224,0.721507708231608
010423_Slice2,WT,91.54929577464775,0.6201916175583998
010423_Slice2,WT,92.9577464788731,0.7222201849023501
010423_Slice2,WT,94.36619718309845,0.7972336361805598
010423_Slice2,WT,95.7746478873238,0.7029706810911497
010423_Slice2,WT,97.18309859154915,0.8314606646696726
010423_Slice2,WT,98.5915492957745,0.8903181602557501
010423_Slice2,WT,99.99999999999986,0.9085173110167185
010423_Slice2,WT,101.4084507042252,0.7206013749043146
010423_Slice2,WT,102.81690140845055,0.6718078752358755
010423_Slice2,WT,104.2253521126759,0.7775094682971636
010423_Slice2,WT,105.63380281690125,0.5320243388414383
010423_Slice2,WT,107.0422535211266,0.5588408336043358
010423_Slice2,WT,108.45070422535196,0.7123083025217056
010423_Slice2,WT,109.8591549295773,0.5321222593386968
010423_Slice2,WT,111.26760563380265,0.7038020317753156
010423_Slice2,WT,112.676056338028,0.6184887786706289
010423_Slice2,WT,114.08450704225335,0.5986469139655431
010423_Slice2,WT,115.4929577464787,0.48220034192005795
010423_Slice2,WT,116.90140845070405,0.549290065964063
010423_Slice2,WT,118.3098591549294,0.5052844931681951
010423_Slice2,WT,119.71830985915476,0.7299207324783007
010423_Slice2,WT,121.1267605633801,0.6335218821962675
010423_Slice2,WT,122.53521126760545,0.5729962339003881
010423_Slice2,WT,123.9436619718308,0.6365886821101109
010423_Slice2,WT,125.35211267605615,0.5967435091733932
010423_Slice2,WT,126.7605633802815,0.6593730226159096
010423_Slice2,WT,128.16901408450684,0.5009198803454638
010423_Slice2,WT,129.57746478873221,0.6274810334046682
010423_Slice2,WT,130.98591549295756,0.7031023154656092
010423_Slice2,WT,132.3943661971829,0.6176792134841284
010423_Slice2,WT,133.80281690140825,0.49843755674858886
010423_Slice2,WT,135.2112676056336,0.6347650637229284
010423_Slice2,WT,136.61971830985894,0.49084171528617543
010423_Slice2,WT,138.0281690140843,0.48520661642154056
010423_Slice2,WT,139.43661971830966,0.43534862001736957
010423_Slice2,WT,140.845070422535,0.4937790036201477
010423_Slice2,WT,142.25352112676035,0.42115526149670285
010423_Slice2,WT,143.6619718309857,0.4643007566531499
010423_Slice2,WT,145.07042253521107,0.2781464164145291
010423_Slice2,WT,146.4788732394364,0.5224688053131104
010423_Slice2,WT,147.88732394366176,0.44396935403347015
010423_Slice2,WT,149.2957746478871,0.5645938615004221
010423_Slice2,WT,150.70422535211245,0.4652372921506564
010423_Slice2,WT,152.1126760563378,0.573570986588796
010423_Slice2,WT,153.52112676056316,0.4321076547106107
010423_Slice2,WT,154.9295774647885,0.4761541237433751
010423_Slice2,WT,156.33802816901385,0.4427182028690974
010423_Slice2,WT,157.7464788732392,0.4075314278403918
010423_Slice2,WT,159.15492957746454,0.49038846294085187
010423_Slice2,WT,160.5633802816899,0.6132375846306483
010423_Slice2,WT,161.97183098591526,0.41031854785978794
010423_Slice2,WT,163.3802816901406,0.5321217328310013
010423_Slice2,WT,164.78873239436595,0.5175963751971722
010423_Slice2,WT,166.1971830985913,0.5021645637849966
010423_Slice2,WT,167.60563380281664,0.39993079006671906
010423_Slice2,WT,169.014084507042,0.48295416682958603
010423_Slice2,WT,170.42253521126736,0.46030620982249576
010423_Slice2,WT,171.8309859154927,0.4477098484834035
010423_Slice2,WT,173.23943661971805,0.3523901167015235
010423_Slice2,WT,174.6478873239434,0.45903851588567096
010423_Slice2,WT,176.05633802816874,0.3450968861579895
010423_Slice2,WT,177.4647887323941,0.413282074034214
010423_Slice2,WT,178.87323943661946,0.33054564520716667
010423_Slice2,WT,180.2816901408448,0.31302702574369806
010423_Slice2,cKO,-60.56338028169005,-0.042875880685945354
010423_Slice2,cKO,-59.1549295774647,0.04823025253911813
010423_Slice2,cKO,-57.74647887323935,-0.07842984547217687
010423_Slice2,cKO,-56.338028169014,-0.07813613908365369
010423_Slice2,cKO,-54.92957746478865,-0.044319077394902706
010423_Slice2,cKO,-53.5211267605633,-0.14998766438414654
010423_Slice2,cKO,-52.11267605633795,-0.11845556925982237
010423_Slice2,cKO,-50.7042253521126,-0.11362237203866243
010423_Slice2,cKO,-49.29577464788725,-0.13700447728236517
010423_Slice2,cKO,-47.8873239436619,-0.2320628215869268
010423_Slice2,cKO,-46.47887323943655,0.08852937382956345
010423_Slice2,cKO,-45.0704225352112,0.018326787122835714
010423_Slice2,cKO,-43.66197183098585,0.03843920553723971
010423_Slice2,cKO,-42.2535211267605,0.06768946054702003
010423_Slice2,cKO,-40.84507042253515,0.08001653291285038
010423_Slice2,cKO,-39.4366197183098,0.07481725630350411
010423_Slice2,cKO,-38.02816901408445,0.06615732486049335
010423_Slice2,cKO,-36.6197183098591,0.07697095690915982
010423_Slice2,cKO,-35.21126760563375,0.17556524959703287
010423_Slice2,cKO,-33.8028169014084,0.20940673599640527
010423_Slice2,cKO,-32.394366197183054,0.2765566185116768
010423_Slice2,cKO,-30.9859154929577,0.26595084617535275
010423_Slice2,cKO,-29.57746478873235,0.26990484694639844
010423_Slice2,cKO,-28.169014084507,0.309124323228995
010423_Slice2,cKO,-26.76056338028165,0.26418544724583626
010423_Slice2,cKO,-25.3521126760563,0.19430823375781378
010423_Slice2,cKO,-23.94366197183095,0.20200942953427634
010423_Slice2,cKO,-22.5352112676056,0.3408491015434265
010423_Slice2,cKO,-21.12676056338025,0.1538147491713365
010423_Slice2,cKO,-19.7183098591549,0.2194774647553762
010423_Slice2,cKO,-18.30985915492955,0.2224996735652288
010423_Slice2,cKO,-16.9014084507042,0.24631659019117555
010423_Slice2,cKO,-15.49295774647885,0.07215204314949612
010423_Slice2,cKO,-14.0845070422535,0.09481272179012497
010423_Slice2,cKO,-12.67605633802815,0.025128095721205074
010423_Slice2,cKO,-11.2676056338028,0.03923556705315908
010423_Slice2,cKO,-9.85915492957745,0.024749953765422106
010423_Slice2,cKO,-8.4507042253521,0.1833046351869901
010423_Slice2,cKO,-7.04225352112675,0.2529371703664462
010423_Slice2,cKO,-5.6338028169014,0.25695769985516864
010423_Slice2,cKO,-4.22535211267605,0.24763145049413046
010423_Slice2,cKO,-2.8169014084507,0.1614207768191894
010423_Slice2,cKO,-1.40845070422535,0.16857007456322512
010423_Slice2,cKO,0.0,0.13890086393803358
010423_Slice2,cKO,1.40845070422535,0.23583907323578993
010423_Slice2,cKO,2.8169014084507,0.15633147830764452
010423_Slice2,cKO,4.22535211267605,0.17789524359007677
010423_Slice2,cKO,5.6338028169014,0.12212794243047635
010423_Slice2,cKO,7.04225352112675,0.12097688562547167
010423_Slice2,cKO,8.4507042253521,0.206599924286517
010423_Slice2,cKO,9.85915492957745,0.2651195166011651
010423_Slice2,cKO,11.2676056338028,0.27702801922957104
010423_Slice2,cKO,12.67605633802815,0.23659939815600714
010423_Slice2,cKO,14.0845070422535,0.17559317778795958
010423_Slice2,cKO,15.49295774647885,0.25224820400277775
010423_Slice2,cKO,16.9014084507042,0.2810997028524677
010423_Slice2,cKO,18.30985915492955,0.29689665387074154
010423_Slice2,cKO,19.7183098591549,0.20865408020714918
010423_Slice2,cKO,21.12676056338025,0.3190665903190772
010423_Slice2,cKO,22.5352112676056,0.3189832667509715
010423_Slice2,cKO,23.94366197183095,0.2908134162425995
010423_Slice2,cKO,25.3521126760563,0.3839048966765404
010423_Slice2,cKO,26.76056338028165,0.28326938177148503
010423_Slice2,cKO,28.169014084507,0.38153864194949466
010423_Slice2,cKO,29.57746478873235,0.3265276489158471
010423_Slice2,cKO,30.9859154929577,0.3615005041162173
010423_Slice2,cKO,32.394366197183054,0.2855016017953555
010423_Slice2,cKO,33.8028169014084,0.23889438807964325
010423_Slice2,cKO,35.21126760563375,0.30015945186217624
010423_Slice2,cKO,36.6197183098591,0.3240521599849065
010423_Slice2,cKO,38.02816901408445,0.2639275137335062
010423_Slice2,cKO,39.4366197183098,0.18768828362226486
010423_Slice2,cKO,40.84507042253515,0.30601150936369476
010423_Slice2,cKO,42.2535211267605,0.3019244236250718
010423_Slice2,cKO,43.66197183098585,0.31060901780923206
010423_Slice2,cKO,45.0704225352112,0.2772594541311264
010423_Slice2,cKO,46.47887323943655,0.3960547496875127
010423_Slice2,cKO,47.8873239436619,0.3492144048213959
010423_Slice2,cKO,49.29577464788725,0.21438789616028467
010423_Slice2,cKO,50.7042253521126,0.2504544190596789
010423_Slice2,cKO,52.11267605633795,0.1918526217341423
010423_Slice2,cKO,53.5211267605633,0.19817329570651054
010423_Slice2,cKO,54.92957746478865,0.2218194529414177
010423_Slice2,cKO,56.338028169014,0.371449276804924
010423_Slice2,cKO,57.74647887323935,0.35225117951631546
010423_Slice2,cKO,59.1549295774647,0.2955012818177541
010423_Slice2,cKO,60.56338028169005,0.38812827070554096
010423_Slice2,cKO,61.9718309859154,0.2826341899732749
010423_Slice2,cKO,63.38028169014075,0.2512125900636117
010423_Slice2,cKO,64.78873239436611,0.2639497046669324
010423_Slice2,cKO,66.19718309859145,0.24772942066192627
010423_Slice2,cKO,67.6056338028168,0.32630310704310733
010423_Slice2,cKO,69.01408450704216,0.39088357985019684
010423_Slice2,cKO,70.4225352112675,0.26378991703192395
010423_Slice2,cKO,71.83098591549285,0.2905485158165296
010423_Slice2,cKO,73.2394366197182,0.14215222063163915
010423_Slice2,cKO,74.64788732394355,0.20018940807009736
010423_Slice2,cKO,76.0563380281689,0.28384475658337277
010423_Slice2,cKO,77.46478873239425,0.3005584975083669
010423_Slice2,cKO,78.8732394366196,0.37062812844912213
010423_Slice2,cKO,80.28169014084494,0.27060197045405704
010423_Slice2,cKO,81.6901408450703,0.3053760528564453
010423_Slice2,cKO,83.09859154929565,0.24878319290777048
010423_Slice2,cKO,84.507042253521,0.3448760062456131
010423_Slice2,cKO,85.91549295774635,0.27649201701084775
010423_Slice2,cKO,87.3239436619717,0.2537156715989113
010423_Slice2,cKO,88.73239436619706,0.09364829600478213
010423_Slice2,cKO,90.1408450704224,0.21688848361372948
010423_Slice2,cKO,91.54929577464775,0.143195901842167
010423_Slice2,cKO,92.9577464788731,0.17528802280624708
010423_Slice2,cKO,94.36619718309845,0.2634718989332517
010423_Slice2,cKO,95.7746478873238,0.11012037191540003
010423_Slice2,cKO,97.18309859154915,0.2175010678668817
010423_Slice2,cKO,98.5915492957745,0.30063170070449513
010423_Slice2,cKO,99.99999999999986,0.1878714064757029
010423_Slice2,cKO,101.4084507042252,0.21197878321011862
010423_Slice2,cKO,102.81690140845055,0.19135761043677726
010423_Slice2,cKO,104.2253521126759,0.23267838234702745
010423_Slice2,cKO,105.63380281690125,0.09899392518370102
010423_Slice2,cKO,107.0422535211266,0.18399370834231377
010423_Slice2,cKO,108.45070422535196,0.12871377170085907
010423_Slice2,cKO,109.8591549295773,0.2412632331252098
010423_Slice2,cKO,111.26760563380265,0.15744208885977665
010423_Slice2,cKO,112.676056338028,0.1913777214164535
010423_Slice2,cKO,114.08450704225335,0.13191884321471056
010423_Slice2,cKO,115.4929577464787,0.20987387707767388
010423_Slice2,cKO,116.90140845070405,0.05518817839523157
010423_Slice2,cKO,118.3098591549294,0.17005639088650545
010423_Slice2,cKO,119.71830985915476,0.3353140577673912
010423_Slice2,cKO,121.1267605633801,0.27231347809235257
010423_Slice2,cKO,122.53521126760545,0.08245275107522805
010423_Slice2,cKO,123.9436619718308,0.15236729755997658
010423_Slice2,cKO,125.35211267605615,0.08749765297397971
010423_Slice2,cKO,126.7605633802815,0.17045233771204948
010423_Slice2,cKO,128.16901408450684,0.24362442394097647
010423_Slice2,cKO,129.57746478873221,0.15361991027990976
010423_Slice2,cKO,130.98591549295756,0.1152740017666171
010423_Slice2,cKO,132.3943661971829,0.142621166848888
010423_Slice2,cKO,133.80281690140825,0.14787021093070507
010423_Slice2,cKO,135.2112676056336,0.20883493746320406
010423_Slice2,cKO,136.61971830985894,0.030786179937422276
010423_Slice2,cKO,138.0281690140843,0.1833486951266726
010423_Slice2,cKO,139.43661971830966,0.0696940179914236
010423_Slice2,cKO,140.845070422535,0.149409431964159
010423_Slice2,cKO,142.25352112676035,0.06776063268383344
010423_Slice2,cKO,143.6619718309857,0.08788458382089932
010423_Slice2,cKO,145.07042253521107,-0.008869305097808441
010423_Slice2,cKO,146.4788732394364,0.1096573076210916
010423_Slice2,cKO,147.88732394366176,0.01780136302113533
010423_Slice2,cKO,149.2957746478871,0.23087787379821142
010423_Slice2,cKO,150.70422535211245,0.16576074622571468
010423_Slice2,cKO,152.1126760563378,0.1996882806221644
010423_Slice2,cKO,153.52112676056316,0.14059735415503383
010423_Slice2,cKO,154.9295774647885,0.07248852297198027
010423_Slice2,cKO,156.33802816901385,0.16418946301564574
010423_Slice2,cKO,157.7464788732392,0.14228247851133347
010423_Slice2,cKO,159.15492957746454,0.15283646807074547
010423_Slice2,cKO,160.5633802816899,0.13691099795202413
010423_Slice2,cKO,161.97183098591526,0.1193833172825786
010423_Slice2,cKO,163.3802816901406,0.14268477136890093
010423_Slice2,cKO,164.78873239436595,0.12378187539676826
010423_Slice2,cKO,166.1971830985913,0.10927487537264824
010423_Slice2,cKO,167.60563380281664,0.19853902608156204
010423_Slice2,cKO,169.014084507042,0.04768906099100908
010423_Slice2,cKO,170.42253521126736,0.04773766496994843
010423_Slice2,cKO,171.8309859154927,0.051950376170376934
010423_Slice2,cKO,173.23943661971805,-0.029159567784518003
010423_Slice2,cKO,174.6478873239434,0.03997312719002366
010423_Slice2,cKO,176.05633802816874,-0.04572803965614488
010423_Slice2,cKO,177.4647887323941,0.006140545321007569
010423_Slice2,cKO,178.87323943661946,0.005708706211104679
010423_Slice2,cKO,180.2816901408448,0.01207153731957078
010423_Slice3,WT,-60.56338028169005,0.2178954966366291
010423_Slice3,WT,-59.1549295774647,0.10951275378465652
010423_Slice3,WT,-57.74647887323935,0.1195879690349102
010423_Slice3,WT,-56.338028169014,0.13642942160367966
010423_Slice3,WT,-54.92957746478865,-0.03769503813236952
010423_Slice3,WT,-53.5211267605633,0.011502007953822613
010423_Slice3,WT,-52.11267605633795,0.07896818593144417
010423_Slice3,WT,-50.7042253521126,0.06164002604782581
010423_Slice3,WT,-49.29577464788725,0.00991083646658808
010423_Slice3,WT,-47.8873239436619,0.10917619615793228
010423_Slice3,WT,-46.47887323943655,0.11882803216576576
010423_Slice3,WT,-45.0704225352112,0.07336516305804253
010423_Slice3,WT,-43.66197183098585,0.08209821581840515
010423_Slice3,WT,-42.2535211267605,0.07972347363829613
010423_Slice3,WT,-40.84507042253515,0.0998679744079709
010423_Slice3,WT,-39.4366197183098,0.01581615279428661
010423_Slice3,WT,-38.02816901408445,0.012300204485654831
010423_Slice3,WT,-36.6197183098591,0.06461486034095287
010423_Slice3,WT,-35.21126760563375,-0.03107190877199173
010423_Slice3,WT,-33.8028169014084,0.2424015775322914
010423_Slice3,WT,-32.394366197183054,0.19327668100595474
010423_Slice3,WT,-30.9859154929577,0.043446234543807805
010423_Slice3,WT,-29.57746478873235,0.22451217845082283
010423_Slice3,WT,-28.169014084507,0.0922696078196168
010423_Slice3,WT,-26.76056338028165,0.14903494715690613
010423_Slice3,WT,-25.3521126760563,0.11520802846644074
010423_Slice3,WT,-23.94366197183095,0.1034230263903737
010423_Slice3,WT,-22.5352112676056,-0.0026290491223335266
010423_Slice3,WT,-21.12676056338025,0.22683311998844147
010423_Slice3,WT,-19.7183098591549,0.0842822240665555
010423_Slice3,WT,-18.30985915492955,0.09627440758049488
010423_Slice3,WT,-16.9014084507042,0.010806706384755671
010423_Slice3,WT,-15.49295774647885,-0.06431947089731693
010423_Slice3,WT,-14.0845070422535,-0.11622004956007004
010423_Slice3,WT,-12.67605633802815,0.020220163511112332
010423_Slice3,WT,-11.2676056338028,0.10731291025876999
010423_Slice3,WT,-9.85915492957745,0.1112302914261818
010423_Slice3,WT,-8.4507042253521,0.029708465794101357
010423_Slice3,WT,-7.04225352112675,0.16332146525382996
010423_Slice3,WT,-5.6338028169014,0.07741671614348888
010423_Slice3,WT,-4.22535211267605,0.15191467106342316
010423_Slice3,WT,-2.8169014084507,-0.028685953468084335
010423_Slice3,WT,-1.40845070422535,0.16444594413042068
010423_Slice3,WT,0.0,-0.03797385096549988
010423_Slice3,WT,1.40845070422535,0.024122803937643766
010423_Slice3,WT,2.8169014084507,0.1340099796652794
010423_Slice3,WT,4.22535211267605,0.1773476564558223
010423_Slice3,WT,5.6338028169014,0.6668761428445578
010423_Slice3,WT,7.04225352112675,1.5224045794457197
010423_Slice3,WT,8.4507042253521,2.2185080647468567
010423_Slice3,WT,9.85915492957745,2.3854091465473175
010423_Slice3,WT,11.2676056338028,2.299028158187866
010423_Slice3,WT,12.67605633802815,2.4604917764663696
010423_Slice3,WT,14.0845070422535,1.6844999492168427
010423_Slice3,WT,15.49295774647885,1.120779424905777
010423_Slice3,WT,16.9014084507042,1.1322277784347534
010423_Slice3,WT,18.30985915492955,1.1214953660964966
010423_Slice3,WT,19.7183098591549,1.0190790891647339
010423_Slice3,WT,21.12676056338025,1.268456757068634
010423_Slice3,WT,22.5352112676056,1.0906173586845398
010423_Slice3,WT,23.94366197183095,0.9793869256973267
010423_Slice3,WT,25.3521126760563,0.7567448318004608
010423_Slice3,WT,26.76056338028165,0.8458840698003769
010423_Slice3,WT,28.169014084507,0.7748592793941498
010423_Slice3,WT,29.57746478873235,0.7924163788557053
010423_Slice3,WT,30.9859154929577,0.4944946765899658
010423_Slice3,WT,32.394366197183054,0.517256960272789
010423_Slice3,WT,33.8028169014084,0.5816646665334702
010423_Slice3,WT,35.21126760563375,0.3411576598882675
010423_Slice3,WT,36.6197183098591,0.5161133855581284
010423_Slice3,WT,38.02816901408445,0.4557424783706665
010423_Slice3,WT,39.4366197183098,0.6346643418073654
010423_Slice3,WT,40.84507042253515,0.6016596108675003
010423_Slice3,WT,42.2535211267605,0.6317357867956161
010423_Slice3,WT,43.66197183098585,0.3831928074359894
010423_Slice3,WT,45.0704225352112,0.5191503614187241
010423_Slice3,WT,46.47887323943655,0.9309608042240143
010423_Slice3,WT,47.8873239436619,0.8358793258666992
010423_Slice3,WT,49.29577464788725,0.5117158144712448
010423_Slice3,WT,50.7042253521126,0.6322860568761826
010423_Slice3,WT,52.11267605633795,0.61493881046772
010423_Slice3,WT,53.5211267605633,0.6152383387088776
010423_Slice3,WT,54.92957746478865,0.6168279498815536
010423_Slice3,WT,56.338028169014,0.4551163464784622
010423_Slice3,WT,57.74647887323935,0.40347154438495636
010423_Slice3,WT,59.1549295774647,0.5731505155563354
010423_Slice3,WT,60.56338028169005,0.41817016899585724
010423_Slice3,WT,61.9718309859154,0.6236244738101959
010423_Slice3,WT,63.38028169014075,0.5368456840515137
010423_Slice3,WT,64.78873239436611,0.5352132320404053
010423_Slice3,WT,66.19718309859145,0.1553171630948782
010423_Slice3,WT,67.6056338028168,0.35162797570228577
010423_Slice3,WT,69.01408450704216,0.32697363942861557
010423_Slice3,WT,70.4225352112675,0.18721139058470726
010423_Slice3,WT,71.83098591549285,0.523738831281662
010423_Slice3,WT,73.2394366197182,0.6878471672534943
010423_Slice3,WT,74.64788732394355,0.32993118464946747
010423_Slice3,WT,76.0563380281689,0.5590401589870453
010423_Slice3,WT,77.46478873239425,0.5030045658349991
010423_Slice3,WT,78.8732394366196,0.4063827693462372
010423_Slice3,WT,80.28169014084494,0.4884932041168213
010423_Slice3,WT,81.6901408450703,0.35389118641614914
010423_Slice3,WT,83.09859154929565,0.42147909104824066
010423_Slice3,WT,84.507042253521,0.20874841511249542
010423_Slice3,WT,85.91549295774635,0.3733515217900276
010423_Slice3,WT,87.3239436619717,0.36324189603328705
010423_Slice3,WT,88.73239436619706,0.19975636899471283
010423_Slice3,WT,90.1408450704224,0.25918031856417656
010423_Slice3,WT,91.54929577464775,0.2263825312256813
010423_Slice3,WT,92.9577464788731,0.1706707924604416
010423_Slice3,WT,94.36619718309845,0.16145234205760062
010423_Slice3,WT,95.7746478873238,0.2784201055765152
010423_Slice3,WT,97.18309859154915,0.1892358772456646
010423_Slice3,WT,98.5915492957745,0.46513135731220245
010423_Slice3,WT,99.99999999999986,0.41531313955783844
010423_Slice3,WT,101.4084507042252,0.05150957778096199
010423_Slice3,WT,102.81690140845055,0.24123887717723846
010423_Slice3,WT,104.2253521126759,0.3209591954946518
010423_Slice3,WT,105.63380281690125,0.1163935661315918
010423_Slice3,WT,107.0422535211266,0.14556756615638733
010423_Slice3,WT,108.45070422535196,0.08736570365726948
010423_Slice3,WT,109.8591549295773,0.145733330398798
010423_Slice3,WT,111.26760563380265,0.04443340841680765
010423_Slice3,WT,112.676056338028,0.04002774227410555
010423_Slice3,WT,114.08450704225335,0.2850569188594818
010423_Slice3,WT,115.4929577464787,0.21802213788032532
010423_Slice3,WT,116.90140845070405,0.5055283308029175
010423_Slice3,WT,118.3098591549294,0.11770051717758179
010423_Slice3,WT,119.71830985915476,0.3005092293024063
010423_Slice3,WT,121.1267605633801,0.11438185267616063
010423_Slice3,WT,122.53521126760545,0.27177196368575096
010423_Slice3,WT,123.9436619718308,0.3027152866125107
010423_Slice3,WT,125.35211267605615,0.26115260645747185
010423_Slice3,WT,126.7605633802815,0.5313491821289062
010423_Slice3,WT,128.16901408450684,0.2179613821208477
010423_Slice3,WT,129.57746478873221,0.1891627088189125
010423_Slice3,WT,130.98591549295756,0.2228238508105278
010423_Slice3,WT,132.3943661971829,0.2907627820968628
010423_Slice3,WT,133.80281690140825,0.15137170255184174
010423_Slice3,WT,135.2112676056336,0.2800410985946655
010423_Slice3,WT,136.61971830985894,0.16460682451725006
010423_Slice3,WT,138.0281690140843,0.2458752728998661
010423_Slice3,WT,139.43661971830966,0.42118023335933685
010423_Slice3,WT,140.845070422535,0.16823003441095352
010423_Slice3,WT,142.25352112676035,0.1539774388074875
010423_Slice3,WT,143.6619718309857,0.13185447081923485
010423_Slice3,WT,145.07042253521107,0.26235203444957733
010423_Slice3,WT,146.4788732394364,0.49541812390089035
010423_Slice3,WT,147.88732394366176,0.24302176013588905
010423_Slice3,WT,149.2957746478871,0.16538814455270767
010423_Slice3,WT,150.70422535211245,0.12808318436145782
010423_Slice3,WT,152.1126760563378,0.19986791908740997
010423_Slice3,WT,153.52112676056316,0.007104911841452122
010423_Slice3,WT,154.9295774647885,0.1684936946257949
010423_Slice3,WT,156.33802816901385,0.19225595146417618
010423_Slice3,WT,157.7464788732392,0.3984052687883377
010423_Slice3,WT,159.15492957746454,0.38083259761333466
010423_Slice3,WT,160.5633802816899,0.18800919642671943
010423_Slice3,WT,161.97183098591526,0.06462872214615345
010423_Slice3,WT,163.3802816901406,0.11830898467451334
010423_Slice3,WT,164.78873239436595,0.3044120967388153
010423_Slice3,WT,166.1971830985913,0.14451759308576584
010423_Slice3,WT,167.60563380281664,0.1247757151722908
010423_Slice3,WT,169.014084507042,0.10682179220020771
010423_Slice3,WT,170.42253521126736,0.17463850788772106
010423_Slice3,WT,171.8309859154927,-0.1016397662460804
010423_Slice3,WT,173.23943661971805,0.2771499902009964
010423_Slice3,WT,174.6478873239434,0.040377672761678696
010423_Slice3,WT,176.05633802816874,0.31161055713891983
010423_Slice3,WT,177.4647887323941,0.02164487075060606
010423_Slice3,WT,178.87323943661946,0.17520605772733688
010423_Slice3,WT,180.2816901408448,0.03624282032251358
010423_Slice3,cKO,-60.56338028169005,0.05541101989469358
010423_Slice3,cKO,-59.1549295774647,0.10977500703717981
010423_Slice3,cKO,-57.74647887323935,0.09201881076608386
010423_Slice3,cKO,-56.338028169014,0.12370380040790353
010423_Slice3,cKO,-54.92957746478865,0.006752190529368818
010423_Slice3,cKO,-53.5211267605633,-0.04653099525187697
010423_Slice3,cKO,-52.11267605633795,0.04457815319100129
010423_Slice3,cKO,-50.7042253521126,0.03046591832701649
010423_Slice3,cKO,-49.29577464788725,0.023551253535385643
010423_Slice3,cKO,-47.8873239436619,0.0726274175436369
010423_Slice3,cKO,-46.47887323943655,0.040230954598103254
010423_Slice3,cKO,-45.0704225352112,0.09198420202093464
010423_Slice3,cKO,-43.66197183098585,0.06073595743094172
010423_Slice3,cKO,-42.2535211267605,0.07128915243915149
010423_Slice3,cKO,-40.84507042253515,0.01629349429692541
010423_Slice3,cKO,-39.4366197183098,0.026382813762341226
010423_Slice3,cKO,-38.02816901408445,0.05032969918102026
010423_Slice3,cKO,-36.6197183098591,0.0842795789773975
010423_Slice3,cKO,-35.21126760563375,0.11603993709598269
010423_Slice3,cKO,-33.8028169014084,0.1503931422318731
010423_Slice3,cKO,-32.394366197183054,0.160978479044778
010423_Slice3,cKO,-30.9859154929577,0.21004720185218112
010423_Slice3,cKO,-29.57746478873235,0.09919962020856994
010423_Slice3,cKO,-28.169014084507,0.08618492047701563
010423_Slice3,cKO,-26.76056338028165,0.07280361803090532
010423_Slice3,cKO,-25.3521126760563,0.06972858795363988
010423_Slice3,cKO,-23.94366197183095,0.12086262580539499
010423_Slice3,cKO,-22.5352112676056,0.047572728246450424
010423_Slice3,cKO,-21.12676056338025,0.10553619159119469
010423_Slice3,cKO,-19.7183098591549,0.16233543838773454
010423_Slice3,cKO,-18.30985915492955,0.08774060391754444
010423_Slice3,cKO,-16.9014084507042,0.055254449136555195
010423_Slice3,cKO,-15.49295774647885,0.20658554881811142
010423_Slice3,cKO,-14.0845070422535,0.04689899951751743
010423_Slice3,cKO,-12.67605633802815,0.05140671080776623
010423_Slice3,cKO,-11.2676056338028,0.0597488504634904
010423_Slice3,cKO,-9.85915492957745,0.0911745752340981
010423_Slice3,cKO,-8.4507042253521,0.07448966741295797
010423_Slice3,cKO,-7.04225352112675,0.046886886262135316
010423_Slice3,cKO,-5.6338028169014,0.03972544827099357
010423_Slice3,cKO,-4.22535211267605,0.0720591928277697
010423_Slice3,cKO,-2.8169014084507,0.04524245751755578
010423_Slice3,cKO,-1.40845070422535,0.07336196729115077
010423_Slice3,cKO,0.0,0.012897383321874909
010423_Slice3,cKO,1.40845070422535,0.09647586675626892
010423_Slice3,cKO,2.8169014084507,0.09171250695362687
010423_Slice3,cKO,4.22535211267605,0.10583703060235296
010423_Slice3,cKO,5.6338028169014,0.03634285926818848
010423_Slice3,cKO,7.04225352112675,-0.042489390288080485
010423_Slice3,cKO,8.4507042253521,0.12283075228333473
010423_Slice3,cKO,9.85915492957745,0.10810770679797445
010423_Slice3,cKO,11.2676056338028,0.062002092732914856
010423_Slice3,cKO,12.67605633802815,0.09424764493347279
010423_Slice3,cKO,14.0845070422535,0.1583766926612173
010423_Slice3,cKO,15.49295774647885,0.11645191961101123
010423_Slice3,cKO,16.9014084507042,-0.028000733415995325
010423_Slice3,cKO,18.30985915492955,-0.04220309893467596
010423_Slice3,cKO,19.7183098591549,-0.03045831695531628
010423_Slice3,cKO,21.12676056338025,0.0762655572699649
010423_Slice3,cKO,22.5352112676056,0.0670658711876188
010423_Slice3,cKO,23.94366197183095,0.024107000657490323
010423_Slice3,cKO,25.3521126760563,0.04064263616289411
010423_Slice3,cKO,26.76056338028165,0.02413380571774074
010423_Slice3,cKO,28.169014084507,0.001149230237518038
010423_Slice3,cKO,29.57746478873235,-0.05325087106653622
010423_Slice3,cKO,30.9859154929577,-0.13899218078170503
010423_Slice3,cKO,32.394366197183054,-0.060273073081459315
010423_Slice3,cKO,33.8028169014084,-0.11203939241490193
010423_Slice3,cKO,35.21126760563375,-0.05345823070300477
010423_Slice3,cKO,36.6197183098591,-0.14273818582296371
010423_Slice3,cKO,38.02816901408445,-0.02521613266851221
010423_Slice3,cKO,39.4366197183098,0.04638924449682236
010423_Slice3,cKO,40.84507042253515,0.029122925563050166
010423_Slice3,cKO,42.2535211267605,0.03602248430252075
010423_Slice3,cKO,43.66197183098585,-0.006175225600600243
010423_Slice3,cKO,45.0704225352112,0.10772352173392262
010423_Slice3,cKO,46.47887323943655,0.14844819424407824
010423_Slice3,cKO,47.8873239436619,0.13001796124236925
010423_Slice3,cKO,49.29577464788725,0.11147528567484447
010423_Slice3,cKO,50.7042253521126,0.08026810309716634
010423_Slice3,cKO,52.11267605633795,0.10961766421262707
010423_Slice3,cKO,53.5211267605633,0.03970294552189963
010423_Slice3,cKO,54.92957746478865,0.057488748404596536
010423_Slice3,cKO,56.338028169014,0.06095762697181532
010423_Slice3,cKO,57.74647887323935,0.044352728474353044
010423_Slice3,cKO,59.1549295774647,0.004889967718294689
010423_Slice3,cKO,60.56338028169005,0.02207999676465988
010423_Slice3,cKO,61.9718309859154,0.026465976344687597
010423_Slice3,cKO,63.38028169014075,0.03511074823992593
010423_Slice3,cKO,64.78873239436611,0.10761464866144317
010423_Slice3,cKO,66.19718309859145,0.020792434657258645
010423_Slice3,cKO,67.6056338028168,0.02360635277416025
010423_Slice3,cKO,69.01408450704216,0.048246795178524086
010423_Slice3,cKO,70.4225352112675,0.032845927136284966
010423_Slice3,cKO,71.83098591549285,0.019159131816455295
010423_Slice3,cKO,73.2394366197182,-0.005092976614832878
010423_Slice3,cKO,74.64788732394355,0.11064586389277663
010423_Slice3,cKO,76.0563380281689,0.025876118136303767
010423_Slice3,cKO,77.46478873239425,-0.03217192047408649
010423_Slice3,cKO,78.8732394366196,0.03448695423347609
010423_Slice3,cKO,80.28169014084494,-0.005274404106395585
010423_Slice3,cKO,81.6901408450703,0.03093768416770867
010423_Slice3,cKO,83.09859154929565,0.04805485541666193
010423_Slice3,cKO,84.507042253521,0.037589178553649356
010423_Slice3,cKO,85.91549295774635,0.08662708582622665
010423_Slice3,cKO,87.3239436619717,-0.02795052501772131
010423_Slice3,cKO,88.73239436619706,0.06025437026151589
010423_Slice3,cKO,90.1408450704224,0.11823844164609909
010423_Slice3,cKO,91.54929577464775,0.09664541449663895
010423_Slice3,cKO,92.9577464788731,0.014051566303740921
010423_Slice3,cKO,94.36619718309845,0.07075381145945617
010423_Slice3,cKO,95.7746478873238,0.030611259064504077
010423_Slice3,cKO,97.18309859154915,-0.00606546550989151
010423_Slice3,cKO,98.5915492957745,0.05336686649492809
010423_Slice3,cKO,99.99999999999986,0.033192223736218045
010423_Slice3,cKO,101.4084507042252,0.13247219256923667
010423_Slice3,cKO,102.81690140845055,0.04347022569605282
010423_Slice3,cKO,104.2253521126759,0.10559787514752575
010423_Slice3,cKO,105.63380281690125,0.10125552570181233
010423_Slice3,cKO,107.0422535211266,0.10362853109836578
010423_Slice3,cKO,108.45070422535196,0.06782892399600574
010423_Slice3,cKO,109.8591549295773,0.12006638864321369
010423_Slice3,cKO,111.26760563380265,0.03125523882252829
010423_Slice3,cKO,112.676056338028,0.11073848897857326
010423_Slice3,cKO,114.08450704225335,0.08804017731121608
010423_Slice3,cKO,115.4929577464787,0.12200195022991725
010423_Slice3,cKO,116.90140845070405,0.030517479138714925
010423_Slice3,cKO,118.3098591549294,0.04418167947525425
010423_Slice3,cKO,119.71830985915476,0.054387319300855906
010423_Slice3,cKO,121.1267605633801,0.11359896031873566
010423_Slice3,cKO,122.53521126760545,0.1261132854436125
010423_Slice3,cKO,123.9436619718308,0.1672616877726146
010423_Slice3,cKO,125.35211267605615,0.23790970328263938
010423_Slice3,cKO,126.7605633802815,0.06796972533421856
010423_Slice3,cKO,128.16901408450684,0.07541381514498166
010423_Slice3,cKO,129.57746478873221,0.08912458102817514
010423_Slice3,cKO,130.98591549295756,0.08557252672367863
010423_Slice3,cKO,132.3943661971829,-0.015935108065605164
010423_Slice3,cKO,133.80281690140825,0.06362697941118053
010423_Slice3,cKO,135.2112676056336,0.2098087633826903
010423_Slice3,cKO,136.61971830985894,0.24341798360858644
010423_Slice3,cKO,138.0281690140843,0.2057143130472728
010423_Slice3,cKO,139.43661971830966,0.18913579106863057
010423_Slice3,cKO,140.845070422535,0.16716588182108744
010423_Slice3,cKO,142.25352112676035,0.13315306098333426
010423_Slice3,cKO,143.6619718309857,0.0628657905118806
010423_Slice3,cKO,145.07042253521107,0.054378122623477666
010423_Slice3,cKO,146.4788732394364,0.2165142446756363
010423_Slice3,cKO,147.88732394366176,0.17794702042426383
010423_Slice3,cKO,149.2957746478871,0.19851979613304138
010423_Slice3,cKO,150.70422535211245,0.16509361139365605
010423_Slice3,cKO,152.1126760563378,0.22378118016890117
010423_Slice3,cKO,153.52112676056316,0.13524705916643143
010423_Slice3,cKO,154.9295774647885,0.16189074609428644
010423_Slice3,cKO,156.33802816901385,0.16611043909298523
010423_Slice3,cKO,157.7464788732392,0.20498787558504514
010423_Slice3,cKO,159.15492957746454,0.03916318767837116
010423_Slice3,cKO,160.5633802816899,0.07196121769292015
010423_Slice3,cKO,161.97183098591526,0.03247952993427004
010423_Slice3,cKO,163.3802816901406,0.02501735570175307
010423_Slice3,cKO,164.78873239436595,-0.03743753352734659
010423_Slice3,cKO,166.1971830985913,0.10308374837040901
010423_Slice3,cKO,167.60563380281664,0.038860176290784566
010423_Slice3,cKO,169.014084507042,0.021941301013742174
010423_Slice3,cKO,170.42253521126736,0.23053371108004025
010423_Slice3,cKO,171.8309859154927,0.13273796173078672
010423_Slice3,cKO,173.23943661971805,-0.0014230957520859583
010423_Slice3,cKO,174.6478873239434,0.128824987581798
010423_Slice3,cKO,176.05633802816874,0.117757079324552
010423_Slice3,cKO,177.4647887323941,0.08921919526931431
010423_Slice3,cKO,178.87323943661946,0.09448189980217389
010423_Slice3,cKO,180.2816901408448,0.16135621882442916
010523_Slice1,WT,-60.56338028169005,-0.022353659849613905
010523_Slice1,WT,-59.1549295774647,0.029619411565363407
010523_Slice1,WT,-57.74647887323935,0.04777286481112242
010523_Slice1,WT,-56.338028169014,-0.006806342862546444
010523_Slice1,WT,-54.92957746478865,0.044664200861006975
010523_Slice1,WT,-53.5211267605633,0.03856854175683111
010523_Slice1,WT,-52.11267605633795,0.05461624963209033
010523_Slice1,WT,-50.7042253521126,0.07903663092292845
010523_Slice1,WT,-49.29577464788725,0.07953578140586615
010523_Slice1,WT,-47.8873239436619,0.036107780411839485
010523_Slice1,WT,-46.47887323943655,0.0014029900485184044
010523_Slice1,WT,-45.0704225352112,0.11058364063501358
010523_Slice1,WT,-43.66197183098585,0.0981973041780293
010523_Slice1,WT,-42.2535211267605,0.05681306682527065
010523_Slice1,WT,-40.84507042253515,0.05381344771012664
010523_Slice1,WT,-39.4366197183098,0.11176574509590864
010523_Slice1,WT,-38.02816901408445,0.05764951603487134
010523_Slice1,WT,-36.6197183098591,0.09192487201653421
010523_Slice1,WT,-35.21126760563375,0.018194229574874043
010523_Slice1,WT,-33.8028169014084,0.13564156740903854
010523_Slice1,WT,-32.394366197183054,0.10808758810162544
010523_Slice1,WT,-30.9859154929577,0.012729757698252797
010523_Slice1,WT,-29.57746478873235,-0.013989619677886367
010523_Slice1,WT,-28.169014084507,0.011557125020772219
010523_Slice1,WT,-26.76056338028165,0.027882191352546215
010523_Slice1,WT,-25.3521126760563,0.0461347340606153
010523_Slice1,WT,-23.94366197183095,0.047380765434354544
010523_Slice1,WT,-22.5352112676056,0.04573147010523826
010523_Slice1,WT,-21.12676056338025,0.012038172222673893
010523_Slice1,WT,-19.7183098591549,0.05426236521452665
010523_Slice1,WT,-18.30985915492955,0.0607615802437067
010523_Slice1,WT,-16.9014084507042,0.022082488983869553
010523_Slice1,WT,-15.49295774647885,0.033539087511599064
010523_Slice1,WT,-14.0845070422535,0.026652706786990166
010523_Slice1,WT,-12.67605633802815,0.05554583191405982
010523_Slice1,WT,-11.2676056338028,0.02329993131570518
010523_Slice1,WT,-9.85915492957745,0.06118182837963104
010523_Slice1,WT,-8.4507042253521,0.03655137214809656
010523_Slice1,WT,-7.04225352112675,0.035749068949371576
010523_Slice1,WT,-5.6338028169014,0.018983533373102546
010523_Slice1,WT,-4.22535211267605,0.09392989985644817
010523_Slice1,WT,-2.8169014084507,-0.0025738850235939026
010523_Slice1,WT,-1.40845070422535,-0.0022402142640203238
010523_Slice1,WT,0.0,0.017200254602357745
010523_Slice1,WT,1.40845070422535,0.12841204181313515
010523_Slice1,WT,2.8169014084507,0.13342065084725618
010523_Slice1,WT,4.22535211267605,0.05653793422970921
010523_Slice1,WT,5.6338028169014,0.10790128074586391
010523_Slice1,WT,7.04225352112675,0.18809278996195644
010523_Slice1,WT,8.4507042253521,0.33126287115737796
010523_Slice1,WT,9.85915492957745,0.3834998104721308
010523_Slice1,WT,11.2676056338028,0.6146048679947853
010523_Slice1,WT,12.67605633802815,0.600520933046937
010523_Slice1,WT,14.0845070422535,0.5645186114124954
010523_Slice1,WT,15.49295774647885,0.6228604633361101
010523_Slice1,WT,16.9014084507042,0.6500141602009535
010523_Slice1,WT,18.30985915492955,0.5845763754914515
010523_Slice1,WT,19.7183098591549,0.5451521966606379
010523_Slice1,WT,21.12676056338025,0.5096709087956697
010523_Slice1,WT,22.5352112676056,0.4204541901126504
010523_Slice1,WT,23.94366197183095,0.3106283191591501
010523_Slice1,WT,25.3521126760563,0.3740648445673287
010523_Slice1,WT,26.76056338028165,0.3610266484320164
010523_Slice1,WT,28.169014084507,0.29366614017635584
010523_Slice1,WT,29.57746478873235,0.3447263855487108
010523_Slice1,WT,30.9859154929577,0.32021107990294695
010523_Slice1,WT,32.394366197183054,0.3588692117482424
010523_Slice1,WT,33.8028169014084,0.3421078724786639
010523_Slice1,WT,35.21126760563375,0.25144474452827126
010523_Slice1,WT,36.6197183098591,0.2273192685097456
010523_Slice1,WT,38.02816901408445,0.22053608484566212
010523_Slice1,WT,39.4366197183098,0.22987058106809855
010523_Slice1,WT,40.84507042253515,0.17875124560669065
010523_Slice1,WT,42.2535211267605,0.3014286123216152
010523_Slice1,WT,43.66197183098585,0.24957472644746304
010523_Slice1,WT,45.0704225352112,0.3409488881006837
010523_Slice1,WT,46.47887323943655,0.2744418326765299
010523_Slice1,WT,47.8873239436619,0.21672093868255615
010523_Slice1,WT,49.29577464788725,0.31112600304186344
010523_Slice1,WT,50.7042253521126,0.28655429161153734
010523_Slice1,WT,52.11267605633795,0.29847316443920135
010523_Slice1,WT,53.5211267605633,0.3717348873615265
010523_Slice1,WT,54.92957746478865,0.19036715966649354
010523_Slice1,WT,56.338028169014,0.26234010118059814
010523_Slice1,WT,57.74647887323935,0.23482757806777954
010523_Slice1,WT,59.1549295774647,0.24938373640179634
010523_Slice1,WT,60.56338028169005,0.26901161670684814
010523_Slice1,WT,61.9718309859154,0.3395294863730669
010523_Slice1,WT,63.38028169014075,0.2447331752628088
010523_Slice1,WT,64.78873239436611,0.20936827035620809
010523_Slice1,WT,66.19718309859145,0.19948393991217017
010523_Slice1,WT,67.6056338028168,0.21994366496801376
010523_Slice1,WT,69.01408450704216,0.2855007825419307
010523_Slice1,WT,70.4225352112675,0.2334243754739873
010523_Slice1,WT,71.83098591549285,0.19919323595240712
010523_Slice1,WT,73.2394366197182,0.23588144406676292
010523_Slice1,WT,74.64788732394355,0.16980447457171977
010523_Slice1,WT,76.0563380281689,0.2576880622655153
010523_Slice1,WT,77.46478873239425,0.1333239432424307
010523_Slice1,WT,78.8732394366196,0.2344020837917924
010523_Slice1,WT,80.28169014084494,0.15922756888903677
010523_Slice1,WT,81.6901408450703,0.2126697269268334
010523_Slice1,WT,83.09859154929565,0.21181758865714073
010523_Slice1,WT,84.507042253521,0.08817194518633187
010523_Slice1,WT,85.91549295774635,0.14838695898652077
010523_Slice1,WT,87.3239436619717,0.07284384686499834
010523_Slice1,WT,88.73239436619706,0.06524458597414196
010523_Slice1,WT,90.1408450704224,0.13123476586770266
010523_Slice1,WT,91.54929577464775,0.25226262165233493
010523_Slice1,WT,92.9577464788731,0.20971708558499813
010523_Slice1,WT,94.36619718309845,0.25424460507929325
010523_Slice1,WT,95.7746478873238,0.04304634407162666
010523_Slice1,WT,97.18309859154915,0.16901465831324458
010523_Slice1,WT,98.5915492957745,0.18464971147477627
010523_Slice1,WT,99.99999999999986,0.2199119972065091
010523_Slice1,WT,101.4084507042252,0.20091749262064695
010523_Slice1,WT,102.81690140845055,0.1449113516137004
010523_Slice1,WT,104.2253521126759,0.07513107405975461
010523_Slice1,WT,105.63380281690125,0.1257776643615216
010523_Slice1,WT,107.0422535211266,0.1516494500101544
010523_Slice1,WT,108.45070422535196,0.1638306276872754
010523_Slice1,WT,109.8591549295773,0.15034018945880234
010523_Slice1,WT,111.26760563380265,0.20918582566082478
010523_Slice1,WT,112.676056338028,0.1232100767083466
010523_Slice1,WT,114.08450704225335,0.14031145232729614
010523_Slice1,WT,115.4929577464787,0.2129928134381771
010523_Slice1,WT,116.90140845070405,0.19889373891055584
010523_Slice1,WT,118.3098591549294,0.14621601889666636
010523_Slice1,WT,119.71830985915476,0.09682788234204054
010523_Slice1,WT,121.1267605633801,0.17415172420442104
010523_Slice1,WT,122.53521126760545,0.14828884694725275
010523_Slice1,WT,123.9436619718308,0.16933849453926086
010523_Slice1,WT,125.35211267605615,0.08959841588512063
010523_Slice1,WT,126.7605633802815,0.19340644963085651
010523_Slice1,WT,128.16901408450684,0.18187200278043747
010523_Slice1,WT,129.57746478873221,0.15938330627977848
010523_Slice1,WT,130.98591549295756,0.10183796100318432
010523_Slice1,WT,132.3943661971829,0.13325455877929926
010523_Slice1,WT,133.80281690140825,0.09697129484266043
010523_Slice1,WT,135.2112676056336,0.16614966467022896
010523_Slice1,WT,136.61971830985894,0.20076697506010532
010523_Slice1,WT,138.0281690140843,0.05784741253592074
010523_Slice1,WT,139.43661971830966,0.12158624199219048
010523_Slice1,WT,140.845070422535,0.09858795162290335
010523_Slice1,WT,142.25352112676035,0.022865778300911188
010523_Slice1,WT,143.6619718309857,0.09025419689714909
010523_Slice1,WT,145.07042253521107,0.059784652665257454
010523_Slice1,WT,146.4788732394364,0.18570023961365223
010523_Slice1,WT,147.88732394366176,0.11886306572705507
010523_Slice1,WT,149.2957746478871,0.19273226335644722
010523_Slice1,WT,150.70422535211245,0.10580175369977951
010523_Slice1,WT,152.1126760563378,0.17649246007204056
010523_Slice1,WT,153.52112676056316,0.05763307819142938
010523_Slice1,WT,154.9295774647885,0.10163118620403111
010523_Slice1,WT,156.33802816901385,0.07841579895466566
010523_Slice1,WT,157.7464788732392,0.1876436173915863
010523_Slice1,WT,159.15492957746454,0.107356789521873
010523_Slice1,WT,160.5633802816899,0.07983041647821665
010523_Slice1,WT,161.97183098591526,0.05398082919418812
010523_Slice1,WT,163.3802816901406,0.1971546271815896
010523_Slice1,WT,164.78873239436595,0.12484549544751644
010523_Slice1,WT,166.1971830985913,0.1385829895734787
010523_Slice1,WT,167.60563380281664,0.1061287522315979
010523_Slice1,WT,169.014084507042,0.08615249115973711
010523_Slice1,WT,170.42253521126736,0.08214721642434597
010523_Slice1,WT,171.8309859154927,0.06277778837829828
010523_Slice1,WT,173.23943661971805,0.10617231763899326
010523_Slice1,WT,174.6478873239434,0.09127217903733253
010523_Slice1,WT,176.05633802816874,0.06881914415862411
010523_Slice1,WT,177.4647887323941,0.016843008808791637
010523_Slice1,WT,178.87323943661946,0.05568696209229529
010523_Slice1,WT,180.2816901408448,0.10381523566320539
010523_Slice1,cKO,-60.56338028169005,0.027367554139345884
010523_Slice1,cKO,-59.1549295774647,0.039304991252720356
010523_Slice1,cKO,-57.74647887323935,0.03474110271781683
010523_Slice1,cKO,-56.338028169014,0.05750972870737314
010523_Slice1,cKO,-54.92957746478865,-0.01562905979032318
010523_Slice1,cKO,-53.5211267605633,-0.03859414629793415
010523_Slice1,cKO,-52.11267605633795,0.02700378590573867
010523_Slice1,cKO,-50.7042253521126,0.04149520394275896
010523_Slice1,cKO,-49.29577464788725,0.04758860246511176
010523_Slice1,cKO,-47.8873239436619,0.02408165391534567
010523_Slice1,cKO,-46.47887323943655,0.03595503497247895
010523_Slice1,cKO,-45.0704225352112,0.038993513522048794
010523_Slice1,cKO,-43.66197183098585,0.03629482723772526
010523_Slice1,cKO,-42.2535211267605,0.024968974757939577
010523_Slice1,cKO,-40.84507042253515,0.03263964309977988
010523_Slice1,cKO,-39.4366197183098,0.021826683782516437
010523_Slice1,cKO,-38.02816901408445,0.05911589879542589
010523_Slice1,cKO,-36.6197183098591,0.036731828935444355
010523_Slice1,cKO,-35.21126760563375,0.016531625607361395
010523_Slice1,cKO,-33.8028169014084,0.07355791237205267
010523_Slice1,cKO,-32.394366197183054,0.0045116867404431105
010523_Slice1,cKO,-30.9859154929577,-0.014641048231472572
010523_Slice1,cKO,-29.57746478873235,0.020317206004013617
010523_Slice1,cKO,-28.169014084507,0.05023864315201839
010523_Slice1,cKO,-26.76056338028165,0.035845465725287795
010523_Slice1,cKO,-25.3521126760563,0.09025730192661285
010523_Slice1,cKO,-23.94366197183095,0.019059835312267143
010523_Slice1,cKO,-22.5352112676056,0.052160375751554966
010523_Slice1,cKO,-21.12676056338025,0.017763758776709437
010523_Slice1,cKO,-19.7183098591549,0.0729790012507389
010523_Slice1,cKO,-18.30985915492955,0.09401098328332107
010523_Slice1,cKO,-16.9014084507042,0.028361893608234823
010523_Slice1,cKO,-15.49295774647885,0.04884045982422928
010523_Slice1,cKO,-14.0845070422535,0.045020835396523275
010523_Slice1,cKO,-12.67605633802815,-0.007170496508479118
010523_Slice1,cKO,-11.2676056338028,0.029714736388996243
010523_Slice1,cKO,-9.85915492957745,0.04655694270816942
010523_Slice1,cKO,-8.4507042253521,0.057323720306158066
010523_Slice1,cKO,-7.04225352112675,0.059771667079379164
010523_Slice1,cKO,-5.6338028169014,0.03878818918019533
010523_Slice1,cKO,-4.22535211267605,0.07349391964574654
010523_Slice1,cKO,-2.8169014084507,0.07425304502248764
010523_Slice1,cKO,-1.40845070422535,0.026207188406260684
010523_Slice1,cKO,0.0,-0.011494689621031284
010523_Slice1,cKO,1.40845070422535,-0.013004591688513756
010523_Slice1,cKO,2.8169014084507,0.09222240084394191
010523_Slice1,cKO,4.22535211267605,0.04674349632114172
010523_Slice1,cKO,5.6338028169014,-0.02341663381472851
010523_Slice1,cKO,7.04225352112675,0.031927024091904364
010523_Slice1,cKO,8.4507042253521,0.08864556501309077
010523_Slice1,cKO,9.85915492957745,0.08970833274846275
010523_Slice1,cKO,11.2676056338028,0.043542724723617234
010523_Slice1,cKO,12.67605633802815,0.0725755337625742
010523_Slice1,cKO,14.0845070422535,0.10051815522213776
010523_Slice1,cKO,15.49295774647885,0.15915866817037264
010523_Slice1,cKO,16.9014084507042,0.05529998211810986
010523_Slice1,cKO,18.30985915492955,0.15725736878812313
010523_Slice1,cKO,19.7183098591549,0.09159660277267297
010523_Slice1,cKO,21.12676056338025,0.024348868678013485
010523_Slice1,cKO,22.5352112676056,0.09153861676653226
010523_Slice1,cKO,23.94366197183095,0.07809237266580264
010523_Slice1,cKO,25.3521126760563,0.09207310589651267
010523_Slice1,cKO,26.76056338028165,0.03732498797277609
010523_Slice1,cKO,28.169014084507,0.08663558742652337
010523_Slice1,cKO,29.57746478873235,0.1067492812871933
010523_Slice1,cKO,30.9859154929577,0.15946391597390175
010523_Slice1,cKO,32.394366197183054,0.06298354205985864
010523_Slice1,cKO,33.8028169014084,0.07754462701268494
010523_Slice1,cKO,35.21126760563375,0.1180817075073719
010523_Slice1,cKO,36.6197183098591,0.09608823340386152
010523_Slice1,cKO,38.02816901408445,0.06452922709286213
010523_Slice1,cKO,39.4366197183098,0.07423399637142818
010523_Slice1,cKO,40.84507042253515,0.0871640204374368
010523_Slice1,cKO,42.2535211267605,0.08439007548925777
010523_Slice1,cKO,43.66197183098585,0.06598795081178348
010523_Slice1,cKO,45.0704225352112,0.1559453159570694
010523_Slice1,cKO,46.47887323943655,0.10880642011761665
010523_Slice1,cKO,47.8873239436619,0.11210160454114278
010523_Slice1,cKO,49.29577464788725,0.08559098265444239
010523_Slice1,cKO,50.7042253521126,0.06930215936154127
010523_Slice1,cKO,52.11267605633795,0.13935950429489216
010523_Slice1,cKO,53.5211267605633,0.08778911332289378
010523_Slice1,cKO,54.92957746478865,0.07515265218292673
010523_Slice1,cKO,56.338028169014,0.08340236979226272
010523_Slice1,cKO,57.74647887323935,0.14211630324522653
010523_Slice1,cKO,59.1549295774647,0.05720567509221534
010523_Slice1,cKO,60.56338028169005,0.08486460065614665
010523_Slice1,cKO,61.9718309859154,0.14022132009267807
010523_Slice1,cKO,63.38028169014075,0.11527583127220471
010523_Slice1,cKO,64.78873239436611,0.05907096341252327
010523_Slice1,cKO,66.19718309859145,0.07948746441009764
010523_Slice1,cKO,67.6056338028168,0.08117347738395135
010523_Slice1,cKO,69.01408450704216,0.08872321853414178
010523_Slice1,cKO,70.4225352112675,0.09484845430900653
010523_Slice1,cKO,71.83098591549285,0.06160849705338478
010523_Slice1,cKO,73.2394366197182,0.03165518112170199
010523_Slice1,cKO,74.64788732394355,0.07641350167493026
010523_Slice1,cKO,76.0563380281689,0.011973810692628225
010523_Slice1,cKO,77.46478873239425,0.01713886243912081
010523_Slice1,cKO,78.8732394366196,0.1230602500339349
010523_Slice1,cKO,80.28169014084494,0.11804644018411636
010523_Slice1,cKO,81.6901408450703,0.14458724235494932
010523_Slice1,cKO,83.09859154929565,0.15164373846103749
010523_Slice1,cKO,84.507042253521,0.05328085677077373
010523_Slice1,cKO,85.91549295774635,0.02878420854297777
010523_Slice1,cKO,87.3239436619717,0.05245391962428888
010523_Slice1,cKO,88.73239436619706,0.044442057609558105
010523_Slice1,cKO,90.1408450704224,0.09419855459903677
010523_Slice1,cKO,91.54929577464775,0.054282709723338485
010523_Slice1,cKO,92.9577464788731,0.049535780834654965
010523_Slice1,cKO,94.36619718309845,0.019561709836125374
010523_Slice1,cKO,95.7746478873238,0.10893445500793557
010523_Slice1,cKO,97.18309859154915,0.055199327412992716
010523_Slice1,cKO,98.5915492957745,0.0658007978151242
010523_Slice1,cKO,99.99999999999986,0.09860183050235112
010523_Slice1,cKO,101.4084507042252,0.12514974332104126
010523_Slice1,cKO,102.81690140845055,0.0668985831240813
010523_Slice1,cKO,104.2253521126759,0.03615991507346431
010523_Slice1,cKO,105.63380281690125,0.0683214634967347
010523_Slice1,cKO,107.0422535211266,0.15512696901957193
010523_Slice1,cKO,108.45070422535196,0.013280418264912441
010523_Slice1,cKO,109.8591549295773,0.07158430851995945
010523_Slice1,cKO,111.26760563380265,0.11331961366037528
010523_Slice1,cKO,112.676056338028,0.04250992896656195
010523_Slice1,cKO,114.08450704225335,0.07115146828194459
010523_Slice1,cKO,115.4929577464787,0.1020039723565181
010523_Slice1,cKO,116.90140845070405,0.04351490860184034
010523_Slice1,cKO,118.3098591549294,0.0642338776960969
010523_Slice1,cKO,119.71830985915476,0.05597419446955124
010523_Slice1,cKO,121.1267605633801,0.10429475584533066
010523_Slice1,cKO,122.53521126760545,0.098209198564291
010523_Slice1,cKO,123.9436619718308,0.08011372713372111
010523_Slice1,cKO,125.35211267605615,0.07802628306671977
010523_Slice1,cKO,126.7605633802815,0.11942690735061963
010523_Slice1,cKO,128.16901408450684,0.07340673108895619
010523_Slice1,cKO,129.57746478873221,0.1409562093516191
010523_Slice1,cKO,130.98591549295756,0.0626409649848938
010523_Slice1,cKO,132.3943661971829,0.1040637685606877
010523_Slice1,cKO,133.80281690140825,0.062387588589141764
010523_Slice1,cKO,135.2112676056336,0.05430004880084501
010523_Slice1,cKO,136.61971830985894,0.07828093009690444
010523_Slice1,cKO,138.0281690140843,0.10701609589159489
010523_Slice1,cKO,139.43661971830966,0.020211883044491213
010523_Slice1,cKO,140.845070422535,0.10005974645415942
010523_Slice1,cKO,142.25352112676035,0.02958791082104047
010523_Slice1,cKO,143.6619718309857,0.005122382038583358
010523_Slice1,cKO,145.07042253521107,0.04876026138663292
010523_Slice1,cKO,146.4788732394364,0.0871097386504213
010523_Slice1,cKO,147.88732394366176,0.054017635993659496
010523_Slice1,cKO,149.2957746478871,0.11914281318198998
010523_Slice1,cKO,150.70422535211245,0.08861386465529601
010523_Slice1,cKO,152.1126760563378,0.06580315778652827
010523_Slice1,cKO,153.52112676056316,0.0454207508203884
010523_Slice1,cKO,154.9295774647885,0.09075296421845754
010523_Slice1,cKO,156.33802816901385,0.06447877424458663
010523_Slice1,cKO,157.7464788732392,0.002900279127061367
010523_Slice1,cKO,159.15492957746454,0.016550223032633465
010523_Slice1,cKO,160.5633802816899,0.11077148094773293
010523_Slice1,cKO,161.97183098591526,0.03640647822370132
010523_Slice1,cKO,163.3802816901406,0.043742397179206215
010523_Slice1,cKO,164.78873239436595,0.06621035560965538
010523_Slice1,cKO,166.1971830985913,0.01700496735672156
010523_Slice1,cKO,167.60563380281664,0.05036275521464025
010523_Slice1,cKO,169.014084507042,-0.013144724071025848
010523_Slice1,cKO,170.42253521126736,-0.0044069828776021796
010523_Slice1,cKO,171.8309859154927,0.011180608998984098
010523_Slice1,cKO,173.23943661971805,0.05768987567474445
010523_Slice1,cKO,174.6478873239434,-0.023667160343999665
010523_Slice1,cKO,176.05633802816874,0.07501859900852044
010523_Slice1,cKO,177.4647887323941,0.06258780400579174
010523_Slice1,cKO,178.87323943661946,0.08345474923650424
010523_Slice1,cKO,180.2816901408448,0.04823403634751836
010523_Slice2,WT,-60.56338028169005,0.03225395083427429
010523_Slice2,WT,-59.1549295774647,0.12590295324722925
010523_Slice2,WT,-57.74647887323935,0.030672022451957066
010523_Slice2,WT,-56.338028169014,0.06379218896230061
010523_Slice2,WT,-54.92957746478865,0.07217514577011268
010523_Slice2,WT,-53.5211267605633,0.041232610742251076
010523_Slice2,WT,-52.11267605633795,0.15017132523159185
010523_Slice2,WT,-50.7042253521126,0.12301946004542212
010523_Slice2,WT,-49.29577464788725,0.1247632031639417
010523_Slice2,WT,-47.8873239436619,0.08572660634915034
010523_Slice2,WT,-46.47887323943655,0.03716068093975385
010523_Slice2,WT,-45.0704225352112,-0.06494431818524997
010523_Slice2,WT,-43.66197183098585,-0.10635036354263623
010523_Slice2,WT,-42.2535211267605,0.1259948027630647
010523_Slice2,WT,-40.84507042253515,0.11211314797401428
010523_Slice2,WT,-39.4366197183098,0.3080895245075226
010523_Slice2,WT,-38.02816901408445,0.13226217279831567
010523_Slice2,WT,-36.6197183098591,0.06553710252046585
010523_Slice2,WT,-35.21126760563375,0.10069239760438602
010523_Slice2,WT,-33.8028169014084,0.06511313344041507
010523_Slice2,WT,-32.394366197183054,0.0012825715045134227
010523_Slice2,WT,-30.9859154929577,0.23897428313891092
010523_Slice2,WT,-29.57746478873235,0.10399044305086136
010523_Slice2,WT,-28.169014084507,0.07063010463025421
010523_Slice2,WT,-26.76056338028165,0.20189485947291055
010523_Slice2,WT,-25.3521126760563,0.13022163013617197
010523_Slice2,WT,-23.94366197183095,0.128448819120725
010523_Slice2,WT,-22.5352112676056,0.08468547152976195
010523_Slice2,WT,-21.12676056338025,0.10226394794881344
010523_Slice2,WT,-19.7183098591549,0.11556217881540458
010523_Slice2,WT,-18.30985915492955,0.179888183871905
010523_Slice2,WT,-16.9014084507042,0.014456084618965784
010523_Slice2,WT,-15.49295774647885,0.24153798818588257
010523_Slice2,WT,-14.0845070422535,0.06337439327035099
010523_Slice2,WT,-12.67605633802815,0.08337782882153988
010523_Slice2,WT,-11.2676056338028,0.12651933978001276
010523_Slice2,WT,-9.85915492957745,0.18865173061688742
010523_Slice2,WT,-8.4507042253521,0.020574909634888172
010523_Slice2,WT,-7.04225352112675,0.04000739504893621
010523_Slice2,WT,-5.6338028169014,0.09075474739074707
010523_Slice2,WT,-4.22535211267605,0.07008612714707851
010523_Slice2,WT,-2.8169014084507,-0.06891090919574101
010523_Slice2,WT,-1.40845070422535,0.0012018235089878242
010523_Slice2,WT,0.0,0.13628889123598734
010523_Slice2,WT,1.40845070422535,0.08405340214570363
010523_Slice2,WT,2.8169014084507,0.1286250981502235
010523_Slice2,WT,4.22535211267605,0.1564284935593605
010523_Slice2,WT,5.6338028169014,0.12352835883696874
010523_Slice2,WT,7.04225352112675,0.06736827393372853
010523_Slice2,WT,8.4507042253521,0.1939577261606852
010523_Slice2,WT,9.85915492957745,0.1558809777100881
010523_Slice2,WT,11.2676056338028,0.0590081661939621
010523_Slice2,WT,12.67605633802815,0.21425857643286386
010523_Slice2,WT,14.0845070422535,0.17470302805304527
010523_Slice2,WT,15.49295774647885,0.15861102441946665
010523_Slice2,WT,16.9014084507042,0.2975424602627754
010523_Slice2,WT,18.30985915492955,0.42441128227316466
010523_Slice2,WT,19.7183098591549,0.5700383704776565
010523_Slice2,WT,21.12676056338025,0.6799748465418816
010523_Slice2,WT,22.5352112676056,0.6067346523826321
010523_Slice2,WT,23.94366197183095,0.6287448977430662
010523_Slice2,WT,25.3521126760563,0.6556834951043129
010523_Slice2,WT,26.76056338028165,0.6471236875901619
010523_Slice2,WT,28.169014084507,0.5651426675419012
010523_Slice2,WT,29.57746478873235,0.4966117354730765
010523_Slice2,WT,30.9859154929577,0.4714022104938825
010523_Slice2,WT,32.394366197183054,0.4500187899296482
010523_Slice2,WT,33.8028169014084,0.3067164222399394
010523_Slice2,WT,35.21126760563375,0.39154129413266975
010523_Slice2,WT,36.6197183098591,0.34817328055699664
010523_Slice2,WT,38.02816901408445,0.4043239305416743
010523_Slice2,WT,39.4366197183098,0.3504820987582207
010523_Slice2,WT,40.84507042253515,0.37388521370788413
010523_Slice2,WT,42.2535211267605,0.17996786534786224
010523_Slice2,WT,43.66197183098585,0.2549680819114049
010523_Slice2,WT,45.0704225352112,0.3026527774830659
010523_Slice2,WT,46.47887323943655,0.20715071260929108
010523_Slice2,WT,47.8873239436619,0.23344920172045627
010523_Slice2,WT,49.29577464788725,0.2555433710416158
010523_Slice2,WT,50.7042253521126,0.22777452071507773
010523_Slice2,WT,52.11267605633795,0.29037876551349956
010523_Slice2,WT,53.5211267605633,0.2990931918223699
010523_Slice2,WT,54.92957746478865,0.26482266932725906
010523_Slice2,WT,56.338028169014,0.3195423111319542
010523_Slice2,WT,57.74647887323935,0.3351234073440234
010523_Slice2,WT,59.1549295774647,0.22495332888017097
010523_Slice2,WT,60.56338028169005,0.31588564068078995
010523_Slice2,WT,61.9718309859154,0.26030480054517585
010523_Slice2,WT,63.38028169014075,0.17858701633910337
010523_Slice2,WT,64.78873239436611,0.259668489297231
010523_Slice2,WT,66.19718309859145,0.24391114711761475
010523_Slice2,WT,67.6056338028168,0.26030031591653824
010523_Slice2,WT,69.01408450704216,0.16249642272790274
010523_Slice2,WT,70.4225352112675,0.26904960814863443
010523_Slice2,WT,71.83098591549285,0.2156295950214068
010523_Slice2,WT,73.2394366197182,0.19746945053339005
010523_Slice2,WT,74.64788732394355,0.13327986747026443
010523_Slice2,WT,76.0563380281689,0.13541564904153347
010523_Slice2,WT,77.46478873239425,0.2029518224298954
010523_Slice2,WT,78.8732394366196,0.16856603076060614
010523_Slice2,WT,80.28169014084494,0.26848751803239185
010523_Slice2,WT,81.6901408450703,0.2628391161561012
010523_Slice2,WT,83.09859154929565,0.2464325949549675
010523_Slice2,WT,84.507042253521,0.12878179053465524
010523_Slice2,WT,85.91549295774635,0.17758508523305258
010523_Slice2,WT,87.3239436619717,0.1505203333993753
010523_Slice2,WT,88.73239436619706,0.2399505254191657
010523_Slice2,WT,90.1408450704224,0.06004086028163632
010523_Slice2,WT,91.54929577464775,0.1419727678100268
010523_Slice2,WT,92.9577464788731,0.3098403960466385
010523_Slice2,WT,94.36619718309845,0.27944155782461166
010523_Slice2,WT,95.7746478873238,0.15287845768034458
010523_Slice2,WT,97.18309859154915,0.1799153241639336
010523_Slice2,WT,98.5915492957745,0.10017797350883484
010523_Slice2,WT,99.99999999999986,0.025939469536145527
010523_Slice2,WT,101.4084507042252,0.2221153974533081
010523_Slice2,WT,102.81690140845055,0.04120394587516785
010523_Slice2,WT,104.2253521126759,0.2262808084487915
010523_Slice2,WT,105.63380281690125,0.1414418937638402
010523_Slice2,WT,107.0422535211266,0.10000624756018321
010523_Slice2,WT,108.45070422535196,0.17576907016336918
010523_Slice2,WT,109.8591549295773,0.10054775575796764
010523_Slice2,WT,111.26760563380265,0.10738570584605138
010523_Slice2,WT,112.676056338028,0.0431414470076561
010523_Slice2,WT,114.08450704225335,0.057668580363194145
010523_Slice2,WT,115.4929577464787,0.16991138954957327
010523_Slice2,WT,116.90140845070405,0.07169726490974426
010523_Slice2,WT,118.3098591549294,0.18052023276686668
010523_Slice2,WT,119.71830985915476,0.18687352538108826
010523_Slice2,WT,121.1267605633801,0.045607672383387886
010523_Slice2,WT,122.53521126760545,0.2502518727754553
010523_Slice2,WT,123.9436619718308,0.08282752179851134
010523_Slice2,WT,125.35211267605615,0.09481324007113774
010523_Slice2,WT,126.7605633802815,0.11619037358711164
010523_Slice2,WT,128.16901408450684,0.10395002240935962
010523_Slice2,WT,129.57746478873221,0.01699100931485494
010523_Slice2,WT,130.98591549295756,0.0908466304341952
010523_Slice2,WT,132.3943661971829,0.09675884495178859
010523_Slice2,WT,133.80281690140825,0.039752873281637825
010523_Slice2,WT,135.2112676056336,0.028576275954643886
010523_Slice2,WT,136.61971830985894,-0.04147000114123026
010523_Slice2,WT,138.0281690140843,0.0011289417743682861
010523_Slice2,WT,139.43661971830966,-0.04398240769902865
010523_Slice2,WT,140.845070422535,0.03443420430024465
010523_Slice2,WT,142.25352112676035,0.09950837741295497
010523_Slice2,WT,143.6619718309857,-0.03720021185775598
010523_Slice2,WT,145.07042253521107,0.0249602310359478
010523_Slice2,WT,146.4788732394364,0.030368606249491375
010523_Slice2,WT,147.88732394366176,-0.029179067661364872
010523_Slice2,WT,149.2957746478871,0.04446930189927419
010523_Slice2,WT,150.70422535211245,0.1492693374554316
010523_Slice2,WT,152.1126760563378,0.046419504816488676
010523_Slice2,WT,153.52112676056316,0.14779586965839067
010523_Slice2,WT,154.9295774647885,-0.011489583800236383
010523_Slice2,WT,156.33802816901385,-0.07727162788311641
010523_Slice2,WT,157.7464788732392,0.04832908635338148
010523_Slice2,WT,159.15492957746454,-0.019311750307679176
010523_Slice2,WT,160.5633802816899,0.0009114130710562071
010523_Slice2,WT,161.97183098591526,0.26477956275145215
010523_Slice2,WT,163.3802816901406,0.18003430093328157
010523_Slice2,WT,164.78873239436595,0.2435640792051951
010523_Slice2,WT,166.1971830985913,0.16456463063756624
010523_Slice2,WT,167.60563380281664,0.11765124400456746
010523_Slice2,WT,169.014084507042,0.20484042167663574
010523_Slice2,WT,170.42253521126736,0.10141603648662567
010523_Slice2,WT,171.8309859154927,0.08537642067919175
010523_Slice2,WT,173.23943661971805,0.11736028509524961
010523_Slice2,WT,174.6478873239434,0.17454863339662552
010523_Slice2,WT,176.05633802816874,0.16077506045500436
010523_Slice2,WT,177.4647887323941,0.14240722606579462
010523_Slice2,WT,178.87323943661946,0.32624050974845886
010523_Slice2,WT,180.2816901408448,0.21291029724913338
010523_Slice2,cKO,-60.56338028169005,0.06515623567004998
010523_Slice2,cKO,-59.1549295774647,0.061322662979364395
010523_Slice2,cKO,-57.74647887323935,0.06405501005550225
010523_Slice2,cKO,-56.338028169014,0.004432889089609186
010523_Slice2,cKO,-54.92957746478865,-0.012303351114193598
010523_Slice2,cKO,-53.5211267605633,0.013234794915964207
010523_Slice2,cKO,-52.11267605633795,0.10430771298706532
010523_Slice2,cKO,-50.7042253521126,0.19111744811137518
010523_Slice2,cKO,-49.29577464788725,0.11248950473964214
010523_Slice2,cKO,-47.8873239436619,-0.012187622409934798
010523_Slice2,cKO,-46.47887323943655,-0.013300387402220318
010523_Slice2,cKO,-45.0704225352112,0.06517292209900916
010523_Slice2,cKO,-43.66197183098585,-0.06960393177966277
010523_Slice2,cKO,-42.2535211267605,-0.024654313689097762
010523_Slice2,cKO,-40.84507042253515,0.14630649361060932
010523_Slice2,cKO,-39.4366197183098,0.10843338646615545
010523_Slice2,cKO,-38.02816901408445,0.10998894522587459
010523_Slice2,cKO,-36.6197183098591,0.10266263037919998
010523_Slice2,cKO,-35.21126760563375,0.11132752697449178
010523_Slice2,cKO,-33.8028169014084,0.10455318726599216
010523_Slice2,cKO,-32.394366197183054,0.12598282176380357
010523_Slice2,cKO,-30.9859154929577,0.1909143477678299
010523_Slice2,cKO,-29.57746478873235,0.17721617283920446
010523_Slice2,cKO,-28.169014084507,0.07531581722044696
010523_Slice2,cKO,-26.76056338028165,0.17591466040660939
010523_Slice2,cKO,-25.3521126760563,0.1635401969154676
010523_Slice2,cKO,-23.94366197183095,0.18333561594287553
010523_Slice2,cKO,-22.5352112676056,0.10031214356422424
010523_Slice2,cKO,-21.12676056338025,0.11692340951412916
010523_Slice2,cKO,-19.7183098591549,0.0642235311679542
010523_Slice2,cKO,-18.30985915492955,0.06997895683161914
010523_Slice2,cKO,-16.9014084507042,0.12039760313928127
010523_Slice2,cKO,-15.49295774647885,0.1550613302582254
010523_Slice2,cKO,-14.0845070422535,0.0014137160032987595
010523_Slice2,cKO,-12.67605633802815,0.08980044350028038
010523_Slice2,cKO,-11.2676056338028,0.11329020000994205
010523_Slice2,cKO,-9.85915492957745,0.12485106941312551
010523_Slice2,cKO,-8.4507042253521,0.020590645571549732
010523_Slice2,cKO,-7.04225352112675,0.11249989410862327
010523_Slice2,cKO,-5.6338028169014,0.1018074673290054
010523_Slice2,cKO,-4.22535211267605,0.018108827527612448
010523_Slice2,cKO,-2.8169014084507,0.08207668356286983
010523_Slice2,cKO,-1.40845070422535,0.14580521204819283
010523_Slice2,cKO,0.0,0.04617277439683676
010523_Slice2,cKO,1.40845070422535,0.08768041214595239
010523_Slice2,cKO,2.8169014084507,0.12547436077147722
010523_Slice2,cKO,4.22535211267605,0.19237280947466692
010523_Slice2,cKO,5.6338028169014,0.1404433517406384
010523_Slice2,cKO,7.04225352112675,0.046266249070564903
010523_Slice2,cKO,8.4507042253521,0.07940020373401542
010523_Slice2,cKO,9.85915492957745,0.08481765057270725
010523_Slice2,cKO,11.2676056338028,0.14046116918325424
010523_Slice2,cKO,12.67605633802815,0.1526557318866253
010523_Slice2,cKO,14.0845070422535,0.08615213756759961
010523_Slice2,cKO,15.49295774647885,-0.06886038377221364
010523_Slice2,cKO,16.9014084507042,-0.05042149731889367
010523_Slice2,cKO,18.30985915492955,0.0052513487947483855
010523_Slice2,cKO,19.7183098591549,-0.021411012237270672
010523_Slice2,cKO,21.12676056338025,-0.03615485473225514
010523_Slice2,cKO,22.5352112676056,-0.03303229808807373
010523_Slice2,cKO,23.94366197183095,-0.06553566572256386
010523_Slice2,cKO,25.3521126760563,-0.06330320968603094
010523_Slice2,cKO,26.76056338028165,-0.0030476286046905443
010523_Slice2,cKO,28.169014084507,-0.027436315547674894
010523_Slice2,cKO,29.57746478873235,-0.0684732038450117
010523_Slice2,cKO,30.9859154929577,-0.05159439488003651
010523_Slice2,cKO,32.394366197183054,0.024898769954840343
010523_Slice2,cKO,33.8028169014084,-0.05657825215409199
010523_Slice2,cKO,35.21126760563375,-0.021465158710877102
010523_Slice2,cKO,36.6197183098591,-0.003987267380580306
010523_Slice2,cKO,38.02816901408445,0.03899095708038658
010523_Slice2,cKO,39.4366197183098,-0.0314778865625461
010523_Slice2,cKO,40.84507042253515,0.05297948078562816
010523_Slice2,cKO,42.2535211267605,-0.010096202294031778
010523_Slice2,cKO,43.66197183098585,0.011361860359708468
010523_Slice2,cKO,45.0704225352112,-0.005643177932749192
010523_Slice2,cKO,46.47887323943655,-0.012796059638882676
010523_Slice2,cKO,47.8873239436619,-3.83576067785422e-05
010523_Slice2,cKO,49.29577464788725,0.05155580506349603
010523_Slice2,cKO,50.7042253521126,-0.047042026688965656
010523_Slice2,cKO,52.11267605633795,0.03497152864777794
010523_Slice2,cKO,53.5211267605633,0.009964873005325595
010523_Slice2,cKO,54.92957746478865,0.023596326044450205
010523_Slice2,cKO,56.338028169014,0.04662501129011313
010523_Slice2,cKO,57.74647887323935,0.036560650914907455
010523_Slice2,cKO,59.1549295774647,0.06531590223312378
010523_Slice2,cKO,60.56338028169005,0.023382745527972777
010523_Slice2,cKO,61.9718309859154,0.06565064067641894
010523_Slice2,cKO,63.38028169014075,-0.010411557741463184
010523_Slice2,cKO,64.78873239436611,-0.0022853308861764767
010523_Slice2,cKO,66.19718309859145,0.03400891809724271
010523_Slice2,cKO,67.6056338028168,-0.05585975510378679
010523_Slice2,cKO,69.01408450704216,0.013681792964537939
010523_Slice2,cKO,70.4225352112675,-0.022436738790323336
010523_Slice2,cKO,71.83098591549285,-0.047611842242379986
010523_Slice2,cKO,73.2394366197182,0.020141279324889183
010523_Slice2,cKO,74.64788732394355,-0.054466145733992256
010523_Slice2,cKO,76.0563380281689,0.029889986539880436
010523_Slice2,cKO,77.46478873239425,0.00406185785929362
010523_Slice2,cKO,78.8732394366196,0.037554789800196886
010523_Slice2,cKO,80.28169014084494,0.023899699250857036
010523_Slice2,cKO,81.6901408450703,0.02585366554558277
010523_Slice2,cKO,83.09859154929565,0.023623368858049314
010523_Slice2,cKO,84.507042253521,0.03329095640219748
010523_Slice2,cKO,85.91549295774635,0.04131969165367385
010523_Slice2,cKO,87.3239436619717,0.06691761951272686
010523_Slice2,cKO,88.73239436619706,0.07842612375194828
010523_Slice2,cKO,90.1408450704224,0.05250654276460409
010523_Slice2,cKO,91.54929577464775,-0.022110245501001675
010523_Slice2,cKO,92.9577464788731,0.11618224213210245
010523_Slice2,cKO,94.36619718309845,0.09067491348832846
010523_Slice2,cKO,95.7746478873238,-0.02684587372156481
010523_Slice2,cKO,97.18309859154915,-0.09377681898574035
010523_Slice2,cKO,98.5915492957745,-0.02466555281231801
010523_Slice2,cKO,99.99999999999986,-0.002604468104739984
010523_Slice2,cKO,101.4084507042252,0.03382211488982042
010523_Slice2,cKO,102.81690140845055,0.0002365289255976677
010523_Slice2,cKO,104.2253521126759,-0.003318570709476868
010523_Slice2,cKO,105.63380281690125,-0.05205218703486025
010523_Slice2,cKO,107.0422535211266,-0.08089720830321312
010523_Slice2,cKO,108.45070422535196,-0.04522754283001026
010523_Slice2,cKO,109.8591549295773,-0.0924149692679445
010523_Slice2,cKO,111.26760563380265,-0.15604203877349695
010523_Slice2,cKO,112.676056338028,-0.19386349121729532
010523_Slice2,cKO,114.08450704225335,-0.1706862666954597
010523_Slice2,cKO,115.4929577464787,-0.06274268869310617
010523_Slice2,cKO,116.90140845070405,-0.08565098823358615
010523_Slice2,cKO,118.3098591549294,-0.1563443037448451
010523_Slice2,cKO,119.71830985915476,-0.059867713457303275
010523_Slice2,cKO,121.1267605633801,-0.08957146977384885
010523_Slice2,cKO,122.53521126760545,-0.06216620836251726
010523_Slice2,cKO,123.9436619718308,-0.026766112074255943
010523_Slice2,cKO,125.35211267605615,-0.06957922130823135
010523_Slice2,cKO,126.7605633802815,-0.13589716143906116
010523_Slice2,cKO,128.16901408450684,-0.07111869767929117
010523_Slice2,cKO,129.57746478873221,-0.0633830577135086
010523_Slice2,cKO,130.98591549295756,-0.09889789546529452
010523_Slice2,cKO,132.3943661971829,-0.12289596597353618
010523_Slice2,cKO,133.80281690140825,-0.1198453448402385
010523_Slice2,cKO,135.2112676056336,-0.021725261583924294
010523_Slice2,cKO,136.61971830985894,-0.1297037936747074
010523_Slice2,cKO,138.0281690140843,-0.12646147049963474
010523_Slice2,cKO,139.43661971830966,-0.11530980529884498
010523_Slice2,cKO,140.845070422535,-0.06647706031799316
010523_Slice2,cKO,142.25352112676035,-0.13736640755087137
010523_Slice2,cKO,143.6619718309857,-0.1501171588897705
010523_Slice2,cKO,145.07042253521107,-0.1167702575524648
010523_Slice2,cKO,146.4788732394364,-0.07629562782434125
010523_Slice2,cKO,147.88732394366176,-0.10491097283860047
010523_Slice2,cKO,149.2957746478871,-0.048860581048453845
010523_Slice2,cKO,150.70422535211245,-0.052970328368246555
010523_Slice2,cKO,152.1126760563378,-0.12382269681741793
010523_Slice2,cKO,153.52112676056316,-0.15190058139463267
010523_Slice2,cKO,154.9295774647885,-0.05012168587806324
010523_Slice2,cKO,156.33802816901385,-0.1478781687716643
010523_Slice2,cKO,157.7464788732392,-0.10683096572756767
010523_Slice2,cKO,159.15492957746454,-0.16067595159014067
010523_Slice2,cKO,160.5633802816899,-0.05000161131223043
010523_Slice2,cKO,161.97183098591526,0.05339879744375745
010523_Slice2,cKO,163.3802816901406,-0.05683426256291568
010523_Slice2,cKO,164.78873239436595,0.02645043811450402
010523_Slice2,cKO,166.1971830985913,0.08218611326689522
010523_Slice2,cKO,167.60563380281664,-0.035383584579297654
010523_Slice2,cKO,169.014084507042,0.04216265802582105
010523_Slice2,cKO,170.42253521126736,0.03829059982672334
010523_Slice2,cKO,171.8309859154927,0.03453233450030287
010523_Slice2,cKO,173.23943661971805,0.04638821848978599
010523_Slice2,cKO,174.6478873239434,0.09380538730571668
010523_Slice2,cKO,176.05633802816874,-0.027790248083571594
010523_Slice2,cKO,177.4647887323941,0.008626687650879225
010523_Slice2,cKO,178.87323943661946,0.06207408878253773
010523_Slice2,cKO,180.2816901408448,-0.017232108395546675
010523_Slice3,WT,-60.56338028169005,-0.040983978658914566
010523_Slice3,WT,-59.1549295774647,0.1458786427974701
010523_Slice3,WT,-57.74647887323935,0.2386547327041626
010523_Slice3,WT,-56.338028169014,0.08093547821044922
010523_Slice3,WT,-54.92957746478865,0.015495378524065018
010523_Slice3,WT,-53.5211267605633,0.009220260195434093
010523_Slice3,WT,-52.11267605633795,0.09213713556528091
010523_Slice3,WT,-50.7042253521126,0.17896105349063873
010523_Slice3,WT,-49.29577464788725,0.16697385907173157
010523_Slice3,WT,-47.8873239436619,0.2815141975879669
010523_Slice3,WT,-46.47887323943655,-0.033749766647815704
010523_Slice3,WT,-45.0704225352112,0.2991000711917877
010523_Slice3,WT,-43.66197183098585,0.11541348695755005
010523_Slice3,WT,-42.2535211267605,0.2673492133617401
010523_Slice3,WT,-40.84507042253515,-0.004643552470952272
010523_Slice3,WT,-39.4366197183098,0.07221512496471405
010523_Slice3,WT,-38.02816901408445,0.07157772779464722
010523_Slice3,WT,-36.6197183098591,0.13977965712547302
010523_Slice3,WT,-35.21126760563375,0.05453573539853096
010523_Slice3,WT,-33.8028169014084,0.03320541977882385
010523_Slice3,WT,-32.394366197183054,0.22996827960014343
010523_Slice3,WT,-30.9859154929577,0.27898839116096497
010523_Slice3,WT,-29.57746478873235,0.12471656501293182
010523_Slice3,WT,-28.169014084507,0.1706680804491043
010523_Slice3,WT,-26.76056338028165,-0.0173031035810709
010523_Slice3,WT,-25.3521126760563,0.1297522485256195
010523_Slice3,WT,-23.94366197183095,0.2798016667366028
010523_Slice3,WT,-22.5352112676056,0.14004024863243103
010523_Slice3,WT,-21.12676056338025,0.1755114644765854
010523_Slice3,WT,-19.7183098591549,0.21906432509422302
010523_Slice3,WT,-18.30985915492955,0.10747359693050385
010523_Slice3,WT,-16.9014084507042,0.217755526304245
010523_Slice3,WT,-15.49295774647885,0.21350805461406708
010523_Slice3,WT,-14.0845070422535,0.21204327046871185
010523_Slice3,WT,-12.67605633802815,0.06501860171556473
010523_Slice3,WT,-11.2676056338028,-0.004072653129696846
010523_Slice3,WT,-9.85915492957745,0.07738574594259262
010523_Slice3,WT,-8.4507042253521,-0.029894443228840828
010523_Slice3,WT,-7.04225352112675,0.16584330797195435
010523_Slice3,WT,-5.6338028169014,-0.12979450821876526
010523_Slice3,WT,-4.22535211267605,0.11142868548631668
010523_Slice3,WT,-2.8169014084507,0.20168696343898773
010523_Slice3,WT,-1.40845070422535,-0.14241710305213928
010523_Slice3,WT,0.0,0.16034556925296783
010523_Slice3,WT,1.40845070422535,0.2654224634170532
010523_Slice3,WT,2.8169014084507,0.016627458855509758
010523_Slice3,WT,4.22535211267605,0.13279025256633759
010523_Slice3,WT,5.6338028169014,0.4153135120868683
010523_Slice3,WT,7.04225352112675,0.27953729033470154
010523_Slice3,WT,8.4507042253521,0.19055534899234772
010523_Slice3,WT,9.85915492957745,0.21691228449344635
010523_Slice3,WT,11.2676056338028,0.26394206285476685
010523_Slice3,WT,12.67605633802815,0.555911660194397
010523_Slice3,WT,14.0845070422535,0.589890718460083
010523_Slice3,WT,15.49295774647885,0.5802698731422424
010523_Slice3,WT,16.9014084507042,0.42894601821899414
010523_Slice3,WT,18.30985915492955,0.8590511083602905
010523_Slice3,WT,19.7183098591549,0.5167638063430786
010523_Slice3,WT,21.12676056338025,0.6201997995376587
010523_Slice3,WT,22.5352112676056,0.5336189866065979
010523_Slice3,WT,23.94366197183095,0.337772935628891
010523_Slice3,WT,25.3521126760563,0.282234251499176
010523_Slice3,WT,26.76056338028165,0.33029356598854065
010523_Slice3,WT,28.169014084507,0.1218559518456459
010523_Slice3,WT,29.57746478873235,0.18844018876552582
010523_Slice3,WT,30.9859154929577,0.3904755413532257
010523_Slice3,WT,32.394366197183054,0.21010728180408478
010523_Slice3,WT,33.8028169014084,0.2647932171821594
010523_Slice3,WT,35.21126760563375,0.1255396604537964
010523_Slice3,WT,36.6197183098591,0.3603452444076538
010523_Slice3,WT,38.02816901408445,0.3613961338996887
010523_Slice3,WT,39.4366197183098,0.3881017565727234
010523_Slice3,WT,40.84507042253515,0.24278618395328522
010523_Slice3,WT,42.2535211267605,0.3255653381347656
010523_Slice3,WT,43.66197183098585,0.23421037197113037
010523_Slice3,WT,45.0704225352112,0.2521907389163971
010523_Slice3,WT,46.47887323943655,0.1442539095878601
010523_Slice3,WT,47.8873239436619,0.2399304062128067
010523_Slice3,WT,49.29577464788725,0.12280642241239548
010523_Slice3,WT,50.7042253521126,0.39767470955848694
010523_Slice3,WT,52.11267605633795,0.18202228844165802
010523_Slice3,WT,53.5211267605633,0.30229708552360535
010523_Slice3,WT,54.92957746478865,0.25551220774650574
010523_Slice3,WT,56.338028169014,-0.05682670325040817
010523_Slice3,WT,57.74647887323935,0.15117649734020233
010523_Slice3,WT,59.1549295774647,0.17449358105659485
010523_Slice3,WT,60.56338028169005,0.0467664934694767
010523_Slice3,WT,61.9718309859154,0.2354542464017868
010523_Slice3,WT,63.38028169014075,0.059960849583148956
010523_Slice3,WT,64.78873239436611,0.1178232878446579
010523_Slice3,WT,66.19718309859145,0.11597402393817902
010523_Slice3,WT,67.6056338028168,0.15450142323970795
010523_Slice3,WT,69.01408450704216,0.0009262408711947501
010523_Slice3,WT,70.4225352112675,0.3674613833427429
010523_Slice3,WT,71.83098591549285,0.23711688816547394
010523_Slice3,WT,73.2394366197182,0.29070577025413513
010523_Slice3,WT,74.64788732394355,0.08107418566942215
010523_Slice3,WT,76.0563380281689,0.0363827720284462
010523_Slice3,WT,77.46478873239425,0.6820037364959717
010523_Slice3,WT,78.8732394366196,0.24982917308807373
010523_Slice3,WT,80.28169014084494,0.06762665510177612
010523_Slice3,WT,81.6901408450703,0.06878882646560669
010523_Slice3,WT,83.09859154929565,0.2604331374168396
010523_Slice3,WT,84.507042253521,0.22872450947761536
010523_Slice3,WT,85.91549295774635,-0.0683555155992508
010523_Slice3,WT,87.3239436619717,0.08213115483522415
010523_Slice3,WT,88.73239436619706,0.15665078163146973
010523_Slice3,WT,90.1408450704224,-0.0986456423997879
010523_Slice3,WT,91.54929577464775,0.20733587443828583
010523_Slice3,WT,92.9577464788731,0.12502790987491608
010523_Slice3,WT,94.36619718309845,0.23470626771450043
010523_Slice3,WT,95.7746478873238,0.14434951543807983
010523_Slice3,WT,97.18309859154915,0.09341902285814285
010523_Slice3,WT,98.5915492957745,0.11219029873609543
010523_Slice3,WT,99.99999999999986,0.2351570874452591
010523_Slice3,WT,101.4084507042252,0.14900639653205872
010523_Slice3,WT,102.81690140845055,0.1945403516292572
010523_Slice3,WT,104.2253521126759,0.354807585477829
010523_Slice3,WT,105.63380281690125,0.006554792169481516
010523_Slice3,WT,107.0422535211266,0.5552377104759216
010523_Slice3,WT,108.45070422535196,0.2097930610179901
010523_Slice3,WT,109.8591549295773,0.046349719166755676
010523_Slice3,WT,111.26760563380265,0.1332707703113556
010523_Slice3,WT,112.676056338028,0.17793984711170197
010523_Slice3,WT,114.08450704225335,0.22967982292175293
010523_Slice3,WT,115.4929577464787,0.09658759832382202
010523_Slice3,WT,116.90140845070405,-0.020666278898715973
010523_Slice3,WT,118.3098591549294,0.011740845628082752
010523_Slice3,WT,119.71830985915476,0.07604051381349564
010523_Slice3,WT,121.1267605633801,0.08698655664920807
010523_Slice3,WT,122.53521126760545,0.15293991565704346
010523_Slice3,WT,123.9436619718308,0.03381960093975067
010523_Slice3,WT,125.35211267605615,0.11241425573825836
010523_Slice3,WT,126.7605633802815,0.053697604686021805
010523_Slice3,WT,128.16901408450684,0.1333390176296234
010523_Slice3,WT,129.57746478873221,0.18972930312156677
010523_Slice3,WT,130.98591549295756,0.15658538043498993
010523_Slice3,WT,132.3943661971829,0.1612001359462738
010523_Slice3,WT,133.80281690140825,0.1113991066813469
010523_Slice3,WT,135.2112676056336,0.1894759237766266
010523_Slice3,WT,136.61971830985894,0.05951401963829994
010523_Slice3,WT,138.0281690140843,0.06508336961269379
010523_Slice3,WT,139.43661971830966,-0.08765319734811783
010523_Slice3,WT,140.845070422535,-0.00656554801389575
010523_Slice3,WT,142.25352112676035,0.0840243324637413
010523_Slice3,WT,143.6619718309857,-0.09828097373247147
010523_Slice3,WT,145.07042253521107,-0.19466538727283478
010523_Slice3,WT,146.4788732394364,-0.26269176602363586
010523_Slice3,WT,147.88732394366176,0.08851691335439682
010523_Slice3,WT,149.2957746478871,-0.1729045808315277
010523_Slice3,WT,150.70422535211245,0.01447325013577938
010523_Slice3,WT,152.1126760563378,0.0026532583869993687
010523_Slice3,WT,153.52112676056316,-0.13558021187782288
010523_Slice3,WT,154.9295774647885,-0.09357233345508575
010523_Slice3,WT,156.33802816901385,-0.11352714896202087
010523_Slice3,WT,157.7464788732392,-0.04332416132092476
010523_Slice3,WT,159.15492957746454,0.03998192027211189
010523_Slice3,WT,160.5633802816899,-0.061451468616724014
010523_Slice3,WT,161.97183098591526,-0.04576948657631874
010523_Slice3,WT,163.3802816901406,0.1443631649017334
010523_Slice3,WT,164.78873239436595,0.08202254772186279
010523_Slice3,WT,166.1971830985913,0.0027505645994096994
010523_Slice3,WT,167.60563380281664,0.20559127628803253
010523_Slice3,WT,169.014084507042,0.1617371141910553
010523_Slice3,WT,170.42253521126736,0.1066855937242508
010523_Slice3,WT,171.8309859154927,-0.03500453755259514
010523_Slice3,WT,173.23943661971805,0.18705052137374878
010523_Slice3,WT,174.6478873239434,0.18163076043128967
010523_Slice3,WT,176.05633802816874,-0.04078321531414986
010523_Slice3,WT,177.4647887323941,0.29438164830207825
010523_Slice3,WT,178.87323943661946,0.24515852332115173
010523_Slice3,WT,180.2816901408448,-0.032635707408189774
010523_Slice3,cKO,-60.56338028169005,0.07180942296981811
010523_Slice3,cKO,-59.1549295774647,-0.01505660992115736
010523_Slice3,cKO,-57.74647887323935,0.10320454612374305
010523_Slice3,cKO,-56.338028169014,0.13659099787473677
010523_Slice3,cKO,-54.92957746478865,0.03129595685750246
010523_Slice3,cKO,-53.5211267605633,0.08494823575019836
010523_Slice3,cKO,-52.11267605633795,0.12910036146640777
010523_Slice3,cKO,-50.7042253521126,0.08396083265542983
010523_Slice3,cKO,-49.29577464788725,0.010199631750583648
010523_Slice3,cKO,-47.8873239436619,0.0867654412984848
010523_Slice3,cKO,-46.47887323943655,0.058988190907984975
010523_Slice3,cKO,-45.0704225352112,0.0791722983121872
010523_Slice3,cKO,-43.66197183098585,0.2074491411447525
010523_Slice3,cKO,-42.2535211267605,0.12218233793973923
010523_Slice3,cKO,-40.84507042253515,0.08472056090831756
010523_Slice3,cKO,-39.4366197183098,0.05904906615614891
010523_Slice3,cKO,-38.02816901408445,-0.00275840200483799
010523_Slice3,cKO,-36.6197183098591,0.16940446831285955
010523_Slice3,cKO,-35.21126760563375,0.048770010471343994
010523_Slice3,cKO,-33.8028169014084,0.06258657947182655
010523_Slice3,cKO,-32.394366197183054,0.16006621196866036
010523_Slice3,cKO,-30.9859154929577,0.14300668463110924
010523_Slice3,cKO,-29.57746478873235,0.23969768285751342
010523_Slice3,cKO,-28.169014084507,0.12361598461866379
010523_Slice3,cKO,-26.76056338028165,0.1686679743230343
010523_Slice3,cKO,-25.3521126760563,-0.0007615059614181519
010523_Slice3,cKO,-23.94366197183095,0.15312361270189284
010523_Slice3,cKO,-22.5352112676056,0.0698865920305252
010523_Slice3,cKO,-21.12676056338025,0.20267043113708497
010523_Slice3,cKO,-19.7183098591549,0.20488115772604942
010523_Slice3,cKO,-18.30985915492955,0.1069935105741024
010523_Slice3,cKO,-16.9014084507042,0.19941663593053818
010523_Slice3,cKO,-15.49295774647885,0.1721264600753784
010523_Slice3,cKO,-14.0845070422535,0.02415543016977608
010523_Slice3,cKO,-12.67605633802815,0.11601159237325191
010523_Slice3,cKO,-11.2676056338028,-0.04774000197649002
010523_Slice3,cKO,-9.85915492957745,0.09870398528873921
010523_Slice3,cKO,-8.4507042253521,0.19703918993473052
010523_Slice3,cKO,-7.04225352112675,0.050882994383573535
010523_Slice3,cKO,-5.6338028169014,0.06126789301633835
010523_Slice3,cKO,-4.22535211267605,0.03391150198876858
010523_Slice3,cKO,-2.8169014084507,-0.02049039602279663
010523_Slice3,cKO,-1.40845070422535,0.015341309271752835
010523_Slice3,cKO,0.0,-0.052216447331011294
010523_Slice3,cKO,1.40845070422535,0.054653335735201834
010523_Slice3,cKO,2.8169014084507,0.010746440291404724
010523_Slice3,cKO,4.22535211267605,0.0221030168235302
010523_Slice3,cKO,5.6338028169014,0.08601077974308283
010523_Slice3,cKO,7.04225352112675,0.042428771313279864
010523_Slice3,cKO,8.4507042253521,0.2148367278277874
010523_Slice3,cKO,9.85915492957745,-0.01740133799612522
010523_Slice3,cKO,11.2676056338028,0.009581200778484344
010523_Slice3,cKO,12.67605633802815,0.10515379245916848
010523_Slice3,cKO,14.0845070422535,0.11700857356190682
010523_Slice3,cKO,15.49295774647885,0.05176606923341751
010523_Slice3,cKO,16.9014084507042,0.08145814947783947
010523_Slice3,cKO,18.30985915492955,0.24011824056506156
010523_Slice3,cKO,19.7183098591549,0.11408831775188447
010523_Slice3,cKO,21.12676056338025,0.12604416012763978
010523_Slice3,cKO,22.5352112676056,0.10334312170743942
010523_Slice3,cKO,23.94366197183095,0.08528698682785034
010523_Slice3,cKO,25.3521126760563,0.017354277521371843
010523_Slice3,cKO,26.76056338028165,0.14031670540571212
010523_Slice3,cKO,28.169014084507,-0.025232095271348953
010523_Slice3,cKO,29.57746478873235,0.031114155426621437
010523_Slice3,cKO,30.9859154929577,0.03492851294577122
010523_Slice3,cKO,32.394366197183054,-0.04992150515317917
010523_Slice3,cKO,33.8028169014084,0.021436378173530102
010523_Slice3,cKO,35.21126760563375,0.08231854699552059
010523_Slice3,cKO,36.6197183098591,0.10720624551177024
010523_Slice3,cKO,38.02816901408445,-0.045798904821276666
010523_Slice3,cKO,39.4366197183098,0.1248951319605112
010523_Slice3,cKO,40.84507042253515,0.06808166187256574
010523_Slice3,cKO,42.2535211267605,0.22262912876904012
010523_Slice3,cKO,43.66197183098585,0.1077349555445835
010523_Slice3,cKO,45.0704225352112,0.01019313558936119
010523_Slice3,cKO,46.47887323943655,0.0069356106221675875
010523_Slice3,cKO,47.8873239436619,0.01321678413078189
010523_Slice3,cKO,49.29577464788725,0.14308943934738635
010523_Slice3,cKO,50.7042253521126,0.04675918221473694
010523_Slice3,cKO,52.11267605633795,0.04051794372498989
010523_Slice3,cKO,53.5211267605633,0.14174676984548568
010523_Slice3,cKO,54.92957746478865,0.11018856056034565
010523_Slice3,cKO,56.338028169014,0.04970295578241348
010523_Slice3,cKO,57.74647887323935,0.009271159768104553
010523_Slice3,cKO,59.1549295774647,0.026369546353816987
010523_Slice3,cKO,60.56338028169005,0.06317091211676598
010523_Slice3,cKO,61.9718309859154,0.16192534235306083
010523_Slice3,cKO,63.38028169014075,0.07867411673069
010523_Slice3,cKO,64.78873239436611,0.16793409157544376
010523_Slice3,cKO,66.19718309859145,0.11080759018659592
010523_Slice3,cKO,67.6056338028168,0.046885332092642784
010523_Slice3,cKO,69.01408450704216,0.08607633113861084
010523_Slice3,cKO,70.4225352112675,0.1003325492143631
010523_Slice3,cKO,71.83098591549285,-0.03577200025320053
010523_Slice3,cKO,73.2394366197182,0.06676120283082128
010523_Slice3,cKO,74.64788732394355,0.07571739256381989
010523_Slice3,cKO,76.0563380281689,0.1365498151630163
010523_Slice3,cKO,77.46478873239425,-0.006122466921806335
010523_Slice3,cKO,78.8732394366196,0.09167939126491546
010523_Slice3,cKO,80.28169014084494,0.22715045176446438
010523_Slice3,cKO,81.6901408450703,0.06270104050636291
010523_Slice3,cKO,83.09859154929565,0.15378361195325851
010523_Slice3,cKO,84.507042253521,0.20496710538864135
010523_Slice3,cKO,85.91549295774635,0.06823860630393028
010523_Slice3,cKO,87.3239436619717,0.06344672949053347
010523_Slice3,cKO,88.73239436619706,-0.006680425815284252
010523_Slice3,cKO,90.1408450704224,-0.13108905255794526
010523_Slice3,cKO,91.54929577464775,0.0867164708673954
010523_Slice3,cKO,92.9577464788731,0.05426269248127937
010523_Slice3,cKO,94.36619718309845,0.11637681871652603
010523_Slice3,cKO,95.7746478873238,-0.08152331858873367
010523_Slice3,cKO,97.18309859154915,-0.01769954413175583
010523_Slice3,cKO,98.5915492957745,-0.013231542706489564
010523_Slice3,cKO,99.99999999999986,0.07323528304696084
010523_Slice3,cKO,101.4084507042252,0.0180233433842659
010523_Slice3,cKO,102.81690140845055,0.04773029312491417
010523_Slice3,cKO,104.2253521126759,0.13887362368404865
010523_Slice3,cKO,105.63380281690125,0.20465432815253734
010523_Slice3,cKO,107.0422535211266,0.10768368504941464
010523_Slice3,cKO,108.45070422535196,0.06343665570020676
010523_Slice3,cKO,109.8591549295773,0.22634255290031433
010523_Slice3,cKO,111.26760563380265,0.13832245469093324
010523_Slice3,cKO,112.676056338028,0.01735263764858246
010523_Slice3,cKO,114.08450704225335,0.03250758573412895
010523_Slice3,cKO,115.4929577464787,0.03897552639245987
010523_Slice3,cKO,116.90140845070405,-0.002242499589920044
010523_Slice3,cKO,118.3098591549294,-0.040797480195760724
010523_Slice3,cKO,119.71830985915476,0.026774416444823146
010523_Slice3,cKO,121.1267605633801,0.03813111558556557
010523_Slice3,cKO,122.53521126760545,0.03075766861438751
010523_Slice3,cKO,123.9436619718308,0.10403288081288338
010523_Slice3,cKO,125.35211267605615,0.12290084343403578
010523_Slice3,cKO,126.7605633802815,0.05360211124643684
010523_Slice3,cKO,128.16901408450684,0.10782728344202042
010523_Slice3,cKO,129.57746478873221,0.1555042952299118
010523_Slice3,cKO,130.98591549295756,0.15323844775557519
010523_Slice3,cKO,132.3943661971829,0.005633766204118729
010523_Slice3,cKO,133.80281690140825,0.01753510907292366
010523_Slice3,cKO,135.2112676056336,-0.057719124108552934
010523_Slice3,cKO,136.61971830985894,-0.10477699264883995
010523_Slice3,cKO,138.0281690140843,-0.07312803231179714
010523_Slice3,cKO,139.43661971830966,-0.17590969502925874
010523_Slice3,cKO,140.845070422535,-0.036090775532647966
010523_Slice3,cKO,142.25352112676035,0.024803486466407777
010523_Slice3,cKO,143.6619718309857,-0.14704854637384415
010523_Slice3,cKO,145.07042253521107,-0.159393747150898
010523_Slice3,cKO,146.4788732394364,-0.18796708881855012
010523_Slice3,cKO,147.88732394366176,-0.11193961352109909
010523_Slice3,cKO,149.2957746478871,-0.10938182771205902
010523_Slice3,cKO,150.70422535211245,-0.09794956296682358
010523_Slice3,cKO,152.1126760563378,-0.11019676327705383
010523_Slice3,cKO,153.52112676056316,-0.1763516828417778
010523_Slice3,cKO,154.9295774647885,-0.15334772020578386
010523_Slice3,cKO,156.33802816901385,-0.08305598329752684
010523_Slice3,cKO,157.7464788732392,-0.10574968680739402
010523_Slice3,cKO,159.15492957746454,-0.020925892516970634
010523_Slice3,cKO,160.5633802816899,0.1330579064786434
010523_Slice3,cKO,161.97183098591526,0.0060216449201107025
010523_Slice3,cKO,163.3802816901406,0.0030414808541536333
010523_Slice3,cKO,164.78873239436595,0.05050261951982975
010523_Slice3,cKO,166.1971830985913,-0.13363104239106177
010523_Slice3,cKO,167.60563380281664,-0.1415007643401623
010523_Slice3,cKO,169.014084507042,0.08163179457187653
010523_Slice3,cKO,170.42253521126736,0.06283655175939203
010523_Slice3,cKO,171.8309859154927,0.07590502612292767
010523_Slice3,cKO,173.23943661971805,-0.0805405966937542
010523_Slice3,cKO,174.6478873239434,-0.0854684254154563
010523_Slice3,cKO,176.05633802816874,-0.027842316869646312
010523_Slice3,cKO,177.4647887323941,-0.06802866533398629
010523_Slice3,cKO,178.87323943661946,-0.07699640989303588
010523_Slice3,cKO,180.2816901408448,-0.06807116530835629
