network,condition,definition,theta_offset,tau,tp,fp,fn,tn,n_core,accuracy,f1,precision,recall
2,synchronous,xcorr_full,-0.3,0.1,15,0,5,80,15,0.95,0.8571428571428571,1.0,0.75
2,synchronous,xcorr_full,-0.3,0.2,15,0,5,80,15,0.95,0.8571428571428571,1.0,0.75
2,synchronous,xcorr_full,-0.3,0.3,15,0,5,80,15,0.95,0.8571428571428571,1.0,0.75
2,synchronous,xcorr_full,-0.2,0.1,15,0,5,80,15,0.95,0.8571428571428571,1.0,0.75
2,synchronous,xcorr_full,-0.2,0.2,15,0,5,80,15,0.95,0.8571428571428571,1.0,0.75
2,synchronous,xcorr_full,-0.2,0.3,15,0,5,80,15,0.95,0.8571428571428571,1.0,0.75
2,synchronous,xcorr_full,-0.1,0.1,9,0,11,80,9,0.89,0.6206896551724138,1.0,0.45
2,synchronous,xcorr_full,-0.1,0.2,9,0,11,80,9,0.89,0.6206896551724138,1.0,0.45
2,synchronous,xcorr_full,-0.1,0.3,9,0,11,80,9,0.89,0.6206896551724138,1.0,0.45
2,synchronous,xcorr_full,-0.05,0.1,3,0,17,80,3,0.83,0.2608695652173913,1.0,0.15
2,synchronous,xcorr_full,-0.05,0.2,3,0,17,80,3,0.83,0.2608695652173913,1.0,0.15
2,synchronous,xcorr_full,-0.05,0.3,3,0,17,80,3,0.83,0.2608695652173913,1.0,0.15
2,synchronous,xcorr_full,0.0,0.1,0,0,20,80,0,0.8,0.0,,0.0
2,synchronous,xcorr_full,0.0,0.2,0,0,20,80,0,0.8,0.0,,0.0
2,synchronous,xcorr_full,0.0,0.3,0,0,20,80,0,0.8,0.0,,0.0
2,synchronous,xcorr_full,0.05,0.1,0,0,20,80,0,0.8,0.0,,0.0
2,synchronous,xcorr_full,0.05,0.2,0,0,20,80,0,0.8,0.0,,0.0
2,synchronous,xcorr_full,0.05,0.3,0,0,20,80,0,0.8,0.0,,0.0
2,synchronous,xcorr_full,0.1,0.1,0,0,20,80,0,0.8,0.0,,0.0
2,synchronous,xcorr_full,0.1,0.2,0,0,20,80,0,0.8,0.0,,0.0
2,synchronous,xcorr_full,0.1,0.3,0,0,20,80,0,0.8,0.0,,0.0
2,synchronous,pearson,-0.3,0.1,19,0,1,80,19,0.99,0.9743589743589743,1.0,0.95
2,synchronous,pearson,-0.3,0.2,19,0,1,80,19,0.99,0.9743589743589743,1.0,0.95
2,synchronous,pearson,-0.3,0.3,19,0,1,80,19,0.99,0.9743589743589743,1.0,0.95
2,synchronous,pearson,-0.2,0.1,19,0,1,80,19,0.99,0.9743589743589743,1.0,0.95
2,synchronous,pearson,-0.2,0.2,19,0,1,80,19,0.99,0.9743589743589743,1.0,0.95
2,synchronous,pearson,-0.2,0.3,19,0,1,80,19,0.99,0.9743589743589743,1.0,0.95
2,synchronous,pearson,-0.1,0.1,15,0,5,80,15,0.95,0.8571428571428571,1.0,0.75
2,synchronous,pearson,-0.1,0.2,15,0,5,80,15,0.95,0.8571428571428571,1.0,0.75
2,synchronous,pearson,-0.1,0.3,15,0,5,80,15,0.95,0.8571428571428571,1.0,0.75
2,synchronous,pearson,-0.05,0.1,6,0,14,80,6,0.86,0.46153846153846156,1.0,0.3
2,synchronous,pearson,-0.05,0.2,6,0,14,80,6,0.86,0.46153846153846156,1.0,0.3
2,synchronous,pearson,-0.05,0.3,6,0,14,80,6,0.86,0.46153846153846156,1.0,0.3
2,synchronous,pearson,0.0,0.1,0,0,20,80,0,0.8,0.0,,0.0
2,synchronous,pearson,0.0,0.2,0,0,20,80,0,0.8,0.0,,0.0
2,synchronous,pearson,0.0,0.3,0,0,20,80,0,0.8,0.0,,0.0
2,synchronous,pearson,0.05,0.1,0,0,20,80,0,0.8,0.0,,0.0
2,synchronous,pearson,0.05,0.2,0,0,20,80,0,0.8,0.0,,0.0
2,synchronous,pearson,0.05,0.3,0,0,20,80,0,0.8,0.0,,0.0
2,synchronous,pearson,0.1,0.1,0,0,20,80,0,0.8,0.0,,0.0
2,synchronous,pearson,0.1,0.2,0,0,20,80,0,0.8,0.0,,0.0
2,synchronous,pearson,0.1,0.3,0,0,20,80,0,0.8,0.0,,0.0
2,synchronous,spearman,-0.3,0.1,18,0,2,80,18,0.98,0.9473684210526315,1.0,0.9
2,synchronous,spearman,-0.3,0.2,18,0,2,80,18,0.98,0.9473684210526315,1.0,0.9
2,synchronous,spearman,-0.3,0.3,18,0,2,80,18,0.98,0.9473684210526315,1.0,0.9
2,synchronous,spearman,-0.2,0.1,18,0,2,80,18,0.98,0.9473684210526315,1.0,0.9
2,synchronous,spearman,-0.2,0.2,18,0,2,80,18,0.98,0.9473684210526315,1.0,0.9
2,synchronous,spearman,-0.2,0.3,18,0,2,80,18,0.98,0.9473684210526315,1.0,0.9
2,synchronous,spearman,-0.1,0.1,18,0,2,80,18,0.98,0.9473684210526315,1.0,0.9
2,synchronous,spearman,-0.1,0.2,18,0,2,80,18,0.98,0.9473684210526315,1.0,0.9
2,synchronous,spearman,-0.1,0.3,18,0,2,80,18,0.98,0.9473684210526315,1.0,0.9
2,synchronous,spearman,-0.05,0.1,18,0,2,80,18,0.98,0.9473684210526315,1.0,0.9
2,synchronous,spearman,-0.05,0.2,18,0,2,80,18,0.98,0.9473684210526315,1.0,0.9
2,synchronous,spearman,-0.05,0.3,18,0,2,80,18,0.98,0.9473684210526315,1.0,0.9
2,synchronous,spearman,0.0,0.1,18,0,2,80,18,0.98,0.9473684210526315,1.0,0.9
2,synchronous,spearman,0.0,0.2,18,0,2,80,18,0.98,0.9473684210526315,1.0,0.9
2,synchronous,spearman,0.0,0.3,18,0,2,80,18,0.98,0.9473684210526315,1.0,0.9
2,synchronous,spearman,0.05,0.1,17,0,3,80,17,0.97,0.918918918918919,1.0,0.85
2,synchronous,spearman,0.05,0.2,17,0,3,80,17,0.97,0.918918918918919,1.0,0.85
2,synchronous,spearman,0.05,0.3,17,0,3,80,17,0.97,0.918918918918919,1.0,0.85
2,synchronous,spearman,0.1,0.1,3,0,17,80,3,0.83,0.2608695652173913,1.0,0.15
2,synchronous,spearman,0.1,0.2,3,0,17,80,3,0.83,0.2608695652173913,1.0,0.15
2,synchronous,spearman,0.1,0.3,3,0,17,80,3,0.83,0.2608695652173913,1.0,0.15
2,delayed,xcorr_full,-0.3,0.1,18,0,2,80,18,0.98,0.9473684210526315,1.0,0.9
2,delayed,xcorr_full,-0.3,0.2,18,0,2,80,18,0.98,0.9473684210526315,1.0,0.9
2,delayed,xcorr_full,-0.3,0.3,18,0,2,80,18,0.98,0.9473684210526315,1.0,0.9
2,delayed,xcorr_full,-0.2,0.1,18,0,2,80,18,0.98,0.9473684210526315,1.0,0.9
2,delayed,xcorr_full,-0.2,0.2,18,0,2,80,18,0.98,0.9473684210526315,1.0,0.9
2,delayed,xcorr_full,-0.2,0.3,18,0,2,80,18,0.98,0.9473684210526315,1.0,0.9
2,delayed,xcorr_full,-0.1,0.1,10,0,10,80,10,0.9,0.6666666666666666,1.0,0.5
2,delayed,xcorr_full,-0.1,0.2,10,0,10,80,10,0.9,0.6666666666666666,1.0,0.5
2,delayed,xcorr_full,-0.1,0.3,10,0,10,80,10,0.9,0.6666666666666666,1.0,0.5
2,delayed,xcorr_full,-0.05,0.1,3,0,17,80,3,0.83,0.2608695652173913,1.0,0.15
2,delayed,xcorr_full,-0.05,0.2,3,0,17,80,3,0.83,0.2608695652173913,1.0,0.15
2,delayed,xcorr_full,-0.05,0.3,3,0,17,80,3,0.83,0.2608695652173913,1.0,0.15
2,delayed,xcorr_full,0.0,0.1,0,0,20,80,0,0.8,0.0,,0.0
2,delayed,xcorr_full,0.0,0.2,0,0,20,80,0,0.8,0.0,,0.0
2,delayed,xcorr_full,0.0,0.3,0,0,20,80,0,0.8,0.0,,0.0
2,delayed,xcorr_full,0.05,0.1,0,0,20,80,0,0.8,0.0,,0.0
2,delayed,xcorr_full,0.05,0.2,0,0,20,80,0,0.8,0.0,,0.0
2,delayed,xcorr_full,0.05,0.3,0,0,20,80,0,0.8,0.0,,0.0
2,delayed,xcorr_full,0.1,0.1,0,0,20,80,0,0.8,0.0,,0.0
2,delayed,xcorr_full,0.1,0.2,0,0,20,80,0,0.8,0.0,,0.0
2,delayed,xcorr_full,0.1,0.3,0,0,20,80,0,0.8,0.0,,0.0
2,delayed,pearson,-0.3,0.1,15,3,5,77,18,0.92,0.7894736842105263,0.8333333333333334,0.75
2,delayed,pearson,-0.3,0.2,15,3,5,77,18,0.92,0.7894736842105263,0.8333333333333334,0.75
2,delayed,pearson,-0.3,0.3,15,3,5,77,18,0.92,0.7894736842105263,0.8333333333333334,0.75
2,delayed,pearson,-0.2,0.1,15,3,5,77,18,0.92,0.7894736842105263,0.8333333333333334,0.75
2,delayed,pearson,-0.2,0.2,15,3,5,77,18,0.92,0.7894736842105263,0.8333333333333334,0.75
2,delayed,pearson,-0.2,0.3,15,3,5,77,18,0.92,0.7894736842105263,0.8333333333333334,0.75
2,delayed,pearson,-0.1,0.1,15,3,5,77,18,0.92,0.7894736842105263,0.8333333333333334,0.75
2,delayed,pearson,-0.1,0.2,15,3,5,77,18,0.92,0.7894736842105263,0.8333333333333334,0.75
2,delayed,pearson,-0.1,0.3,15,3,5,77,18,0.92,0.7894736842105263,0.8333333333333334,0.75
2,delayed,pearson,-0.05,0.1,15,3,5,77,18,0.92,0.7894736842105263,0.8333333333333334,0.75
2,delayed,pearson,-0.05,0.2,15,3,5,77,18,0.92,0.7894736842105263,0.8333333333333334,0.75
2,delayed,pearson,-0.05,0.3,15,3,5,77,18,0.92,0.7894736842105263,0.8333333333333334,0.75
2,delayed,pearson,0.0,0.1,15,3,5,77,18,0.92,0.7894736842105263,0.8333333333333334,0.75
2,delayed,pearson,0.0,0.2,15,3,5,77,18,0.92,0.7894736842105263,0.8333333333333334,0.75
2,delayed,pearson,0.0,0.3,15,3,5,77,18,0.92,0.7894736842105263,0.8333333333333334,0.75
2,delayed,pearson,0.05,0.1,15,2,5,78,17,0.93,0.8108108108108109,0.8823529411764706,0.75
2,delayed,pearson,0.05,0.2,15,2,5,78,17,0.93,0.8108108108108109,0.8823529411764706,0.75
2,delayed,pearson,0.05,0.3,15,2,5,78,17,0.93,0.8108108108108109,0.8823529411764706,0.75
2,delayed,pearson,0.1,0.1,13,1,7,79,14,0.92,0.7647058823529411,0.9285714285714286,0.65
2,delayed,pearson,0.1,0.2,13,1,7,79,14,0.92,0.7647058823529411,0.9285714285714286,0.65
2,delayed,pearson,0.1,0.3,13,1,7,79,14,0.92,0.7647058823529411,0.9285714285714286,0.65
2,delayed,spearman,-0.3,0.1,13,7,7,73,20,0.86,0.65,0.65,0.65
2,delayed,spearman,-0.3,0.2,13,7,7,73,20,0.86,0.65,0.65,0.65
2,delayed,spearman,-0.3,0.3,13,7,7,73,20,0.86,0.65,0.65,0.65
2,delayed,spearman,-0.2,0.1,13,7,7,73,20,0.86,0.65,0.65,0.65
2,delayed,spearman,-0.2,0.2,13,7,7,73,20,0.86,0.65,0.65,0.65
2,delayed,spearman,-0.2,0.3,13,7,7,73,20,0.86,0.65,0.65,0.65
2,delayed,spearman,-0.1,0.1,13,7,7,73,20,0.86,0.65,0.65,0.65
2,delayed,spearman,-0.1,0.2,13,7,7,73,20,0.86,0.65,0.65,0.65
2,delayed,spearman,-0.1,0.3,13,7,7,73,20,0.86,0.65,0.65,0.65
2,delayed,spearman,-0.05,0.1,13,7,7,73,20,0.86,0.65,0.65,0.65
2,delayed,spearman,-0.05,0.2,13,7,7,73,20,0.86,0.65,0.65,0.65
2,delayed,spearman,-0.05,0.3,13,7,7,73,20,0.86,0.65,0.65,0.65
2,delayed,spearman,0.0,0.1,13,7,7,73,20,0.86,0.65,0.65,0.65
2,delayed,spearman,0.0,0.2,13,7,7,73,20,0.86,0.65,0.65,0.65
2,delayed,spearman,0.0,0.3,13,7,7,73,20,0.86,0.65,0.65,0.65
2,delayed,spearman,0.05,0.1,13,6,7,74,19,0.87,0.6666666666666666,0.6842105263157895,0.65
2,delayed,spearman,0.05,0.2,13,6,7,74,19,0.87,0.6666666666666666,0.6842105263157895,0.65
2,delayed,spearman,0.05,0.3,13,6,7,74,19,0.87,0.6666666666666666,0.6842105263157895,0.65
2,delayed,spearman,0.1,0.1,10,2,10,78,12,0.88,0.625,0.8333333333333334,0.5
2,delayed,spearman,0.1,0.2,10,2,10,78,12,0.88,0.625,0.8333333333333334,0.5
2,delayed,spearman,0.1,0.3,10,2,10,78,12,0.88,0.625,0.8333333333333334,0.5
0,synchronous,xcorr_full,-0.3,0.1,19,0,1,80,19,0.99,0.9743589743589743,1.0,0.95
0,synchronous,xcorr_full,-0.3,0.2,19,0,1,80,19,0.99,0.9743589743589743,1.0,0.95
0,synchronous,xcorr_full,-0.3,0.3,19,0,1,80,19,0.99,0.9743589743589743,1.0,0.95
0,synchronous,xcorr_full,-0.2,0.1,19,0,1,80,19,0.99,0.9743589743589743,1.0,0.95
0,synchronous,xcorr_full,-0.2,0.2,19,0,1,80,19,0.99,0.9743589743589743,1.0,0.95
0,synchronous,xcorr_full,-0.2,0.3,19,0,1,80,19,0.99,0.9743589743589743,1.0,0.95
0,synchronous,xcorr_full,-0.1,0.1,13,0,7,80,13,0.93,0.7878787878787878,1.0,0.65
0,synchronous,xcorr_full,-0.1,0.2,13,0,7,80,13,0.93,0.7878787878787878,1.0,0.65
0,synchronous,xcorr_full,-0.1,0.3,13,0,7,80,13,0.93,0.7878787878787878,1.0,0.65
0,synchronous,xcorr_full,-0.05,0.1,4,0,16,80,4,0.84,0.3333333333333333,1.0,0.2
0,synchronous,xcorr_full,-0.05,0.2,4,0,16,80,4,0.84,0.3333333333333333,1.0,0.2
0,synchronous,xcorr_full,-0.05,0.3,4,0,16,80,4,0.84,0.3333333333333333,1.0,0.2
0,synchronous,xcorr_full,0.0,0.1,1,0,19,80,1,0.81,0.09523809523809523,1.0,0.05
0,synchronous,xcorr_full,0.0,0.2,1,0,19,80,1,0.81,0.09523809523809523,1.0,0.05
0,synchronous,xcorr_full,0.0,0.3,1,0,19,80,1,0.81,0.09523809523809523,1.0,0.05
0,synchronous,xcorr_full,0.05,0.1,0,0,20,80,0,0.8,0.0,,0.0
0,synchronous,xcorr_full,0.05,0.2,0,0,20,80,0,0.8,0.0,,0.0
0,synchronous,xcorr_full,0.05,0.3,0,0,20,80,0,0.8,0.0,,0.0
0,synchronous,xcorr_full,0.1,0.1,0,0,20,80,0,0.8,0.0,,0.0
0,synchronous,xcorr_full,0.1,0.2,0,0,20,80,0,0.8,0.0,,0.0
0,synchronous,xcorr_full,0.1,0.3,0,0,20,80,0,0.8,0.0,,0.0
0,synchronous,pearson,-0.3,0.1,20,0,0,80,20,1.0,1.0,1.0,1.0
0,synchronous,pearson,-0.3,0.2,20,0,0,80,20,1.0,1.0,1.0,1.0
0,synchronous,pearson,-0.3,0.3,20,0,0,80,20,1.0,1.0,1.0,1.0
0,synchronous,pearson,-0.2,0.1,20,0,0,80,20,1.0,1.0,1.0,1.0
0,synchronous,pearson,-0.2,0.2,20,0,0,80,20,1.0,1.0,1.0,1.0
0,synchronous,pearson,-0.2,0.3,20,0,0,80,20,1.0,1.0,1.0,1.0
0,synchronous,pearson,-0.1,0.1,15,0,5,80,15,0.95,0.8571428571428571,1.0,0.75
0,synchronous,pearson,-0.1,0.2,15,0,5,80,15,0.95,0.8571428571428571,1.0,0.75
0,synchronous,pearson,-0.1,0.3,15,0,5,80,15,0.95,0.8571428571428571,1.0,0.75
0,synchronous,pearson,-0.05,0.1,9,0,11,80,9,0.89,0.6206896551724138,1.0,0.45
0,synchronous,pearson,-0.05,0.2,9,0,11,80,9,0.89,0.6206896551724138,1.0,0.45
0,synchronous,pearson,-0.05,0.3,9,0,11,80,9,0.89,0.6206896551724138,1.0,0.45
0,synchronous,pearson,0.0,0.1,3,0,17,80,3,0.83,0.2608695652173913,1.0,0.15
0,synchronous,pearson,0.0,0.2,3,0,17,80,3,0.83,0.2608695652173913,1.0,0.15
0,synchronous,pearson,0.0,0.3,3,0,17,80,3,0.83,0.2608695652173913,1.0,0.15
0,synchronous,pearson,0.05,0.1,1,0,19,80,1,0.81,0.09523809523809523,1.0,0.05
0,synchronous,pearson,0.05,0.2,1,0,19,80,1,0.81,0.09523809523809523,1.0,0.05
0,synchronous,pearson,0.05,0.3,1,0,19,80,1,0.81,0.09523809523809523,1.0,0.05
0,synchronous,pearson,0.1,0.1,0,0,20,80,0,0.8,0.0,,0.0
0,synchronous,pearson,0.1,0.2,0,0,20,80,0,0.8,0.0,,0.0
0,synchronous,pearson,0.1,0.3,0,0,20,80,0,0.8,0.0,,0.0
0,synchronous,spearman,-0.3,0.1,20,0,0,80,20,1.0,1.0,1.0,1.0
0,synchronous,spearman,-0.3,0.2,20,0,0,80,20,1.0,1.0,1.0,1.0
0,synchronous,spearman,-0.3,0.3,20,0,0,80,20,1.0,1.0,1.0,1.0
0,synchronous,spearman,-0.2,0.1,20,0,0,80,20,1.0,1.0,1.0,1.0
0,synchronous,spearman,-0.2,0.2,20,0,0,80,20,1.0,1.0,1.0,1.0
0,synchronous,spearman,-0.2,0.3,20,0,0,80,20,1.0,1.0,1.0,1.0
0,synchronous,spearman,-0.1,0.1,20,0,0,80,20,1.0,1.0,1.0,1.0
0,synchronous,spearman,-0.1,0.2,20,0,0,80,20,1.0,1.0,1.0,1.0
0,synchronous,spearman,-0.1,0.3,20,0,0,80,20,1.0,1.0,1.0,1.0
0,synchronous,spearman,-0.05,0.1,20,0,0,80,20,1.0,1.0,1.0,1.0
0,synchronous,spearman,-0.05,0.2,20,0,0,80,20,1.0,1.0,1.0,1.0
0,synchronous,spearman,-0.05,0.3,20,0,0,80,20,1.0,1.0,1.0,1.0
0,synchronous,spearman,0.0,0.1,20,0,0,80,20,1.0,1.0,1.0,1.0
0,synchronous,spearman,0.0,0.2,20,0,0,80,20,1.0,1.0,1.0,1.0
0,synchronous,spearman,0.0,0.3,20,0,0,80,20,1.0,1.0,1.0,1.0
0,synchronous,spearman,0.05,0.1,18,0,2,80,18,0.98,0.9473684210526315,1.0,0.9
0,synchronous,spearman,0.05,0.2,18,0,2,80,18,0.98,0.9473684210526315,1.0,0.9
0,synchronous,spearman,0.05,0.3,18,0,2,80,18,0.98,0.9473684210526315,1.0,0.9
0,synchronous,spearman,0.1,0.1,4,0,16,80,4,0.84,0.3333333333333333,1.0,0.2
0,synchronous,spearman,0.1,0.2,4,0,16,80,4,0.84,0.3333333333333333,1.0,0.2
0,synchronous,spearman,0.1,0.3,4,0,16,80,4,0.84,0.3333333333333333,1.0,0.2
0,delayed,xcorr_full,-0.3,0.1,19,0,1,80,19,0.99,0.9743589743589743,1.0,0.95
0,delayed,xcorr_full,-0.3,0.2,19,0,1,80,19,0.99,0.9743589743589743,1.0,0.95
0,delayed,xcorr_full,-0.3,0.3,19,0,1,80,19,0.99,0.9743589743589743,1.0,0.95
0,delayed,xcorr_full,-0.2,0.1,19,0,1,80,19,0.99,0.9743589743589743,1.0,0.95
0,delayed,xcorr_full,-0.2,0.2,19,0,1,80,19,0.99,0.9743589743589743,1.0,0.95
0,delayed,xcorr_full,-0.2,0.3,19,0,1,80,19,0.99,0.9743589743589743,1.0,0.95
0,delayed,xcorr_full,-0.1,0.1,18,0,2,80,18,0.98,0.9473684210526315,1.0,0.9
0,delayed,xcorr_full,-0.1,0.2,18,0,2,80,18,0.98,0.9473684210526315,1.0,0.9
0,delayed,xcorr_full,-0.1,0.3,18,0,2,80,18,0.98,0.9473684210526315,1.0,0.9
0,delayed,xcorr_full,-0.05,0.1,2,0,18,80,2,0.82,0.18181818181818182,1.0,0.1
0,delayed,xcorr_full,-0.05,0.2,2,0,18,80,2,0.82,0.18181818181818182,1.0,0.1
0,delayed,xcorr_full,-0.05,0.3,2,0,18,80,2,0.82,0.18181818181818182,1.0,0.1
0,delayed,xcorr_full,0.0,0.1,0,0,20,80,0,0.8,0.0,,0.0
0,delayed,xcorr_full,0.0,0.2,0,0,20,80,0,0.8,0.0,,0.0
0,delayed,xcorr_full,0.0,0.3,0,0,20,80,0,0.8,0.0,,0.0
0,delayed,xcorr_full,0.05,0.1,0,0,20,80,0,0.8,0.0,,0.0
0,delayed,xcorr_full,0.05,0.2,0,0,20,80,0,0.8,0.0,,0.0
0,delayed,xcorr_full,0.05,0.3,0,0,20,80,0,0.8,0.0,,0.0
0,delayed,xcorr_full,0.1,0.1,0,0,20,80,0,0.8,0.0,,0.0
0,delayed,xcorr_full,0.1,0.2,0,0,20,80,0,0.8,0.0,,0.0
0,delayed,xcorr_full,0.1,0.3,0,0,20,80,0,0.8,0.0,,0.0
0,delayed,pearson,-0.3,0.1,16,4,4,76,20,0.92,0.8,0.8,0.8
0,delayed,pearson,-0.3,0.2,16,4,4,76,20,0.92,0.8,0.8,0.8
0,delayed,pearson,-0.3,0.3,16,4,4,76,20,0.92,0.8,0.8,0.8
0,delayed,pearson,-0.2,0.1,16,4,4,76,20,0.92,0.8,0.8,0.8
0,delayed,pearson,-0.2,0.2,16,4,4,76,20,0.92,0.8,0.8,0.8
0,delayed,pearson,-0.2,0.3,16,4,4,76,20,0.92,0.8,0.8,0.8
0,delayed,pearson,-0.1,0.1,16,4,4,76,20,0.92,0.8,0.8,0.8
0,delayed,pearson,-0.1,0.2,16,4,4,76,20,0.92,0.8,0.8,0.8
0,delayed,pearson,-0.1,0.3,16,4,4,76,20,0.92,0.8,0.8,0.8
0,delayed,pearson,-0.05,0.1,16,4,4,76,20,0.92,0.8,0.8,0.8
0,delayed,pearson,-0.05,0.2,16,4,4,76,20,0.92,0.8,0.8,0.8
0,delayed,pearson,-0.05,0.3,16,4,4,76,20,0.92,0.8,0.8,0.8
0,delayed,pearson,0.0,0.1,16,4,4,76,20,0.92,0.8,0.8,0.8
0,delayed,pearson,0.0,0.2,16,4,4,76,20,0.92,0.8,0.8,0.8
0,delayed,pearson,0.0,0.3,16,4,4,76,20,0.92,0.8,0.8,0.8
0,delayed,pearson,0.05,0.1,17,3,3,77,20,0.94,0.85,0.85,0.85
0,delayed,pearson,0.05,0.2,17,3,3,77,20,0.94,0.85,0.85,0.85
0,delayed,pearson,0.05,0.3,17,3,3,77,20,0.94,0.85,0.85,0.85
0,delayed,pearson,0.1,0.1,12,2,8,78,14,0.9,0.7058823529411765,0.8571428571428571,0.6
0,delayed,pearson,0.1,0.2,12,2,8,78,14,0.9,0.7058823529411765,0.8571428571428571,0.6
0,delayed,pearson,0.1,0.3,12,2,8,78,14,0.9,0.7058823529411765,0.8571428571428571,0.6
0,delayed,spearman,-0.3,0.1,11,9,9,71,20,0.82,0.55,0.55,0.55
0,delayed,spearman,-0.3,0.2,11,9,9,71,20,0.82,0.55,0.55,0.55
0,delayed,spearman,-0.3,0.3,11,8,9,72,19,0.83,0.5641025641025641,0.5789473684210527,0.55
0,delayed,spearman,-0.2,0.1,11,9,9,71,20,0.82,0.55,0.55,0.55
0,delayed,spearman,-0.2,0.2,11,9,9,71,20,0.82,0.55,0.55,0.55
0,delayed,spearman,-0.2,0.3,11,8,9,72,19,0.83,0.5641025641025641,0.5789473684210527,0.55
0,delayed,spearman,-0.1,0.1,11,9,9,71,20,0.82,0.55,0.55,0.55
0,delayed,spearman,-0.1,0.2,11,9,9,71,20,0.82,0.55,0.55,0.55
0,delayed,spearman,-0.1,0.3,11,8,9,72,19,0.83,0.5641025641025641,0.5789473684210527,0.55
0,delayed,spearman,-0.05,0.1,11,9,9,71,20,0.82,0.55,0.55,0.55
0,delayed,spearman,-0.05,0.2,11,9,9,71,20,0.82,0.55,0.55,0.55
0,delayed,spearman,-0.05,0.3,11,8,9,72,19,0.83,0.5641025641025641,0.5789473684210527,0.55
0,delayed,spearman,0.0,0.1,11,9,9,71,20,0.82,0.55,0.55,0.55
0,delayed,spearman,0.0,0.2,11,9,9,71,20,0.82,0.55,0.55,0.55
0,delayed,spearman,0.0,0.3,11,8,9,72,19,0.83,0.5641025641025641,0.5789473684210527,0.55
0,delayed,spearman,0.05,0.1,13,7,7,73,20,0.86,0.65,0.65,0.65
0,delayed,spearman,0.05,0.2,13,7,7,73,20,0.86,0.65,0.65,0.65
0,delayed,spearman,0.05,0.3,11,6,9,74,17,0.85,0.5945945945945946,0.6470588235294118,0.55
0,delayed,spearman,0.1,0.1,8,3,12,77,11,0.85,0.5161290322580645,0.7272727272727273,0.4
0,delayed,spearman,0.1,0.2,8,2,12,78,10,0.86,0.5333333333333333,0.8,0.4
0,delayed,spearman,0.1,0.3,6,0,14,80,6,0.86,0.46153846153846156,1.0,0.3
3,synchronous,xcorr_full,-0.3,0.1,18,0,2,80,18,0.98,0.9473684210526315,1.0,0.9
3,synchronous,xcorr_full,-0.3,0.2,18,0,2,80,18,0.98,0.9473684210526315,1.0,0.9
3,synchronous,xcorr_full,-0.3,0.3,18,0,2,80,18,0.98,0.9473684210526315,1.0,0.9
3,synchronous,xcorr_full,-0.2,0.1,18,0,2,80,18,0.98,0.9473684210526315,1.0,0.9
3,synchronous,xcorr_full,-0.2,0.2,18,0,2,80,18,0.98,0.9473684210526315,1.0,0.9
3,synchronous,xcorr_full,-0.2,0.3,18,0,2,80,18,0.98,0.9473684210526315,1.0,0.9
3,synchronous,xcorr_full,-0.1,0.1,14,0,6,80,14,0.94,0.8235294117647058,1.0,0.7
3,synchronous,xcorr_full,-0.1,0.2,14,0,6,80,14,0.94,0.8235294117647058,1.0,0.7
3,synchronous,xcorr_full,-0.1,0.3,14,0,6,80,14,0.94,0.8235294117647058,1.0,0.7
3,synchronous,xcorr_full,-0.05,0.1,3,0,17,80,3,0.83,0.2608695652173913,1.0,0.15
3,synchronous,xcorr_full,-0.05,0.2,3,0,17,80,3,0.83,0.2608695652173913,1.0,0.15
3,synchronous,xcorr_full,-0.05,0.3,3,0,17,80,3,0.83,0.2608695652173913,1.0,0.15
3,synchronous,xcorr_full,0.0,0.1,0,0,20,80,0,0.8,0.0,,0.0
3,synchronous,xcorr_full,0.0,0.2,0,0,20,80,0,0.8,0.0,,0.0
3,synchronous,xcorr_full,0.0,0.3,0,0,20,80,0,0.8,0.0,,0.0
3,synchronous,xcorr_full,0.05,0.1,0,0,20,80,0,0.8,0.0,,0.0
3,synchronous,xcorr_full,0.05,0.2,0,0,20,80,0,0.8,0.0,,0.0
3,synchronous,xcorr_full,0.05,0.3,0,0,20,80,0,0.8,0.0,,0.0
3,synchronous,xcorr_full,0.1,0.1,0,0,20,80,0,0.8,0.0,,0.0
3,synchronous,xcorr_full,0.1,0.2,0,0,20,80,0,0.8,0.0,,0.0
3,synchronous,xcorr_full,0.1,0.3,0,0,20,80,0,0.8,0.0,,0.0
3,synchronous,pearson,-0.3,0.1,18,0,2,80,18,0.98,0.9473684210526315,1.0,0.9
3,synchronous,pearson,-0.3,0.2,18,0,2,80,18,0.98,0.9473684210526315,1.0,0.9
3,synchronous,pearson,-0.3,0.3,18,0,2,80,18,0.98,0.9473684210526315,1.0,0.9
3,synchronous,pearson,-0.2,0.1,18,0,2,80,18,0.98,0.9473684210526315,1.0,0.9
3,synchronous,pearson,-0.2,0.2,18,0,2,80,18,0.98,0.9473684210526315,1.0,0.9
3,synchronous,pearson,-0.2,0.3,18,0,2,80,18,0.98,0.9473684210526315,1.0,0.9
3,synchronous,pearson,-0.1,0.1,17,0,3,80,17,0.97,0.918918918918919,1.0,0.85
3,synchronous,pearson,-0.1,0.2,17,0,3,80,17,0.97,0.918918918918919,1.0,0.85
3,synchronous,pearson,-0.1,0.3,17,0,3,80,17,0.97,0.918918918918919,1.0,0.85
3,synchronous,pearson,-0.05,0.1,8,0,12,80,8,0.88,0.5714285714285714,1.0,0.4
3,synchronous,pearson,-0.05,0.2,8,0,12,80,8,0.88,0.5714285714285714,1.0,0.4
3,synchronous,pearson,-0.05,0.3,8,0,12,80,8,0.88,0.5714285714285714,1.0,0.4
3,synchronous,pearson,0.0,0.1,1,0,19,80,1,0.81,0.09523809523809523,1.0,0.05
3,synchronous,pearson,0.0,0.2,1,0,19,80,1,0.81,0.09523809523809523,1.0,0.05
3,synchronous,pearson,0.0,0.3,1,0,19,80,1,0.81,0.09523809523809523,1.0,0.05
3,synchronous,pearson,0.05,0.1,0,0,20,80,0,0.8,0.0,,0.0
3,synchronous,pearson,0.05,0.2,0,0,20,80,0,0.8,0.0,,0.0
3,synchronous,pearson,0.05,0.3,0,0,20,80,0,0.8,0.0,,0.0
3,synchronous,pearson,0.1,0.1,0,0,20,80,0,0.8,0.0,,0.0
3,synchronous,pearson,0.1,0.2,0,0,20,80,0,0.8,0.0,,0.0
3,synchronous,pearson,0.1,0.3,0,0,20,80,0,0.8,0.0,,0.0
3,synchronous,spearman,-0.3,0.1,18,0,2,80,18,0.98,0.9473684210526315,1.0,0.9
3,synchronous,spearman,-0.3,0.2,18,0,2,80,18,0.98,0.9473684210526315,1.0,0.9
3,synchronous,spearman,-0.3,0.3,18,0,2,80,18,0.98,0.9473684210526315,1.0,0.9
3,synchronous,spearman,-0.2,0.1,18,0,2,80,18,0.98,0.9473684210526315,1.0,0.9
3,synchronous,spearman,-0.2,0.2,18,0,2,80,18,0.98,0.9473684210526315,1.0,0.9
3,synchronous,spearman,-0.2,0.3,18,0,2,80,18,0.98,0.9473684210526315,1.0,0.9
3,synchronous,spearman,-0.1,0.1,18,0,2,80,18,0.98,0.9473684210526315,1.0,0.9
3,synchronous,spearman,-0.1,0.2,18,0,2,80,18,0.98,0.9473684210526315,1.0,0.9
3,synchronous,spearman,-0.1,0.3,18,0,2,80,18,0.98,0.9473684210526315,1.0,0.9
3,synchronous,spearman,-0.05,0.1,18,0,2,80,18,0.98,0.9473684210526315,1.0,0.9
3,synchronous,spearman,-0.05,0.2,18,0,2,80,18,0.98,0.9473684210526315,1.0,0.9
3,synchronous,spearman,-0.05,0.3,18,0,2,80,18,0.98,0.9473684210526315,1.0,0.9
3,synchronous,spearman,0.0,0.1,18,0,2,80,18,0.98,0.9473684210526315,1.0,0.9
3,synchronous,spearman,0.0,0.2,18,0,2,80,18,0.98,0.9473684210526315,1.0,0.9
3,synchronous,spearman,0.0,0.3,18,0,2,80,18,0.98,0.9473684210526315,1.0,0.9
3,synchronous,spearman,0.05,0.1,18,0,2,80,18,0.98,0.9473684210526315,1.0,0.9
3,synchronous,spearman,0.05,0.2,18,0,2,80,18,0.98,0.9473684210526315,1.0,0.9
3,synchronous,spearman,0.05,0.3,18,0,2,80,18,0.98,0.9473684210526315,1.0,0.9
3,synchronous,spearman,0.1,0.1,3,0,17,80,3,0.83,0.2608695652173913,1.0,0.15
3,synchronous,spearman,0.1,0.2,3,0,17,80,3,0.83,0.2608695652173913,1.0,0.15
3,synchronous,spearman,0.1,0.3,3,0,17,80,3,0.83,0.2608695652173913,1.0,0.15
3,delayed,xcorr_full,-0.3,0.1,19,0,1,80,19,0.99,0.9743589743589743,1.0,0.95
3,delayed,xcorr_full,-0.3,0.2,19,0,1,80,19,0.99,0.9743589743589743,1.0,0.95
3,delayed,xcorr_full,-0.3,0.3,19,0,1,80,19,0.99,0.9743589743589743,1.0,0.95
3,delayed,xcorr_full,-0.2,0.1,19,0,1,80,19,0.99,0.9743589743589743,1.0,0.95
3,delayed,xcorr_full,-0.2,0.2,19,0,1,80,19,0.99,0.9743589743589743,1.0,0.95
3,delayed,xcorr_full,-0.2,0.3,19,0,1,80,19,0.99,0.9743589743589743,1.0,0.95
3,delayed,xcorr_full,-0.1,0.1,14,0,6,80,14,0.94,0.8235294117647058,1.0,0.7
3,delayed,xcorr_full,-0.1,0.2,14,0,6,80,14,0.94,0.8235294117647058,1.0,0.7
3,delayed,xcorr_full,-0.1,0.3,14,0,6,80,14,0.94,0.8235294117647058,1.0,0.7
3,delayed,xcorr_full,-0.05,0.1,2,0,18,80,2,0.82,0.18181818181818182,1.0,0.1
3,delayed,xcorr_full,-0.05,0.2,2,0,18,80,2,0.82,0.18181818181818182,1.0,0.1
3,delayed,xcorr_full,-0.05,0.3,2,0,18,80,2,0.82,0.18181818181818182,1.0,0.1
3,delayed,xcorr_full,0.0,0.1,0,0,20,80,0,0.8,0.0,,0.0
3,delayed,xcorr_full,0.0,0.2,0,0,20,80,0,0.8,0.0,,0.0
3,delayed,xcorr_full,0.0,0.3,0,0,20,80,0,0.8,0.0,,0.0
3,delayed,xcorr_full,0.05,0.1,0,0,20,80,0,0.8,0.0,,0.0
3,delayed,xcorr_full,0.05,0.2,0,0,20,80,0,0.8,0.0,,0.0
3,delayed,xcorr_full,0.05,0.3,0,0,20,80,0,0.8,0.0,,0.0
3,delayed,xcorr_full,0.1,0.1,0,0,20,80,0,0.8,0.0,,0.0
3,delayed,xcorr_full,0.1,0.2,0,0,20,80,0,0.8,0.0,,0.0
3,delayed,xcorr_full,0.1,0.3,0,0,20,80,0,0.8,0.0,,0.0
3,delayed,pearson,-0.3,0.1,12,8,8,72,20,0.84,0.6,0.6,0.6
3,delayed,pearson,-0.3,0.2,12,8,8,72,20,0.84,0.6,0.6,0.6
3,delayed,pearson,-0.3,0.3,12,8,8,72,20,0.84,0.6,0.6,0.6
3,delayed,pearson,-0.2,0.1,12,8,8,72,20,0.84,0.6,0.6,0.6
3,delayed,pearson,-0.2,0.2,12,8,8,72,20,0.84,0.6,0.6,0.6
3,delayed,pearson,-0.2,0.3,12,8,8,72,20,0.84,0.6,0.6,0.6
3,delayed,pearson,-0.1,0.1,12,8,8,72,20,0.84,0.6,0.6,0.6
3,delayed,pearson,-0.1,0.2,12,8,8,72,20,0.84,0.6,0.6,0.6
3,delayed,pearson,-0.1,0.3,12,8,8,72,20,0.84,0.6,0.6,0.6
3,delayed,pearson,-0.05,0.1,12,8,8,72,20,0.84,0.6,0.6,0.6
3,delayed,pearson,-0.05,0.2,12,8,8,72,20,0.84,0.6,0.6,0.6
3,delayed,pearson,-0.05,0.3,12,8,8,72,20,0.84,0.6,0.6,0.6
3,delayed,pearson,0.0,0.1,12,8,8,72,20,0.84,0.6,0.6,0.6
3,delayed,pearson,0.0,0.2,12,8,8,72,20,0.84,0.6,0.6,0.6
3,delayed,pearson,0.0,0.3,12,8,8,72,20,0.84,0.6,0.6,0.6
3,delayed,pearson,0.05,0.1,12,8,8,72,20,0.84,0.6,0.6,0.6
3,delayed,pearson,0.05,0.2,12,8,8,72,20,0.84,0.6,0.6,0.6
3,delayed,pearson,0.05,0.3,12,8,8,72,20,0.84,0.6,0.6,0.6
3,delayed,pearson,0.1,0.1,15,5,5,75,20,0.9,0.75,0.75,0.75
3,delayed,pearson,0.1,0.2,15,5,5,75,20,0.9,0.75,0.75,0.75
3,delayed,pearson,0.1,0.3,15,5,5,75,20,0.9,0.75,0.75,0.75
3,delayed,spearman,-0.3,0.1,12,8,8,72,20,0.84,0.6,0.6,0.6
3,delayed,spearman,-0.3,0.2,12,8,8,72,20,0.84,0.6,0.6,0.6
3,delayed,spearman,-0.3,0.3,12,8,8,72,20,0.84,0.6,0.6,0.6
3,delayed,spearman,-0.2,0.1,12,8,8,72,20,0.84,0.6,0.6,0.6
3,delayed,spearman,-0.2,0.2,12,8,8,72,20,0.84,0.6,0.6,0.6
3,delayed,spearman,-0.2,0.3,12,8,8,72,20,0.84,0.6,0.6,0.6
3,delayed,spearman,-0.1,0.1,12,8,8,72,20,0.84,0.6,0.6,0.6
3,delayed,spearman,-0.1,0.2,12,8,8,72,20,0.84,0.6,0.6,0.6
3,delayed,spearman,-0.1,0.3,12,8,8,72,20,0.84,0.6,0.6,0.6
3,delayed,spearman,-0.05,0.1,12,8,8,72,20,0.84,0.6,0.6,0.6
3,delayed,spearman,-0.05,0.2,12,8,8,72,20,0.84,0.6,0.6,0.6
3,delayed,spearman,-0.05,0.3,12,8,8,72,20,0.84,0.6,0.6,0.6
3,delayed,spearman,0.0,0.1,12,8,8,72,20,0.84,0.6,0.6,0.6
3,delayed,spearman,0.0,0.2,12,8,8,72,20,0.84,0.6,0.6,0.6
3,delayed,spearman,0.0,0.3,12,8,8,72,20,0.84,0.6,0.6,0.6
3,delayed,spearman,0.05,0.1,15,5,5,75,20,0.9,0.75,0.75,0.75
3,delayed,spearman,0.05,0.2,15,5,5,75,20,0.9,0.75,0.75,0.75
3,delayed,spearman,0.05,0.3,15,5,5,75,20,0.9,0.75,0.75,0.75
3,delayed,spearman,0.1,0.1,11,4,9,76,15,0.87,0.6285714285714286,0.7333333333333333,0.55
3,delayed,spearman,0.1,0.2,11,4,9,76,15,0.87,0.6285714285714286,0.7333333333333333,0.55
3,delayed,spearman,0.1,0.3,11,4,9,76,15,0.87,0.6285714285714286,0.7333333333333333,0.55
1,synchronous,xcorr_full,-0.3,0.1,20,0,0,80,20,1.0,1.0,1.0,1.0
1,synchronous,xcorr_full,-0.3,0.2,20,0,0,80,20,1.0,1.0,1.0,1.0
1,synchronous,xcorr_full,-0.3,0.3,20,0,0,80,20,1.0,1.0,1.0,1.0
1,synchronous,xcorr_full,-0.2,0.1,20,0,0,80,20,1.0,1.0,1.0,1.0
1,synchronous,xcorr_full,-0.2,0.2,20,0,0,80,20,1.0,1.0,1.0,1.0
1,synchronous,xcorr_full,-0.2,0.3,20,0,0,80,20,1.0,1.0,1.0,1.0
1,synchronous,xcorr_full,-0.1,0.1,12,0,8,80,12,0.92,0.75,1.0,0.6
1,synchronous,xcorr_full,-0.1,0.2,12,0,8,80,12,0.92,0.75,1.0,0.6
1,synchronous,xcorr_full,-0.1,0.3,12,0,8,80,12,0.92,0.75,1.0,0.6
1,synchronous,xcorr_full,-0.05,0.1,0,0,20,80,0,0.8,0.0,,0.0
1,synchronous,xcorr_full,-0.05,0.2,0,0,20,80,0,0.8,0.0,,0.0
1,synchronous,xcorr_full,-0.05,0.3,0,0,20,80,0,0.8,0.0,,0.0
1,synchronous,xcorr_full,0.0,0.1,0,0,20,80,0,0.8,0.0,,0.0
1,synchronous,xcorr_full,0.0,0.2,0,0,20,80,0,0.8,0.0,,0.0
1,synchronous,xcorr_full,0.0,0.3,0,0,20,80,0,0.8,0.0,,0.0
1,synchronous,xcorr_full,0.05,0.1,0,0,20,80,0,0.8,0.0,,0.0
1,synchronous,xcorr_full,0.05,0.2,0,0,20,80,0,0.8,0.0,,0.0
1,synchronous,xcorr_full,0.05,0.3,0,0,20,80,0,0.8,0.0,,0.0
1,synchronous,xcorr_full,0.1,0.1,0,0,20,80,0,0.8,0.0,,0.0
1,synchronous,xcorr_full,0.1,0.2,0,0,20,80,0,0.8,0.0,,0.0
1,synchronous,xcorr_full,0.1,0.3,0,0,20,80,0,0.8,0.0,,0.0
1,synchronous,pearson,-0.3,0.1,20,0,0,80,20,1.0,1.0,1.0,1.0
1,synchronous,pearson,-0.3,0.2,20,0,0,80,20,1.0,1.0,1.0,1.0
1,synchronous,pearson,-0.3,0.3,20,0,0,80,20,1.0,1.0,1.0,1.0
1,synchronous,pearson,-0.2,0.1,20,0,0,80,20,1.0,1.0,1.0,1.0
1,synchronous,pearson,-0.2,0.2,20,0,0,80,20,1.0,1.0,1.0,1.0
1,synchronous,pearson,-0.2,0.3,20,0,0,80,20,1.0,1.0,1.0,1.0
1,synchronous,pearson,-0.1,0.1,14,0,6,80,14,0.94,0.8235294117647058,1.0,0.7
1,synchronous,pearson,-0.1,0.2,14,0,6,80,14,0.94,0.8235294117647058,1.0,0.7
1,synchronous,pearson,-0.1,0.3,14,0,6,80,14,0.94,0.8235294117647058,1.0,0.7
1,synchronous,pearson,-0.05,0.1,1,0,19,80,1,0.81,0.09523809523809523,1.0,0.05
1,synchronous,pearson,-0.05,0.2,1,0,19,80,1,0.81,0.09523809523809523,1.0,0.05
1,synchronous,pearson,-0.05,0.3,1,0,19,80,1,0.81,0.09523809523809523,1.0,0.05
1,synchronous,pearson,0.0,0.1,0,0,20,80,0,0.8,0.0,,0.0
1,synchronous,pearson,0.0,0.2,0,0,20,80,0,0.8,0.0,,0.0
1,synchronous,pearson,0.0,0.3,0,0,20,80,0,0.8,0.0,,0.0
1,synchronous,pearson,0.05,0.1,0,0,20,80,0,0.8,0.0,,0.0
1,synchronous,pearson,0.05,0.2,0,0,20,80,0,0.8,0.0,,0.0
1,synchronous,pearson,0.05,0.3,0,0,20,80,0,0.8,0.0,,0.0
1,synchronous,pearson,0.1,0.1,0,0,20,80,0,0.8,0.0,,0.0
1,synchronous,pearson,0.1,0.2,0,0,20,80,0,0.8,0.0,,0.0
1,synchronous,pearson,0.1,0.3,0,0,20,80,0,0.8,0.0,,0.0
1,synchronous,spearman,-0.3,0.1,19,0,1,80,19,0.99,0.9743589743589743,1.0,0.95
1,synchronous,spearman,-0.3,0.2,19,0,1,80,19,0.99,0.9743589743589743,1.0,0.95
1,synchronous,spearman,-0.3,0.3,19,0,1,80,19,0.99,0.9743589743589743,1.0,0.95
1,synchronous,spearman,-0.2,0.1,19,0,1,80,19,0.99,0.9743589743589743,1.0,0.95
1,synchronous,spearman,-0.2,0.2,19,0,1,80,19,0.99,0.9743589743589743,1.0,0.95
1,synchronous,spearman,-0.2,0.3,19,0,1,80,19,0.99,0.9743589743589743,1.0,0.95
1,synchronous,spearman,-0.1,0.1,19,0,1,80,19,0.99,0.9743589743589743,1.0,0.95
1,synchronous,spearman,-0.1,0.2,19,0,1,80,19,0.99,0.9743589743589743,1.0,0.95
1,synchronous,spearman,-0.1,0.3,19,0,1,80,19,0.99,0.9743589743589743,1.0,0.95
1,synchronous,spearman,-0.05,0.1,19,0,1,80,19,0.99,0.9743589743589743,1.0,0.95
1,synchronous,spearman,-0.05,0.2,19,0,1,80,19,0.99,0.9743589743589743,1.0,0.95
1,synchronous,spearman,-0.05,0.3,19,0,1,80,19,0.99,0.9743589743589743,1.0,0.95
1,synchronous,spearman,0.0,0.1,19,0,1,80,19,0.99,0.9743589743589743,1.0,0.95
1,synchronous,spearman,0.0,0.2,19,0,1,80,19,0.99,0.9743589743589743,1.0,0.95
1,synchronous,spearman,0.0,0.3,19,0,1,80,19,0.99,0.9743589743589743,1.0,0.95
1,synchronous,spearman,0.05,0.1,19,0,1,80,19,0.99,0.9743589743589743,1.0,0.95
1,synchronous,spearman,0.05,0.2,19,0,1,80,19,0.99,0.9743589743589743,1.0,0.95
1,synchronous,spearman,0.05,0.3,19,0,1,80,19,0.99,0.9743589743589743,1.0,0.95
1,synchronous,spearman,0.1,0.1,5,0,15,80,5,0.85,0.4,1.0,0.25
1,synchronous,spearman,0.1,0.2,5,0,15,80,5,0.85,0.4,1.0,0.25
1,synchronous,spearman,0.1,0.3,5,0,15,80,5,0.85,0.4,1.0,0.25
1,delayed,xcorr_full,-0.3,0.1,19,0,1,80,19,0.99,0.9743589743589743,1.0,0.95
1,delayed,xcorr_full,-0.3,0.2,19,0,1,80,19,0.99,0.9743589743589743,1.0,0.95
1,delayed,xcorr_full,-0.3,0.3,19,0,1,80,19,0.99,0.9743589743589743,1.0,0.95
1,delayed,xcorr_full,-0.2,0.1,19,0,1,80,19,0.99,0.9743589743589743,1.0,0.95
1,delayed,xcorr_full,-0.2,0.2,19,0,1,80,19,0.99,0.9743589743589743,1.0,0.95
1,delayed,xcorr_full,-0.2,0.3,19,0,1,80,19,0.99,0.9743589743589743,1.0,0.95
1,delayed,xcorr_full,-0.1,0.1,13,0,7,80,13,0.93,0.7878787878787878,1.0,0.65
1,delayed,xcorr_full,-0.1,0.2,13,0,7,80,13,0.93,0.7878787878787878,1.0,0.65
1,delayed,xcorr_full,-0.1,0.3,13,0,7,80,13,0.93,0.7878787878787878,1.0,0.65
1,delayed,xcorr_full,-0.05,0.1,2,0,18,80,2,0.82,0.18181818181818182,1.0,0.1
1,delayed,xcorr_full,-0.05,0.2,2,0,18,80,2,0.82,0.18181818181818182,1.0,0.1
1,delayed,xcorr_full,-0.05,0.3,2,0,18,80,2,0.82,0.18181818181818182,1.0,0.1
1,delayed,xcorr_full,0.0,0.1,0,0,20,80,0,0.8,0.0,,0.0
1,delayed,xcorr_full,0.0,0.2,0,0,20,80,0,0.8,0.0,,0.0
1,delayed,xcorr_full,0.0,0.3,0,0,20,80,0,0.8,0.0,,0.0
1,delayed,xcorr_full,0.05,0.1,0,0,20,80,0,0.8,0.0,,0.0
1,delayed,xcorr_full,0.05,0.2,0,0,20,80,0,0.8,0.0,,0.0
1,delayed,xcorr_full,0.05,0.3,0,0,20,80,0,0.8,0.0,,0.0
1,delayed,xcorr_full,0.1,0.1,0,0,20,80,0,0.8,0.0,,0.0
1,delayed,xcorr_full,0.1,0.2,0,0,20,80,0,0.8,0.0,,0.0
1,delayed,xcorr_full,0.1,0.3,0,0,20,80,0,0.8,0.0,,0.0
1,delayed,pearson,-0.3,0.1,12,8,8,72,20,0.84,0.6,0.6,0.6
1,delayed,pearson,-0.3,0.2,12,8,8,72,20,0.84,0.6,0.6,0.6
1,delayed,pearson,-0.3,0.3,12,8,8,72,20,0.84,0.6,0.6,0.6
1,delayed,pearson,-0.2,0.1,12,8,8,72,20,0.84,0.6,0.6,0.6
1,delayed,pearson,-0.2,0.2,12,8,8,72,20,0.84,0.6,0.6,0.6
1,delayed,pearson,-0.2,0.3,12,8,8,72,20,0.84,0.6,0.6,0.6
1,delayed,pearson,-0.1,0.1,12,8,8,72,20,0.84,0.6,0.6,0.6
1,delayed,pearson,-0.1,0.2,12,8,8,72,20,0.84,0.6,0.6,0.6
1,delayed,pearson,-0.1,0.3,12,8,8,72,20,0.84,0.6,0.6,0.6
1,delayed,pearson,-0.05,0.1,12,8,8,72,20,0.84,0.6,0.6,0.6
1,delayed,pearson,-0.05,0.2,12,8,8,72,20,0.84,0.6,0.6,0.6
1,delayed,pearson,-0.05,0.3,12,8,8,72,20,0.84,0.6,0.6,0.6
1,delayed,pearson,0.0,0.1,12,8,8,72,20,0.84,0.6,0.6,0.6
1,delayed,pearson,0.0,0.2,12,8,8,72,20,0.84,0.6,0.6,0.6
1,delayed,pearson,0.0,0.3,12,8,8,72,20,0.84,0.6,0.6,0.6
1,delayed,pearson,0.05,0.1,14,6,6,74,20,0.88,0.7,0.7,0.7
1,delayed,pearson,0.05,0.2,14,6,6,74,20,0.88,0.7,0.7,0.7
1,delayed,pearson,0.05,0.3,14,6,6,74,20,0.88,0.7,0.7,0.7
1,delayed,pearson,0.1,0.1,14,5,6,75,19,0.89,0.717948717948718,0.7368421052631579,0.7
1,delayed,pearson,0.1,0.2,14,5,6,75,19,0.89,0.717948717948718,0.7368421052631579,0.7
1,delayed,pearson,0.1,0.3,14,5,6,75,19,0.89,0.717948717948718,0.7368421052631579,0.7
1,delayed,spearman,-0.3,0.1,14,6,6,74,20,0.88,0.7,0.7,0.7
1,delayed,spearman,-0.3,0.2,14,6,6,74,20,0.88,0.7,0.7,0.7
1,delayed,spearman,-0.3,0.3,14,6,6,74,20,0.88,0.7,0.7,0.7
1,delayed,spearman,-0.2,0.1,14,6,6,74,20,0.88,0.7,0.7,0.7
1,delayed,spearman,-0.2,0.2,14,6,6,74,20,0.88,0.7,0.7,0.7
1,delayed,spearman,-0.2,0.3,14,6,6,74,20,0.88,0.7,0.7,0.7
1,delayed,spearman,-0.1,0.1,14,6,6,74,20,0.88,0.7,0.7,0.7
1,delayed,spearman,-0.1,0.2,14,6,6,74,20,0.88,0.7,0.7,0.7
1,delayed,spearman,-0.1,0.3,14,6,6,74,20,0.88,0.7,0.7,0.7
1,delayed,spearman,-0.05,0.1,14,6,6,74,20,0.88,0.7,0.7,0.7
1,delayed,spearman,-0.05,0.2,14,6,6,74,20,0.88,0.7,0.7,0.7
1,delayed,spearman,-0.05,0.3,14,6,6,74,20,0.88,0.7,0.7,0.7
1,delayed,spearman,0.0,0.1,14,6,6,74,20,0.88,0.7,0.7,0.7
1,delayed,spearman,0.0,0.2,14,6,6,74,20,0.88,0.7,0.7,0.7
1,delayed,spearman,0.0,0.3,14,6,6,74,20,0.88,0.7,0.7,0.7
1,delayed,spearman,0.05,0.1,14,6,6,74,20,0.88,0.7,0.7,0.7
1,delayed,spearman,0.05,0.2,14,6,6,74,20,0.88,0.7,0.7,0.7
1,delayed,spearman,0.05,0.3,14,6,6,74,20,0.88,0.7,0.7,0.7
1,delayed,spearman,0.1,0.1,14,2,6,78,16,0.92,0.7777777777777778,0.875,0.7
1,delayed,spearman,0.1,0.2,14,2,6,78,16,0.92,0.7777777777777778,0.875,0.7
1,delayed,spearman,0.1,0.3,14,2,6,78,16,0.92,0.7777777777777778,0.875,0.7
5,synchronous,xcorr_full,-0.3,0.1,17,0,3,80,17,0.97,0.918918918918919,1.0,0.85
5,synchronous,xcorr_full,-0.3,0.2,17,0,3,80,17,0.97,0.918918918918919,1.0,0.85
5,synchronous,xcorr_full,-0.3,0.3,17,0,3,80,17,0.97,0.918918918918919,1.0,0.85
5,synchronous,xcorr_full,-0.2,0.1,17,0,3,80,17,0.97,0.918918918918919,1.0,0.85
5,synchronous,xcorr_full,-0.2,0.2,17,0,3,80,17,0.97,0.918918918918919,1.0,0.85
5,synchronous,xcorr_full,-0.2,0.3,17,0,3,80,17,0.97,0.918918918918919,1.0,0.85
5,synchronous,xcorr_full,-0.1,0.1,12,0,8,80,12,0.92,0.75,1.0,0.6
5,synchronous,xcorr_full,-0.1,0.2,12,0,8,80,12,0.92,0.75,1.0,0.6
5,synchronous,xcorr_full,-0.1,0.3,12,0,8,80,12,0.92,0.75,1.0,0.6
5,synchronous,xcorr_full,-0.05,0.1,1,0,19,80,1,0.81,0.09523809523809523,1.0,0.05
5,synchronous,xcorr_full,-0.05,0.2,1,0,19,80,1,0.81,0.09523809523809523,1.0,0.05
5,synchronous,xcorr_full,-0.05,0.3,1,0,19,80,1,0.81,0.09523809523809523,1.0,0.05
5,synchronous,xcorr_full,0.0,0.1,0,0,20,80,0,0.8,0.0,,0.0
5,synchronous,xcorr_full,0.0,0.2,0,0,20,80,0,0.8,0.0,,0.0
5,synchronous,xcorr_full,0.0,0.3,0,0,20,80,0,0.8,0.0,,0.0
5,synchronous,xcorr_full,0.05,0.1,0,0,20,80,0,0.8,0.0,,0.0
5,synchronous,xcorr_full,0.05,0.2,0,0,20,80,0,0.8,0.0,,0.0
5,synchronous,xcorr_full,0.05,0.3,0,0,20,80,0,0.8,0.0,,0.0
5,synchronous,xcorr_full,0.1,0.1,0,0,20,80,0,0.8,0.0,,0.0
5,synchronous,xcorr_full,0.1,0.2,0,0,20,80,0,0.8,0.0,,0.0
5,synchronous,xcorr_full,0.1,0.3,0,0,20,80,0,0.8,0.0,,0.0
5,synchronous,pearson,-0.3,0.1,20,0,0,80,20,1.0,1.0,1.0,1.0
5,synchronous,pearson,-0.3,0.2,20,0,0,80,20,1.0,1.0,1.0,1.0
5,synchronous,pearson,-0.3,0.3,20,0,0,80,20,1.0,1.0,1.0,1.0
5,synchronous,pearson,-0.2,0.1,20,0,0,80,20,1.0,1.0,1.0,1.0
5,synchronous,pearson,-0.2,0.2,20,0,0,80,20,1.0,1.0,1.0,1.0
5,synchronous,pearson,-0.2,0.3,20,0,0,80,20,1.0,1.0,1.0,1.0
5,synchronous,pearson,-0.1,0.1,17,0,3,80,17,0.97,0.918918918918919,1.0,0.85
5,synchronous,pearson,-0.1,0.2,17,0,3,80,17,0.97,0.918918918918919,1.0,0.85
5,synchronous,pearson,-0.1,0.3,17,0,3,80,17,0.97,0.918918918918919,1.0,0.85
5,synchronous,pearson,-0.05,0.1,3,0,17,80,3,0.83,0.2608695652173913,1.0,0.15
5,synchronous,pearson,-0.05,0.2,3,0,17,80,3,0.83,0.2608695652173913,1.0,0.15
5,synchronous,pearson,-0.05,0.3,3,0,17,80,3,0.83,0.2608695652173913,1.0,0.15
5,synchronous,pearson,0.0,0.1,0,0,20,80,0,0.8,0.0,,0.0
5,synchronous,pearson,0.0,0.2,0,0,20,80,0,0.8,0.0,,0.0
5,synchronous,pearson,0.0,0.3,0,0,20,80,0,0.8,0.0,,0.0
5,synchronous,pearson,0.05,0.1,0,0,20,80,0,0.8,0.0,,0.0
5,synchronous,pearson,0.05,0.2,0,0,20,80,0,0.8,0.0,,0.0
5,synchronous,pearson,0.05,0.3,0,0,20,80,0,0.8,0.0,,0.0
5,synchronous,pearson,0.1,0.1,0,0,20,80,0,0.8,0.0,,0.0
5,synchronous,pearson,0.1,0.2,0,0,20,80,0,0.8,0.0,,0.0
5,synchronous,pearson,0.1,0.3,0,0,20,80,0,0.8,0.0,,0.0
5,synchronous,spearman,-0.3,0.1,19,0,1,80,19,0.99,0.9743589743589743,1.0,0.95
5,synchronous,spearman,-0.3,0.2,19,0,1,80,19,0.99,0.9743589743589743,1.0,0.95
5,synchronous,spearman,-0.3,0.3,19,0,1,80,19,0.99,0.9743589743589743,1.0,0.95
5,synchronous,spearman,-0.2,0.1,19,0,1,80,19,0.99,0.9743589743589743,1.0,0.95
5,synchronous,spearman,-0.2,0.2,19,0,1,80,19,0.99,0.9743589743589743,1.0,0.95
5,synchronous,spearman,-0.2,0.3,19,0,1,80,19,0.99,0.9743589743589743,1.0,0.95
5,synchronous,spearman,-0.1,0.1,19,0,1,80,19,0.99,0.9743589743589743,1.0,0.95
5,synchronous,spearman,-0.1,0.2,19,0,1,80,19,0.99,0.9743589743589743,1.0,0.95
5,synchronous,spearman,-0.1,0.3,19,0,1,80,19,0.99,0.9743589743589743,1.0,0.95
5,synchronous,spearman,-0.05,0.1,19,0,1,80,19,0.99,0.9743589743589743,1.0,0.95
5,synchronous,spearman,-0.05,0.2,19,0,1,80,19,0.99,0.9743589743589743,1.0,0.95
5,synchronous,spearman,-0.05,0.3,19,0,1,80,19,0.99,0.9743589743589743,1.0,0.95
5,synchronous,spearman,0.0,0.1,19,0,1,80,19,0.99,0.9743589743589743,1.0,0.95
5,synchronous,spearman,0.0,0.2,19,0,1,80,19,0.99,0.9743589743589743,1.0,0.95
5,synchronous,spearman,0.0,0.3,19,0,1,80,19,0.99,0.9743589743589743,1.0,0.95
5,synchronous,spearman,0.05,0.1,19,0,1,80,19,0.99,0.9743589743589743,1.0,0.95
5,synchronous,spearman,0.05,0.2,19,0,1,80,19,0.99,0.9743589743589743,1.0,0.95
5,synchronous,spearman,0.05,0.3,19,0,1,80,19,0.99,0.9743589743589743,1.0,0.95
5,synchronous,spearman,0.1,0.1,2,0,18,80,2,0.82,0.18181818181818182,1.0,0.1
5,synchronous,spearman,0.1,0.2,2,0,18,80,2,0.82,0.18181818181818182,1.0,0.1
5,synchronous,spearman,0.1,0.3,2,0,18,80,2,0.82,0.18181818181818182,1.0,0.1
5,delayed,xcorr_full,-0.3,0.1,18,0,2,80,18,0.98,0.9473684210526315,1.0,0.9
5,delayed,xcorr_full,-0.3,0.2,18,0,2,80,18,0.98,0.9473684210526315,1.0,0.9
5,delayed,xcorr_full,-0.3,0.3,18,0,2,80,18,0.98,0.9473684210526315,1.0,0.9
5,delayed,xcorr_full,-0.2,0.1,18,0,2,80,18,0.98,0.9473684210526315,1.0,0.9
5,delayed,xcorr_full,-0.2,0.2,18,0,2,80,18,0.98,0.9473684210526315,1.0,0.9
5,delayed,xcorr_full,-0.2,0.3,18,0,2,80,18,0.98,0.9473684210526315,1.0,0.9
5,delayed,xcorr_full,-0.1,0.1,11,0,9,80,11,0.91,0.7096774193548387,1.0,0.55
5,delayed,xcorr_full,-0.1,0.2,11,0,9,80,11,0.91,0.7096774193548387,1.0,0.55
5,delayed,xcorr_full,-0.1,0.3,11,0,9,80,11,0.91,0.7096774193548387,1.0,0.55
5,delayed,xcorr_full,-0.05,0.1,3,0,17,80,3,0.83,0.2608695652173913,1.0,0.15
5,delayed,xcorr_full,-0.05,0.2,3,0,17,80,3,0.83,0.2608695652173913,1.0,0.15
5,delayed,xcorr_full,-0.05,0.3,3,0,17,80,3,0.83,0.2608695652173913,1.0,0.15
5,delayed,xcorr_full,0.0,0.1,1,0,19,80,1,0.81,0.09523809523809523,1.0,0.05
5,delayed,xcorr_full,0.0,0.2,1,0,19,80,1,0.81,0.09523809523809523,1.0,0.05
5,delayed,xcorr_full,0.0,0.3,1,0,19,80,1,0.81,0.09523809523809523,1.0,0.05
5,delayed,xcorr_full,0.05,0.1,0,0,20,80,0,0.8,0.0,,0.0
5,delayed,xcorr_full,0.05,0.2,0,0,20,80,0,0.8,0.0,,0.0
5,delayed,xcorr_full,0.05,0.3,0,0,20,80,0,0.8,0.0,,0.0
5,delayed,xcorr_full,0.1,0.1,0,0,20,80,0,0.8,0.0,,0.0
5,delayed,xcorr_full,0.1,0.2,0,0,20,80,0,0.8,0.0,,0.0
5,delayed,xcorr_full,0.1,0.3,0,0,20,80,0,0.8,0.0,,0.0
5,delayed,pearson,-0.3,0.1,15,5,5,75,20,0.9,0.75,0.75,0.75
5,delayed,pearson,-0.3,0.2,15,5,5,75,20,0.9,0.75,0.75,0.75
5,delayed,pearson,-0.3,0.3,15,5,5,75,20,0.9,0.75,0.75,0.75
5,delayed,pearson,-0.2,0.1,15,5,5,75,20,0.9,0.75,0.75,0.75
5,delayed,pearson,-0.2,0.2,15,5,5,75,20,0.9,0.75,0.75,0.75
5,delayed,pearson,-0.2,0.3,15,5,5,75,20,0.9,0.75,0.75,0.75
5,delayed,pearson,-0.1,0.1,15,5,5,75,20,0.9,0.75,0.75,0.75
5,delayed,pearson,-0.1,0.2,15,5,5,75,20,0.9,0.75,0.75,0.75
5,delayed,pearson,-0.1,0.3,15,5,5,75,20,0.9,0.75,0.75,0.75
5,delayed,pearson,-0.05,0.1,15,5,5,75,20,0.9,0.75,0.75,0.75
5,delayed,pearson,-0.05,0.2,15,5,5,75,20,0.9,0.75,0.75,0.75
5,delayed,pearson,-0.05,0.3,15,5,5,75,20,0.9,0.75,0.75,0.75
5,delayed,pearson,0.0,0.1,15,5,5,75,20,0.9,0.75,0.75,0.75
5,delayed,pearson,0.0,0.2,15,5,5,75,20,0.9,0.75,0.75,0.75
5,delayed,pearson,0.0,0.3,15,5,5,75,20,0.9,0.75,0.75,0.75
5,delayed,pearson,0.05,0.1,14,2,6,78,16,0.92,0.7777777777777778,0.875,0.7
5,delayed,pearson,0.05,0.2,14,2,6,78,16,0.92,0.7777777777777778,0.875,0.7
5,delayed,pearson,0.05,0.3,14,2,6,78,16,0.92,0.7777777777777778,0.875,0.7
5,delayed,pearson,0.1,0.1,12,2,8,78,14,0.9,0.7058823529411765,0.8571428571428571,0.6
5,delayed,pearson,0.1,0.2,12,2,8,78,14,0.9,0.7058823529411765,0.8571428571428571,0.6
5,delayed,pearson,0.1,0.3,12,2,8,78,14,0.9,0.7058823529411765,0.8571428571428571,0.6
5,delayed,spearman,-0.3,0.1,14,6,6,74,20,0.88,0.7,0.7,0.7
5,delayed,spearman,-0.3,0.2,14,6,6,74,20,0.88,0.7,0.7,0.7
5,delayed,spearman,-0.3,0.3,14,6,6,74,20,0.88,0.7,0.7,0.7
5,delayed,spearman,-0.2,0.1,14,6,6,74,20,0.88,0.7,0.7,0.7
5,delayed,spearman,-0.2,0.2,14,6,6,74,20,0.88,0.7,0.7,0.7
5,delayed,spearman,-0.2,0.3,14,6,6,74,20,0.88,0.7,0.7,0.7
5,delayed,spearman,-0.1,0.1,14,6,6,74,20,0.88,0.7,0.7,0.7
5,delayed,spearman,-0.1,0.2,14,6,6,74,20,0.88,0.7,0.7,0.7
5,delayed,spearman,-0.1,0.3,14,6,6,74,20,0.88,0.7,0.7,0.7
5,delayed,spearman,-0.05,0.1,14,6,6,74,20,0.88,0.7,0.7,0.7
5,delayed,spearman,-0.05,0.2,14,6,6,74,20,0.88,0.7,0.7,0.7
5,delayed,spearman,-0.05,0.3,14,6,6,74,20,0.88,0.7,0.7,0.7
5,delayed,spearman,0.0,0.1,14,6,6,74,20,0.88,0.7,0.7,0.7
5,delayed,spearman,0.0,0.2,14,6,6,74,20,0.88,0.7,0.7,0.7
5,delayed,spearman,0.0,0.3,14,6,6,74,20,0.88,0.7,0.7,0.7
5,delayed,spearman,0.05,0.1,16,4,4,76,20,0.92,0.8,0.8,0.8
5,delayed,spearman,0.05,0.2,16,4,4,76,20,0.92,0.8,0.8,0.8
5,delayed,spearman,0.05,0.3,16,4,4,76,20,0.92,0.8,0.8,0.8
5,delayed,spearman,0.1,0.1,11,0,9,80,11,0.91,0.7096774193548387,1.0,0.55
5,delayed,spearman,0.1,0.2,11,0,9,80,11,0.91,0.7096774193548387,1.0,0.55
5,delayed,spearman,0.1,0.3,11,0,9,80,11,0.91,0.7096774193548387,1.0,0.55
4,synchronous,xcorr_full,-0.3,0.1,19,0,1,80,19,0.99,0.9743589743589743,1.0,0.95
4,synchronous,xcorr_full,-0.3,0.2,19,0,1,80,19,0.99,0.9743589743589743,1.0,0.95
4,synchronous,xcorr_full,-0.3,0.3,19,0,1,80,19,0.99,0.9743589743589743,1.0,0.95
4,synchronous,xcorr_full,-0.2,0.1,19,0,1,80,19,0.99,0.9743589743589743,1.0,0.95
4,synchronous,xcorr_full,-0.2,0.2,19,0,1,80,19,0.99,0.9743589743589743,1.0,0.95
4,synchronous,xcorr_full,-0.2,0.3,19,0,1,80,19,0.99,0.9743589743589743,1.0,0.95
4,synchronous,xcorr_full,-0.1,0.1,15,0,5,80,15,0.95,0.8571428571428571,1.0,0.75
4,synchronous,xcorr_full,-0.1,0.2,15,0,5,80,15,0.95,0.8571428571428571,1.0,0.75
4,synchronous,xcorr_full,-0.1,0.3,15,0,5,80,15,0.95,0.8571428571428571,1.0,0.75
4,synchronous,xcorr_full,-0.05,0.1,1,0,19,80,1,0.81,0.09523809523809523,1.0,0.05
4,synchronous,xcorr_full,-0.05,0.2,1,0,19,80,1,0.81,0.09523809523809523,1.0,0.05
4,synchronous,xcorr_full,-0.05,0.3,1,0,19,80,1,0.81,0.09523809523809523,1.0,0.05
4,synchronous,xcorr_full,0.0,0.1,0,0,20,80,0,0.8,0.0,,0.0
4,synchronous,xcorr_full,0.0,0.2,0,0,20,80,0,0.8,0.0,,0.0
4,synchronous,xcorr_full,0.0,0.3,0,0,20,80,0,0.8,0.0,,0.0
4,synchronous,xcorr_full,0.05,0.1,0,0,20,80,0,0.8,0.0,,0.0
4,synchronous,xcorr_full,0.05,0.2,0,0,20,80,0,0.8,0.0,,0.0
4,synchronous,xcorr_full,0.05,0.3,0,0,20,80,0,0.8,0.0,,0.0
4,synchronous,xcorr_full,0.1,0.1,0,0,20,80,0,0.8,0.0,,0.0
4,synchronous,xcorr_full,0.1,0.2,0,0,20,80,0,0.8,0.0,,0.0
4,synchronous,xcorr_full,0.1,0.3,0,0,20,80,0,0.8,0.0,,0.0
4,synchronous,pearson,-0.3,0.1,19,0,1,80,19,0.99,0.9743589743589743,1.0,0.95
4,synchronous,pearson,-0.3,0.2,19,0,1,80,19,0.99,0.9743589743589743,1.0,0.95
4,synchronous,pearson,-0.3,0.3,19,0,1,80,19,0.99,0.9743589743589743,1.0,0.95
4,synchronous,pearson,-0.2,0.1,19,0,1,80,19,0.99,0.9743589743589743,1.0,0.95
4,synchronous,pearson,-0.2,0.2,19,0,1,80,19,0.99,0.9743589743589743,1.0,0.95
4,synchronous,pearson,-0.2,0.3,19,0,1,80,19,0.99,0.9743589743589743,1.0,0.95
4,synchronous,pearson,-0.1,0.1,16,0,4,80,16,0.96,0.8888888888888888,1.0,0.8
4,synchronous,pearson,-0.1,0.2,16,0,4,80,16,0.96,0.8888888888888888,1.0,0.8
4,synchronous,pearson,-0.1,0.3,16,0,4,80,16,0.96,0.8888888888888888,1.0,0.8
4,synchronous,pearson,-0.05,0.1,7,0,13,80,7,0.87,0.5185185185185185,1.0,0.35
4,synchronous,pearson,-0.05,0.2,7,0,13,80,7,0.87,0.5185185185185185,1.0,0.35
4,synchronous,pearson,-0.05,0.3,7,0,13,80,7,0.87,0.5185185185185185,1.0,0.35
4,synchronous,pearson,0.0,0.1,0,0,20,80,0,0.8,0.0,,0.0
4,synchronous,pearson,0.0,0.2,0,0,20,80,0,0.8,0.0,,0.0
4,synchronous,pearson,0.0,0.3,0,0,20,80,0,0.8,0.0,,0.0
4,synchronous,pearson,0.05,0.1,0,0,20,80,0,0.8,0.0,,0.0
4,synchronous,pearson,0.05,0.2,0,0,20,80,0,0.8,0.0,,0.0
4,synchronous,pearson,0.05,0.3,0,0,20,80,0,0.8,0.0,,0.0
4,synchronous,pearson,0.1,0.1,0,0,20,80,0,0.8,0.0,,0.0
4,synchronous,pearson,0.1,0.2,0,0,20,80,0,0.8,0.0,,0.0
4,synchronous,pearson,0.1,0.3,0,0,20,80,0,0.8,0.0,,0.0
4,synchronous,spearman,-0.3,0.1,20,0,0,80,20,1.0,1.0,1.0,1.0
4,synchronous,spearman,-0.3,0.2,20,0,0,80,20,1.0,1.0,1.0,1.0
4,synchronous,spearman,-0.3,0.3,20,0,0,80,20,1.0,1.0,1.0,1.0
4,synchronous,spearman,-0.2,0.1,20,0,0,80,20,1.0,1.0,1.0,1.0
4,synchronous,spearman,-0.2,0.2,20,0,0,80,20,1.0,1.0,1.0,1.0
4,synchronous,spearman,-0.2,0.3,20,0,0,80,20,1.0,1.0,1.0,1.0
4,synchronous,spearman,-0.1,0.1,20,0,0,80,20,1.0,1.0,1.0,1.0
4,synchronous,spearman,-0.1,0.2,20,0,0,80,20,1.0,1.0,1.0,1.0
4,synchronous,spearman,-0.1,0.3,20,0,0,80,20,1.0,1.0,1.0,1.0
4,synchronous,spearman,-0.05,0.1,20,0,0,80,20,1.0,1.0,1.0,1.0
4,synchronous,spearman,-0.05,0.2,20,0,0,80,20,1.0,1.0,1.0,1.0
4,synchronous,spearman,-0.05,0.3,20,0,0,80,20,1.0,1.0,1.0,1.0
4,synchronous,spearman,0.0,0.1,20,0,0,80,20,1.0,1.0,1.0,1.0
4,synchronous,spearman,0.0,0.2,20,0,0,80,20,1.0,1.0,1.0,1.0
4,synchronous,spearman,0.0,0.3,20,0,0,80,20,1.0,1.0,1.0,1.0
4,synchronous,spearman,0.05,0.1,20,0,0,80,20,1.0,1.0,1.0,1.0
4,synchronous,spearman,0.05,0.2,20,0,0,80,20,1.0,1.0,1.0,1.0
4,synchronous,spearman,0.05,0.3,20,0,0,80,20,1.0,1.0,1.0,1.0
4,synchronous,spearman,0.1,0.1,2,0,18,80,2,0.82,0.18181818181818182,1.0,0.1
4,synchronous,spearman,0.1,0.2,2,0,18,80,2,0.82,0.18181818181818182,1.0,0.1
4,synchronous,spearman,0.1,0.3,2,0,18,80,2,0.82,0.18181818181818182,1.0,0.1
4,delayed,xcorr_full,-0.3,0.1,17,0,3,80,17,0.97,0.918918918918919,1.0,0.85
4,delayed,xcorr_full,-0.3,0.2,17,0,3,80,17,0.97,0.918918918918919,1.0,0.85
4,delayed,xcorr_full,-0.3,0.3,17,0,3,80,17,0.97,0.918918918918919,1.0,0.85
4,delayed,xcorr_full,-0.2,0.1,17,0,3,80,17,0.97,0.918918918918919,1.0,0.85
4,delayed,xcorr_full,-0.2,0.2,17,0,3,80,17,0.97,0.918918918918919,1.0,0.85
4,delayed,xcorr_full,-0.2,0.3,17,0,3,80,17,0.97,0.918918918918919,1.0,0.85
4,delayed,xcorr_full,-0.1,0.1,16,0,4,80,16,0.96,0.8888888888888888,1.0,0.8
4,delayed,xcorr_full,-0.1,0.2,16,0,4,80,16,0.96,0.8888888888888888,1.0,0.8
4,delayed,xcorr_full,-0.1,0.3,16,0,4,80,16,0.96,0.8888888888888888,1.0,0.8
4,delayed,xcorr_full,-0.05,0.1,1,0,19,80,1,0.81,0.09523809523809523,1.0,0.05
4,delayed,xcorr_full,-0.05,0.2,1,0,19,80,1,0.81,0.09523809523809523,1.0,0.05
4,delayed,xcorr_full,-0.05,0.3,1,0,19,80,1,0.81,0.09523809523809523,1.0,0.05
4,delayed,xcorr_full,0.0,0.1,0,0,20,80,0,0.8,0.0,,0.0
4,delayed,xcorr_full,0.0,0.2,0,0,20,80,0,0.8,0.0,,0.0
4,delayed,xcorr_full,0.0,0.3,0,0,20,80,0,0.8,0.0,,0.0
4,delayed,xcorr_full,0.05,0.1,0,0,20,80,0,0.8,0.0,,0.0
4,delayed,xcorr_full,0.05,0.2,0,0,20,80,0,0.8,0.0,,0.0
4,delayed,xcorr_full,0.05,0.3,0,0,20,80,0,0.8,0.0,,0.0
4,delayed,xcorr_full,0.1,0.1,0,0,20,80,0,0.8,0.0,,0.0
4,delayed,xcorr_full,0.1,0.2,0,0,20,80,0,0.8,0.0,,0.0
4,delayed,xcorr_full,0.1,0.3,0,0,20,80,0,0.8,0.0,,0.0
4,delayed,pearson,-0.3,0.1,16,3,4,77,19,0.93,0.8205128205128205,0.8421052631578947,0.8
4,delayed,pearson,-0.3,0.2,16,3,4,77,19,0.93,0.8205128205128205,0.8421052631578947,0.8
4,delayed,pearson,-0.3,0.3,16,3,4,77,19,0.93,0.8205128205128205,0.8421052631578947,0.8
4,delayed,pearson,-0.2,0.1,16,3,4,77,19,0.93,0.8205128205128205,0.8421052631578947,0.8
4,delayed,pearson,-0.2,0.2,16,3,4,77,19,0.93,0.8205128205128205,0.8421052631578947,0.8
4,delayed,pearson,-0.2,0.3,16,3,4,77,19,0.93,0.8205128205128205,0.8421052631578947,0.8
4,delayed,pearson,-0.1,0.1,16,3,4,77,19,0.93,0.8205128205128205,0.8421052631578947,0.8
4,delayed,pearson,-0.1,0.2,16,3,4,77,19,0.93,0.8205128205128205,0.8421052631578947,0.8
4,delayed,pearson,-0.1,0.3,16,3,4,77,19,0.93,0.8205128205128205,0.8421052631578947,0.8
4,delayed,pearson,-0.05,0.1,16,3,4,77,19,0.93,0.8205128205128205,0.8421052631578947,0.8
4,delayed,pearson,-0.05,0.2,16,3,4,77,19,0.93,0.8205128205128205,0.8421052631578947,0.8
4,delayed,pearson,-0.05,0.3,16,3,4,77,19,0.93,0.8205128205128205,0.8421052631578947,0.8
4,delayed,pearson,0.0,0.1,16,3,4,77,19,0.93,0.8205128205128205,0.8421052631578947,0.8
4,delayed,pearson,0.0,0.2,16,3,4,77,19,0.93,0.8205128205128205,0.8421052631578947,0.8
4,delayed,pearson,0.0,0.3,16,3,4,77,19,0.93,0.8205128205128205,0.8421052631578947,0.8
4,delayed,pearson,0.05,0.1,16,3,4,77,19,0.93,0.8205128205128205,0.8421052631578947,0.8
4,delayed,pearson,0.05,0.2,16,3,4,77,19,0.93,0.8205128205128205,0.8421052631578947,0.8
4,delayed,pearson,0.05,0.3,16,3,4,77,19,0.93,0.8205128205128205,0.8421052631578947,0.8
4,delayed,pearson,0.1,0.1,15,0,5,80,15,0.95,0.8571428571428571,1.0,0.75
4,delayed,pearson,0.1,0.2,15,0,5,80,15,0.95,0.8571428571428571,1.0,0.75
4,delayed,pearson,0.1,0.3,15,0,5,80,15,0.95,0.8571428571428571,1.0,0.75
4,delayed,spearman,-0.3,0.1,15,2,5,78,17,0.93,0.8108108108108109,0.8823529411764706,0.75
4,delayed,spearman,-0.3,0.2,15,2,5,78,17,0.93,0.8108108108108109,0.8823529411764706,0.75
4,delayed,spearman,-0.3,0.3,15,2,5,78,17,0.93,0.8108108108108109,0.8823529411764706,0.75
4,delayed,spearman,-0.2,0.1,15,2,5,78,17,0.93,0.8108108108108109,0.8823529411764706,0.75
4,delayed,spearman,-0.2,0.2,15,2,5,78,17,0.93,0.8108108108108109,0.8823529411764706,0.75
4,delayed,spearman,-0.2,0.3,15,2,5,78,17,0.93,0.8108108108108109,0.8823529411764706,0.75
4,delayed,spearman,-0.1,0.1,15,2,5,78,17,0.93,0.8108108108108109,0.8823529411764706,0.75
4,delayed,spearman,-0.1,0.2,15,2,5,78,17,0.93,0.8108108108108109,0.8823529411764706,0.75
4,delayed,spearman,-0.1,0.3,15,2,5,78,17,0.93,0.8108108108108109,0.8823529411764706,0.75
4,delayed,spearman,-0.05,0.1,15,2,5,78,17,0.93,0.8108108108108109,0.8823529411764706,0.75
4,delayed,spearman,-0.05,0.2,15,2,5,78,17,0.93,0.8108108108108109,0.8823529411764706,0.75
4,delayed,spearman,-0.05,0.3,15,2,5,78,17,0.93,0.8108108108108109,0.8823529411764706,0.75
4,delayed,spearman,0.0,0.1,15,2,5,78,17,0.93,0.8108108108108109,0.8823529411764706,0.75
4,delayed,spearman,0.0,0.2,15,2,5,78,17,0.93,0.8108108108108109,0.8823529411764706,0.75
4,delayed,spearman,0.0,0.3,15,2,5,78,17,0.93,0.8108108108108109,0.8823529411764706,0.75
4,delayed,spearman,0.05,0.1,15,2,5,78,17,0.93,0.8108108108108109,0.8823529411764706,0.75
4,delayed,spearman,0.05,0.2,15,2,5,78,17,0.93,0.8108108108108109,0.8823529411764706,0.75
4,delayed,spearman,0.05,0.3,15,2,5,78,17,0.93,0.8108108108108109,0.8823529411764706,0.75
4,delayed,spearman,0.1,0.1,7,0,13,80,7,0.87,0.5185185185185185,1.0,0.35
4,delayed,spearman,0.1,0.2,7,0,13,80,7,0.87,0.5185185185185185,1.0,0.35
4,delayed,spearman,0.1,0.3,7,0,13,80,7,0.87,0.5185185185185185,1.0,0.35
7,synchronous,xcorr_full,-0.3,0.1,19,0,1,80,19,0.99,0.9743589743589743,1.0,0.95
7,synchronous,xcorr_full,-0.3,0.2,19,0,1,80,19,0.99,0.9743589743589743,1.0,0.95
7,synchronous,xcorr_full,-0.3,0.3,19,0,1,80,19,0.99,0.9743589743589743,1.0,0.95
7,synchronous,xcorr_full,-0.2,0.1,19,0,1,80,19,0.99,0.9743589743589743,1.0,0.95
7,synchronous,xcorr_full,-0.2,0.2,19,0,1,80,19,0.99,0.9743589743589743,1.0,0.95
7,synchronous,xcorr_full,-0.2,0.3,19,0,1,80,19,0.99,0.9743589743589743,1.0,0.95
7,synchronous,xcorr_full,-0.1,0.1,12,0,8,80,12,0.92,0.75,1.0,0.6
7,synchronous,xcorr_full,-0.1,0.2,12,0,8,80,12,0.92,0.75,1.0,0.6
7,synchronous,xcorr_full,-0.1,0.3,12,0,8,80,12,0.92,0.75,1.0,0.6
7,synchronous,xcorr_full,-0.05,0.1,1,0,19,80,1,0.81,0.09523809523809523,1.0,0.05
7,synchronous,xcorr_full,-0.05,0.2,1,0,19,80,1,0.81,0.09523809523809523,1.0,0.05
7,synchronous,xcorr_full,-0.05,0.3,1,0,19,80,1,0.81,0.09523809523809523,1.0,0.05
7,synchronous,xcorr_full,0.0,0.1,0,0,20,80,0,0.8,0.0,,0.0
7,synchronous,xcorr_full,0.0,0.2,0,0,20,80,0,0.8,0.0,,0.0
7,synchronous,xcorr_full,0.0,0.3,0,0,20,80,0,0.8,0.0,,0.0
7,synchronous,xcorr_full,0.05,0.1,0,0,20,80,0,0.8,0.0,,0.0
7,synchronous,xcorr_full,0.05,0.2,0,0,20,80,0,0.8,0.0,,0.0
7,synchronous,xcorr_full,0.05,0.3,0,0,20,80,0,0.8,0.0,,0.0
7,synchronous,xcorr_full,0.1,0.1,0,0,20,80,0,0.8,0.0,,0.0
7,synchronous,xcorr_full,0.1,0.2,0,0,20,80,0,0.8,0.0,,0.0
7,synchronous,xcorr_full,0.1,0.3,0,0,20,80,0,0.8,0.0,,0.0
7,synchronous,pearson,-0.3,0.1,20,0,0,80,20,1.0,1.0,1.0,1.0
7,synchronous,pearson,-0.3,0.2,20,0,0,80,20,1.0,1.0,1.0,1.0
7,synchronous,pearson,-0.3,0.3,20,0,0,80,20,1.0,1.0,1.0,1.0
7,synchronous,pearson,-0.2,0.1,20,0,0,80,20,1.0,1.0,1.0,1.0
7,synchronous,pearson,-0.2,0.2,20,0,0,80,20,1.0,1.0,1.0,1.0
7,synchronous,pearson,-0.2,0.3,20,0,0,80,20,1.0,1.0,1.0,1.0
7,synchronous,pearson,-0.1,0.1,15,0,5,80,15,0.95,0.8571428571428571,1.0,0.75
7,synchronous,pearson,-0.1,0.2,15,0,5,80,15,0.95,0.8571428571428571,1.0,0.75
7,synchronous,pearson,-0.1,0.3,15,0,5,80,15,0.95,0.8571428571428571,1.0,0.75
7,synchronous,pearson,-0.05,0.1,5,0,15,80,5,0.85,0.4,1.0,0.25
7,synchronous,pearson,-0.05,0.2,5,0,15,80,5,0.85,0.4,1.0,0.25
7,synchronous,pearson,-0.05,0.3,5,0,15,80,5,0.85,0.4,1.0,0.25
7,synchronous,pearson,0.0,0.1,0,0,20,80,0,0.8,0.0,,0.0
7,synchronous,pearson,0.0,0.2,0,0,20,80,0,0.8,0.0,,0.0
7,synchronous,pearson,0.0,0.3,0,0,20,80,0,0.8,0.0,,0.0
7,synchronous,pearson,0.05,0.1,0,0,20,80,0,0.8,0.0,,0.0
7,synchronous,pearson,0.05,0.2,0,0,20,80,0,0.8,0.0,,0.0
7,synchronous,pearson,0.05,0.3,0,0,20,80,0,0.8,0.0,,0.0
7,synchronous,pearson,0.1,0.1,0,0,20,80,0,0.8,0.0,,0.0
7,synchronous,pearson,0.1,0.2,0,0,20,80,0,0.8,0.0,,0.0
7,synchronous,pearson,0.1,0.3,0,0,20,80,0,0.8,0.0,,0.0
7,synchronous,spearman,-0.3,0.1,20,0,0,80,20,1.0,1.0,1.0,1.0
7,synchronous,spearman,-0.3,0.2,20,0,0,80,20,1.0,1.0,1.0,1.0
7,synchronous,spearman,-0.3,0.3,20,0,0,80,20,1.0,1.0,1.0,1.0
7,synchronous,spearman,-0.2,0.1,20,0,0,80,20,1.0,1.0,1.0,1.0
7,synchronous,spearman,-0.2,0.2,20,0,0,80,20,1.0,1.0,1.0,1.0
7,synchronous,spearman,-0.2,0.3,20,0,0,80,20,1.0,1.0,1.0,1.0
7,synchronous,spearman,-0.1,0.1,20,0,0,80,20,1.0,1.0,1.0,1.0
7,synchronous,spearman,-0.1,0.2,20,0,0,80,20,1.0,1.0,1.0,1.0
7,synchronous,spearman,-0.1,0.3,20,0,0,80,20,1.0,1.0,1.0,1.0
7,synchronous,spearman,-0.05,0.1,20,0,0,80,20,1.0,1.0,1.0,1.0
7,synchronous,spearman,-0.05,0.2,20,0,0,80,20,1.0,1.0,1.0,1.0
7,synchronous,spearman,-0.05,0.3,20,0,0,80,20,1.0,1.0,1.0,1.0
7,synchronous,spearman,0.0,0.1,20,0,0,80,20,1.0,1.0,1.0,1.0
7,synchronous,spearman,0.0,0.2,20,0,0,80,20,1.0,1.0,1.0,1.0
7,synchronous,spearman,0.0,0.3,20,0,0,80,20,1.0,1.0,1.0,1.0
7,synchronous,spearman,0.05,0.1,20,0,0,80,20,1.0,1.0,1.0,1.0
7,synchronous,spearman,0.05,0.2,20,0,0,80,20,1.0,1.0,1.0,1.0
7,synchronous,spearman,0.05,0.3,20,0,0,80,20,1.0,1.0,1.0,1.0
7,synchronous,spearman,0.1,0.1,5,0,15,80,5,0.85,0.4,1.0,0.25
7,synchronous,spearman,0.1,0.2,5,0,15,80,5,0.85,0.4,1.0,0.25
7,synchronous,spearman,0.1,0.3,5,0,15,80,5,0.85,0.4,1.0,0.25
7,delayed,xcorr_full,-0.3,0.1,19,0,1,80,19,0.99,0.9743589743589743,1.0,0.95
7,delayed,xcorr_full,-0.3,0.2,19,0,1,80,19,0.99,0.9743589743589743,1.0,0.95
7,delayed,xcorr_full,-0.3,0.3,19,0,1,80,19,0.99,0.9743589743589743,1.0,0.95
7,delayed,xcorr_full,-0.2,0.1,19,0,1,80,19,0.99,0.9743589743589743,1.0,0.95
7,delayed,xcorr_full,-0.2,0.2,19,0,1,80,19,0.99,0.9743589743589743,1.0,0.95
7,delayed,xcorr_full,-0.2,0.3,19,0,1,80,19,0.99,0.9743589743589743,1.0,0.95
7,delayed,xcorr_full,-0.1,0.1,9,0,11,80,9,0.89,0.6206896551724138,1.0,0.45
7,delayed,xcorr_full,-0.1,0.2,9,0,11,80,9,0.89,0.6206896551724138,1.0,0.45
7,delayed,xcorr_full,-0.1,0.3,9,0,11,80,9,0.89,0.6206896551724138,1.0,0.45
7,delayed,xcorr_full,-0.05,0.1,1,0,19,80,1,0.81,0.09523809523809523,1.0,0.05
7,delayed,xcorr_full,-0.05,0.2,1,0,19,80,1,0.81,0.09523809523809523,1.0,0.05
7,delayed,xcorr_full,-0.05,0.3,1,0,19,80,1,0.81,0.09523809523809523,1.0,0.05
7,delayed,xcorr_full,0.0,0.1,0,0,20,80,0,0.8,0.0,,0.0
7,delayed,xcorr_full,0.0,0.2,0,0,20,80,0,0.8,0.0,,0.0
7,delayed,xcorr_full,0.0,0.3,0,0,20,80,0,0.8,0.0,,0.0
7,delayed,xcorr_full,0.05,0.1,0,0,20,80,0,0.8,0.0,,0.0
7,delayed,xcorr_full,0.05,0.2,0,0,20,80,0,0.8,0.0,,0.0
7,delayed,xcorr_full,0.05,0.3,0,0,20,80,0,0.8,0.0,,0.0
7,delayed,xcorr_full,0.1,0.1,0,0,20,80,0,0.8,0.0,,0.0
7,delayed,xcorr_full,0.1,0.2,0,0,20,80,0,0.8,0.0,,0.0
7,delayed,xcorr_full,0.1,0.3,0,0,20,80,0,0.8,0.0,,0.0
7,delayed,pearson,-0.3,0.1,17,3,3,77,20,0.94,0.85,0.85,0.85
7,delayed,pearson,-0.3,0.2,17,3,3,77,20,0.94,0.85,0.85,0.85
7,delayed,pearson,-0.3,0.3,17,3,3,77,20,0.94,0.85,0.85,0.85
7,delayed,pearson,-0.2,0.1,17,3,3,77,20,0.94,0.85,0.85,0.85
7,delayed,pearson,-0.2,0.2,17,3,3,77,20,0.94,0.85,0.85,0.85
7,delayed,pearson,-0.2,0.3,17,3,3,77,20,0.94,0.85,0.85,0.85
7,delayed,pearson,-0.1,0.1,17,3,3,77,20,0.94,0.85,0.85,0.85
7,delayed,pearson,-0.1,0.2,17,3,3,77,20,0.94,0.85,0.85,0.85
7,delayed,pearson,-0.1,0.3,17,3,3,77,20,0.94,0.85,0.85,0.85
7,delayed,pearson,-0.05,0.1,17,3,3,77,20,0.94,0.85,0.85,0.85
7,delayed,pearson,-0.05,0.2,17,3,3,77,20,0.94,0.85,0.85,0.85
7,delayed,pearson,-0.05,0.3,17,3,3,77,20,0.94,0.85,0.85,0.85
7,delayed,pearson,0.0,0.1,15,2,5,78,17,0.93,0.8108108108108109,0.8823529411764706,0.75
7,delayed,pearson,0.0,0.2,15,2,5,78,17,0.93,0.8108108108108109,0.8823529411764706,0.75
7,delayed,pearson,0.0,0.3,15,2,5,78,17,0.93,0.8108108108108109,0.8823529411764706,0.75
7,delayed,pearson,0.05,0.1,14,1,6,79,15,0.93,0.8,0.9333333333333333,0.7
7,delayed,pearson,0.05,0.2,14,1,6,79,15,0.93,0.8,0.9333333333333333,0.7
7,delayed,pearson,0.05,0.3,14,1,6,79,15,0.93,0.8,0.9333333333333333,0.7
7,delayed,pearson,0.1,0.1,9,0,11,80,9,0.89,0.6206896551724138,1.0,0.45
7,delayed,pearson,0.1,0.2,9,0,11,80,9,0.89,0.6206896551724138,1.0,0.45
7,delayed,pearson,0.1,0.3,9,0,11,80,9,0.89,0.6206896551724138,1.0,0.45
7,delayed,spearman,-0.3,0.1,17,3,3,77,20,0.94,0.85,0.85,0.85
7,delayed,spearman,-0.3,0.2,17,3,3,77,20,0.94,0.85,0.85,0.85
7,delayed,spearman,-0.3,0.3,17,3,3,77,20,0.94,0.85,0.85,0.85
7,delayed,spearman,-0.2,0.1,17,3,3,77,20,0.94,0.85,0.85,0.85
7,delayed,spearman,-0.2,0.2,17,3,3,77,20,0.94,0.85,0.85,0.85
7,delayed,spearman,-0.2,0.3,17,3,3,77,20,0.94,0.85,0.85,0.85
7,delayed,spearman,-0.1,0.1,17,3,3,77,20,0.94,0.85,0.85,0.85
7,delayed,spearman,-0.1,0.2,17,3,3,77,20,0.94,0.85,0.85,0.85
7,delayed,spearman,-0.1,0.3,17,3,3,77,20,0.94,0.85,0.85,0.85
7,delayed,spearman,-0.05,0.1,17,3,3,77,20,0.94,0.85,0.85,0.85
7,delayed,spearman,-0.05,0.2,17,3,3,77,20,0.94,0.85,0.85,0.85
7,delayed,spearman,-0.05,0.3,17,3,3,77,20,0.94,0.85,0.85,0.85
7,delayed,spearman,0.0,0.1,17,2,3,78,19,0.95,0.8717948717948718,0.8947368421052632,0.85
7,delayed,spearman,0.0,0.2,17,2,3,78,19,0.95,0.8717948717948718,0.8947368421052632,0.85
7,delayed,spearman,0.0,0.3,17,2,3,78,19,0.95,0.8717948717948718,0.8947368421052632,0.85
7,delayed,spearman,0.05,0.1,15,1,5,79,16,0.94,0.8333333333333334,0.9375,0.75
7,delayed,spearman,0.05,0.2,15,1,5,79,16,0.94,0.8333333333333334,0.9375,0.75
7,delayed,spearman,0.05,0.3,15,1,5,79,16,0.94,0.8333333333333334,0.9375,0.75
7,delayed,spearman,0.1,0.1,11,0,9,80,11,0.91,0.7096774193548387,1.0,0.55
7,delayed,spearman,0.1,0.2,11,0,9,80,11,0.91,0.7096774193548387,1.0,0.55
7,delayed,spearman,0.1,0.3,11,0,9,80,11,0.91,0.7096774193548387,1.0,0.55
6,synchronous,xcorr_full,-0.3,0.1,20,0,0,80,20,1.0,1.0,1.0,1.0
6,synchronous,xcorr_full,-0.3,0.2,20,0,0,80,20,1.0,1.0,1.0,1.0
6,synchronous,xcorr_full,-0.3,0.3,20,0,0,80,20,1.0,1.0,1.0,1.0
6,synchronous,xcorr_full,-0.2,0.1,20,0,0,80,20,1.0,1.0,1.0,1.0
6,synchronous,xcorr_full,-0.2,0.2,20,0,0,80,20,1.0,1.0,1.0,1.0
6,synchronous,xcorr_full,-0.2,0.3,20,0,0,80,20,1.0,1.0,1.0,1.0
6,synchronous,xcorr_full,-0.1,0.1,10,0,10,80,10,0.9,0.6666666666666666,1.0,0.5
6,synchronous,xcorr_full,-0.1,0.2,10,0,10,80,10,0.9,0.6666666666666666,1.0,0.5
6,synchronous,xcorr_full,-0.1,0.3,10,0,10,80,10,0.9,0.6666666666666666,1.0,0.5
6,synchronous,xcorr_full,-0.05,0.1,1,0,19,80,1,0.81,0.09523809523809523,1.0,0.05
6,synchronous,xcorr_full,-0.05,0.2,1,0,19,80,1,0.81,0.09523809523809523,1.0,0.05
6,synchronous,xcorr_full,-0.05,0.3,1,0,19,80,1,0.81,0.09523809523809523,1.0,0.05
6,synchronous,xcorr_full,0.0,0.1,0,0,20,80,0,0.8,0.0,,0.0
6,synchronous,xcorr_full,0.0,0.2,0,0,20,80,0,0.8,0.0,,0.0
6,synchronous,xcorr_full,0.0,0.3,0,0,20,80,0,0.8,0.0,,0.0
6,synchronous,xcorr_full,0.05,0.1,0,0,20,80,0,0.8,0.0,,0.0
6,synchronous,xcorr_full,0.05,0.2,0,0,20,80,0,0.8,0.0,,0.0
6,synchronous,xcorr_full,0.05,0.3,0,0,20,80,0,0.8,0.0,,0.0
6,synchronous,xcorr_full,0.1,0.1,0,0,20,80,0,0.8,0.0,,0.0
6,synchronous,xcorr_full,0.1,0.2,0,0,20,80,0,0.8,0.0,,0.0
6,synchronous,xcorr_full,0.1,0.3,0,0,20,80,0,0.8,0.0,,0.0
6,synchronous,pearson,-0.3,0.1,20,0,0,80,20,1.0,1.0,1.0,1.0
6,synchronous,pearson,-0.3,0.2,20,0,0,80,20,1.0,1.0,1.0,1.0
6,synchronous,pearson,-0.3,0.3,20,0,0,80,20,1.0,1.0,1.0,1.0
6,synchronous,pearson,-0.2,0.1,20,0,0,80,20,1.0,1.0,1.0,1.0
6,synchronous,pearson,-0.2,0.2,20,0,0,80,20,1.0,1.0,1.0,1.0
6,synchronous,pearson,-0.2,0.3,20,0,0,80,20,1.0,1.0,1.0,1.0
6,synchronous,pearson,-0.1,0.1,16,0,4,80,16,0.96,0.8888888888888888,1.0,0.8
6,synchronous,pearson,-0.1,0.2,16,0,4,80,16,0.96,0.8888888888888888,1.0,0.8
6,synchronous,pearson,-0.1,0.3,16,0,4,80,16,0.96,0.8888888888888888,1.0,0.8
6,synchronous,pearson,-0.05,0.1,4,0,16,80,4,0.84,0.3333333333333333,1.0,0.2
6,synchronous,pearson,-0.05,0.2,4,0,16,80,4,0.84,0.3333333333333333,1.0,0.2
6,synchronous,pearson,-0.05,0.3,4,0,16,80,4,0.84,0.3333333333333333,1.0,0.2
6,synchronous,pearson,0.0,0.1,1,0,19,80,1,0.81,0.09523809523809523,1.0,0.05
6,synchronous,pearson,0.0,0.2,1,0,19,80,1,0.81,0.09523809523809523,1.0,0.05
6,synchronous,pearson,0.0,0.3,1,0,19,80,1,0.81,0.09523809523809523,1.0,0.05
6,synchronous,pearson,0.05,0.1,0,0,20,80,0,0.8,0.0,,0.0
6,synchronous,pearson,0.05,0.2,0,0,20,80,0,0.8,0.0,,0.0
6,synchronous,pearson,0.05,0.3,0,0,20,80,0,0.8,0.0,,0.0
6,synchronous,pearson,0.1,0.1,0,0,20,80,0,0.8,0.0,,0.0
6,synchronous,pearson,0.1,0.2,0,0,20,80,0,0.8,0.0,,0.0
6,synchronous,pearson,0.1,0.3,0,0,20,80,0,0.8,0.0,,0.0
6,synchronous,spearman,-0.3,0.1,20,0,0,80,20,1.0,1.0,1.0,1.0
6,synchronous,spearman,-0.3,0.2,20,0,0,80,20,1.0,1.0,1.0,1.0
6,synchronous,spearman,-0.3,0.3,20,0,0,80,20,1.0,1.0,1.0,1.0
6,synchronous,spearman,-0.2,0.1,20,0,0,80,20,1.0,1.0,1.0,1.0
6,synchronous,spearman,-0.2,0.2,20,0,0,80,20,1.0,1.0,1.0,1.0
6,synchronous,spearman,-0.2,0.3,20,0,0,80,20,1.0,1.0,1.0,1.0
6,synchronous,spearman,-0.1,0.1,20,0,0,80,20,1.0,1.0,1.0,1.0
6,synchronous,spearman,-0.1,0.2,20,0,0,80,20,1.0,1.0,1.0,1.0
6,synchronous,spearman,-0.1,0.3,20,0,0,80,20,1.0,1.0,1.0,1.0
6,synchronous,spearman,-0.05,0.1,20,0,0,80,20,1.0,1.0,1.0,1.0
6,synchronous,spearman,-0.05,0.2,20,0,0,80,20,1.0,1.0,1.0,1.0
6,synchronous,spearman,-0.05,0.3,20,0,0,80,20,1.0,1.0,1.0,1.0
6,synchronous,spearman,0.0,0.1,20,0,0,80,20,1.0,1.0,1.0,1.0
6,synchronous,spearman,0.0,0.2,20,0,0,80,20,1.0,1.0,1.0,1.0
6,synchronous,spearman,0.0,0.3,20,0,0,80,20,1.0,1.0,1.0,1.0
6,synchronous,spearman,0.05,0.1,20,0,0,80,20,1.0,1.0,1.0,1.0
6,synchronous,spearman,0.05,0.2,20,0,0,80,20,1.0,1.0,1.0,1.0
6,synchronous,spearman,0.05,0.3,20,0,0,80,20,1.0,1.0,1.0,1.0
6,synchronous,spearman,0.1,0.1,8,0,12,80,8,0.88,0.5714285714285714,1.0,0.4
6,synchronous,spearman,0.1,0.2,8,0,12,80,8,0.88,0.5714285714285714,1.0,0.4
6,synchronous,spearman,0.1,0.3,8,0,12,80,8,0.88,0.5714285714285714,1.0,0.4
6,delayed,xcorr_full,-0.3,0.1,19,0,1,80,19,0.99,0.9743589743589743,1.0,0.95
6,delayed,xcorr_full,-0.3,0.2,19,0,1,80,19,0.99,0.9743589743589743,1.0,0.95
6,delayed,xcorr_full,-0.3,0.3,19,0,1,80,19,0.99,0.9743589743589743,1.0,0.95
6,delayed,xcorr_full,-0.2,0.1,19,0,1,80,19,0.99,0.9743589743589743,1.0,0.95
6,delayed,xcorr_full,-0.2,0.2,19,0,1,80,19,0.99,0.9743589743589743,1.0,0.95
6,delayed,xcorr_full,-0.2,0.3,19,0,1,80,19,0.99,0.9743589743589743,1.0,0.95
6,delayed,xcorr_full,-0.1,0.1,7,0,13,80,7,0.87,0.5185185185185185,1.0,0.35
6,delayed,xcorr_full,-0.1,0.2,7,0,13,80,7,0.87,0.5185185185185185,1.0,0.35
6,delayed,xcorr_full,-0.1,0.3,7,0,13,80,7,0.87,0.5185185185185185,1.0,0.35
6,delayed,xcorr_full,-0.05,0.1,3,0,17,80,3,0.83,0.2608695652173913,1.0,0.15
6,delayed,xcorr_full,-0.05,0.2,3,0,17,80,3,0.83,0.2608695652173913,1.0,0.15
6,delayed,xcorr_full,-0.05,0.3,3,0,17,80,3,0.83,0.2608695652173913,1.0,0.15
6,delayed,xcorr_full,0.0,0.1,1,0,19,80,1,0.81,0.09523809523809523,1.0,0.05
6,delayed,xcorr_full,0.0,0.2,1,0,19,80,1,0.81,0.09523809523809523,1.0,0.05
6,delayed,xcorr_full,0.0,0.3,1,0,19,80,1,0.81,0.09523809523809523,1.0,0.05
6,delayed,xcorr_full,0.05,0.1,0,0,20,80,0,0.8,0.0,,0.0
6,delayed,xcorr_full,0.05,0.2,0,0,20,80,0,0.8,0.0,,0.0
6,delayed,xcorr_full,0.05,0.3,0,0,20,80,0,0.8,0.0,,0.0
6,delayed,xcorr_full,0.1,0.1,0,0,20,80,0,0.8,0.0,,0.0
6,delayed,xcorr_full,0.1,0.2,0,0,20,80,0,0.8,0.0,,0.0
6,delayed,xcorr_full,0.1,0.3,0,0,20,80,0,0.8,0.0,,0.0
6,delayed,pearson,-0.3,0.1,15,3,5,77,18,0.92,0.7894736842105263,0.8333333333333334,0.75
6,delayed,pearson,-0.3,0.2,15,3,5,77,18,0.92,0.7894736842105263,0.8333333333333334,0.75
6,delayed,pearson,-0.3,0.3,15,3,5,77,18,0.92,0.7894736842105263,0.8333333333333334,0.75
6,delayed,pearson,-0.2,0.1,15,3,5,77,18,0.92,0.7894736842105263,0.8333333333333334,0.75
6,delayed,pearson,-0.2,0.2,15,3,5,77,18,0.92,0.7894736842105263,0.8333333333333334,0.75
6,delayed,pearson,-0.2,0.3,15,3,5,77,18,0.92,0.7894736842105263,0.8333333333333334,0.75
6,delayed,pearson,-0.1,0.1,15,3,5,77,18,0.92,0.7894736842105263,0.8333333333333334,0.75
6,delayed,pearson,-0.1,0.2,15,3,5,77,18,0.92,0.7894736842105263,0.8333333333333334,0.75
6,delayed,pearson,-0.1,0.3,15,3,5,77,18,0.92,0.7894736842105263,0.8333333333333334,0.75
6,delayed,pearson,-0.05,0.1,15,3,5,77,18,0.92,0.7894736842105263,0.8333333333333334,0.75
6,delayed,pearson,-0.05,0.2,15,3,5,77,18,0.92,0.7894736842105263,0.8333333333333334,0.75
6,delayed,pearson,-0.05,0.3,15,3,5,77,18,0.92,0.7894736842105263,0.8333333333333334,0.75
6,delayed,pearson,0.0,0.1,14,3,6,77,17,0.91,0.7567567567567568,0.8235294117647058,0.7
6,delayed,pearson,0.0,0.2,14,3,6,77,17,0.91,0.7567567567567568,0.8235294117647058,0.7
6,delayed,pearson,0.0,0.3,14,3,6,77,17,0.91,0.7567567567567568,0.8235294117647058,0.7
6,delayed,pearson,0.05,0.1,14,1,6,79,15,0.93,0.8,0.9333333333333333,0.7
6,delayed,pearson,0.05,0.2,14,1,6,79,15,0.93,0.8,0.9333333333333333,0.7
6,delayed,pearson,0.05,0.3,14,1,6,79,15,0.93,0.8,0.9333333333333333,0.7
6,delayed,pearson,0.1,0.1,12,0,8,80,12,0.92,0.75,1.0,0.6
6,delayed,pearson,0.1,0.2,12,0,8,80,12,0.92,0.75,1.0,0.6
6,delayed,pearson,0.1,0.3,12,0,8,80,12,0.92,0.75,1.0,0.6
6,delayed,spearman,-0.3,0.1,16,3,4,77,19,0.93,0.8205128205128205,0.8421052631578947,0.8
6,delayed,spearman,-0.3,0.2,16,3,4,77,19,0.93,0.8205128205128205,0.8421052631578947,0.8
6,delayed,spearman,-0.3,0.3,16,3,4,77,19,0.93,0.8205128205128205,0.8421052631578947,0.8
6,delayed,spearman,-0.2,0.1,16,3,4,77,19,0.93,0.8205128205128205,0.8421052631578947,0.8
6,delayed,spearman,-0.2,0.2,16,3,4,77,19,0.93,0.8205128205128205,0.8421052631578947,0.8
6,delayed,spearman,-0.2,0.3,16,3,4,77,19,0.93,0.8205128205128205,0.8421052631578947,0.8
6,delayed,spearman,-0.1,0.1,16,3,4,77,19,0.93,0.8205128205128205,0.8421052631578947,0.8
6,delayed,spearman,-0.1,0.2,16,3,4,77,19,0.93,0.8205128205128205,0.8421052631578947,0.8
6,delayed,spearman,-0.1,0.3,16,3,4,77,19,0.93,0.8205128205128205,0.8421052631578947,0.8
6,delayed,spearman,-0.05,0.1,16,3,4,77,19,0.93,0.8205128205128205,0.8421052631578947,0.8
6,delayed,spearman,-0.05,0.2,16,3,4,77,19,0.93,0.8205128205128205,0.8421052631578947,0.8
6,delayed,spearman,-0.05,0.3,16,3,4,77,19,0.93,0.8205128205128205,0.8421052631578947,0.8
6,delayed,spearman,0.0,0.1,16,3,4,77,19,0.93,0.8205128205128205,0.8421052631578947,0.8
6,delayed,spearman,0.0,0.2,16,3,4,77,19,0.93,0.8205128205128205,0.8421052631578947,0.8
6,delayed,spearman,0.0,0.3,16,3,4,77,19,0.93,0.8205128205128205,0.8421052631578947,0.8
6,delayed,spearman,0.05,0.1,16,2,4,78,18,0.94,0.8421052631578947,0.8888888888888888,0.8
6,delayed,spearman,0.05,0.2,16,2,4,78,18,0.94,0.8421052631578947,0.8888888888888888,0.8
6,delayed,spearman,0.05,0.3,16,2,4,78,18,0.94,0.8421052631578947,0.8888888888888888,0.8
6,delayed,spearman,0.1,0.1,14,0,6,80,14,0.94,0.8235294117647058,1.0,0.7
6,delayed,spearman,0.1,0.2,14,0,6,80,14,0.94,0.8235294117647058,1.0,0.7
6,delayed,spearman,0.1,0.3,14,0,6,80,14,0.94,0.8235294117647058,1.0,0.7
9,synchronous,xcorr_full,-0.3,0.1,19,0,1,80,19,0.99,0.9743589743589743,1.0,0.95
9,synchronous,xcorr_full,-0.3,0.2,19,0,1,80,19,0.99,0.9743589743589743,1.0,0.95
9,synchronous,xcorr_full,-0.3,0.3,19,0,1,80,19,0.99,0.9743589743589743,1.0,0.95
9,synchronous,xcorr_full,-0.2,0.1,19,0,1,80,19,0.99,0.9743589743589743,1.0,0.95
9,synchronous,xcorr_full,-0.2,0.2,19,0,1,80,19,0.99,0.9743589743589743,1.0,0.95
9,synchronous,xcorr_full,-0.2,0.3,19,0,1,80,19,0.99,0.9743589743589743,1.0,0.95
9,synchronous,xcorr_full,-0.1,0.1,15,0,5,80,15,0.95,0.8571428571428571,1.0,0.75
9,synchronous,xcorr_full,-0.1,0.2,15,0,5,80,15,0.95,0.8571428571428571,1.0,0.75
9,synchronous,xcorr_full,-0.1,0.3,15,0,5,80,15,0.95,0.8571428571428571,1.0,0.75
9,synchronous,xcorr_full,-0.05,0.1,4,0,16,80,4,0.84,0.3333333333333333,1.0,0.2
9,synchronous,xcorr_full,-0.05,0.2,4,0,16,80,4,0.84,0.3333333333333333,1.0,0.2
9,synchronous,xcorr_full,-0.05,0.3,4,0,16,80,4,0.84,0.3333333333333333,1.0,0.2
9,synchronous,xcorr_full,0.0,0.1,0,0,20,80,0,0.8,0.0,,0.0
9,synchronous,xcorr_full,0.0,0.2,0,0,20,80,0,0.8,0.0,,0.0
9,synchronous,xcorr_full,0.0,0.3,0,0,20,80,0,0.8,0.0,,0.0
9,synchronous,xcorr_full,0.05,0.1,0,0,20,80,0,0.8,0.0,,0.0
9,synchronous,xcorr_full,0.05,0.2,0,0,20,80,0,0.8,0.0,,0.0
9,synchronous,xcorr_full,0.05,0.3,0,0,20,80,0,0.8,0.0,,0.0
9,synchronous,xcorr_full,0.1,0.1,0,0,20,80,0,0.8,0.0,,0.0
9,synchronous,xcorr_full,0.1,0.2,0,0,20,80,0,0.8,0.0,,0.0
9,synchronous,xcorr_full,0.1,0.3,0,0,20,80,0,0.8,0.0,,0.0
9,synchronous,pearson,-0.3,0.1,20,0,0,80,20,1.0,1.0,1.0,1.0
9,synchronous,pearson,-0.3,0.2,20,0,0,80,20,1.0,1.0,1.0,1.0
9,synchronous,pearson,-0.3,0.3,20,0,0,80,20,1.0,1.0,1.0,1.0
9,synchronous,pearson,-0.2,0.1,20,0,0,80,20,1.0,1.0,1.0,1.0
9,synchronous,pearson,-0.2,0.2,20,0,0,80,20,1.0,1.0,1.0,1.0
9,synchronous,pearson,-0.2,0.3,20,0,0,80,20,1.0,1.0,1.0,1.0
9,synchronous,pearson,-0.1,0.1,16,0,4,80,16,0.96,0.8888888888888888,1.0,0.8
9,synchronous,pearson,-0.1,0.2,16,0,4,80,16,0.96,0.8888888888888888,1.0,0.8
9,synchronous,pearson,-0.1,0.3,16,0,4,80,16,0.96,0.8888888888888888,1.0,0.8
9,synchronous,pearson,-0.05,0.1,9,0,11,80,9,0.89,0.6206896551724138,1.0,0.45
9,synchronous,pearson,-0.05,0.2,9,0,11,80,9,0.89,0.6206896551724138,1.0,0.45
9,synchronous,pearson,-0.05,0.3,9,0,11,80,9,0.89,0.6206896551724138,1.0,0.45
9,synchronous,pearson,0.0,0.1,2,0,18,80,2,0.82,0.18181818181818182,1.0,0.1
9,synchronous,pearson,0.0,0.2,2,0,18,80,2,0.82,0.18181818181818182,1.0,0.1
9,synchronous,pearson,0.0,0.3,2,0,18,80,2,0.82,0.18181818181818182,1.0,0.1
9,synchronous,pearson,0.05,0.1,0,0,20,80,0,0.8,0.0,,0.0
9,synchronous,pearson,0.05,0.2,0,0,20,80,0,0.8,0.0,,0.0
9,synchronous,pearson,0.05,0.3,0,0,20,80,0,0.8,0.0,,0.0
9,synchronous,pearson,0.1,0.1,0,0,20,80,0,0.8,0.0,,0.0
9,synchronous,pearson,0.1,0.2,0,0,20,80,0,0.8,0.0,,0.0
9,synchronous,pearson,0.1,0.3,0,0,20,80,0,0.8,0.0,,0.0
9,synchronous,spearman,-0.3,0.1,20,0,0,80,20,1.0,1.0,1.0,1.0
9,synchronous,spearman,-0.3,0.2,20,0,0,80,20,1.0,1.0,1.0,1.0
9,synchronous,spearman,-0.3,0.3,20,0,0,80,20,1.0,1.0,1.0,1.0
9,synchronous,spearman,-0.2,0.1,20,0,0,80,20,1.0,1.0,1.0,1.0
9,synchronous,spearman,-0.2,0.2,20,0,0,80,20,1.0,1.0,1.0,1.0
9,synchronous,spearman,-0.2,0.3,20,0,0,80,20,1.0,1.0,1.0,1.0
9,synchronous,spearman,-0.1,0.1,20,0,0,80,20,1.0,1.0,1.0,1.0
9,synchronous,spearman,-0.1,0.2,20,0,0,80,20,1.0,1.0,1.0,1.0
9,synchronous,spearman,-0.1,0.3,20,0,0,80,20,1.0,1.0,1.0,1.0
9,synchronous,spearman,-0.05,0.1,20,0,0,80,20,1.0,1.0,1.0,1.0
9,synchronous,spearman,-0.05,0.2,20,0,0,80,20,1.0,1.0,1.0,1.0
9,synchronous,spearman,-0.05,0.3,20,0,0,80,20,1.0,1.0,1.0,1.0
9,synchronous,spearman,0.0,0.1,20,0,0,80,20,1.0,1.0,1.0,1.0
9,synchronous,spearman,0.0,0.2,20,0,0,80,20,1.0,1.0,1.0,1.0
9,synchronous,spearman,0.0,0.3,20,0,0,80,20,1.0,1.0,1.0,1.0
9,synchronous,spearman,0.05,0.1,18,0,2,80,18,0.98,0.9473684210526315,1.0,0.9
9,synchronous,spearman,0.05,0.2,18,0,2,80,18,0.98,0.9473684210526315,1.0,0.9
9,synchronous,spearman,0.05,0.3,18,0,2,80,18,0.98,0.9473684210526315,1.0,0.9
9,synchronous,spearman,0.1,0.1,3,0,17,80,3,0.83,0.2608695652173913,1.0,0.15
9,synchronous,spearman,0.1,0.2,3,0,17,80,3,0.83,0.2608695652173913,1.0,0.15
9,synchronous,spearman,0.1,0.3,3,0,17,80,3,0.83,0.2608695652173913,1.0,0.15
9,delayed,xcorr_full,-0.3,0.1,18,0,2,80,18,0.98,0.9473684210526315,1.0,0.9
9,delayed,xcorr_full,-0.3,0.2,18,0,2,80,18,0.98,0.9473684210526315,1.0,0.9
9,delayed,xcorr_full,-0.3,0.3,18,0,2,80,18,0.98,0.9473684210526315,1.0,0.9
9,delayed,xcorr_full,-0.2,0.1,18,0,2,80,18,0.98,0.9473684210526315,1.0,0.9
9,delayed,xcorr_full,-0.2,0.2,18,0,2,80,18,0.98,0.9473684210526315,1.0,0.9
9,delayed,xcorr_full,-0.2,0.3,18,0,2,80,18,0.98,0.9473684210526315,1.0,0.9
9,delayed,xcorr_full,-0.1,0.1,14,0,6,80,14,0.94,0.8235294117647058,1.0,0.7
9,delayed,xcorr_full,-0.1,0.2,14,0,6,80,14,0.94,0.8235294117647058,1.0,0.7
9,delayed,xcorr_full,-0.1,0.3,14,0,6,80,14,0.94,0.8235294117647058,1.0,0.7
9,delayed,xcorr_full,-0.05,0.1,0,0,20,80,0,0.8,0.0,,0.0
9,delayed,xcorr_full,-0.05,0.2,0,0,20,80,0,0.8,0.0,,0.0
9,delayed,xcorr_full,-0.05,0.3,0,0,20,80,0,0.8,0.0,,0.0
9,delayed,xcorr_full,0.0,0.1,0,0,20,80,0,0.8,0.0,,0.0
9,delayed,xcorr_full,0.0,0.2,0,0,20,80,0,0.8,0.0,,0.0
9,delayed,xcorr_full,0.0,0.3,0,0,20,80,0,0.8,0.0,,0.0
9,delayed,xcorr_full,0.05,0.1,0,0,20,80,0,0.8,0.0,,0.0
9,delayed,xcorr_full,0.05,0.2,0,0,20,80,0,0.8,0.0,,0.0
9,delayed,xcorr_full,0.05,0.3,0,0,20,80,0,0.8,0.0,,0.0
9,delayed,xcorr_full,0.1,0.1,0,0,20,80,0,0.8,0.0,,0.0
9,delayed,xcorr_full,0.1,0.2,0,0,20,80,0,0.8,0.0,,0.0
9,delayed,xcorr_full,0.1,0.3,0,0,20,80,0,0.8,0.0,,0.0
9,delayed,pearson,-0.3,0.1,10,10,10,70,20,0.8,0.5,0.5,0.5
9,delayed,pearson,-0.3,0.2,10,10,10,70,20,0.8,0.5,0.5,0.5
9,delayed,pearson,-0.3,0.3,10,10,10,70,20,0.8,0.5,0.5,0.5
9,delayed,pearson,-0.2,0.1,10,10,10,70,20,0.8,0.5,0.5,0.5
9,delayed,pearson,-0.2,0.2,10,10,10,70,20,0.8,0.5,0.5,0.5
9,delayed,pearson,-0.2,0.3,10,10,10,70,20,0.8,0.5,0.5,0.5
9,delayed,pearson,-0.1,0.1,10,10,10,70,20,0.8,0.5,0.5,0.5
9,delayed,pearson,-0.1,0.2,10,10,10,70,20,0.8,0.5,0.5,0.5
9,delayed,pearson,-0.1,0.3,10,10,10,70,20,0.8,0.5,0.5,0.5
9,delayed,pearson,-0.05,0.1,10,10,10,70,20,0.8,0.5,0.5,0.5
9,delayed,pearson,-0.05,0.2,10,10,10,70,20,0.8,0.5,0.5,0.5
9,delayed,pearson,-0.05,0.3,10,10,10,70,20,0.8,0.5,0.5,0.5
9,delayed,pearson,0.0,0.1,10,10,10,70,20,0.8,0.5,0.5,0.5
9,delayed,pearson,0.0,0.2,10,10,10,70,20,0.8,0.5,0.5,0.5
9,delayed,pearson,0.0,0.3,10,10,10,70,20,0.8,0.5,0.5,0.5
9,delayed,pearson,0.05,0.1,10,10,10,70,20,0.8,0.5,0.5,0.5
9,delayed,pearson,0.05,0.2,10,10,10,70,20,0.8,0.5,0.5,0.5
9,delayed,pearson,0.05,0.3,9,9,11,71,18,0.8,0.47368421052631576,0.5,0.45
9,delayed,pearson,0.1,0.1,12,3,8,77,15,0.89,0.6857142857142857,0.8,0.6
9,delayed,pearson,0.1,0.2,12,3,8,77,15,0.89,0.6857142857142857,0.8,0.6
9,delayed,pearson,0.1,0.3,8,2,12,78,10,0.86,0.5333333333333333,0.8,0.4
9,delayed,spearman,-0.3,0.1,10,8,10,72,18,0.82,0.5263157894736842,0.5555555555555556,0.5
9,delayed,spearman,-0.3,0.2,10,8,10,72,18,0.82,0.5263157894736842,0.5555555555555556,0.5
9,delayed,spearman,-0.3,0.3,10,8,10,72,18,0.82,0.5263157894736842,0.5555555555555556,0.5
9,delayed,spearman,-0.2,0.1,10,8,10,72,18,0.82,0.5263157894736842,0.5555555555555556,0.5
9,delayed,spearman,-0.2,0.2,10,8,10,72,18,0.82,0.5263157894736842,0.5555555555555556,0.5
9,delayed,spearman,-0.2,0.3,10,8,10,72,18,0.82,0.5263157894736842,0.5555555555555556,0.5
9,delayed,spearman,-0.1,0.1,10,8,10,72,18,0.82,0.5263157894736842,0.5555555555555556,0.5
9,delayed,spearman,-0.1,0.2,10,8,10,72,18,0.82,0.5263157894736842,0.5555555555555556,0.5
9,delayed,spearman,-0.1,0.3,10,8,10,72,18,0.82,0.5263157894736842,0.5555555555555556,0.5
9,delayed,spearman,-0.05,0.1,10,8,10,72,18,0.82,0.5263157894736842,0.5555555555555556,0.5
9,delayed,spearman,-0.05,0.2,10,8,10,72,18,0.82,0.5263157894736842,0.5555555555555556,0.5
9,delayed,spearman,-0.05,0.3,10,8,10,72,18,0.82,0.5263157894736842,0.5555555555555556,0.5
9,delayed,spearman,0.0,0.1,10,8,10,72,18,0.82,0.5263157894736842,0.5555555555555556,0.5
9,delayed,spearman,0.0,0.2,10,8,10,72,18,0.82,0.5263157894736842,0.5555555555555556,0.5
9,delayed,spearman,0.0,0.3,10,8,10,72,18,0.82,0.5263157894736842,0.5555555555555556,0.5
9,delayed,spearman,0.05,0.1,10,6,10,74,16,0.84,0.5555555555555556,0.625,0.5
9,delayed,spearman,0.05,0.2,10,6,10,74,16,0.84,0.5555555555555556,0.625,0.5
9,delayed,spearman,0.05,0.3,10,6,10,74,16,0.84,0.5555555555555556,0.625,0.5
9,delayed,spearman,0.1,0.1,4,0,16,80,4,0.84,0.3333333333333333,1.0,0.2
9,delayed,spearman,0.1,0.2,4,0,16,80,4,0.84,0.3333333333333333,1.0,0.2
9,delayed,spearman,0.1,0.3,4,0,16,80,4,0.84,0.3333333333333333,1.0,0.2
11,synchronous,xcorr_full,-0.3,0.1,19,0,1,80,19,0.99,0.9743589743589743,1.0,0.95
11,synchronous,xcorr_full,-0.3,0.2,19,0,1,80,19,0.99,0.9743589743589743,1.0,0.95
11,synchronous,xcorr_full,-0.3,0.3,19,0,1,80,19,0.99,0.9743589743589743,1.0,0.95
11,synchronous,xcorr_full,-0.2,0.1,19,0,1,80,19,0.99,0.9743589743589743,1.0,0.95
11,synchronous,xcorr_full,-0.2,0.2,19,0,1,80,19,0.99,0.9743589743589743,1.0,0.95
11,synchronous,xcorr_full,-0.2,0.3,19,0,1,80,19,0.99,0.9743589743589743,1.0,0.95
11,synchronous,xcorr_full,-0.1,0.1,16,0,4,80,16,0.96,0.8888888888888888,1.0,0.8
11,synchronous,xcorr_full,-0.1,0.2,16,0,4,80,16,0.96,0.8888888888888888,1.0,0.8
11,synchronous,xcorr_full,-0.1,0.3,16,0,4,80,16,0.96,0.8888888888888888,1.0,0.8
11,synchronous,xcorr_full,-0.05,0.1,3,0,17,80,3,0.83,0.2608695652173913,1.0,0.15
11,synchronous,xcorr_full,-0.05,0.2,3,0,17,80,3,0.83,0.2608695652173913,1.0,0.15
11,synchronous,xcorr_full,-0.05,0.3,3,0,17,80,3,0.83,0.2608695652173913,1.0,0.15
11,synchronous,xcorr_full,0.0,0.1,0,0,20,80,0,0.8,0.0,,0.0
11,synchronous,xcorr_full,0.0,0.2,0,0,20,80,0,0.8,0.0,,0.0
11,synchronous,xcorr_full,0.0,0.3,0,0,20,80,0,0.8,0.0,,0.0
11,synchronous,xcorr_full,0.05,0.1,0,0,20,80,0,0.8,0.0,,0.0
11,synchronous,xcorr_full,0.05,0.2,0,0,20,80,0,0.8,0.0,,0.0
11,synchronous,xcorr_full,0.05,0.3,0,0,20,80,0,0.8,0.0,,0.0
11,synchronous,xcorr_full,0.1,0.1,0,0,20,80,0,0.8,0.0,,0.0
11,synchronous,xcorr_full,0.1,0.2,0,0,20,80,0,0.8,0.0,,0.0
11,synchronous,xcorr_full,0.1,0.3,0,0,20,80,0,0.8,0.0,,0.0
11,synchronous,pearson,-0.3,0.1,20,0,0,80,20,1.0,1.0,1.0,1.0
11,synchronous,pearson,-0.3,0.2,20,0,0,80,20,1.0,1.0,1.0,1.0
11,synchronous,pearson,-0.3,0.3,20,0,0,80,20,1.0,1.0,1.0,1.0
11,synchronous,pearson,-0.2,0.1,20,0,0,80,20,1.0,1.0,1.0,1.0
11,synchronous,pearson,-0.2,0.2,20,0,0,80,20,1.0,1.0,1.0,1.0
11,synchronous,pearson,-0.2,0.3,20,0,0,80,20,1.0,1.0,1.0,1.0
11,synchronous,pearson,-0.1,0.1,16,0,4,80,16,0.96,0.8888888888888888,1.0,0.8
11,synchronous,pearson,-0.1,0.2,16,0,4,80,16,0.96,0.8888888888888888,1.0,0.8
11,synchronous,pearson,-0.1,0.3,16,0,4,80,16,0.96,0.8888888888888888,1.0,0.8
11,synchronous,pearson,-0.05,0.1,10,0,10,80,10,0.9,0.6666666666666666,1.0,0.5
11,synchronous,pearson,-0.05,0.2,10,0,10,80,10,0.9,0.6666666666666666,1.0,0.5
11,synchronous,pearson,-0.05,0.3,10,0,10,80,10,0.9,0.6666666666666666,1.0,0.5
11,synchronous,pearson,0.0,0.1,1,0,19,80,1,0.81,0.09523809523809523,1.0,0.05
11,synchronous,pearson,0.0,0.2,1,0,19,80,1,0.81,0.09523809523809523,1.0,0.05
11,synchronous,pearson,0.0,0.3,1,0,19,80,1,0.81,0.09523809523809523,1.0,0.05
11,synchronous,pearson,0.05,0.1,0,0,20,80,0,0.8,0.0,,0.0
11,synchronous,pearson,0.05,0.2,0,0,20,80,0,0.8,0.0,,0.0
11,synchronous,pearson,0.05,0.3,0,0,20,80,0,0.8,0.0,,0.0
11,synchronous,pearson,0.1,0.1,0,0,20,80,0,0.8,0.0,,0.0
11,synchronous,pearson,0.1,0.2,0,0,20,80,0,0.8,0.0,,0.0
11,synchronous,pearson,0.1,0.3,0,0,20,80,0,0.8,0.0,,0.0
11,synchronous,spearman,-0.3,0.1,20,0,0,80,20,1.0,1.0,1.0,1.0
11,synchronous,spearman,-0.3,0.2,20,0,0,80,20,1.0,1.0,1.0,1.0
11,synchronous,spearman,-0.3,0.3,20,0,0,80,20,1.0,1.0,1.0,1.0
11,synchronous,spearman,-0.2,0.1,20,0,0,80,20,1.0,1.0,1.0,1.0
11,synchronous,spearman,-0.2,0.2,20,0,0,80,20,1.0,1.0,1.0,1.0
11,synchronous,spearman,-0.2,0.3,20,0,0,80,20,1.0,1.0,1.0,1.0
11,synchronous,spearman,-0.1,0.1,20,0,0,80,20,1.0,1.0,1.0,1.0
11,synchronous,spearman,-0.1,0.2,20,0,0,80,20,1.0,1.0,1.0,1.0
11,synchronous,spearman,-0.1,0.3,20,0,0,80,20,1.0,1.0,1.0,1.0
11,synchronous,spearman,-0.05,0.1,20,0,0,80,20,1.0,1.0,1.0,1.0
11,synchronous,spearman,-0.05,0.2,20,0,0,80,20,1.0,1.0,1.0,1.0
11,synchronous,spearman,-0.05,0.3,20,0,0,80,20,1.0,1.0,1.0,1.0
11,synchronous,spearman,0.0,0.1,20,0,0,80,20,1.0,1.0,1.0,1.0
11,synchronous,spearman,0.0,0.2,20,0,0,80,20,1.0,1.0,1.0,1.0
11,synchronous,spearman,0.0,0.3,20,0,0,80,20,1.0,1.0,1.0,1.0
11,synchronous,spearman,0.05,0.1,20,0,0,80,20,1.0,1.0,1.0,1.0
11,synchronous,spearman,0.05,0.2,20,0,0,80,20,1.0,1.0,1.0,1.0
11,synchronous,spearman,0.05,0.3,20,0,0,80,20,1.0,1.0,1.0,1.0
11,synchronous,spearman,0.1,0.1,2,0,18,80,2,0.82,0.18181818181818182,1.0,0.1
11,synchronous,spearman,0.1,0.2,2,0,18,80,2,0.82,0.18181818181818182,1.0,0.1
11,synchronous,spearman,0.1,0.3,2,0,18,80,2,0.82,0.18181818181818182,1.0,0.1
11,delayed,xcorr_full,-0.3,0.1,16,0,4,80,16,0.96,0.8888888888888888,1.0,0.8
11,delayed,xcorr_full,-0.3,0.2,16,0,4,80,16,0.96,0.8888888888888888,1.0,0.8
11,delayed,xcorr_full,-0.3,0.3,16,0,4,80,16,0.96,0.8888888888888888,1.0,0.8
11,delayed,xcorr_full,-0.2,0.1,16,0,4,80,16,0.96,0.8888888888888888,1.0,0.8
11,delayed,xcorr_full,-0.2,0.2,16,0,4,80,16,0.96,0.8888888888888888,1.0,0.8
11,delayed,xcorr_full,-0.2,0.3,16,0,4,80,16,0.96,0.8888888888888888,1.0,0.8
11,delayed,xcorr_full,-0.1,0.1,15,0,5,80,15,0.95,0.8571428571428571,1.0,0.75
11,delayed,xcorr_full,-0.1,0.2,15,0,5,80,15,0.95,0.8571428571428571,1.0,0.75
11,delayed,xcorr_full,-0.1,0.3,15,0,5,80,15,0.95,0.8571428571428571,1.0,0.75
11,delayed,xcorr_full,-0.05,0.1,1,0,19,80,1,0.81,0.09523809523809523,1.0,0.05
11,delayed,xcorr_full,-0.05,0.2,1,0,19,80,1,0.81,0.09523809523809523,1.0,0.05
11,delayed,xcorr_full,-0.05,0.3,1,0,19,80,1,0.81,0.09523809523809523,1.0,0.05
11,delayed,xcorr_full,0.0,0.1,0,0,20,80,0,0.8,0.0,,0.0
11,delayed,xcorr_full,0.0,0.2,0,0,20,80,0,0.8,0.0,,0.0
11,delayed,xcorr_full,0.0,0.3,0,0,20,80,0,0.8,0.0,,0.0
11,delayed,xcorr_full,0.05,0.1,0,0,20,80,0,0.8,0.0,,0.0
11,delayed,xcorr_full,0.05,0.2,0,0,20,80,0,0.8,0.0,,0.0
11,delayed,xcorr_full,0.05,0.3,0,0,20,80,0,0.8,0.0,,0.0
11,delayed,xcorr_full,0.1,0.1,0,0,20,80,0,0.8,0.0,,0.0
11,delayed,xcorr_full,0.1,0.2,0,0,20,80,0,0.8,0.0,,0.0
11,delayed,xcorr_full,0.1,0.3,0,0,20,80,0,0.8,0.0,,0.0
11,delayed,pearson,-0.3,0.1,16,4,4,76,20,0.92,0.8,0.8,0.8
11,delayed,pearson,-0.3,0.2,16,4,4,76,20,0.92,0.8,0.8,0.8
11,delayed,pearson,-0.3,0.3,16,4,4,76,20,0.92,0.8,0.8,0.8
11,delayed,pearson,-0.2,0.1,16,4,4,76,20,0.92,0.8,0.8,0.8
11,delayed,pearson,-0.2,0.2,16,4,4,76,20,0.92,0.8,0.8,0.8
11,delayed,pearson,-0.2,0.3,16,4,4,76,20,0.92,0.8,0.8,0.8
11,delayed,pearson,-0.1,0.1,16,4,4,76,20,0.92,0.8,0.8,0.8
11,delayed,pearson,-0.1,0.2,16,4,4,76,20,0.92,0.8,0.8,0.8
11,delayed,pearson,-0.1,0.3,16,4,4,76,20,0.92,0.8,0.8,0.8
11,delayed,pearson,-0.05,0.1,16,4,4,76,20,0.92,0.8,0.8,0.8
11,delayed,pearson,-0.05,0.2,16,4,4,76,20,0.92,0.8,0.8,0.8
11,delayed,pearson,-0.05,0.3,16,4,4,76,20,0.92,0.8,0.8,0.8
11,delayed,pearson,0.0,0.1,16,4,4,76,20,0.92,0.8,0.8,0.8
11,delayed,pearson,0.0,0.2,16,4,4,76,20,0.92,0.8,0.8,0.8
11,delayed,pearson,0.0,0.3,16,4,4,76,20,0.92,0.8,0.8,0.8
11,delayed,pearson,0.05,0.1,16,4,4,76,20,0.92,0.8,0.8,0.8
11,delayed,pearson,0.05,0.2,16,4,4,76,20,0.92,0.8,0.8,0.8
11,delayed,pearson,0.05,0.3,16,4,4,76,20,0.92,0.8,0.8,0.8
11,delayed,pearson,0.1,0.1,17,2,3,78,19,0.95,0.8717948717948718,0.8947368421052632,0.85
11,delayed,pearson,0.1,0.2,17,2,3,78,19,0.95,0.8717948717948718,0.8947368421052632,0.85
11,delayed,pearson,0.1,0.3,17,2,3,78,19,0.95,0.8717948717948718,0.8947368421052632,0.85
11,delayed,spearman,-0.3,0.1,14,6,6,74,20,0.88,0.7,0.7,0.7
11,delayed,spearman,-0.3,0.2,14,6,6,74,20,0.88,0.7,0.7,0.7
11,delayed,spearman,-0.3,0.3,12,6,8,74,18,0.86,0.631578947368421,0.6666666666666666,0.6
11,delayed,spearman,-0.2,0.1,14,6,6,74,20,0.88,0.7,0.7,0.7
11,delayed,spearman,-0.2,0.2,14,6,6,74,20,0.88,0.7,0.7,0.7
11,delayed,spearman,-0.2,0.3,12,6,8,74,18,0.86,0.631578947368421,0.6666666666666666,0.6
11,delayed,spearman,-0.1,0.1,14,6,6,74,20,0.88,0.7,0.7,0.7
11,delayed,spearman,-0.1,0.2,14,6,6,74,20,0.88,0.7,0.7,0.7
11,delayed,spearman,-0.1,0.3,12,6,8,74,18,0.86,0.631578947368421,0.6666666666666666,0.6
11,delayed,spearman,-0.05,0.1,14,6,6,74,20,0.88,0.7,0.7,0.7
11,delayed,spearman,-0.05,0.2,14,6,6,74,20,0.88,0.7,0.7,0.7
11,delayed,spearman,-0.05,0.3,12,6,8,74,18,0.86,0.631578947368421,0.6666666666666666,0.6
11,delayed,spearman,0.0,0.1,14,6,6,74,20,0.88,0.7,0.7,0.7
11,delayed,spearman,0.0,0.2,14,6,6,74,20,0.88,0.7,0.7,0.7
11,delayed,spearman,0.0,0.3,12,6,8,74,18,0.86,0.631578947368421,0.6666666666666666,0.6
11,delayed,spearman,0.05,0.1,17,3,3,77,20,0.94,0.85,0.85,0.85
11,delayed,spearman,0.05,0.2,16,2,4,78,18,0.94,0.8421052631578947,0.8888888888888888,0.8
11,delayed,spearman,0.05,0.3,12,2,8,78,14,0.9,0.7058823529411765,0.8571428571428571,0.6
11,delayed,spearman,0.1,0.1,12,0,8,80,12,0.92,0.75,1.0,0.6
11,delayed,spearman,0.1,0.2,8,0,12,80,8,0.88,0.5714285714285714,1.0,0.4
11,delayed,spearman,0.1,0.3,7,0,13,80,7,0.87,0.5185185185185185,1.0,0.35
10,synchronous,xcorr_full,-0.3,0.1,20,0,0,80,20,1.0,1.0,1.0,1.0
10,synchronous,xcorr_full,-0.3,0.2,20,0,0,80,20,1.0,1.0,1.0,1.0
10,synchronous,xcorr_full,-0.3,0.3,20,0,0,80,20,1.0,1.0,1.0,1.0
10,synchronous,xcorr_full,-0.2,0.1,20,0,0,80,20,1.0,1.0,1.0,1.0
10,synchronous,xcorr_full,-0.2,0.2,20,0,0,80,20,1.0,1.0,1.0,1.0
10,synchronous,xcorr_full,-0.2,0.3,20,0,0,80,20,1.0,1.0,1.0,1.0
10,synchronous,xcorr_full,-0.1,0.1,8,0,12,80,8,0.88,0.5714285714285714,1.0,0.4
10,synchronous,xcorr_full,-0.1,0.2,8,0,12,80,8,0.88,0.5714285714285714,1.0,0.4
10,synchronous,xcorr_full,-0.1,0.3,8,0,12,80,8,0.88,0.5714285714285714,1.0,0.4
10,synchronous,xcorr_full,-0.05,0.1,3,0,17,80,3,0.83,0.2608695652173913,1.0,0.15
10,synchronous,xcorr_full,-0.05,0.2,3,0,17,80,3,0.83,0.2608695652173913,1.0,0.15
10,synchronous,xcorr_full,-0.05,0.3,3,0,17,80,3,0.83,0.2608695652173913,1.0,0.15
10,synchronous,xcorr_full,0.0,0.1,0,0,20,80,0,0.8,0.0,,0.0
10,synchronous,xcorr_full,0.0,0.2,0,0,20,80,0,0.8,0.0,,0.0
10,synchronous,xcorr_full,0.0,0.3,0,0,20,80,0,0.8,0.0,,0.0
10,synchronous,xcorr_full,0.05,0.1,0,0,20,80,0,0.8,0.0,,0.0
10,synchronous,xcorr_full,0.05,0.2,0,0,20,80,0,0.8,0.0,,0.0
10,synchronous,xcorr_full,0.05,0.3,0,0,20,80,0,0.8,0.0,,0.0
10,synchronous,xcorr_full,0.1,0.1,0,0,20,80,0,0.8,0.0,,0.0
10,synchronous,xcorr_full,0.1,0.2,0,0,20,80,0,0.8,0.0,,0.0
10,synchronous,xcorr_full,0.1,0.3,0,0,20,80,0,0.8,0.0,,0.0
10,synchronous,pearson,-0.3,0.1,19,0,1,80,19,0.99,0.9743589743589743,1.0,0.95
10,synchronous,pearson,-0.3,0.2,19,0,1,80,19,0.99,0.9743589743589743,1.0,0.95
10,synchronous,pearson,-0.3,0.3,19,0,1,80,19,0.99,0.9743589743589743,1.0,0.95
10,synchronous,pearson,-0.2,0.1,19,0,1,80,19,0.99,0.9743589743589743,1.0,0.95
10,synchronous,pearson,-0.2,0.2,19,0,1,80,19,0.99,0.9743589743589743,1.0,0.95
10,synchronous,pearson,-0.2,0.3,19,0,1,80,19,0.99,0.9743589743589743,1.0,0.95
10,synchronous,pearson,-0.1,0.1,12,0,8,80,12,0.92,0.75,1.0,0.6
10,synchronous,pearson,-0.1,0.2,12,0,8,80,12,0.92,0.75,1.0,0.6
10,synchronous,pearson,-0.1,0.3,12,0,8,80,12,0.92,0.75,1.0,0.6
10,synchronous,pearson,-0.05,0.1,3,0,17,80,3,0.83,0.2608695652173913,1.0,0.15
10,synchronous,pearson,-0.05,0.2,3,0,17,80,3,0.83,0.2608695652173913,1.0,0.15
10,synchronous,pearson,-0.05,0.3,3,0,17,80,3,0.83,0.2608695652173913,1.0,0.15
10,synchronous,pearson,0.0,0.1,0,0,20,80,0,0.8,0.0,,0.0
10,synchronous,pearson,0.0,0.2,0,0,20,80,0,0.8,0.0,,0.0
10,synchronous,pearson,0.0,0.3,0,0,20,80,0,0.8,0.0,,0.0
10,synchronous,pearson,0.05,0.1,0,0,20,80,0,0.8,0.0,,0.0
10,synchronous,pearson,0.05,0.2,0,0,20,80,0,0.8,0.0,,0.0
10,synchronous,pearson,0.05,0.3,0,0,20,80,0,0.8,0.0,,0.0
10,synchronous,pearson,0.1,0.1,0,0,20,80,0,0.8,0.0,,0.0
10,synchronous,pearson,0.1,0.2,0,0,20,80,0,0.8,0.0,,0.0
10,synchronous,pearson,0.1,0.3,0,0,20,80,0,0.8,0.0,,0.0
10,synchronous,spearman,-0.3,0.1,20,0,0,80,20,1.0,1.0,1.0,1.0
10,synchronous,spearman,-0.3,0.2,20,0,0,80,20,1.0,1.0,1.0,1.0
10,synchronous,spearman,-0.3,0.3,20,0,0,80,20,1.0,1.0,1.0,1.0
10,synchronous,spearman,-0.2,0.1,20,0,0,80,20,1.0,1.0,1.0,1.0
10,synchronous,spearman,-0.2,0.2,20,0,0,80,20,1.0,1.0,1.0,1.0
10,synchronous,spearman,-0.2,0.3,20,0,0,80,20,1.0,1.0,1.0,1.0
10,synchronous,spearman,-0.1,0.1,20,0,0,80,20,1.0,1.0,1.0,1.0
10,synchronous,spearman,-0.1,0.2,20,0,0,80,20,1.0,1.0,1.0,1.0
10,synchronous,spearman,-0.1,0.3,20,0,0,80,20,1.0,1.0,1.0,1.0
10,synchronous,spearman,-0.05,0.1,20,0,0,80,20,1.0,1.0,1.0,1.0
10,synchronous,spearman,-0.05,0.2,20,0,0,80,20,1.0,1.0,1.0,1.0
10,synchronous,spearman,-0.05,0.3,20,0,0,80,20,1.0,1.0,1.0,1.0
10,synchronous,spearman,0.0,0.1,20,0,0,80,20,1.0,1.0,1.0,1.0
10,synchronous,spearman,0.0,0.2,20,0,0,80,20,1.0,1.0,1.0,1.0
10,synchronous,spearman,0.0,0.3,20,0,0,80,20,1.0,1.0,1.0,1.0
10,synchronous,spearman,0.05,0.1,19,0,1,80,19,0.99,0.9743589743589743,1.0,0.95
10,synchronous,spearman,0.05,0.2,19,0,1,80,19,0.99,0.9743589743589743,1.0,0.95
10,synchronous,spearman,0.05,0.3,19,0,1,80,19,0.99,0.9743589743589743,1.0,0.95
10,synchronous,spearman,0.1,0.1,2,0,18,80,2,0.82,0.18181818181818182,1.0,0.1
10,synchronous,spearman,0.1,0.2,2,0,18,80,2,0.82,0.18181818181818182,1.0,0.1
10,synchronous,spearman,0.1,0.3,2,0,18,80,2,0.82,0.18181818181818182,1.0,0.1
10,delayed,xcorr_full,-0.3,0.1,20,0,0,80,20,1.0,1.0,1.0,1.0
10,delayed,xcorr_full,-0.3,0.2,20,0,0,80,20,1.0,1.0,1.0,1.0
10,delayed,xcorr_full,-0.3,0.3,20,0,0,80,20,1.0,1.0,1.0,1.0
10,delayed,xcorr_full,-0.2,0.1,20,0,0,80,20,1.0,1.0,1.0,1.0
10,delayed,xcorr_full,-0.2,0.2,20,0,0,80,20,1.0,1.0,1.0,1.0
10,delayed,xcorr_full,-0.2,0.3,20,0,0,80,20,1.0,1.0,1.0,1.0
10,delayed,xcorr_full,-0.1,0.1,9,0,11,80,9,0.89,0.6206896551724138,1.0,0.45
10,delayed,xcorr_full,-0.1,0.2,9,0,11,80,9,0.89,0.6206896551724138,1.0,0.45
10,delayed,xcorr_full,-0.1,0.3,9,0,11,80,9,0.89,0.6206896551724138,1.0,0.45
10,delayed,xcorr_full,-0.05,0.1,2,0,18,80,2,0.82,0.18181818181818182,1.0,0.1
10,delayed,xcorr_full,-0.05,0.2,2,0,18,80,2,0.82,0.18181818181818182,1.0,0.1
10,delayed,xcorr_full,-0.05,0.3,2,0,18,80,2,0.82,0.18181818181818182,1.0,0.1
10,delayed,xcorr_full,0.0,0.1,0,0,20,80,0,0.8,0.0,,0.0
10,delayed,xcorr_full,0.0,0.2,0,0,20,80,0,0.8,0.0,,0.0
10,delayed,xcorr_full,0.0,0.3,0,0,20,80,0,0.8,0.0,,0.0
10,delayed,xcorr_full,0.05,0.1,0,0,20,80,0,0.8,0.0,,0.0
10,delayed,xcorr_full,0.05,0.2,0,0,20,80,0,0.8,0.0,,0.0
10,delayed,xcorr_full,0.05,0.3,0,0,20,80,0,0.8,0.0,,0.0
10,delayed,xcorr_full,0.1,0.1,0,0,20,80,0,0.8,0.0,,0.0
10,delayed,xcorr_full,0.1,0.2,0,0,20,80,0,0.8,0.0,,0.0
10,delayed,xcorr_full,0.1,0.3,0,0,20,80,0,0.8,0.0,,0.0
10,delayed,pearson,-0.3,0.1,13,7,7,73,20,0.86,0.65,0.65,0.65
10,delayed,pearson,-0.3,0.2,13,7,7,73,20,0.86,0.65,0.65,0.65
10,delayed,pearson,-0.3,0.3,12,7,8,73,19,0.85,0.6153846153846154,0.631578947368421,0.6
10,delayed,pearson,-0.2,0.1,13,7,7,73,20,0.86,0.65,0.65,0.65
10,delayed,pearson,-0.2,0.2,13,7,7,73,20,0.86,0.65,0.65,0.65
10,delayed,pearson,-0.2,0.3,12,7,8,73,19,0.85,0.6153846153846154,0.631578947368421,0.6
10,delayed,pearson,-0.1,0.1,13,7,7,73,20,0.86,0.65,0.65,0.65
10,delayed,pearson,-0.1,0.2,13,7,7,73,20,0.86,0.65,0.65,0.65
10,delayed,pearson,-0.1,0.3,12,7,8,73,19,0.85,0.6153846153846154,0.631578947368421,0.6
10,delayed,pearson,-0.05,0.1,13,7,7,73,20,0.86,0.65,0.65,0.65
10,delayed,pearson,-0.05,0.2,13,7,7,73,20,0.86,0.65,0.65,0.65
10,delayed,pearson,-0.05,0.3,12,7,8,73,19,0.85,0.6153846153846154,0.631578947368421,0.6
10,delayed,pearson,0.0,0.1,16,4,4,76,20,0.92,0.8,0.8,0.8
10,delayed,pearson,0.0,0.2,16,4,4,76,20,0.92,0.8,0.8,0.8
10,delayed,pearson,0.0,0.3,12,4,8,76,16,0.88,0.6666666666666666,0.75,0.6
10,delayed,pearson,0.05,0.1,18,2,2,78,20,0.96,0.9,0.9,0.9
10,delayed,pearson,0.05,0.2,17,2,3,78,19,0.95,0.8717948717948718,0.8947368421052632,0.85
10,delayed,pearson,0.05,0.3,11,2,9,78,13,0.89,0.6666666666666666,0.8461538461538461,0.55
10,delayed,pearson,0.1,0.1,18,2,2,78,20,0.96,0.9,0.9,0.9
10,delayed,pearson,0.1,0.2,14,2,6,78,16,0.92,0.7777777777777778,0.875,0.7
10,delayed,pearson,0.1,0.3,10,2,10,78,12,0.88,0.625,0.8333333333333334,0.5
10,delayed,spearman,-0.3,0.1,15,5,5,75,20,0.9,0.75,0.75,0.75
10,delayed,spearman,-0.3,0.2,15,5,5,75,20,0.9,0.75,0.75,0.75
10,delayed,spearman,-0.3,0.3,12,3,8,77,15,0.89,0.6857142857142857,0.8,0.6
10,delayed,spearman,-0.2,0.1,15,5,5,75,20,0.9,0.75,0.75,0.75
10,delayed,spearman,-0.2,0.2,15,5,5,75,20,0.9,0.75,0.75,0.75
10,delayed,spearman,-0.2,0.3,12,3,8,77,15,0.89,0.6857142857142857,0.8,0.6
10,delayed,spearman,-0.1,0.1,15,5,5,75,20,0.9,0.75,0.75,0.75
10,delayed,spearman,-0.1,0.2,15,5,5,75,20,0.9,0.75,0.75,0.75
10,delayed,spearman,-0.1,0.3,12,3,8,77,15,0.89,0.6857142857142857,0.8,0.6
10,delayed,spearman,-0.05,0.1,15,5,5,75,20,0.9,0.75,0.75,0.75
10,delayed,spearman,-0.05,0.2,15,5,5,75,20,0.9,0.75,0.75,0.75
10,delayed,spearman,-0.05,0.3,12,3,8,77,15,0.89,0.6857142857142857,0.8,0.6
10,delayed,spearman,0.0,0.1,16,4,4,76,20,0.92,0.8,0.8,0.8
10,delayed,spearman,0.0,0.2,16,4,4,76,20,0.92,0.8,0.8,0.8
10,delayed,spearman,0.0,0.3,12,2,8,78,14,0.9,0.7058823529411765,0.8571428571428571,0.6
10,delayed,spearman,0.05,0.1,18,1,2,79,19,0.97,0.9230769230769231,0.9473684210526315,0.9
10,delayed,spearman,0.05,0.2,16,1,4,79,17,0.95,0.8648648648648649,0.9411764705882353,0.8
10,delayed,spearman,0.05,0.3,11,1,9,79,12,0.9,0.6875,0.9166666666666666,0.55
10,delayed,spearman,0.1,0.1,14,1,6,79,15,0.93,0.8,0.9333333333333333,0.7
10,delayed,spearman,0.1,0.2,13,1,7,79,14,0.92,0.7647058823529411,0.9285714285714286,0.65
10,delayed,spearman,0.1,0.3,11,1,9,79,12,0.9,0.6875,0.9166666666666666,0.55
8,synchronous,xcorr_full,-0.3,0.1,18,0,2,80,18,0.98,0.9473684210526315,1.0,0.9
8,synchronous,xcorr_full,-0.3,0.2,18,0,2,80,18,0.98,0.9473684210526315,1.0,0.9
8,synchronous,xcorr_full,-0.3,0.3,18,0,2,80,18,0.98,0.9473684210526315,1.0,0.9
8,synchronous,xcorr_full,-0.2,0.1,18,0,2,80,18,0.98,0.9473684210526315,1.0,0.9
8,synchronous,xcorr_full,-0.2,0.2,18,0,2,80,18,0.98,0.9473684210526315,1.0,0.9
8,synchronous,xcorr_full,-0.2,0.3,18,0,2,80,18,0.98,0.9473684210526315,1.0,0.9
8,synchronous,xcorr_full,-0.1,0.1,18,0,2,80,18,0.98,0.9473684210526315,1.0,0.9
8,synchronous,xcorr_full,-0.1,0.2,18,0,2,80,18,0.98,0.9473684210526315,1.0,0.9
8,synchronous,xcorr_full,-0.1,0.3,18,0,2,80,18,0.98,0.9473684210526315,1.0,0.9
8,synchronous,xcorr_full,-0.05,0.1,9,0,11,80,9,0.89,0.6206896551724138,1.0,0.45
8,synchronous,xcorr_full,-0.05,0.2,9,0,11,80,9,0.89,0.6206896551724138,1.0,0.45
8,synchronous,xcorr_full,-0.05,0.3,9,0,11,80,9,0.89,0.6206896551724138,1.0,0.45
8,synchronous,xcorr_full,0.0,0.1,1,0,19,80,1,0.81,0.09523809523809523,1.0,0.05
8,synchronous,xcorr_full,0.0,0.2,1,0,19,80,1,0.81,0.09523809523809523,1.0,0.05
8,synchronous,xcorr_full,0.0,0.3,1,0,19,80,1,0.81,0.09523809523809523,1.0,0.05
8,synchronous,xcorr_full,0.05,0.1,1,0,19,80,1,0.81,0.09523809523809523,1.0,0.05
8,synchronous,xcorr_full,0.05,0.2,1,0,19,80,1,0.81,0.09523809523809523,1.0,0.05
8,synchronous,xcorr_full,0.05,0.3,1,0,19,80,1,0.81,0.09523809523809523,1.0,0.05
8,synchronous,xcorr_full,0.1,0.1,0,0,20,80,0,0.8,0.0,,0.0
8,synchronous,xcorr_full,0.1,0.2,0,0,20,80,0,0.8,0.0,,0.0
8,synchronous,xcorr_full,0.1,0.3,0,0,20,80,0,0.8,0.0,,0.0
8,synchronous,pearson,-0.3,0.1,20,0,0,80,20,1.0,1.0,1.0,1.0
8,synchronous,pearson,-0.3,0.2,20,0,0,80,20,1.0,1.0,1.0,1.0
8,synchronous,pearson,-0.3,0.3,20,0,0,80,20,1.0,1.0,1.0,1.0
8,synchronous,pearson,-0.2,0.1,20,0,0,80,20,1.0,1.0,1.0,1.0
8,synchronous,pearson,-0.2,0.2,20,0,0,80,20,1.0,1.0,1.0,1.0
8,synchronous,pearson,-0.2,0.3,20,0,0,80,20,1.0,1.0,1.0,1.0
8,synchronous,pearson,-0.1,0.1,20,0,0,80,20,1.0,1.0,1.0,1.0
8,synchronous,pearson,-0.1,0.2,20,0,0,80,20,1.0,1.0,1.0,1.0
8,synchronous,pearson,-0.1,0.3,20,0,0,80,20,1.0,1.0,1.0,1.0
8,synchronous,pearson,-0.05,0.1,16,0,4,80,16,0.96,0.8888888888888888,1.0,0.8
8,synchronous,pearson,-0.05,0.2,16,0,4,80,16,0.96,0.8888888888888888,1.0,0.8
8,synchronous,pearson,-0.05,0.3,16,0,4,80,16,0.96,0.8888888888888888,1.0,0.8
8,synchronous,pearson,0.0,0.1,7,0,13,80,7,0.87,0.5185185185185185,1.0,0.35
8,synchronous,pearson,0.0,0.2,7,0,13,80,7,0.87,0.5185185185185185,1.0,0.35
8,synchronous,pearson,0.0,0.3,7,0,13,80,7,0.87,0.5185185185185185,1.0,0.35
8,synchronous,pearson,0.05,0.1,1,0,19,80,1,0.81,0.09523809523809523,1.0,0.05
8,synchronous,pearson,0.05,0.2,1,0,19,80,1,0.81,0.09523809523809523,1.0,0.05
8,synchronous,pearson,0.05,0.3,1,0,19,80,1,0.81,0.09523809523809523,1.0,0.05
8,synchronous,pearson,0.1,0.1,1,0,19,80,1,0.81,0.09523809523809523,1.0,0.05
8,synchronous,pearson,0.1,0.2,1,0,19,80,1,0.81,0.09523809523809523,1.0,0.05
8,synchronous,pearson,0.1,0.3,1,0,19,80,1,0.81,0.09523809523809523,1.0,0.05
8,synchronous,spearman,-0.3,0.1,20,0,0,80,20,1.0,1.0,1.0,1.0
8,synchronous,spearman,-0.3,0.2,20,0,0,80,20,1.0,1.0,1.0,1.0
8,synchronous,spearman,-0.3,0.3,20,0,0,80,20,1.0,1.0,1.0,1.0
8,synchronous,spearman,-0.2,0.1,20,0,0,80,20,1.0,1.0,1.0,1.0
8,synchronous,spearman,-0.2,0.2,20,0,0,80,20,1.0,1.0,1.0,1.0
8,synchronous,spearman,-0.2,0.3,20,0,0,80,20,1.0,1.0,1.0,1.0
8,synchronous,spearman,-0.1,0.1,20,0,0,80,20,1.0,1.0,1.0,1.0
8,synchronous,spearman,-0.1,0.2,20,0,0,80,20,1.0,1.0,1.0,1.0
8,synchronous,spearman,-0.1,0.3,20,0,0,80,20,1.0,1.0,1.0,1.0
8,synchronous,spearman,-0.05,0.1,20,0,0,80,20,1.0,1.0,1.0,1.0
8,synchronous,spearman,-0.05,0.2,20,0,0,80,20,1.0,1.0,1.0,1.0
8,synchronous,spearman,-0.05,0.3,20,0,0,80,20,1.0,1.0,1.0,1.0
8,synchronous,spearman,0.0,0.1,20,0,0,80,20,1.0,1.0,1.0,1.0
8,synchronous,spearman,0.0,0.2,20,0,0,80,20,1.0,1.0,1.0,1.0
8,synchronous,spearman,0.0,0.3,20,0,0,80,20,1.0,1.0,1.0,1.0
8,synchronous,spearman,0.05,0.1,20,0,0,80,20,1.0,1.0,1.0,1.0
8,synchronous,spearman,0.05,0.2,20,0,0,80,20,1.0,1.0,1.0,1.0
8,synchronous,spearman,0.05,0.3,20,0,0,80,20,1.0,1.0,1.0,1.0
8,synchronous,spearman,0.1,0.1,5,0,15,80,5,0.85,0.4,1.0,0.25
8,synchronous,spearman,0.1,0.2,5,0,15,80,5,0.85,0.4,1.0,0.25
8,synchronous,spearman,0.1,0.3,5,0,15,80,5,0.85,0.4,1.0,0.25
8,delayed,xcorr_full,-0.3,0.1,20,0,0,80,20,1.0,1.0,1.0,1.0
8,delayed,xcorr_full,-0.3,0.2,20,0,0,80,20,1.0,1.0,1.0,1.0
8,delayed,xcorr_full,-0.3,0.3,20,0,0,80,20,1.0,1.0,1.0,1.0
8,delayed,xcorr_full,-0.2,0.1,20,0,0,80,20,1.0,1.0,1.0,1.0
8,delayed,xcorr_full,-0.2,0.2,20,0,0,80,20,1.0,1.0,1.0,1.0
8,delayed,xcorr_full,-0.2,0.3,20,0,0,80,20,1.0,1.0,1.0,1.0
8,delayed,xcorr_full,-0.1,0.1,18,0,2,80,18,0.98,0.9473684210526315,1.0,0.9
8,delayed,xcorr_full,-0.1,0.2,18,0,2,80,18,0.98,0.9473684210526315,1.0,0.9
8,delayed,xcorr_full,-0.1,0.3,18,0,2,80,18,0.98,0.9473684210526315,1.0,0.9
8,delayed,xcorr_full,-0.05,0.1,9,0,11,80,9,0.89,0.6206896551724138,1.0,0.45
8,delayed,xcorr_full,-0.05,0.2,9,0,11,80,9,0.89,0.6206896551724138,1.0,0.45
8,delayed,xcorr_full,-0.05,0.3,9,0,11,80,9,0.89,0.6206896551724138,1.0,0.45
8,delayed,xcorr_full,0.0,0.1,0,0,20,80,0,0.8,0.0,,0.0
8,delayed,xcorr_full,0.0,0.2,0,0,20,80,0,0.8,0.0,,0.0
8,delayed,xcorr_full,0.0,0.3,0,0,20,80,0,0.8,0.0,,0.0
8,delayed,xcorr_full,0.05,0.1,0,0,20,80,0,0.8,0.0,,0.0
8,delayed,xcorr_full,0.05,0.2,0,0,20,80,0,0.8,0.0,,0.0
8,delayed,xcorr_full,0.05,0.3,0,0,20,80,0,0.8,0.0,,0.0
8,delayed,xcorr_full,0.1,0.1,0,0,20,80,0,0.8,0.0,,0.0
8,delayed,xcorr_full,0.1,0.2,0,0,20,80,0,0.8,0.0,,0.0
8,delayed,xcorr_full,0.1,0.3,0,0,20,80,0,0.8,0.0,,0.0
8,delayed,pearson,-0.3,0.1,12,6,8,74,18,0.86,0.631578947368421,0.6666666666666666,0.6
8,delayed,pearson,-0.3,0.2,12,6,8,74,18,0.86,0.631578947368421,0.6666666666666666,0.6
8,delayed,pearson,-0.3,0.3,12,6,8,74,18,0.86,0.631578947368421,0.6666666666666666,0.6
8,delayed,pearson,-0.2,0.1,12,6,8,74,18,0.86,0.631578947368421,0.6666666666666666,0.6
8,delayed,pearson,-0.2,0.2,12,6,8,74,18,0.86,0.631578947368421,0.6666666666666666,0.6
8,delayed,pearson,-0.2,0.3,12,6,8,74,18,0.86,0.631578947368421,0.6666666666666666,0.6
8,delayed,pearson,-0.1,0.1,12,6,8,74,18,0.86,0.631578947368421,0.6666666666666666,0.6
8,delayed,pearson,-0.1,0.2,12,6,8,74,18,0.86,0.631578947368421,0.6666666666666666,0.6
8,delayed,pearson,-0.1,0.3,12,6,8,74,18,0.86,0.631578947368421,0.6666666666666666,0.6
8,delayed,pearson,-0.05,0.1,12,6,8,74,18,0.86,0.631578947368421,0.6666666666666666,0.6
8,delayed,pearson,-0.05,0.2,12,6,8,74,18,0.86,0.631578947368421,0.6666666666666666,0.6
8,delayed,pearson,-0.05,0.3,12,6,8,74,18,0.86,0.631578947368421,0.6666666666666666,0.6
8,delayed,pearson,0.0,0.1,12,6,8,74,18,0.86,0.631578947368421,0.6666666666666666,0.6
8,delayed,pearson,0.0,0.2,12,6,8,74,18,0.86,0.631578947368421,0.6666666666666666,0.6
8,delayed,pearson,0.0,0.3,12,6,8,74,18,0.86,0.631578947368421,0.6666666666666666,0.6
8,delayed,pearson,0.05,0.1,12,6,8,74,18,0.86,0.631578947368421,0.6666666666666666,0.6
8,delayed,pearson,0.05,0.2,12,6,8,74,18,0.86,0.631578947368421,0.6666666666666666,0.6
8,delayed,pearson,0.05,0.3,12,6,8,74,18,0.86,0.631578947368421,0.6666666666666666,0.6
8,delayed,pearson,0.1,0.1,11,1,9,79,12,0.9,0.6875,0.9166666666666666,0.55
8,delayed,pearson,0.1,0.2,11,1,9,79,12,0.9,0.6875,0.9166666666666666,0.55
8,delayed,pearson,0.1,0.3,11,1,9,79,12,0.9,0.6875,0.9166666666666666,0.55
8,delayed,spearman,-0.3,0.1,14,6,6,74,20,0.88,0.7,0.7,0.7
8,delayed,spearman,-0.3,0.2,14,6,6,74,20,0.88,0.7,0.7,0.7
8,delayed,spearman,-0.3,0.3,14,6,6,74,20,0.88,0.7,0.7,0.7
8,delayed,spearman,-0.2,0.1,14,6,6,74,20,0.88,0.7,0.7,0.7
8,delayed,spearman,-0.2,0.2,14,6,6,74,20,0.88,0.7,0.7,0.7
8,delayed,spearman,-0.2,0.3,14,6,6,74,20,0.88,0.7,0.7,0.7
8,delayed,spearman,-0.1,0.1,14,6,6,74,20,0.88,0.7,0.7,0.7
8,delayed,spearman,-0.1,0.2,14,6,6,74,20,0.88,0.7,0.7,0.7
8,delayed,spearman,-0.1,0.3,14,6,6,74,20,0.88,0.7,0.7,0.7
8,delayed,spearman,-0.05,0.1,14,6,6,74,20,0.88,0.7,0.7,0.7
8,delayed,spearman,-0.05,0.2,14,6,6,74,20,0.88,0.7,0.7,0.7
8,delayed,spearman,-0.05,0.3,14,6,6,74,20,0.88,0.7,0.7,0.7
8,delayed,spearman,0.0,0.1,14,6,6,74,20,0.88,0.7,0.7,0.7
8,delayed,spearman,0.0,0.2,14,6,6,74,20,0.88,0.7,0.7,0.7
8,delayed,spearman,0.0,0.3,14,6,6,74,20,0.88,0.7,0.7,0.7
8,delayed,spearman,0.05,0.1,12,6,8,74,18,0.86,0.631578947368421,0.6666666666666666,0.6
8,delayed,spearman,0.05,0.2,12,6,8,74,18,0.86,0.631578947368421,0.6666666666666666,0.6
8,delayed,spearman,0.05,0.3,12,6,8,74,18,0.86,0.631578947368421,0.6666666666666666,0.6
8,delayed,spearman,0.1,0.1,9,0,11,80,9,0.89,0.6206896551724138,1.0,0.45
8,delayed,spearman,0.1,0.2,9,0,11,80,9,0.89,0.6206896551724138,1.0,0.45
8,delayed,spearman,0.1,0.3,9,0,11,80,9,0.89,0.6206896551724138,1.0,0.45
14,synchronous,xcorr_full,-0.3,0.1,20,0,0,80,20,1.0,1.0,1.0,1.0
14,synchronous,xcorr_full,-0.3,0.2,20,0,0,80,20,1.0,1.0,1.0,1.0
14,synchronous,xcorr_full,-0.3,0.3,20,0,0,80,20,1.0,1.0,1.0,1.0
14,synchronous,xcorr_full,-0.2,0.1,20,0,0,80,20,1.0,1.0,1.0,1.0
14,synchronous,xcorr_full,-0.2,0.2,20,0,0,80,20,1.0,1.0,1.0,1.0
14,synchronous,xcorr_full,-0.2,0.3,20,0,0,80,20,1.0,1.0,1.0,1.0
14,synchronous,xcorr_full,-0.1,0.1,15,0,5,80,15,0.95,0.8571428571428571,1.0,0.75
14,synchronous,xcorr_full,-0.1,0.2,15,0,5,80,15,0.95,0.8571428571428571,1.0,0.75
14,synchronous,xcorr_full,-0.1,0.3,15,0,5,80,15,0.95,0.8571428571428571,1.0,0.75
14,synchronous,xcorr_full,-0.05,0.1,1,0,19,80,1,0.81,0.09523809523809523,1.0,0.05
14,synchronous,xcorr_full,-0.05,0.2,1,0,19,80,1,0.81,0.09523809523809523,1.0,0.05
14,synchronous,xcorr_full,-0.05,0.3,1,0,19,80,1,0.81,0.09523809523809523,1.0,0.05
14,synchronous,xcorr_full,0.0,0.1,0,0,20,80,0,0.8,0.0,,0.0
14,synchronous,xcorr_full,0.0,0.2,0,0,20,80,0,0.8,0.0,,0.0
14,synchronous,xcorr_full,0.0,0.3,0,0,20,80,0,0.8,0.0,,0.0
14,synchronous,xcorr_full,0.05,0.1,0,0,20,80,0,0.8,0.0,,0.0
14,synchronous,xcorr_full,0.05,0.2,0,0,20,80,0,0.8,0.0,,0.0
14,synchronous,xcorr_full,0.05,0.3,0,0,20,80,0,0.8,0.0,,0.0
14,synchronous,xcorr_full,0.1,0.1,0,0,20,80,0,0.8,0.0,,0.0
14,synchronous,xcorr_full,0.1,0.2,0,0,20,80,0,0.8,0.0,,0.0
14,synchronous,xcorr_full,0.1,0.3,0,0,20,80,0,0.8,0.0,,0.0
14,synchronous,pearson,-0.3,0.1,19,0,1,80,19,0.99,0.9743589743589743,1.0,0.95
14,synchronous,pearson,-0.3,0.2,19,0,1,80,19,0.99,0.9743589743589743,1.0,0.95
14,synchronous,pearson,-0.3,0.3,19,0,1,80,19,0.99,0.9743589743589743,1.0,0.95
14,synchronous,pearson,-0.2,0.1,19,0,1,80,19,0.99,0.9743589743589743,1.0,0.95
14,synchronous,pearson,-0.2,0.2,19,0,1,80,19,0.99,0.9743589743589743,1.0,0.95
14,synchronous,pearson,-0.2,0.3,19,0,1,80,19,0.99,0.9743589743589743,1.0,0.95
14,synchronous,pearson,-0.1,0.1,15,0,5,80,15,0.95,0.8571428571428571,1.0,0.75
14,synchronous,pearson,-0.1,0.2,15,0,5,80,15,0.95,0.8571428571428571,1.0,0.75
14,synchronous,pearson,-0.1,0.3,15,0,5,80,15,0.95,0.8571428571428571,1.0,0.75
14,synchronous,pearson,-0.05,0.1,5,0,15,80,5,0.85,0.4,1.0,0.25
14,synchronous,pearson,-0.05,0.2,5,0,15,80,5,0.85,0.4,1.0,0.25
14,synchronous,pearson,-0.05,0.3,5,0,15,80,5,0.85,0.4,1.0,0.25
14,synchronous,pearson,0.0,0.1,0,0,20,80,0,0.8,0.0,,0.0
14,synchronous,pearson,0.0,0.2,0,0,20,80,0,0.8,0.0,,0.0
14,synchronous,pearson,0.0,0.3,0,0,20,80,0,0.8,0.0,,0.0
14,synchronous,pearson,0.05,0.1,0,0,20,80,0,0.8,0.0,,0.0
14,synchronous,pearson,0.05,0.2,0,0,20,80,0,0.8,0.0,,0.0
14,synchronous,pearson,0.05,0.3,0,0,20,80,0,0.8,0.0,,0.0
14,synchronous,pearson,0.1,0.1,0,0,20,80,0,0.8,0.0,,0.0
14,synchronous,pearson,0.1,0.2,0,0,20,80,0,0.8,0.0,,0.0
14,synchronous,pearson,0.1,0.3,0,0,20,80,0,0.8,0.0,,0.0
14,synchronous,spearman,-0.3,0.1,19,0,1,80,19,0.99,0.9743589743589743,1.0,0.95
14,synchronous,spearman,-0.3,0.2,19,0,1,80,19,0.99,0.9743589743589743,1.0,0.95
14,synchronous,spearman,-0.3,0.3,19,0,1,80,19,0.99,0.9743589743589743,1.0,0.95
14,synchronous,spearman,-0.2,0.1,19,0,1,80,19,0.99,0.9743589743589743,1.0,0.95
14,synchronous,spearman,-0.2,0.2,19,0,1,80,19,0.99,0.9743589743589743,1.0,0.95
14,synchronous,spearman,-0.2,0.3,19,0,1,80,19,0.99,0.9743589743589743,1.0,0.95
14,synchronous,spearman,-0.1,0.1,19,0,1,80,19,0.99,0.9743589743589743,1.0,0.95
14,synchronous,spearman,-0.1,0.2,19,0,1,80,19,0.99,0.9743589743589743,1.0,0.95
14,synchronous,spearman,-0.1,0.3,19,0,1,80,19,0.99,0.9743589743589743,1.0,0.95
14,synchronous,spearman,-0.05,0.1,19,0,1,80,19,0.99,0.9743589743589743,1.0,0.95
14,synchronous,spearman,-0.05,0.2,19,0,1,80,19,0.99,0.9743589743589743,1.0,0.95
14,synchronous,spearman,-0.05,0.3,19,0,1,80,19,0.99,0.9743589743589743,1.0,0.95
14,synchronous,spearman,0.0,0.1,19,0,1,80,19,0.99,0.9743589743589743,1.0,0.95
14,synchronous,spearman,0.0,0.2,19,0,1,80,19,0.99,0.9743589743589743,1.0,0.95
14,synchronous,spearman,0.0,0.3,19,0,1,80,19,0.99,0.9743589743589743,1.0,0.95
14,synchronous,spearman,0.05,0.1,18,0,2,80,18,0.98,0.9473684210526315,1.0,0.9
14,synchronous,spearman,0.05,0.2,18,0,2,80,18,0.98,0.9473684210526315,1.0,0.9
14,synchronous,spearman,0.05,0.3,18,0,2,80,18,0.98,0.9473684210526315,1.0,0.9
14,synchronous,spearman,0.1,0.1,4,0,16,80,4,0.84,0.3333333333333333,1.0,0.2
14,synchronous,spearman,0.1,0.2,4,0,16,80,4,0.84,0.3333333333333333,1.0,0.2
14,synchronous,spearman,0.1,0.3,4,0,16,80,4,0.84,0.3333333333333333,1.0,0.2
14,delayed,xcorr_full,-0.3,0.1,19,0,1,80,19,0.99,0.9743589743589743,1.0,0.95
14,delayed,xcorr_full,-0.3,0.2,19,0,1,80,19,0.99,0.9743589743589743,1.0,0.95
14,delayed,xcorr_full,-0.3,0.3,19,0,1,80,19,0.99,0.9743589743589743,1.0,0.95
14,delayed,xcorr_full,-0.2,0.1,19,0,1,80,19,0.99,0.9743589743589743,1.0,0.95
14,delayed,xcorr_full,-0.2,0.2,19,0,1,80,19,0.99,0.9743589743589743,1.0,0.95
14,delayed,xcorr_full,-0.2,0.3,19,0,1,80,19,0.99,0.9743589743589743,1.0,0.95
14,delayed,xcorr_full,-0.1,0.1,10,0,10,80,10,0.9,0.6666666666666666,1.0,0.5
14,delayed,xcorr_full,-0.1,0.2,10,0,10,80,10,0.9,0.6666666666666666,1.0,0.5
14,delayed,xcorr_full,-0.1,0.3,10,0,10,80,10,0.9,0.6666666666666666,1.0,0.5
14,delayed,xcorr_full,-0.05,0.1,0,0,20,80,0,0.8,0.0,,0.0
14,delayed,xcorr_full,-0.05,0.2,0,0,20,80,0,0.8,0.0,,0.0
14,delayed,xcorr_full,-0.05,0.3,0,0,20,80,0,0.8,0.0,,0.0
14,delayed,xcorr_full,0.0,0.1,0,0,20,80,0,0.8,0.0,,0.0
14,delayed,xcorr_full,0.0,0.2,0,0,20,80,0,0.8,0.0,,0.0
14,delayed,xcorr_full,0.0,0.3,0,0,20,80,0,0.8,0.0,,0.0
14,delayed,xcorr_full,0.05,0.1,0,0,20,80,0,0.8,0.0,,0.0
14,delayed,xcorr_full,0.05,0.2,0,0,20,80,0,0.8,0.0,,0.0
14,delayed,xcorr_full,0.05,0.3,0,0,20,80,0,0.8,0.0,,0.0
14,delayed,xcorr_full,0.1,0.1,0,0,20,80,0,0.8,0.0,,0.0
14,delayed,xcorr_full,0.1,0.2,0,0,20,80,0,0.8,0.0,,0.0
14,delayed,xcorr_full,0.1,0.3,0,0,20,80,0,0.8,0.0,,0.0
14,delayed,pearson,-0.3,0.1,13,7,7,73,20,0.86,0.65,0.65,0.65
14,delayed,pearson,-0.3,0.2,13,7,7,73,20,0.86,0.65,0.65,0.65
14,delayed,pearson,-0.3,0.3,13,7,7,73,20,0.86,0.65,0.65,0.65
14,delayed,pearson,-0.2,0.1,13,7,7,73,20,0.86,0.65,0.65,0.65
14,delayed,pearson,-0.2,0.2,13,7,7,73,20,0.86,0.65,0.65,0.65
14,delayed,pearson,-0.2,0.3,13,7,7,73,20,0.86,0.65,0.65,0.65
14,delayed,pearson,-0.1,0.1,13,7,7,73,20,0.86,0.65,0.65,0.65
14,delayed,pearson,-0.1,0.2,13,7,7,73,20,0.86,0.65,0.65,0.65
14,delayed,pearson,-0.1,0.3,13,7,7,73,20,0.86,0.65,0.65,0.65
14,delayed,pearson,-0.05,0.1,13,7,7,73,20,0.86,0.65,0.65,0.65
14,delayed,pearson,-0.05,0.2,13,7,7,73,20,0.86,0.65,0.65,0.65
14,delayed,pearson,-0.05,0.3,13,7,7,73,20,0.86,0.65,0.65,0.65
14,delayed,pearson,0.0,0.1,13,7,7,73,20,0.86,0.65,0.65,0.65
14,delayed,pearson,0.0,0.2,13,7,7,73,20,0.86,0.65,0.65,0.65
14,delayed,pearson,0.0,0.3,13,7,7,73,20,0.86,0.65,0.65,0.65
14,delayed,pearson,0.05,0.1,16,4,4,76,20,0.92,0.8,0.8,0.8
14,delayed,pearson,0.05,0.2,16,4,4,76,20,0.92,0.8,0.8,0.8
14,delayed,pearson,0.05,0.3,16,4,4,76,20,0.92,0.8,0.8,0.8
14,delayed,pearson,0.1,0.1,18,2,2,78,20,0.96,0.9,0.9,0.9
14,delayed,pearson,0.1,0.2,18,2,2,78,20,0.96,0.9,0.9,0.9
14,delayed,pearson,0.1,0.3,18,2,2,78,20,0.96,0.9,0.9,0.9
14,delayed,spearman,-0.3,0.1,12,8,8,72,20,0.84,0.6,0.6,0.6
14,delayed,spearman,-0.3,0.2,12,8,8,72,20,0.84,0.6,0.6,0.6
14,delayed,spearman,-0.3,0.3,10,8,10,72,18,0.82,0.5263157894736842,0.5555555555555556,0.5
14,delayed,spearman,-0.2,0.1,12,8,8,72,20,0.84,0.6,0.6,0.6
14,delayed,spearman,-0.2,0.2,12,8,8,72,20,0.84,0.6,0.6,0.6
14,delayed,spearman,-0.2,0.3,10,8,10,72,18,0.82,0.5263157894736842,0.5555555555555556,0.5
14,delayed,spearman,-0.1,0.1,12,8,8,72,20,0.84,0.6,0.6,0.6
14,delayed,spearman,-0.1,0.2,12,8,8,72,20,0.84,0.6,0.6,0.6
14,delayed,spearman,-0.1,0.3,10,8,10,72,18,0.82,0.5263157894736842,0.5555555555555556,0.5
14,delayed,spearman,-0.05,0.1,12,8,8,72,20,0.84,0.6,0.6,0.6
14,delayed,spearman,-0.05,0.2,12,8,8,72,20,0.84,0.6,0.6,0.6
14,delayed,spearman,-0.05,0.3,10,8,10,72,18,0.82,0.5263157894736842,0.5555555555555556,0.5
14,delayed,spearman,0.0,0.1,12,8,8,72,20,0.84,0.6,0.6,0.6
14,delayed,spearman,0.0,0.2,12,8,8,72,20,0.84,0.6,0.6,0.6
14,delayed,spearman,0.0,0.3,10,8,10,72,18,0.82,0.5263157894736842,0.5555555555555556,0.5
14,delayed,spearman,0.05,0.1,13,7,7,73,20,0.86,0.65,0.65,0.65
14,delayed,spearman,0.05,0.2,13,7,7,73,20,0.86,0.65,0.65,0.65
14,delayed,spearman,0.05,0.3,10,7,10,73,17,0.83,0.5405405405405406,0.5882352941176471,0.5
14,delayed,spearman,0.1,0.1,12,2,8,78,14,0.9,0.7058823529411765,0.8571428571428571,0.6
14,delayed,spearman,0.1,0.2,12,2,8,78,14,0.9,0.7058823529411765,0.8571428571428571,0.6
14,delayed,spearman,0.1,0.3,8,2,12,78,10,0.86,0.5333333333333333,0.8,0.4
12,synchronous,xcorr_full,-0.3,0.1,19,0,1,80,19,0.99,0.9743589743589743,1.0,0.95
12,synchronous,xcorr_full,-0.3,0.2,19,0,1,80,19,0.99,0.9743589743589743,1.0,0.95
12,synchronous,xcorr_full,-0.3,0.3,19,0,1,80,19,0.99,0.9743589743589743,1.0,0.95
12,synchronous,xcorr_full,-0.2,0.1,19,0,1,80,19,0.99,0.9743589743589743,1.0,0.95
12,synchronous,xcorr_full,-0.2,0.2,19,0,1,80,19,0.99,0.9743589743589743,1.0,0.95
12,synchronous,xcorr_full,-0.2,0.3,19,0,1,80,19,0.99,0.9743589743589743,1.0,0.95
12,synchronous,xcorr_full,-0.1,0.1,19,0,1,80,19,0.99,0.9743589743589743,1.0,0.95
12,synchronous,xcorr_full,-0.1,0.2,19,0,1,80,19,0.99,0.9743589743589743,1.0,0.95
12,synchronous,xcorr_full,-0.1,0.3,19,0,1,80,19,0.99,0.9743589743589743,1.0,0.95
12,synchronous,xcorr_full,-0.05,0.1,8,0,12,80,8,0.88,0.5714285714285714,1.0,0.4
12,synchronous,xcorr_full,-0.05,0.2,8,0,12,80,8,0.88,0.5714285714285714,1.0,0.4
12,synchronous,xcorr_full,-0.05,0.3,8,0,12,80,8,0.88,0.5714285714285714,1.0,0.4
12,synchronous,xcorr_full,0.0,0.1,1,0,19,80,1,0.81,0.09523809523809523,1.0,0.05
12,synchronous,xcorr_full,0.0,0.2,1,0,19,80,1,0.81,0.09523809523809523,1.0,0.05
12,synchronous,xcorr_full,0.0,0.3,1,0,19,80,1,0.81,0.09523809523809523,1.0,0.05
12,synchronous,xcorr_full,0.05,0.1,0,0,20,80,0,0.8,0.0,,0.0
12,synchronous,xcorr_full,0.05,0.2,0,0,20,80,0,0.8,0.0,,0.0
12,synchronous,xcorr_full,0.05,0.3,0,0,20,80,0,0.8,0.0,,0.0
12,synchronous,xcorr_full,0.1,0.1,0,0,20,80,0,0.8,0.0,,0.0
12,synchronous,xcorr_full,0.1,0.2,0,0,20,80,0,0.8,0.0,,0.0
12,synchronous,xcorr_full,0.1,0.3,0,0,20,80,0,0.8,0.0,,0.0
12,synchronous,pearson,-0.3,0.1,19,0,1,80,19,0.99,0.9743589743589743,1.0,0.95
12,synchronous,pearson,-0.3,0.2,19,0,1,80,19,0.99,0.9743589743589743,1.0,0.95
12,synchronous,pearson,-0.3,0.3,19,0,1,80,19,0.99,0.9743589743589743,1.0,0.95
12,synchronous,pearson,-0.2,0.1,19,0,1,80,19,0.99,0.9743589743589743,1.0,0.95
12,synchronous,pearson,-0.2,0.2,19,0,1,80,19,0.99,0.9743589743589743,1.0,0.95
12,synchronous,pearson,-0.2,0.3,19,0,1,80,19,0.99,0.9743589743589743,1.0,0.95
12,synchronous,pearson,-0.1,0.1,17,0,3,80,17,0.97,0.918918918918919,1.0,0.85
12,synchronous,pearson,-0.1,0.2,17,0,3,80,17,0.97,0.918918918918919,1.0,0.85
12,synchronous,pearson,-0.1,0.3,17,0,3,80,17,0.97,0.918918918918919,1.0,0.85
12,synchronous,pearson,-0.05,0.1,13,0,7,80,13,0.93,0.7878787878787878,1.0,0.65
12,synchronous,pearson,-0.05,0.2,13,0,7,80,13,0.93,0.7878787878787878,1.0,0.65
12,synchronous,pearson,-0.05,0.3,13,0,7,80,13,0.93,0.7878787878787878,1.0,0.65
12,synchronous,pearson,0.0,0.1,3,0,17,80,3,0.83,0.2608695652173913,1.0,0.15
12,synchronous,pearson,0.0,0.2,3,0,17,80,3,0.83,0.2608695652173913,1.0,0.15
12,synchronous,pearson,0.0,0.3,3,0,17,80,3,0.83,0.2608695652173913,1.0,0.15
12,synchronous,pearson,0.05,0.1,1,0,19,80,1,0.81,0.09523809523809523,1.0,0.05
12,synchronous,pearson,0.05,0.2,1,0,19,80,1,0.81,0.09523809523809523,1.0,0.05
12,synchronous,pearson,0.05,0.3,1,0,19,80,1,0.81,0.09523809523809523,1.0,0.05
12,synchronous,pearson,0.1,0.1,0,0,20,80,0,0.8,0.0,,0.0
12,synchronous,pearson,0.1,0.2,0,0,20,80,0,0.8,0.0,,0.0
12,synchronous,pearson,0.1,0.3,0,0,20,80,0,0.8,0.0,,0.0
12,synchronous,spearman,-0.3,0.1,20,0,0,80,20,1.0,1.0,1.0,1.0
12,synchronous,spearman,-0.3,0.2,20,0,0,80,20,1.0,1.0,1.0,1.0
12,synchronous,spearman,-0.3,0.3,20,0,0,80,20,1.0,1.0,1.0,1.0
12,synchronous,spearman,-0.2,0.1,20,0,0,80,20,1.0,1.0,1.0,1.0
12,synchronous,spearman,-0.2,0.2,20,0,0,80,20,1.0,1.0,1.0,1.0
12,synchronous,spearman,-0.2,0.3,20,0,0,80,20,1.0,1.0,1.0,1.0
12,synchronous,spearman,-0.1,0.1,20,0,0,80,20,1.0,1.0,1.0,1.0
12,synchronous,spearman,-0.1,0.2,20,0,0,80,20,1.0,1.0,1.0,1.0
12,synchronous,spearman,-0.1,0.3,20,0,0,80,20,1.0,1.0,1.0,1.0
12,synchronous,spearman,-0.05,0.1,20,0,0,80,20,1.0,1.0,1.0,1.0
12,synchronous,spearman,-0.05,0.2,20,0,0,80,20,1.0,1.0,1.0,1.0
12,synchronous,spearman,-0.05,0.3,20,0,0,80,20,1.0,1.0,1.0,1.0
12,synchronous,spearman,0.0,0.1,20,0,0,80,20,1.0,1.0,1.0,1.0
12,synchronous,spearman,0.0,0.2,20,0,0,80,20,1.0,1.0,1.0,1.0
12,synchronous,spearman,0.0,0.3,20,0,0,80,20,1.0,1.0,1.0,1.0
12,synchronous,spearman,0.05,0.1,20,0,0,80,20,1.0,1.0,1.0,1.0
12,synchronous,spearman,0.05,0.2,20,0,0,80,20,1.0,1.0,1.0,1.0
12,synchronous,spearman,0.05,0.3,20,0,0,80,20,1.0,1.0,1.0,1.0
12,synchronous,spearman,0.1,0.1,4,0,16,80,4,0.84,0.3333333333333333,1.0,0.2
12,synchronous,spearman,0.1,0.2,4,0,16,80,4,0.84,0.3333333333333333,1.0,0.2
12,synchronous,spearman,0.1,0.3,4,0,16,80,4,0.84,0.3333333333333333,1.0,0.2
12,delayed,xcorr_full,-0.3,0.1,20,0,0,80,20,1.0,1.0,1.0,1.0
12,delayed,xcorr_full,-0.3,0.2,20,0,0,80,20,1.0,1.0,1.0,1.0
12,delayed,xcorr_full,-0.3,0.3,20,0,0,80,20,1.0,1.0,1.0,1.0
12,delayed,xcorr_full,-0.2,0.1,20,0,0,80,20,1.0,1.0,1.0,1.0
12,delayed,xcorr_full,-0.2,0.2,20,0,0,80,20,1.0,1.0,1.0,1.0
12,delayed,xcorr_full,-0.2,0.3,20,0,0,80,20,1.0,1.0,1.0,1.0
12,delayed,xcorr_full,-0.1,0.1,17,0,3,80,17,0.97,0.918918918918919,1.0,0.85
12,delayed,xcorr_full,-0.1,0.2,17,0,3,80,17,0.97,0.918918918918919,1.0,0.85
12,delayed,xcorr_full,-0.1,0.3,17,0,3,80,17,0.97,0.918918918918919,1.0,0.85
12,delayed,xcorr_full,-0.05,0.1,8,0,12,80,8,0.88,0.5714285714285714,1.0,0.4
12,delayed,xcorr_full,-0.05,0.2,8,0,12,80,8,0.88,0.5714285714285714,1.0,0.4
12,delayed,xcorr_full,-0.05,0.3,8,0,12,80,8,0.88,0.5714285714285714,1.0,0.4
12,delayed,xcorr_full,0.0,0.1,1,0,19,80,1,0.81,0.09523809523809523,1.0,0.05
12,delayed,xcorr_full,0.0,0.2,1,0,19,80,1,0.81,0.09523809523809523,1.0,0.05
12,delayed,xcorr_full,0.0,0.3,1,0,19,80,1,0.81,0.09523809523809523,1.0,0.05
12,delayed,xcorr_full,0.05,0.1,0,0,20,80,0,0.8,0.0,,0.0
12,delayed,xcorr_full,0.05,0.2,0,0,20,80,0,0.8,0.0,,0.0
12,delayed,xcorr_full,0.05,0.3,0,0,20,80,0,0.8,0.0,,0.0
12,delayed,xcorr_full,0.1,0.1,0,0,20,80,0,0.8,0.0,,0.0
12,delayed,xcorr_full,0.1,0.2,0,0,20,80,0,0.8,0.0,,0.0
12,delayed,xcorr_full,0.1,0.3,0,0,20,80,0,0.8,0.0,,0.0
12,delayed,pearson,-0.3,0.1,16,4,4,76,20,0.92,0.8,0.8,0.8
12,delayed,pearson,-0.3,0.2,16,4,4,76,20,0.92,0.8,0.8,0.8
12,delayed,pearson,-0.3,0.3,16,4,4,76,20,0.92,0.8,0.8,0.8
12,delayed,pearson,-0.2,0.1,16,4,4,76,20,0.92,0.8,0.8,0.8
12,delayed,pearson,-0.2,0.2,16,4,4,76,20,0.92,0.8,0.8,0.8
12,delayed,pearson,-0.2,0.3,16,4,4,76,20,0.92,0.8,0.8,0.8
12,delayed,pearson,-0.1,0.1,16,4,4,76,20,0.92,0.8,0.8,0.8
12,delayed,pearson,-0.1,0.2,16,4,4,76,20,0.92,0.8,0.8,0.8
12,delayed,pearson,-0.1,0.3,16,4,4,76,20,0.92,0.8,0.8,0.8
12,delayed,pearson,-0.05,0.1,16,4,4,76,20,0.92,0.8,0.8,0.8
12,delayed,pearson,-0.05,0.2,16,4,4,76,20,0.92,0.8,0.8,0.8
12,delayed,pearson,-0.05,0.3,16,4,4,76,20,0.92,0.8,0.8,0.8
12,delayed,pearson,0.0,0.1,16,4,4,76,20,0.92,0.8,0.8,0.8
12,delayed,pearson,0.0,0.2,16,4,4,76,20,0.92,0.8,0.8,0.8
12,delayed,pearson,0.0,0.3,16,4,4,76,20,0.92,0.8,0.8,0.8
12,delayed,pearson,0.05,0.1,15,5,5,75,20,0.9,0.75,0.75,0.75
12,delayed,pearson,0.05,0.2,15,5,5,75,20,0.9,0.75,0.75,0.75
12,delayed,pearson,0.05,0.3,15,5,5,75,20,0.9,0.75,0.75,0.75
12,delayed,pearson,0.1,0.1,14,4,6,76,18,0.9,0.7368421052631579,0.7777777777777778,0.7
12,delayed,pearson,0.1,0.2,14,4,6,76,18,0.9,0.7368421052631579,0.7777777777777778,0.7
12,delayed,pearson,0.1,0.3,14,4,6,76,18,0.9,0.7368421052631579,0.7777777777777778,0.7
12,delayed,spearman,-0.3,0.1,12,8,8,72,20,0.84,0.6,0.6,0.6
12,delayed,spearman,-0.3,0.2,12,8,8,72,20,0.84,0.6,0.6,0.6
12,delayed,spearman,-0.3,0.3,12,8,8,72,20,0.84,0.6,0.6,0.6
12,delayed,spearman,-0.2,0.1,12,8,8,72,20,0.84,0.6,0.6,0.6
12,delayed,spearman,-0.2,0.2,12,8,8,72,20,0.84,0.6,0.6,0.6
12,delayed,spearman,-0.2,0.3,12,8,8,72,20,0.84,0.6,0.6,0.6
12,delayed,spearman,-0.1,0.1,12,8,8,72,20,0.84,0.6,0.6,0.6
12,delayed,spearman,-0.1,0.2,12,8,8,72,20,0.84,0.6,0.6,0.6
12,delayed,spearman,-0.1,0.3,12,8,8,72,20,0.84,0.6,0.6,0.6
12,delayed,spearman,-0.05,0.1,12,8,8,72,20,0.84,0.6,0.6,0.6
12,delayed,spearman,-0.05,0.2,12,8,8,72,20,0.84,0.6,0.6,0.6
12,delayed,spearman,-0.05,0.3,12,8,8,72,20,0.84,0.6,0.6,0.6
12,delayed,spearman,0.0,0.1,12,8,8,72,20,0.84,0.6,0.6,0.6
12,delayed,spearman,0.0,0.2,12,8,8,72,20,0.84,0.6,0.6,0.6
12,delayed,spearman,0.0,0.3,12,8,8,72,20,0.84,0.6,0.6,0.6
12,delayed,spearman,0.05,0.1,12,8,8,72,20,0.84,0.6,0.6,0.6
12,delayed,spearman,0.05,0.2,12,8,8,72,20,0.84,0.6,0.6,0.6
12,delayed,spearman,0.05,0.3,12,8,8,72,20,0.84,0.6,0.6,0.6
12,delayed,spearman,0.1,0.1,5,0,15,80,5,0.85,0.4,1.0,0.25
12,delayed,spearman,0.1,0.2,5,0,15,80,5,0.85,0.4,1.0,0.25
12,delayed,spearman,0.1,0.3,5,0,15,80,5,0.85,0.4,1.0,0.25
13,synchronous,xcorr_full,-0.3,0.1,18,0,2,80,18,0.98,0.9473684210526315,1.0,0.9
13,synchronous,xcorr_full,-0.3,0.2,18,0,2,80,18,0.98,0.9473684210526315,1.0,0.9
13,synchronous,xcorr_full,-0.3,0.3,18,0,2,80,18,0.98,0.9473684210526315,1.0,0.9
13,synchronous,xcorr_full,-0.2,0.1,18,0,2,80,18,0.98,0.9473684210526315,1.0,0.9
13,synchronous,xcorr_full,-0.2,0.2,18,0,2,80,18,0.98,0.9473684210526315,1.0,0.9
13,synchronous,xcorr_full,-0.2,0.3,18,0,2,80,18,0.98,0.9473684210526315,1.0,0.9
13,synchronous,xcorr_full,-0.1,0.1,14,0,6,80,14,0.94,0.8235294117647058,1.0,0.7
13,synchronous,xcorr_full,-0.1,0.2,14,0,6,80,14,0.94,0.8235294117647058,1.0,0.7
13,synchronous,xcorr_full,-0.1,0.3,14,0,6,80,14,0.94,0.8235294117647058,1.0,0.7
13,synchronous,xcorr_full,-0.05,0.1,6,0,14,80,6,0.86,0.46153846153846156,1.0,0.3
13,synchronous,xcorr_full,-0.05,0.2,6,0,14,80,6,0.86,0.46153846153846156,1.0,0.3
13,synchronous,xcorr_full,-0.05,0.3,6,0,14,80,6,0.86,0.46153846153846156,1.0,0.3
13,synchronous,xcorr_full,0.0,0.1,1,0,19,80,1,0.81,0.09523809523809523,1.0,0.05
13,synchronous,xcorr_full,0.0,0.2,1,0,19,80,1,0.81,0.09523809523809523,1.0,0.05
13,synchronous,xcorr_full,0.0,0.3,1,0,19,80,1,0.81,0.09523809523809523,1.0,0.05
13,synchronous,xcorr_full,0.05,0.1,0,0,20,80,0,0.8,0.0,,0.0
13,synchronous,xcorr_full,0.05,0.2,0,0,20,80,0,0.8,0.0,,0.0
13,synchronous,xcorr_full,0.05,0.3,0,0,20,80,0,0.8,0.0,,0.0
13,synchronous,xcorr_full,0.1,0.1,0,0,20,80,0,0.8,0.0,,0.0
13,synchronous,xcorr_full,0.1,0.2,0,0,20,80,0,0.8,0.0,,0.0
13,synchronous,xcorr_full,0.1,0.3,0,0,20,80,0,0.8,0.0,,0.0
13,synchronous,pearson,-0.3,0.1,19,0,1,80,19,0.99,0.9743589743589743,1.0,0.95
13,synchronous,pearson,-0.3,0.2,19,0,1,80,19,0.99,0.9743589743589743,1.0,0.95
13,synchronous,pearson,-0.3,0.3,19,0,1,80,19,0.99,0.9743589743589743,1.0,0.95
13,synchronous,pearson,-0.2,0.1,19,0,1,80,19,0.99,0.9743589743589743,1.0,0.95
13,synchronous,pearson,-0.2,0.2,19,0,1,80,19,0.99,0.9743589743589743,1.0,0.95
13,synchronous,pearson,-0.2,0.3,19,0,1,80,19,0.99,0.9743589743589743,1.0,0.95
13,synchronous,pearson,-0.1,0.1,17,0,3,80,17,0.97,0.918918918918919,1.0,0.85
13,synchronous,pearson,-0.1,0.2,17,0,3,80,17,0.97,0.918918918918919,1.0,0.85
13,synchronous,pearson,-0.1,0.3,17,0,3,80,17,0.97,0.918918918918919,1.0,0.85
13,synchronous,pearson,-0.05,0.1,13,0,7,80,13,0.93,0.7878787878787878,1.0,0.65
13,synchronous,pearson,-0.05,0.2,13,0,7,80,13,0.93,0.7878787878787878,1.0,0.65
13,synchronous,pearson,-0.05,0.3,13,0,7,80,13,0.93,0.7878787878787878,1.0,0.65
13,synchronous,pearson,0.0,0.1,3,0,17,80,3,0.83,0.2608695652173913,1.0,0.15
13,synchronous,pearson,0.0,0.2,3,0,17,80,3,0.83,0.2608695652173913,1.0,0.15
13,synchronous,pearson,0.0,0.3,3,0,17,80,3,0.83,0.2608695652173913,1.0,0.15
13,synchronous,pearson,0.05,0.1,0,0,20,80,0,0.8,0.0,,0.0
13,synchronous,pearson,0.05,0.2,0,0,20,80,0,0.8,0.0,,0.0
13,synchronous,pearson,0.05,0.3,0,0,20,80,0,0.8,0.0,,0.0
13,synchronous,pearson,0.1,0.1,0,0,20,80,0,0.8,0.0,,0.0
13,synchronous,pearson,0.1,0.2,0,0,20,80,0,0.8,0.0,,0.0
13,synchronous,pearson,0.1,0.3,0,0,20,80,0,0.8,0.0,,0.0
13,synchronous,spearman,-0.3,0.1,20,0,0,80,20,1.0,1.0,1.0,1.0
13,synchronous,spearman,-0.3,0.2,20,0,0,80,20,1.0,1.0,1.0,1.0
13,synchronous,spearman,-0.3,0.3,20,0,0,80,20,1.0,1.0,1.0,1.0
13,synchronous,spearman,-0.2,0.1,20,0,0,80,20,1.0,1.0,1.0,1.0
13,synchronous,spearman,-0.2,0.2,20,0,0,80,20,1.0,1.0,1.0,1.0
13,synchronous,spearman,-0.2,0.3,20,0,0,80,20,1.0,1.0,1.0,1.0
13,synchronous,spearman,-0.1,0.1,20,0,0,80,20,1.0,1.0,1.0,1.0
13,synchronous,spearman,-0.1,0.2,20,0,0,80,20,1.0,1.0,1.0,1.0
13,synchronous,spearman,-0.1,0.3,20,0,0,80,20,1.0,1.0,1.0,1.0
13,synchronous,spearman,-0.05,0.1,20,0,0,80,20,1.0,1.0,1.0,1.0
13,synchronous,spearman,-0.05,0.2,20,0,0,80,20,1.0,1.0,1.0,1.0
13,synchronous,spearman,-0.05,0.3,20,0,0,80,20,1.0,1.0,1.0,1.0
13,synchronous,spearman,0.0,0.1,20,0,0,80,20,1.0,1.0,1.0,1.0
13,synchronous,spearman,0.0,0.2,20,0,0,80,20,1.0,1.0,1.0,1.0
13,synchronous,spearman,0.0,0.3,20,0,0,80,20,1.0,1.0,1.0,1.0
13,synchronous,spearman,0.05,0.1,19,0,1,80,19,0.99,0.9743589743589743,1.0,0.95
13,synchronous,spearman,0.05,0.2,19,0,1,80,19,0.99,0.9743589743589743,1.0,0.95
13,synchronous,spearman,0.05,0.3,19,0,1,80,19,0.99,0.9743589743589743,1.0,0.95
13,synchronous,spearman,0.1,0.1,4,0,16,80,4,0.84,0.3333333333333333,1.0,0.2
13,synchronous,spearman,0.1,0.2,4,0,16,80,4,0.84,0.3333333333333333,1.0,0.2
13,synchronous,spearman,0.1,0.3,4,0,16,80,4,0.84,0.3333333333333333,1.0,0.2
13,delayed,xcorr_full,-0.3,0.1,18,0,2,80,18,0.98,0.9473684210526315,1.0,0.9
13,delayed,xcorr_full,-0.3,0.2,18,0,2,80,18,0.98,0.9473684210526315,1.0,0.9
13,delayed,xcorr_full,-0.3,0.3,18,0,2,80,18,0.98,0.9473684210526315,1.0,0.9
13,delayed,xcorr_full,-0.2,0.1,18,0,2,80,18,0.98,0.9473684210526315,1.0,0.9
13,delayed,xcorr_full,-0.2,0.2,18,0,2,80,18,0.98,0.9473684210526315,1.0,0.9
13,delayed,xcorr_full,-0.2,0.3,18,0,2,80,18,0.98,0.9473684210526315,1.0,0.9
13,delayed,xcorr_full,-0.1,0.1,16,0,4,80,16,0.96,0.8888888888888888,1.0,0.8
13,delayed,xcorr_full,-0.1,0.2,16,0,4,80,16,0.96,0.8888888888888888,1.0,0.8
13,delayed,xcorr_full,-0.1,0.3,16,0,4,80,16,0.96,0.8888888888888888,1.0,0.8
13,delayed,xcorr_full,-0.05,0.1,5,0,15,80,5,0.85,0.4,1.0,0.25
13,delayed,xcorr_full,-0.05,0.2,5,0,15,80,5,0.85,0.4,1.0,0.25
13,delayed,xcorr_full,-0.05,0.3,5,0,15,80,5,0.85,0.4,1.0,0.25
13,delayed,xcorr_full,0.0,0.1,1,0,19,80,1,0.81,0.09523809523809523,1.0,0.05
13,delayed,xcorr_full,0.0,0.2,1,0,19,80,1,0.81,0.09523809523809523,1.0,0.05
13,delayed,xcorr_full,0.0,0.3,1,0,19,80,1,0.81,0.09523809523809523,1.0,0.05
13,delayed,xcorr_full,0.05,0.1,0,0,20,80,0,0.8,0.0,,0.0
13,delayed,xcorr_full,0.05,0.2,0,0,20,80,0,0.8,0.0,,0.0
13,delayed,xcorr_full,0.05,0.3,0,0,20,80,0,0.8,0.0,,0.0
13,delayed,xcorr_full,0.1,0.1,0,0,20,80,0,0.8,0.0,,0.0
13,delayed,xcorr_full,0.1,0.2,0,0,20,80,0,0.8,0.0,,0.0
13,delayed,xcorr_full,0.1,0.3,0,0,20,80,0,0.8,0.0,,0.0
13,delayed,pearson,-0.3,0.1,16,4,4,76,20,0.92,0.8,0.8,0.8
13,delayed,pearson,-0.3,0.2,16,4,4,76,20,0.92,0.8,0.8,0.8
13,delayed,pearson,-0.3,0.3,16,4,4,76,20,0.92,0.8,0.8,0.8
13,delayed,pearson,-0.2,0.1,16,4,4,76,20,0.92,0.8,0.8,0.8
13,delayed,pearson,-0.2,0.2,16,4,4,76,20,0.92,0.8,0.8,0.8
13,delayed,pearson,-0.2,0.3,16,4,4,76,20,0.92,0.8,0.8,0.8
13,delayed,pearson,-0.1,0.1,16,4,4,76,20,0.92,0.8,0.8,0.8
13,delayed,pearson,-0.1,0.2,16,4,4,76,20,0.92,0.8,0.8,0.8
13,delayed,pearson,-0.1,0.3,16,4,4,76,20,0.92,0.8,0.8,0.8
13,delayed,pearson,-0.05,0.1,16,4,4,76,20,0.92,0.8,0.8,0.8
13,delayed,pearson,-0.05,0.2,16,4,4,76,20,0.92,0.8,0.8,0.8
13,delayed,pearson,-0.05,0.3,16,4,4,76,20,0.92,0.8,0.8,0.8
13,delayed,pearson,0.0,0.1,16,4,4,76,20,0.92,0.8,0.8,0.8
13,delayed,pearson,0.0,0.2,16,4,4,76,20,0.92,0.8,0.8,0.8
13,delayed,pearson,0.0,0.3,16,4,4,76,20,0.92,0.8,0.8,0.8
13,delayed,pearson,0.05,0.1,16,4,4,76,20,0.92,0.8,0.8,0.8
13,delayed,pearson,0.05,0.2,16,4,4,76,20,0.92,0.8,0.8,0.8
13,delayed,pearson,0.05,0.3,16,3,4,77,19,0.93,0.8205128205128205,0.8421052631578947,0.8
13,delayed,pearson,0.1,0.1,15,2,5,78,17,0.93,0.8108108108108109,0.8823529411764706,0.75
13,delayed,pearson,0.1,0.2,15,2,5,78,17,0.93,0.8108108108108109,0.8823529411764706,0.75
13,delayed,pearson,0.1,0.3,11,0,9,80,11,0.91,0.7096774193548387,1.0,0.55
13,delayed,spearman,-0.3,0.1,11,9,9,71,20,0.82,0.55,0.55,0.55
13,delayed,spearman,-0.3,0.2,11,9,9,71,20,0.82,0.55,0.55,0.55
13,delayed,spearman,-0.3,0.3,11,9,9,71,20,0.82,0.55,0.55,0.55
13,delayed,spearman,-0.2,0.1,11,9,9,71,20,0.82,0.55,0.55,0.55
13,delayed,spearman,-0.2,0.2,11,9,9,71,20,0.82,0.55,0.55,0.55
13,delayed,spearman,-0.2,0.3,11,9,9,71,20,0.82,0.55,0.55,0.55
13,delayed,spearman,-0.1,0.1,11,9,9,71,20,0.82,0.55,0.55,0.55
13,delayed,spearman,-0.1,0.2,11,9,9,71,20,0.82,0.55,0.55,0.55
13,delayed,spearman,-0.1,0.3,11,9,9,71,20,0.82,0.55,0.55,0.55
13,delayed,spearman,-0.05,0.1,11,9,9,71,20,0.82,0.55,0.55,0.55
13,delayed,spearman,-0.05,0.2,11,9,9,71,20,0.82,0.55,0.55,0.55
13,delayed,spearman,-0.05,0.3,11,9,9,71,20,0.82,0.55,0.55,0.55
13,delayed,spearman,0.0,0.1,11,9,9,71,20,0.82,0.55,0.55,0.55
13,delayed,spearman,0.0,0.2,11,9,9,71,20,0.82,0.55,0.55,0.55
13,delayed,spearman,0.0,0.3,11,9,9,71,20,0.82,0.55,0.55,0.55
13,delayed,spearman,0.05,0.1,13,7,7,73,20,0.86,0.65,0.65,0.65
13,delayed,spearman,0.05,0.2,13,7,7,73,20,0.86,0.65,0.65,0.65
13,delayed,spearman,0.05,0.3,13,7,7,73,20,0.86,0.65,0.65,0.65
13,delayed,spearman,0.1,0.1,10,3,10,77,13,0.87,0.6060606060606061,0.7692307692307693,0.5
13,delayed,spearman,0.1,0.2,10,3,10,77,13,0.87,0.6060606060606061,0.7692307692307693,0.5
13,delayed,spearman,0.1,0.3,10,3,10,77,13,0.87,0.6060606060606061,0.7692307692307693,0.5
15,synchronous,xcorr_full,-0.3,0.1,19,0,1,80,19,0.99,0.9743589743589743,1.0,0.95
15,synchronous,xcorr_full,-0.3,0.2,19,0,1,80,19,0.99,0.9743589743589743,1.0,0.95
15,synchronous,xcorr_full,-0.3,0.3,19,0,1,80,19,0.99,0.9743589743589743,1.0,0.95
15,synchronous,xcorr_full,-0.2,0.1,19,0,1,80,19,0.99,0.9743589743589743,1.0,0.95
15,synchronous,xcorr_full,-0.2,0.2,19,0,1,80,19,0.99,0.9743589743589743,1.0,0.95
15,synchronous,xcorr_full,-0.2,0.3,19,0,1,80,19,0.99,0.9743589743589743,1.0,0.95
15,synchronous,xcorr_full,-0.1,0.1,17,0,3,80,17,0.97,0.918918918918919,1.0,0.85
15,synchronous,xcorr_full,-0.1,0.2,17,0,3,80,17,0.97,0.918918918918919,1.0,0.85
15,synchronous,xcorr_full,-0.1,0.3,17,0,3,80,17,0.97,0.918918918918919,1.0,0.85
15,synchronous,xcorr_full,-0.05,0.1,4,0,16,80,4,0.84,0.3333333333333333,1.0,0.2
15,synchronous,xcorr_full,-0.05,0.2,4,0,16,80,4,0.84,0.3333333333333333,1.0,0.2
15,synchronous,xcorr_full,-0.05,0.3,4,0,16,80,4,0.84,0.3333333333333333,1.0,0.2
15,synchronous,xcorr_full,0.0,0.1,0,0,20,80,0,0.8,0.0,,0.0
15,synchronous,xcorr_full,0.0,0.2,0,0,20,80,0,0.8,0.0,,0.0
15,synchronous,xcorr_full,0.0,0.3,0,0,20,80,0,0.8,0.0,,0.0
15,synchronous,xcorr_full,0.05,0.1,0,0,20,80,0,0.8,0.0,,0.0
15,synchronous,xcorr_full,0.05,0.2,0,0,20,80,0,0.8,0.0,,0.0
15,synchronous,xcorr_full,0.05,0.3,0,0,20,80,0,0.8,0.0,,0.0
15,synchronous,xcorr_full,0.1,0.1,0,0,20,80,0,0.8,0.0,,0.0
15,synchronous,xcorr_full,0.1,0.2,0,0,20,80,0,0.8,0.0,,0.0
15,synchronous,xcorr_full,0.1,0.3,0,0,20,80,0,0.8,0.0,,0.0
15,synchronous,pearson,-0.3,0.1,19,0,1,80,19,0.99,0.9743589743589743,1.0,0.95
15,synchronous,pearson,-0.3,0.2,19,0,1,80,19,0.99,0.9743589743589743,1.0,0.95
15,synchronous,pearson,-0.3,0.3,19,0,1,80,19,0.99,0.9743589743589743,1.0,0.95
15,synchronous,pearson,-0.2,0.1,19,0,1,80,19,0.99,0.9743589743589743,1.0,0.95
15,synchronous,pearson,-0.2,0.2,19,0,1,80,19,0.99,0.9743589743589743,1.0,0.95
15,synchronous,pearson,-0.2,0.3,19,0,1,80,19,0.99,0.9743589743589743,1.0,0.95
15,synchronous,pearson,-0.1,0.1,18,0,2,80,18,0.98,0.9473684210526315,1.0,0.9
15,synchronous,pearson,-0.1,0.2,18,0,2,80,18,0.98,0.9473684210526315,1.0,0.9
15,synchronous,pearson,-0.1,0.3,18,0,2,80,18,0.98,0.9473684210526315,1.0,0.9
15,synchronous,pearson,-0.05,0.1,9,0,11,80,9,0.89,0.6206896551724138,1.0,0.45
15,synchronous,pearson,-0.05,0.2,9,0,11,80,9,0.89,0.6206896551724138,1.0,0.45
15,synchronous,pearson,-0.05,0.3,9,0,11,80,9,0.89,0.6206896551724138,1.0,0.45
15,synchronous,pearson,0.0,0.1,1,0,19,80,1,0.81,0.09523809523809523,1.0,0.05
15,synchronous,pearson,0.0,0.2,1,0,19,80,1,0.81,0.09523809523809523,1.0,0.05
15,synchronous,pearson,0.0,0.3,1,0,19,80,1,0.81,0.09523809523809523,1.0,0.05
15,synchronous,pearson,0.05,0.1,0,0,20,80,0,0.8,0.0,,0.0
15,synchronous,pearson,0.05,0.2,0,0,20,80,0,0.8,0.0,,0.0
15,synchronous,pearson,0.05,0.3,0,0,20,80,0,0.8,0.0,,0.0
15,synchronous,pearson,0.1,0.1,0,0,20,80,0,0.8,0.0,,0.0
15,synchronous,pearson,0.1,0.2,0,0,20,80,0,0.8,0.0,,0.0
15,synchronous,pearson,0.1,0.3,0,0,20,80,0,0.8,0.0,,0.0
15,synchronous,spearman,-0.3,0.1,20,0,0,80,20,1.0,1.0,1.0,1.0
15,synchronous,spearman,-0.3,0.2,20,0,0,80,20,1.0,1.0,1.0,1.0
15,synchronous,spearman,-0.3,0.3,20,0,0,80,20,1.0,1.0,1.0,1.0
15,synchronous,spearman,-0.2,0.1,20,0,0,80,20,1.0,1.0,1.0,1.0
15,synchronous,spearman,-0.2,0.2,20,0,0,80,20,1.0,1.0,1.0,1.0
15,synchronous,spearman,-0.2,0.3,20,0,0,80,20,1.0,1.0,1.0,1.0
15,synchronous,spearman,-0.1,0.1,20,0,0,80,20,1.0,1.0,1.0,1.0
15,synchronous,spearman,-0.1,0.2,20,0,0,80,20,1.0,1.0,1.0,1.0
15,synchronous,spearman,-0.1,0.3,20,0,0,80,20,1.0,1.0,1.0,1.0
15,synchronous,spearman,-0.05,0.1,20,0,0,80,20,1.0,1.0,1.0,1.0
15,synchronous,spearman,-0.05,0.2,20,0,0,80,20,1.0,1.0,1.0,1.0
15,synchronous,spearman,-0.05,0.3,20,0,0,80,20,1.0,1.0,1.0,1.0
15,synchronous,spearman,0.0,0.1,20,0,0,80,20,1.0,1.0,1.0,1.0
15,synchronous,spearman,0.0,0.2,20,0,0,80,20,1.0,1.0,1.0,1.0
15,synchronous,spearman,0.0,0.3,20,0,0,80,20,1.0,1.0,1.0,1.0
15,synchronous,spearman,0.05,0.1,20,0,0,80,20,1.0,1.0,1.0,1.0
15,synchronous,spearman,0.05,0.2,20,0,0,80,20,1.0,1.0,1.0,1.0
15,synchronous,spearman,0.05,0.3,20,0,0,80,20,1.0,1.0,1.0,1.0
15,synchronous,spearman,0.1,0.1,4,0,16,80,4,0.84,0.3333333333333333,1.0,0.2
15,synchronous,spearman,0.1,0.2,4,0,16,80,4,0.84,0.3333333333333333,1.0,0.2
15,synchronous,spearman,0.1,0.3,4,0,16,80,4,0.84,0.3333333333333333,1.0,0.2
15,delayed,xcorr_full,-0.3,0.1,19,0,1,80,19,0.99,0.9743589743589743,1.0,0.95
15,delayed,xcorr_full,-0.3,0.2,19,0,1,80,19,0.99,0.9743589743589743,1.0,0.95
15,delayed,xcorr_full,-0.3,0.3,19,0,1,80,19,0.99,0.9743589743589743,1.0,0.95
15,delayed,xcorr_full,-0.2,0.1,19,0,1,80,19,0.99,0.9743589743589743,1.0,0.95
15,delayed,xcorr_full,-0.2,0.2,19,0,1,80,19,0.99,0.9743589743589743,1.0,0.95
15,delayed,xcorr_full,-0.2,0.3,19,0,1,80,19,0.99,0.9743589743589743,1.0,0.95
15,delayed,xcorr_full,-0.1,0.1,17,0,3,80,17,0.97,0.918918918918919,1.0,0.85
15,delayed,xcorr_full,-0.1,0.2,17,0,3,80,17,0.97,0.918918918918919,1.0,0.85
15,delayed,xcorr_full,-0.1,0.3,17,0,3,80,17,0.97,0.918918918918919,1.0,0.85
15,delayed,xcorr_full,-0.05,0.1,5,0,15,80,5,0.85,0.4,1.0,0.25
15,delayed,xcorr_full,-0.05,0.2,5,0,15,80,5,0.85,0.4,1.0,0.25
15,delayed,xcorr_full,-0.05,0.3,5,0,15,80,5,0.85,0.4,1.0,0.25
15,delayed,xcorr_full,0.0,0.1,0,0,20,80,0,0.8,0.0,,0.0
15,delayed,xcorr_full,0.0,0.2,0,0,20,80,0,0.8,0.0,,0.0
15,delayed,xcorr_full,0.0,0.3,0,0,20,80,0,0.8,0.0,,0.0
15,delayed,xcorr_full,0.05,0.1,0,0,20,80,0,0.8,0.0,,0.0
15,delayed,xcorr_full,0.05,0.2,0,0,20,80,0,0.8,0.0,,0.0
15,delayed,xcorr_full,0.05,0.3,0,0,20,80,0,0.8,0.0,,0.0
15,delayed,xcorr_full,0.1,0.1,0,0,20,80,0,0.8,0.0,,0.0
15,delayed,xcorr_full,0.1,0.2,0,0,20,80,0,0.8,0.0,,0.0
15,delayed,xcorr_full,0.1,0.3,0,0,20,80,0,0.8,0.0,,0.0
15,delayed,pearson,-0.3,0.1,13,5,7,75,18,0.88,0.6842105263157895,0.7222222222222222,0.65
15,delayed,pearson,-0.3,0.2,13,5,7,75,18,0.88,0.6842105263157895,0.7222222222222222,0.65
15,delayed,pearson,-0.3,0.3,13,5,7,75,18,0.88,0.6842105263157895,0.7222222222222222,0.65
15,delayed,pearson,-0.2,0.1,13,5,7,75,18,0.88,0.6842105263157895,0.7222222222222222,0.65
15,delayed,pearson,-0.2,0.2,13,5,7,75,18,0.88,0.6842105263157895,0.7222222222222222,0.65
15,delayed,pearson,-0.2,0.3,13,5,7,75,18,0.88,0.6842105263157895,0.7222222222222222,0.65
15,delayed,pearson,-0.1,0.1,13,5,7,75,18,0.88,0.6842105263157895,0.7222222222222222,0.65
15,delayed,pearson,-0.1,0.2,13,5,7,75,18,0.88,0.6842105263157895,0.7222222222222222,0.65
15,delayed,pearson,-0.1,0.3,13,5,7,75,18,0.88,0.6842105263157895,0.7222222222222222,0.65
15,delayed,pearson,-0.05,0.1,13,5,7,75,18,0.88,0.6842105263157895,0.7222222222222222,0.65
15,delayed,pearson,-0.05,0.2,13,5,7,75,18,0.88,0.6842105263157895,0.7222222222222222,0.65
15,delayed,pearson,-0.05,0.3,13,5,7,75,18,0.88,0.6842105263157895,0.7222222222222222,0.65
15,delayed,pearson,0.0,0.1,12,5,8,75,17,0.87,0.6486486486486487,0.7058823529411765,0.6
15,delayed,pearson,0.0,0.2,12,5,8,75,17,0.87,0.6486486486486487,0.7058823529411765,0.6
15,delayed,pearson,0.0,0.3,12,5,8,75,17,0.87,0.6486486486486487,0.7058823529411765,0.6
15,delayed,pearson,0.05,0.1,12,4,8,76,16,0.88,0.6666666666666666,0.75,0.6
15,delayed,pearson,0.05,0.2,12,4,8,76,16,0.88,0.6666666666666666,0.75,0.6
15,delayed,pearson,0.05,0.3,12,4,8,76,16,0.88,0.6666666666666666,0.75,0.6
15,delayed,pearson,0.1,0.1,9,3,11,77,12,0.86,0.5625,0.75,0.45
15,delayed,pearson,0.1,0.2,9,3,11,77,12,0.86,0.5625,0.75,0.45
15,delayed,pearson,0.1,0.3,9,3,11,77,12,0.86,0.5625,0.75,0.45
15,delayed,spearman,-0.3,0.1,13,5,7,75,18,0.88,0.6842105263157895,0.7222222222222222,0.65
15,delayed,spearman,-0.3,0.2,13,5,7,75,18,0.88,0.6842105263157895,0.7222222222222222,0.65
15,delayed,spearman,-0.3,0.3,13,5,7,75,18,0.88,0.6842105263157895,0.7222222222222222,0.65
15,delayed,spearman,-0.2,0.1,13,5,7,75,18,0.88,0.6842105263157895,0.7222222222222222,0.65
15,delayed,spearman,-0.2,0.2,13,5,7,75,18,0.88,0.6842105263157895,0.7222222222222222,0.65
15,delayed,spearman,-0.2,0.3,13,5,7,75,18,0.88,0.6842105263157895,0.7222222222222222,0.65
15,delayed,spearman,-0.1,0.1,13,5,7,75,18,0.88,0.6842105263157895,0.7222222222222222,0.65
15,delayed,spearman,-0.1,0.2,13,5,7,75,18,0.88,0.6842105263157895,0.7222222222222222,0.65
15,delayed,spearman,-0.1,0.3,13,5,7,75,18,0.88,0.6842105263157895,0.7222222222222222,0.65
15,delayed,spearman,-0.05,0.1,13,5,7,75,18,0.88,0.6842105263157895,0.7222222222222222,0.65
15,delayed,spearman,-0.05,0.2,13,5,7,75,18,0.88,0.6842105263157895,0.7222222222222222,0.65
15,delayed,spearman,-0.05,0.3,13,5,7,75,18,0.88,0.6842105263157895,0.7222222222222222,0.65
15,delayed,spearman,0.0,0.1,13,5,7,75,18,0.88,0.6842105263157895,0.7222222222222222,0.65
15,delayed,spearman,0.0,0.2,13,5,7,75,18,0.88,0.6842105263157895,0.7222222222222222,0.65
15,delayed,spearman,0.0,0.3,13,5,7,75,18,0.88,0.6842105263157895,0.7222222222222222,0.65
15,delayed,spearman,0.05,0.1,12,5,8,75,17,0.87,0.6486486486486487,0.7058823529411765,0.6
15,delayed,spearman,0.05,0.2,12,5,8,75,17,0.87,0.6486486486486487,0.7058823529411765,0.6
15,delayed,spearman,0.05,0.3,12,5,8,75,17,0.87,0.6486486486486487,0.7058823529411765,0.6
15,delayed,spearman,0.1,0.1,5,1,15,79,6,0.84,0.38461538461538464,0.8333333333333334,0.25
15,delayed,spearman,0.1,0.2,5,1,15,79,6,0.84,0.38461538461538464,0.8333333333333334,0.25
15,delayed,spearman,0.1,0.3,5,1,15,79,6,0.84,0.38461538461538464,0.8333333333333334,0.25
16,synchronous,xcorr_full,-0.3,0.1,19,0,1,80,19,0.99,0.9743589743589743,1.0,0.95
16,synchronous,xcorr_full,-0.3,0.2,19,0,1,80,19,0.99,0.9743589743589743,1.0,0.95
16,synchronous,xcorr_full,-0.3,0.3,19,0,1,80,19,0.99,0.9743589743589743,1.0,0.95
16,synchronous,xcorr_full,-0.2,0.1,19,0,1,80,19,0.99,0.9743589743589743,1.0,0.95
16,synchronous,xcorr_full,-0.2,0.2,19,0,1,80,19,0.99,0.9743589743589743,1.0,0.95
16,synchronous,xcorr_full,-0.2,0.3,19,0,1,80,19,0.99,0.9743589743589743,1.0,0.95
16,synchronous,xcorr_full,-0.1,0.1,16,0,4,80,16,0.96,0.8888888888888888,1.0,0.8
16,synchronous,xcorr_full,-0.1,0.2,16,0,4,80,16,0.96,0.8888888888888888,1.0,0.8
16,synchronous,xcorr_full,-0.1,0.3,16,0,4,80,16,0.96,0.8888888888888888,1.0,0.8
16,synchronous,xcorr_full,-0.05,0.1,2,0,18,80,2,0.82,0.18181818181818182,1.0,0.1
16,synchronous,xcorr_full,-0.05,0.2,2,0,18,80,2,0.82,0.18181818181818182,1.0,0.1
16,synchronous,xcorr_full,-0.05,0.3,2,0,18,80,2,0.82,0.18181818181818182,1.0,0.1
16,synchronous,xcorr_full,0.0,0.1,0,0,20,80,0,0.8,0.0,,0.0
16,synchronous,xcorr_full,0.0,0.2,0,0,20,80,0,0.8,0.0,,0.0
16,synchronous,xcorr_full,0.0,0.3,0,0,20,80,0,0.8,0.0,,0.0
16,synchronous,xcorr_full,0.05,0.1,0,0,20,80,0,0.8,0.0,,0.0
16,synchronous,xcorr_full,0.05,0.2,0,0,20,80,0,0.8,0.0,,0.0
16,synchronous,xcorr_full,0.05,0.3,0,0,20,80,0,0.8,0.0,,0.0
16,synchronous,xcorr_full,0.1,0.1,0,0,20,80,0,0.8,0.0,,0.0
16,synchronous,xcorr_full,0.1,0.2,0,0,20,80,0,0.8,0.0,,0.0
16,synchronous,xcorr_full,0.1,0.3,0,0,20,80,0,0.8,0.0,,0.0
16,synchronous,pearson,-0.3,0.1,20,0,0,80,20,1.0,1.0,1.0,1.0
16,synchronous,pearson,-0.3,0.2,20,0,0,80,20,1.0,1.0,1.0,1.0
16,synchronous,pearson,-0.3,0.3,20,0,0,80,20,1.0,1.0,1.0,1.0
16,synchronous,pearson,-0.2,0.1,20,0,0,80,20,1.0,1.0,1.0,1.0
16,synchronous,pearson,-0.2,0.2,20,0,0,80,20,1.0,1.0,1.0,1.0
16,synchronous,pearson,-0.2,0.3,20,0,0,80,20,1.0,1.0,1.0,1.0
16,synchronous,pearson,-0.1,0.1,15,0,5,80,15,0.95,0.8571428571428571,1.0,0.75
16,synchronous,pearson,-0.1,0.2,15,0,5,80,15,0.95,0.8571428571428571,1.0,0.75
16,synchronous,pearson,-0.1,0.3,15,0,5,80,15,0.95,0.8571428571428571,1.0,0.75
16,synchronous,pearson,-0.05,0.1,8,0,12,80,8,0.88,0.5714285714285714,1.0,0.4
16,synchronous,pearson,-0.05,0.2,8,0,12,80,8,0.88,0.5714285714285714,1.0,0.4
16,synchronous,pearson,-0.05,0.3,8,0,12,80,8,0.88,0.5714285714285714,1.0,0.4
16,synchronous,pearson,0.0,0.1,2,0,18,80,2,0.82,0.18181818181818182,1.0,0.1
16,synchronous,pearson,0.0,0.2,2,0,18,80,2,0.82,0.18181818181818182,1.0,0.1
16,synchronous,pearson,0.0,0.3,2,0,18,80,2,0.82,0.18181818181818182,1.0,0.1
16,synchronous,pearson,0.05,0.1,0,0,20,80,0,0.8,0.0,,0.0
16,synchronous,pearson,0.05,0.2,0,0,20,80,0,0.8,0.0,,0.0
16,synchronous,pearson,0.05,0.3,0,0,20,80,0,0.8,0.0,,0.0
16,synchronous,pearson,0.1,0.1,0,0,20,80,0,0.8,0.0,,0.0
16,synchronous,pearson,0.1,0.2,0,0,20,80,0,0.8,0.0,,0.0
16,synchronous,pearson,0.1,0.3,0,0,20,80,0,0.8,0.0,,0.0
16,synchronous,spearman,-0.3,0.1,20,0,0,80,20,1.0,1.0,1.0,1.0
16,synchronous,spearman,-0.3,0.2,20,0,0,80,20,1.0,1.0,1.0,1.0
16,synchronous,spearman,-0.3,0.3,20,0,0,80,20,1.0,1.0,1.0,1.0
16,synchronous,spearman,-0.2,0.1,20,0,0,80,20,1.0,1.0,1.0,1.0
16,synchronous,spearman,-0.2,0.2,20,0,0,80,20,1.0,1.0,1.0,1.0
16,synchronous,spearman,-0.2,0.3,20,0,0,80,20,1.0,1.0,1.0,1.0
16,synchronous,spearman,-0.1,0.1,20,0,0,80,20,1.0,1.0,1.0,1.0
16,synchronous,spearman,-0.1,0.2,20,0,0,80,20,1.0,1.0,1.0,1.0
16,synchronous,spearman,-0.1,0.3,20,0,0,80,20,1.0,1.0,1.0,1.0
16,synchronous,spearman,-0.05,0.1,20,0,0,80,20,1.0,1.0,1.0,1.0
16,synchronous,spearman,-0.05,0.2,20,0,0,80,20,1.0,1.0,1.0,1.0
16,synchronous,spearman,-0.05,0.3,20,0,0,80,20,1.0,1.0,1.0,1.0
16,synchronous,spearman,0.0,0.1,20,0,0,80,20,1.0,1.0,1.0,1.0
16,synchronous,spearman,0.0,0.2,20,0,0,80,20,1.0,1.0,1.0,1.0
16,synchronous,spearman,0.0,0.3,20,0,0,80,20,1.0,1.0,1.0,1.0
16,synchronous,spearman,0.05,0.1,18,0,2,80,18,0.98,0.9473684210526315,1.0,0.9
16,synchronous,spearman,0.05,0.2,18,0,2,80,18,0.98,0.9473684210526315,1.0,0.9
16,synchronous,spearman,0.05,0.3,18,0,2,80,18,0.98,0.9473684210526315,1.0,0.9
16,synchronous,spearman,0.1,0.1,6,0,14,80,6,0.86,0.46153846153846156,1.0,0.3
16,synchronous,spearman,0.1,0.2,6,0,14,80,6,0.86,0.46153846153846156,1.0,0.3
16,synchronous,spearman,0.1,0.3,6,0,14,80,6,0.86,0.46153846153846156,1.0,0.3
16,delayed,xcorr_full,-0.3,0.1,20,0,0,80,20,1.0,1.0,1.0,1.0
16,delayed,xcorr_full,-0.3,0.2,20,0,0,80,20,1.0,1.0,1.0,1.0
16,delayed,xcorr_full,-0.3,0.3,20,0,0,80,20,1.0,1.0,1.0,1.0
16,delayed,xcorr_full,-0.2,0.1,20,0,0,80,20,1.0,1.0,1.0,1.0
16,delayed,xcorr_full,-0.2,0.2,20,0,0,80,20,1.0,1.0,1.0,1.0
16,delayed,xcorr_full,-0.2,0.3,20,0,0,80,20,1.0,1.0,1.0,1.0
16,delayed,xcorr_full,-0.1,0.1,16,0,4,80,16,0.96,0.8888888888888888,1.0,0.8
16,delayed,xcorr_full,-0.1,0.2,16,0,4,80,16,0.96,0.8888888888888888,1.0,0.8
16,delayed,xcorr_full,-0.1,0.3,16,0,4,80,16,0.96,0.8888888888888888,1.0,0.8
16,delayed,xcorr_full,-0.05,0.1,2,0,18,80,2,0.82,0.18181818181818182,1.0,0.1
16,delayed,xcorr_full,-0.05,0.2,2,0,18,80,2,0.82,0.18181818181818182,1.0,0.1
16,delayed,xcorr_full,-0.05,0.3,2,0,18,80,2,0.82,0.18181818181818182,1.0,0.1
16,delayed,xcorr_full,0.0,0.1,0,0,20,80,0,0.8,0.0,,0.0
16,delayed,xcorr_full,0.0,0.2,0,0,20,80,0,0.8,0.0,,0.0
16,delayed,xcorr_full,0.0,0.3,0,0,20,80,0,0.8,0.0,,0.0
16,delayed,xcorr_full,0.05,0.1,0,0,20,80,0,0.8,0.0,,0.0
16,delayed,xcorr_full,0.05,0.2,0,0,20,80,0,0.8,0.0,,0.0
16,delayed,xcorr_full,0.05,0.3,0,0,20,80,0,0.8,0.0,,0.0
16,delayed,xcorr_full,0.1,0.1,0,0,20,80,0,0.8,0.0,,0.0
16,delayed,xcorr_full,0.1,0.2,0,0,20,80,0,0.8,0.0,,0.0
16,delayed,xcorr_full,0.1,0.3,0,0,20,80,0,0.8,0.0,,0.0
16,delayed,pearson,-0.3,0.1,16,4,4,76,20,0.92,0.8,0.8,0.8
16,delayed,pearson,-0.3,0.2,16,4,4,76,20,0.92,0.8,0.8,0.8
16,delayed,pearson,-0.3,0.3,16,4,4,76,20,0.92,0.8,0.8,0.8
16,delayed,pearson,-0.2,0.1,16,4,4,76,20,0.92,0.8,0.8,0.8
16,delayed,pearson,-0.2,0.2,16,4,4,76,20,0.92,0.8,0.8,0.8
16,delayed,pearson,-0.2,0.3,16,4,4,76,20,0.92,0.8,0.8,0.8
16,delayed,pearson,-0.1,0.1,16,4,4,76,20,0.92,0.8,0.8,0.8
16,delayed,pearson,-0.1,0.2,16,4,4,76,20,0.92,0.8,0.8,0.8
16,delayed,pearson,-0.1,0.3,16,4,4,76,20,0.92,0.8,0.8,0.8
16,delayed,pearson,-0.05,0.1,16,4,4,76,20,0.92,0.8,0.8,0.8
16,delayed,pearson,-0.05,0.2,16,4,4,76,20,0.92,0.8,0.8,0.8
16,delayed,pearson,-0.05,0.3,16,4,4,76,20,0.92,0.8,0.8,0.8
16,delayed,pearson,0.0,0.1,16,4,4,76,20,0.92,0.8,0.8,0.8
16,delayed,pearson,0.0,0.2,16,4,4,76,20,0.92,0.8,0.8,0.8
16,delayed,pearson,0.0,0.3,16,4,4,76,20,0.92,0.8,0.8,0.8
16,delayed,pearson,0.05,0.1,18,2,2,78,20,0.96,0.9,0.9,0.9
16,delayed,pearson,0.05,0.2,18,2,2,78,20,0.96,0.9,0.9,0.9
16,delayed,pearson,0.05,0.3,18,2,2,78,20,0.96,0.9,0.9,0.9
16,delayed,pearson,0.1,0.1,16,2,4,78,18,0.94,0.8421052631578947,0.8888888888888888,0.8
16,delayed,pearson,0.1,0.2,16,2,4,78,18,0.94,0.8421052631578947,0.8888888888888888,0.8
16,delayed,pearson,0.1,0.3,14,1,6,79,15,0.93,0.8,0.9333333333333333,0.7
16,delayed,spearman,-0.3,0.1,14,6,6,74,20,0.88,0.7,0.7,0.7
16,delayed,spearman,-0.3,0.2,14,6,6,74,20,0.88,0.7,0.7,0.7
16,delayed,spearman,-0.3,0.3,14,6,6,74,20,0.88,0.7,0.7,0.7
16,delayed,spearman,-0.2,0.1,14,6,6,74,20,0.88,0.7,0.7,0.7
16,delayed,spearman,-0.2,0.2,14,6,6,74,20,0.88,0.7,0.7,0.7
16,delayed,spearman,-0.2,0.3,14,6,6,74,20,0.88,0.7,0.7,0.7
16,delayed,spearman,-0.1,0.1,14,6,6,74,20,0.88,0.7,0.7,0.7
16,delayed,spearman,-0.1,0.2,14,6,6,74,20,0.88,0.7,0.7,0.7
16,delayed,spearman,-0.1,0.3,14,6,6,74,20,0.88,0.7,0.7,0.7
16,delayed,spearman,-0.05,0.1,14,6,6,74,20,0.88,0.7,0.7,0.7
16,delayed,spearman,-0.05,0.2,14,6,6,74,20,0.88,0.7,0.7,0.7
16,delayed,spearman,-0.05,0.3,14,6,6,74,20,0.88,0.7,0.7,0.7
16,delayed,spearman,0.0,0.1,14,6,6,74,20,0.88,0.7,0.7,0.7
16,delayed,spearman,0.0,0.2,14,6,6,74,20,0.88,0.7,0.7,0.7
16,delayed,spearman,0.0,0.3,14,6,6,74,20,0.88,0.7,0.7,0.7
16,delayed,spearman,0.05,0.1,14,6,6,74,20,0.88,0.7,0.7,0.7
16,delayed,spearman,0.05,0.2,14,6,6,74,20,0.88,0.7,0.7,0.7
16,delayed,spearman,0.05,0.3,14,6,6,74,20,0.88,0.7,0.7,0.7
16,delayed,spearman,0.1,0.1,10,1,10,79,11,0.89,0.6451612903225806,0.9090909090909091,0.5
16,delayed,spearman,0.1,0.2,10,1,10,79,11,0.89,0.6451612903225806,0.9090909090909091,0.5
16,delayed,spearman,0.1,0.3,8,1,12,79,9,0.87,0.5517241379310345,0.8888888888888888,0.4
17,synchronous,xcorr_full,-0.3,0.1,19,0,1,80,19,0.99,0.9743589743589743,1.0,0.95
17,synchronous,xcorr_full,-0.3,0.2,19,0,1,80,19,0.99,0.9743589743589743,1.0,0.95
17,synchronous,xcorr_full,-0.3,0.3,19,0,1,80,19,0.99,0.9743589743589743,1.0,0.95
17,synchronous,xcorr_full,-0.2,0.1,19,0,1,80,19,0.99,0.9743589743589743,1.0,0.95
17,synchronous,xcorr_full,-0.2,0.2,19,0,1,80,19,0.99,0.9743589743589743,1.0,0.95
17,synchronous,xcorr_full,-0.2,0.3,19,0,1,80,19,0.99,0.9743589743589743,1.0,0.95
17,synchronous,xcorr_full,-0.1,0.1,12,0,8,80,12,0.92,0.75,1.0,0.6
17,synchronous,xcorr_full,-0.1,0.2,12,0,8,80,12,0.92,0.75,1.0,0.6
17,synchronous,xcorr_full,-0.1,0.3,12,0,8,80,12,0.92,0.75,1.0,0.6
17,synchronous,xcorr_full,-0.05,0.1,2,0,18,80,2,0.82,0.18181818181818182,1.0,0.1
17,synchronous,xcorr_full,-0.05,0.2,2,0,18,80,2,0.82,0.18181818181818182,1.0,0.1
17,synchronous,xcorr_full,-0.05,0.3,2,0,18,80,2,0.82,0.18181818181818182,1.0,0.1
17,synchronous,xcorr_full,0.0,0.1,1,0,19,80,1,0.81,0.09523809523809523,1.0,0.05
17,synchronous,xcorr_full,0.0,0.2,1,0,19,80,1,0.81,0.09523809523809523,1.0,0.05
17,synchronous,xcorr_full,0.0,0.3,1,0,19,80,1,0.81,0.09523809523809523,1.0,0.05
17,synchronous,xcorr_full,0.05,0.1,0,0,20,80,0,0.8,0.0,,0.0
17,synchronous,xcorr_full,0.05,0.2,0,0,20,80,0,0.8,0.0,,0.0
17,synchronous,xcorr_full,0.05,0.3,0,0,20,80,0,0.8,0.0,,0.0
17,synchronous,xcorr_full,0.1,0.1,0,0,20,80,0,0.8,0.0,,0.0
17,synchronous,xcorr_full,0.1,0.2,0,0,20,80,0,0.8,0.0,,0.0
17,synchronous,xcorr_full,0.1,0.3,0,0,20,80,0,0.8,0.0,,0.0
17,synchronous,pearson,-0.3,0.1,20,0,0,80,20,1.0,1.0,1.0,1.0
17,synchronous,pearson,-0.3,0.2,20,0,0,80,20,1.0,1.0,1.0,1.0
17,synchronous,pearson,-0.3,0.3,20,0,0,80,20,1.0,1.0,1.0,1.0
17,synchronous,pearson,-0.2,0.1,20,0,0,80,20,1.0,1.0,1.0,1.0
17,synchronous,pearson,-0.2,0.2,20,0,0,80,20,1.0,1.0,1.0,1.0
17,synchronous,pearson,-0.2,0.3,20,0,0,80,20,1.0,1.0,1.0,1.0
17,synchronous,pearson,-0.1,0.1,16,0,4,80,16,0.96,0.8888888888888888,1.0,0.8
17,synchronous,pearson,-0.1,0.2,16,0,4,80,16,0.96,0.8888888888888888,1.0,0.8
17,synchronous,pearson,-0.1,0.3,16,0,4,80,16,0.96,0.8888888888888888,1.0,0.8
17,synchronous,pearson,-0.05,0.1,6,0,14,80,6,0.86,0.46153846153846156,1.0,0.3
17,synchronous,pearson,-0.05,0.2,6,0,14,80,6,0.86,0.46153846153846156,1.0,0.3
17,synchronous,pearson,-0.05,0.3,6,0,14,80,6,0.86,0.46153846153846156,1.0,0.3
17,synchronous,pearson,0.0,0.1,1,0,19,80,1,0.81,0.09523809523809523,1.0,0.05
17,synchronous,pearson,0.0,0.2,1,0,19,80,1,0.81,0.09523809523809523,1.0,0.05
17,synchronous,pearson,0.0,0.3,1,0,19,80,1,0.81,0.09523809523809523,1.0,0.05
17,synchronous,pearson,0.05,0.1,1,0,19,80,1,0.81,0.09523809523809523,1.0,0.05
17,synchronous,pearson,0.05,0.2,1,0,19,80,1,0.81,0.09523809523809523,1.0,0.05
17,synchronous,pearson,0.05,0.3,1,0,19,80,1,0.81,0.09523809523809523,1.0,0.05
17,synchronous,pearson,0.1,0.1,0,0,20,80,0,0.8,0.0,,0.0
17,synchronous,pearson,0.1,0.2,0,0,20,80,0,0.8,0.0,,0.0
17,synchronous,pearson,0.1,0.3,0,0,20,80,0,0.8,0.0,,0.0
17,synchronous,spearman,-0.3,0.1,20,0,0,80,20,1.0,1.0,1.0,1.0
17,synchronous,spearman,-0.3,0.2,20,0,0,80,20,1.0,1.0,1.0,1.0
17,synchronous,spearman,-0.3,0.3,20,0,0,80,20,1.0,1.0,1.0,1.0
17,synchronous,spearman,-0.2,0.1,20,0,0,80,20,1.0,1.0,1.0,1.0
17,synchronous,spearman,-0.2,0.2,20,0,0,80,20,1.0,1.0,1.0,1.0
17,synchronous,spearman,-0.2,0.3,20,0,0,80,20,1.0,1.0,1.0,1.0
17,synchronous,spearman,-0.1,0.1,20,0,0,80,20,1.0,1.0,1.0,1.0
17,synchronous,spearman,-0.1,0.2,20,0,0,80,20,1.0,1.0,1.0,1.0
17,synchronous,spearman,-0.1,0.3,20,0,0,80,20,1.0,1.0,1.0,1.0
17,synchronous,spearman,-0.05,0.1,20,0,0,80,20,1.0,1.0,1.0,1.0
17,synchronous,spearman,-0.05,0.2,20,0,0,80,20,1.0,1.0,1.0,1.0
17,synchronous,spearman,-0.05,0.3,20,0,0,80,20,1.0,1.0,1.0,1.0
17,synchronous,spearman,0.0,0.1,20,0,0,80,20,1.0,1.0,1.0,1.0
17,synchronous,spearman,0.0,0.2,20,0,0,80,20,1.0,1.0,1.0,1.0
17,synchronous,spearman,0.0,0.3,20,0,0,80,20,1.0,1.0,1.0,1.0
17,synchronous,spearman,0.05,0.1,20,0,0,80,20,1.0,1.0,1.0,1.0
17,synchronous,spearman,0.05,0.2,20,0,0,80,20,1.0,1.0,1.0,1.0
17,synchronous,spearman,0.05,0.3,20,0,0,80,20,1.0,1.0,1.0,1.0
17,synchronous,spearman,0.1,0.1,4,0,16,80,4,0.84,0.3333333333333333,1.0,0.2
17,synchronous,spearman,0.1,0.2,4,0,16,80,4,0.84,0.3333333333333333,1.0,0.2
17,synchronous,spearman,0.1,0.3,4,0,16,80,4,0.84,0.3333333333333333,1.0,0.2
17,delayed,xcorr_full,-0.3,0.1,18,0,2,80,18,0.98,0.9473684210526315,1.0,0.9
17,delayed,xcorr_full,-0.3,0.2,18,0,2,80,18,0.98,0.9473684210526315,1.0,0.9
17,delayed,xcorr_full,-0.3,0.3,18,0,2,80,18,0.98,0.9473684210526315,1.0,0.9
17,delayed,xcorr_full,-0.2,0.1,18,0,2,80,18,0.98,0.9473684210526315,1.0,0.9
17,delayed,xcorr_full,-0.2,0.2,18,0,2,80,18,0.98,0.9473684210526315,1.0,0.9
17,delayed,xcorr_full,-0.2,0.3,18,0,2,80,18,0.98,0.9473684210526315,1.0,0.9
17,delayed,xcorr_full,-0.1,0.1,14,0,6,80,14,0.94,0.8235294117647058,1.0,0.7
17,delayed,xcorr_full,-0.1,0.2,14,0,6,80,14,0.94,0.8235294117647058,1.0,0.7
17,delayed,xcorr_full,-0.1,0.3,14,0,6,80,14,0.94,0.8235294117647058,1.0,0.7
17,delayed,xcorr_full,-0.05,0.1,3,0,17,80,3,0.83,0.2608695652173913,1.0,0.15
17,delayed,xcorr_full,-0.05,0.2,3,0,17,80,3,0.83,0.2608695652173913,1.0,0.15
17,delayed,xcorr_full,-0.05,0.3,3,0,17,80,3,0.83,0.2608695652173913,1.0,0.15
17,delayed,xcorr_full,0.0,0.1,1,0,19,80,1,0.81,0.09523809523809523,1.0,0.05
17,delayed,xcorr_full,0.0,0.2,1,0,19,80,1,0.81,0.09523809523809523,1.0,0.05
17,delayed,xcorr_full,0.0,0.3,1,0,19,80,1,0.81,0.09523809523809523,1.0,0.05
17,delayed,xcorr_full,0.05,0.1,0,0,20,80,0,0.8,0.0,,0.0
17,delayed,xcorr_full,0.05,0.2,0,0,20,80,0,0.8,0.0,,0.0
17,delayed,xcorr_full,0.05,0.3,0,0,20,80,0,0.8,0.0,,0.0
17,delayed,xcorr_full,0.1,0.1,0,0,20,80,0,0.8,0.0,,0.0
17,delayed,xcorr_full,0.1,0.2,0,0,20,80,0,0.8,0.0,,0.0
17,delayed,xcorr_full,0.1,0.3,0,0,20,80,0,0.8,0.0,,0.0
17,delayed,pearson,-0.3,0.1,19,1,1,79,20,0.98,0.95,0.95,0.95
17,delayed,pearson,-0.3,0.2,19,1,1,79,20,0.98,0.95,0.95,0.95
17,delayed,pearson,-0.3,0.3,19,1,1,79,20,0.98,0.95,0.95,0.95
17,delayed,pearson,-0.2,0.1,19,1,1,79,20,0.98,0.95,0.95,0.95
17,delayed,pearson,-0.2,0.2,19,1,1,79,20,0.98,0.95,0.95,0.95
17,delayed,pearson,-0.2,0.3,19,1,1,79,20,0.98,0.95,0.95,0.95
17,delayed,pearson,-0.1,0.1,19,1,1,79,20,0.98,0.95,0.95,0.95
17,delayed,pearson,-0.1,0.2,19,1,1,79,20,0.98,0.95,0.95,0.95
17,delayed,pearson,-0.1,0.3,19,1,1,79,20,0.98,0.95,0.95,0.95
17,delayed,pearson,-0.05,0.1,19,1,1,79,20,0.98,0.95,0.95,0.95
17,delayed,pearson,-0.05,0.2,19,1,1,79,20,0.98,0.95,0.95,0.95
17,delayed,pearson,-0.05,0.3,19,1,1,79,20,0.98,0.95,0.95,0.95
17,delayed,pearson,0.0,0.1,19,1,1,79,20,0.98,0.95,0.95,0.95
17,delayed,pearson,0.0,0.2,19,1,1,79,20,0.98,0.95,0.95,0.95
17,delayed,pearson,0.0,0.3,19,1,1,79,20,0.98,0.95,0.95,0.95
17,delayed,pearson,0.05,0.1,18,2,2,78,20,0.96,0.9,0.9,0.9
17,delayed,pearson,0.05,0.2,18,2,2,78,20,0.96,0.9,0.9,0.9
17,delayed,pearson,0.05,0.3,18,2,2,78,20,0.96,0.9,0.9,0.9
17,delayed,pearson,0.1,0.1,17,1,3,79,18,0.96,0.8947368421052632,0.9444444444444444,0.85
17,delayed,pearson,0.1,0.2,17,1,3,79,18,0.96,0.8947368421052632,0.9444444444444444,0.85
17,delayed,pearson,0.1,0.3,17,1,3,79,18,0.96,0.8947368421052632,0.9444444444444444,0.85
17,delayed,spearman,-0.3,0.1,16,4,4,76,20,0.92,0.8,0.8,0.8
17,delayed,spearman,-0.3,0.2,16,4,4,76,20,0.92,0.8,0.8,0.8
17,delayed,spearman,-0.3,0.3,16,4,4,76,20,0.92,0.8,0.8,0.8
17,delayed,spearman,-0.2,0.1,16,4,4,76,20,0.92,0.8,0.8,0.8
17,delayed,spearman,-0.2,0.2,16,4,4,76,20,0.92,0.8,0.8,0.8
17,delayed,spearman,-0.2,0.3,16,4,4,76,20,0.92,0.8,0.8,0.8
17,delayed,spearman,-0.1,0.1,16,4,4,76,20,0.92,0.8,0.8,0.8
17,delayed,spearman,-0.1,0.2,16,4,4,76,20,0.92,0.8,0.8,0.8
17,delayed,spearman,-0.1,0.3,16,4,4,76,20,0.92,0.8,0.8,0.8
17,delayed,spearman,-0.05,0.1,16,4,4,76,20,0.92,0.8,0.8,0.8
17,delayed,spearman,-0.05,0.2,16,4,4,76,20,0.92,0.8,0.8,0.8
17,delayed,spearman,-0.05,0.3,16,4,4,76,20,0.92,0.8,0.8,0.8
17,delayed,spearman,0.0,0.1,16,4,4,76,20,0.92,0.8,0.8,0.8
17,delayed,spearman,0.0,0.2,16,4,4,76,20,0.92,0.8,0.8,0.8
17,delayed,spearman,0.0,0.3,16,4,4,76,20,0.92,0.8,0.8,0.8
17,delayed,spearman,0.05,0.1,17,3,3,77,20,0.94,0.85,0.85,0.85
17,delayed,spearman,0.05,0.2,17,3,3,77,20,0.94,0.85,0.85,0.85
17,delayed,spearman,0.05,0.3,17,3,3,77,20,0.94,0.85,0.85,0.85
17,delayed,spearman,0.1,0.1,10,1,10,79,11,0.89,0.6451612903225806,0.9090909090909091,0.5
17,delayed,spearman,0.1,0.2,9,1,11,79,10,0.88,0.6,0.9,0.45
17,delayed,spearman,0.1,0.3,9,1,11,79,10,0.88,0.6,0.9,0.45
18,synchronous,xcorr_full,-0.3,0.1,20,0,0,80,20,1.0,1.0,1.0,1.0
18,synchronous,xcorr_full,-0.3,0.2,20,0,0,80,20,1.0,1.0,1.0,1.0
18,synchronous,xcorr_full,-0.3,0.3,20,0,0,80,20,1.0,1.0,1.0,1.0
18,synchronous,xcorr_full,-0.2,0.1,20,0,0,80,20,1.0,1.0,1.0,1.0
18,synchronous,xcorr_full,-0.2,0.2,20,0,0,80,20,1.0,1.0,1.0,1.0
18,synchronous,xcorr_full,-0.2,0.3,20,0,0,80,20,1.0,1.0,1.0,1.0
18,synchronous,xcorr_full,-0.1,0.1,11,0,9,80,11,0.91,0.7096774193548387,1.0,0.55
18,synchronous,xcorr_full,-0.1,0.2,11,0,9,80,11,0.91,0.7096774193548387,1.0,0.55
18,synchronous,xcorr_full,-0.1,0.3,11,0,9,80,11,0.91,0.7096774193548387,1.0,0.55
18,synchronous,xcorr_full,-0.05,0.1,1,0,19,80,1,0.81,0.09523809523809523,1.0,0.05
18,synchronous,xcorr_full,-0.05,0.2,1,0,19,80,1,0.81,0.09523809523809523,1.0,0.05
18,synchronous,xcorr_full,-0.05,0.3,1,0,19,80,1,0.81,0.09523809523809523,1.0,0.05
18,synchronous,xcorr_full,0.0,0.1,0,0,20,80,0,0.8,0.0,,0.0
18,synchronous,xcorr_full,0.0,0.2,0,0,20,80,0,0.8,0.0,,0.0
18,synchronous,xcorr_full,0.0,0.3,0,0,20,80,0,0.8,0.0,,0.0
18,synchronous,xcorr_full,0.05,0.1,0,0,20,80,0,0.8,0.0,,0.0
18,synchronous,xcorr_full,0.05,0.2,0,0,20,80,0,0.8,0.0,,0.0
18,synchronous,xcorr_full,0.05,0.3,0,0,20,80,0,0.8,0.0,,0.0
18,synchronous,xcorr_full,0.1,0.1,0,0,20,80,0,0.8,0.0,,0.0
18,synchronous,xcorr_full,0.1,0.2,0,0,20,80,0,0.8,0.0,,0.0
18,synchronous,xcorr_full,0.1,0.3,0,0,20,80,0,0.8,0.0,,0.0
18,synchronous,pearson,-0.3,0.1,20,0,0,80,20,1.0,1.0,1.0,1.0
18,synchronous,pearson,-0.3,0.2,20,0,0,80,20,1.0,1.0,1.0,1.0
18,synchronous,pearson,-0.3,0.3,20,0,0,80,20,1.0,1.0,1.0,1.0
18,synchronous,pearson,-0.2,0.1,20,0,0,80,20,1.0,1.0,1.0,1.0
18,synchronous,pearson,-0.2,0.2,20,0,0,80,20,1.0,1.0,1.0,1.0
18,synchronous,pearson,-0.2,0.3,20,0,0,80,20,1.0,1.0,1.0,1.0
18,synchronous,pearson,-0.1,0.1,13,0,7,80,13,0.93,0.7878787878787878,1.0,0.65
18,synchronous,pearson,-0.1,0.2,13,0,7,80,13,0.93,0.7878787878787878,1.0,0.65
18,synchronous,pearson,-0.1,0.3,13,0,7,80,13,0.93,0.7878787878787878,1.0,0.65
18,synchronous,pearson,-0.05,0.1,3,0,17,80,3,0.83,0.2608695652173913,1.0,0.15
18,synchronous,pearson,-0.05,0.2,3,0,17,80,3,0.83,0.2608695652173913,1.0,0.15
18,synchronous,pearson,-0.05,0.3,3,0,17,80,3,0.83,0.2608695652173913,1.0,0.15
18,synchronous,pearson,0.0,0.1,1,0,19,80,1,0.81,0.09523809523809523,1.0,0.05
18,synchronous,pearson,0.0,0.2,1,0,19,80,1,0.81,0.09523809523809523,1.0,0.05
18,synchronous,pearson,0.0,0.3,1,0,19,80,1,0.81,0.09523809523809523,1.0,0.05
18,synchronous,pearson,0.05,0.1,0,0,20,80,0,0.8,0.0,,0.0
18,synchronous,pearson,0.05,0.2,0,0,20,80,0,0.8,0.0,,0.0
18,synchronous,pearson,0.05,0.3,0,0,20,80,0,0.8,0.0,,0.0
18,synchronous,pearson,0.1,0.1,0,0,20,80,0,0.8,0.0,,0.0
18,synchronous,pearson,0.1,0.2,0,0,20,80,0,0.8,0.0,,0.0
18,synchronous,pearson,0.1,0.3,0,0,20,80,0,0.8,0.0,,0.0
18,synchronous,spearman,-0.3,0.1,20,0,0,80,20,1.0,1.0,1.0,1.0
18,synchronous,spearman,-0.3,0.2,20,0,0,80,20,1.0,1.0,1.0,1.0
18,synchronous,spearman,-0.3,0.3,20,0,0,80,20,1.0,1.0,1.0,1.0
18,synchronous,spearman,-0.2,0.1,20,0,0,80,20,1.0,1.0,1.0,1.0
18,synchronous,spearman,-0.2,0.2,20,0,0,80,20,1.0,1.0,1.0,1.0
18,synchronous,spearman,-0.2,0.3,20,0,0,80,20,1.0,1.0,1.0,1.0
18,synchronous,spearman,-0.1,0.1,20,0,0,80,20,1.0,1.0,1.0,1.0
18,synchronous,spearman,-0.1,0.2,20,0,0,80,20,1.0,1.0,1.0,1.0
18,synchronous,spearman,-0.1,0.3,20,0,0,80,20,1.0,1.0,1.0,1.0
18,synchronous,spearman,-0.05,0.1,20,0,0,80,20,1.0,1.0,1.0,1.0
18,synchronous,spearman,-0.05,0.2,20,0,0,80,20,1.0,1.0,1.0,1.0
18,synchronous,spearman,-0.05,0.3,20,0,0,80,20,1.0,1.0,1.0,1.0
18,synchronous,spearman,0.0,0.1,20,0,0,80,20,1.0,1.0,1.0,1.0
18,synchronous,spearman,0.0,0.2,20,0,0,80,20,1.0,1.0,1.0,1.0
18,synchronous,spearman,0.0,0.3,20,0,0,80,20,1.0,1.0,1.0,1.0
18,synchronous,spearman,0.05,0.1,20,0,0,80,20,1.0,1.0,1.0,1.0
18,synchronous,spearman,0.05,0.2,20,0,0,80,20,1.0,1.0,1.0,1.0
18,synchronous,spearman,0.05,0.3,20,0,0,80,20,1.0,1.0,1.0,1.0
18,synchronous,spearman,0.1,0.1,4,0,16,80,4,0.84,0.3333333333333333,1.0,0.2
18,synchronous,spearman,0.1,0.2,4,0,16,80,4,0.84,0.3333333333333333,1.0,0.2
18,synchronous,spearman,0.1,0.3,4,0,16,80,4,0.84,0.3333333333333333,1.0,0.2
18,delayed,xcorr_full,-0.3,0.1,18,0,2,80,18,0.98,0.9473684210526315,1.0,0.9
18,delayed,xcorr_full,-0.3,0.2,18,0,2,80,18,0.98,0.9473684210526315,1.0,0.9
18,delayed,xcorr_full,-0.3,0.3,18,0,2,80,18,0.98,0.9473684210526315,1.0,0.9
18,delayed,xcorr_full,-0.2,0.1,18,0,2,80,18,0.98,0.9473684210526315,1.0,0.9
18,delayed,xcorr_full,-0.2,0.2,18,0,2,80,18,0.98,0.9473684210526315,1.0,0.9
18,delayed,xcorr_full,-0.2,0.3,18,0,2,80,18,0.98,0.9473684210526315,1.0,0.9
18,delayed,xcorr_full,-0.1,0.1,13,0,7,80,13,0.93,0.7878787878787878,1.0,0.65
18,delayed,xcorr_full,-0.1,0.2,13,0,7,80,13,0.93,0.7878787878787878,1.0,0.65
18,delayed,xcorr_full,-0.1,0.3,13,0,7,80,13,0.93,0.7878787878787878,1.0,0.65
18,delayed,xcorr_full,-0.05,0.1,1,0,19,80,1,0.81,0.09523809523809523,1.0,0.05
18,delayed,xcorr_full,-0.05,0.2,1,0,19,80,1,0.81,0.09523809523809523,1.0,0.05
18,delayed,xcorr_full,-0.05,0.3,1,0,19,80,1,0.81,0.09523809523809523,1.0,0.05
18,delayed,xcorr_full,0.0,0.1,0,0,20,80,0,0.8,0.0,,0.0
18,delayed,xcorr_full,0.0,0.2,0,0,20,80,0,0.8,0.0,,0.0
18,delayed,xcorr_full,0.0,0.3,0,0,20,80,0,0.8,0.0,,0.0
18,delayed,xcorr_full,0.05,0.1,0,0,20,80,0,0.8,0.0,,0.0
18,delayed,xcorr_full,0.05,0.2,0,0,20,80,0,0.8,0.0,,0.0
18,delayed,xcorr_full,0.05,0.3,0,0,20,80,0,0.8,0.0,,0.0
18,delayed,xcorr_full,0.1,0.1,0,0,20,80,0,0.8,0.0,,0.0
18,delayed,xcorr_full,0.1,0.2,0,0,20,80,0,0.8,0.0,,0.0
18,delayed,xcorr_full,0.1,0.3,0,0,20,80,0,0.8,0.0,,0.0
18,delayed,pearson,-0.3,0.1,15,2,5,78,17,0.93,0.8108108108108109,0.8823529411764706,0.75
18,delayed,pearson,-0.3,0.2,15,2,5,78,17,0.93,0.8108108108108109,0.8823529411764706,0.75
18,delayed,pearson,-0.3,0.3,15,2,5,78,17,0.93,0.8108108108108109,0.8823529411764706,0.75
18,delayed,pearson,-0.2,0.1,15,2,5,78,17,0.93,0.8108108108108109,0.8823529411764706,0.75
18,delayed,pearson,-0.2,0.2,15,2,5,78,17,0.93,0.8108108108108109,0.8823529411764706,0.75
18,delayed,pearson,-0.2,0.3,15,2,5,78,17,0.93,0.8108108108108109,0.8823529411764706,0.75
18,delayed,pearson,-0.1,0.1,15,2,5,78,17,0.93,0.8108108108108109,0.8823529411764706,0.75
18,delayed,pearson,-0.1,0.2,15,2,5,78,17,0.93,0.8108108108108109,0.8823529411764706,0.75
18,delayed,pearson,-0.1,0.3,15,2,5,78,17,0.93,0.8108108108108109,0.8823529411764706,0.75
18,delayed,pearson,-0.05,0.1,15,2,5,78,17,0.93,0.8108108108108109,0.8823529411764706,0.75
18,delayed,pearson,-0.05,0.2,15,2,5,78,17,0.93,0.8108108108108109,0.8823529411764706,0.75
18,delayed,pearson,-0.05,0.3,15,2,5,78,17,0.93,0.8108108108108109,0.8823529411764706,0.75
18,delayed,pearson,0.0,0.1,15,2,5,78,17,0.93,0.8108108108108109,0.8823529411764706,0.75
18,delayed,pearson,0.0,0.2,15,2,5,78,17,0.93,0.8108108108108109,0.8823529411764706,0.75
18,delayed,pearson,0.0,0.3,15,2,5,78,17,0.93,0.8108108108108109,0.8823529411764706,0.75
18,delayed,pearson,0.05,0.1,15,2,5,78,17,0.93,0.8108108108108109,0.8823529411764706,0.75
18,delayed,pearson,0.05,0.2,15,2,5,78,17,0.93,0.8108108108108109,0.8823529411764706,0.75
18,delayed,pearson,0.05,0.3,15,2,5,78,17,0.93,0.8108108108108109,0.8823529411764706,0.75
18,delayed,pearson,0.1,0.1,15,1,5,79,16,0.94,0.8333333333333334,0.9375,0.75
18,delayed,pearson,0.1,0.2,15,1,5,79,16,0.94,0.8333333333333334,0.9375,0.75
18,delayed,pearson,0.1,0.3,15,1,5,79,16,0.94,0.8333333333333334,0.9375,0.75
18,delayed,spearman,-0.3,0.1,14,5,6,75,19,0.89,0.717948717948718,0.7368421052631579,0.7
18,delayed,spearman,-0.3,0.2,14,5,6,75,19,0.89,0.717948717948718,0.7368421052631579,0.7
18,delayed,spearman,-0.3,0.3,14,5,6,75,19,0.89,0.717948717948718,0.7368421052631579,0.7
18,delayed,spearman,-0.2,0.1,14,5,6,75,19,0.89,0.717948717948718,0.7368421052631579,0.7
18,delayed,spearman,-0.2,0.2,14,5,6,75,19,0.89,0.717948717948718,0.7368421052631579,0.7
18,delayed,spearman,-0.2,0.3,14,5,6,75,19,0.89,0.717948717948718,0.7368421052631579,0.7
18,delayed,spearman,-0.1,0.1,14,5,6,75,19,0.89,0.717948717948718,0.7368421052631579,0.7
18,delayed,spearman,-0.1,0.2,14,5,6,75,19,0.89,0.717948717948718,0.7368421052631579,0.7
18,delayed,spearman,-0.1,0.3,14,5,6,75,19,0.89,0.717948717948718,0.7368421052631579,0.7
18,delayed,spearman,-0.05,0.1,14,5,6,75,19,0.89,0.717948717948718,0.7368421052631579,0.7
18,delayed,spearman,-0.05,0.2,14,5,6,75,19,0.89,0.717948717948718,0.7368421052631579,0.7
18,delayed,spearman,-0.05,0.3,14,5,6,75,19,0.89,0.717948717948718,0.7368421052631579,0.7
18,delayed,spearman,0.0,0.1,14,5,6,75,19,0.89,0.717948717948718,0.7368421052631579,0.7
18,delayed,spearman,0.0,0.2,14,5,6,75,19,0.89,0.717948717948718,0.7368421052631579,0.7
18,delayed,spearman,0.0,0.3,14,5,6,75,19,0.89,0.717948717948718,0.7368421052631579,0.7
18,delayed,spearman,0.05,0.1,14,2,6,78,16,0.92,0.7777777777777778,0.875,0.7
18,delayed,spearman,0.05,0.2,14,2,6,78,16,0.92,0.7777777777777778,0.875,0.7
18,delayed,spearman,0.05,0.3,14,2,6,78,16,0.92,0.7777777777777778,0.875,0.7
18,delayed,spearman,0.1,0.1,11,0,9,80,11,0.91,0.7096774193548387,1.0,0.55
18,delayed,spearman,0.1,0.2,11,0,9,80,11,0.91,0.7096774193548387,1.0,0.55
18,delayed,spearman,0.1,0.3,11,0,9,80,11,0.91,0.7096774193548387,1.0,0.55
19,synchronous,xcorr_full,-0.3,0.1,17,0,3,80,17,0.97,0.918918918918919,1.0,0.85
19,synchronous,xcorr_full,-0.3,0.2,17,0,3,80,17,0.97,0.918918918918919,1.0,0.85
19,synchronous,xcorr_full,-0.3,0.3,17,0,3,80,17,0.97,0.918918918918919,1.0,0.85
19,synchronous,xcorr_full,-0.2,0.1,17,0,3,80,17,0.97,0.918918918918919,1.0,0.85
19,synchronous,xcorr_full,-0.2,0.2,17,0,3,80,17,0.97,0.918918918918919,1.0,0.85
19,synchronous,xcorr_full,-0.2,0.3,17,0,3,80,17,0.97,0.918918918918919,1.0,0.85
19,synchronous,xcorr_full,-0.1,0.1,15,0,5,80,15,0.95,0.8571428571428571,1.0,0.75
19,synchronous,xcorr_full,-0.1,0.2,15,0,5,80,15,0.95,0.8571428571428571,1.0,0.75
19,synchronous,xcorr_full,-0.1,0.3,15,0,5,80,15,0.95,0.8571428571428571,1.0,0.75
19,synchronous,xcorr_full,-0.05,0.1,3,0,17,80,3,0.83,0.2608695652173913,1.0,0.15
19,synchronous,xcorr_full,-0.05,0.2,3,0,17,80,3,0.83,0.2608695652173913,1.0,0.15
19,synchronous,xcorr_full,-0.05,0.3,3,0,17,80,3,0.83,0.2608695652173913,1.0,0.15
19,synchronous,xcorr_full,0.0,0.1,0,0,20,80,0,0.8,0.0,,0.0
19,synchronous,xcorr_full,0.0,0.2,0,0,20,80,0,0.8,0.0,,0.0
19,synchronous,xcorr_full,0.0,0.3,0,0,20,80,0,0.8,0.0,,0.0
19,synchronous,xcorr_full,0.05,0.1,0,0,20,80,0,0.8,0.0,,0.0
19,synchronous,xcorr_full,0.05,0.2,0,0,20,80,0,0.8,0.0,,0.0
19,synchronous,xcorr_full,0.05,0.3,0,0,20,80,0,0.8,0.0,,0.0
19,synchronous,xcorr_full,0.1,0.1,0,0,20,80,0,0.8,0.0,,0.0
19,synchronous,xcorr_full,0.1,0.2,0,0,20,80,0,0.8,0.0,,0.0
19,synchronous,xcorr_full,0.1,0.3,0,0,20,80,0,0.8,0.0,,0.0
19,synchronous,pearson,-0.3,0.1,18,0,2,80,18,0.98,0.9473684210526315,1.0,0.9
19,synchronous,pearson,-0.3,0.2,18,0,2,80,18,0.98,0.9473684210526315,1.0,0.9
19,synchronous,pearson,-0.3,0.3,18,0,2,80,18,0.98,0.9473684210526315,1.0,0.9
19,synchronous,pearson,-0.2,0.1,18,0,2,80,18,0.98,0.9473684210526315,1.0,0.9
19,synchronous,pearson,-0.2,0.2,18,0,2,80,18,0.98,0.9473684210526315,1.0,0.9
19,synchronous,pearson,-0.2,0.3,18,0,2,80,18,0.98,0.9473684210526315,1.0,0.9
19,synchronous,pearson,-0.1,0.1,17,0,3,80,17,0.97,0.918918918918919,1.0,0.85
19,synchronous,pearson,-0.1,0.2,17,0,3,80,17,0.97,0.918918918918919,1.0,0.85
19,synchronous,pearson,-0.1,0.3,17,0,3,80,17,0.97,0.918918918918919,1.0,0.85
19,synchronous,pearson,-0.05,0.1,6,0,14,80,6,0.86,0.46153846153846156,1.0,0.3
19,synchronous,pearson,-0.05,0.2,6,0,14,80,6,0.86,0.46153846153846156,1.0,0.3
19,synchronous,pearson,-0.05,0.3,6,0,14,80,6,0.86,0.46153846153846156,1.0,0.3
19,synchronous,pearson,0.0,0.1,1,0,19,80,1,0.81,0.09523809523809523,1.0,0.05
19,synchronous,pearson,0.0,0.2,1,0,19,80,1,0.81,0.09523809523809523,1.0,0.05
19,synchronous,pearson,0.0,0.3,1,0,19,80,1,0.81,0.09523809523809523,1.0,0.05
19,synchronous,pearson,0.05,0.1,0,0,20,80,0,0.8,0.0,,0.0
19,synchronous,pearson,0.05,0.2,0,0,20,80,0,0.8,0.0,,0.0
19,synchronous,pearson,0.05,0.3,0,0,20,80,0,0.8,0.0,,0.0
19,synchronous,pearson,0.1,0.1,0,0,20,80,0,0.8,0.0,,0.0
19,synchronous,pearson,0.1,0.2,0,0,20,80,0,0.8,0.0,,0.0
19,synchronous,pearson,0.1,0.3,0,0,20,80,0,0.8,0.0,,0.0
19,synchronous,spearman,-0.3,0.1,19,0,1,80,19,0.99,0.9743589743589743,1.0,0.95
19,synchronous,spearman,-0.3,0.2,19,0,1,80,19,0.99,0.9743589743589743,1.0,0.95
19,synchronous,spearman,-0.3,0.3,19,0,1,80,19,0.99,0.9743589743589743,1.0,0.95
19,synchronous,spearman,-0.2,0.1,19,0,1,80,19,0.99,0.9743589743589743,1.0,0.95
19,synchronous,spearman,-0.2,0.2,19,0,1,80,19,0.99,0.9743589743589743,1.0,0.95
19,synchronous,spearman,-0.2,0.3,19,0,1,80,19,0.99,0.9743589743589743,1.0,0.95
19,synchronous,spearman,-0.1,0.1,19,0,1,80,19,0.99,0.9743589743589743,1.0,0.95
19,synchronous,spearman,-0.1,0.2,19,0,1,80,19,0.99,0.9743589743589743,1.0,0.95
19,synchronous,spearman,-0.1,0.3,19,0,1,80,19,0.99,0.9743589743589743,1.0,0.95
19,synchronous,spearman,-0.05,0.1,19,0,1,80,19,0.99,0.9743589743589743,1.0,0.95
19,synchronous,spearman,-0.05,0.2,19,0,1,80,19,0.99,0.9743589743589743,1.0,0.95
19,synchronous,spearman,-0.05,0.3,19,0,1,80,19,0.99,0.9743589743589743,1.0,0.95
19,synchronous,spearman,0.0,0.1,19,0,1,80,19,0.99,0.9743589743589743,1.0,0.95
19,synchronous,spearman,0.0,0.2,19,0,1,80,19,0.99,0.9743589743589743,1.0,0.95
19,synchronous,spearman,0.0,0.3,19,0,1,80,19,0.99,0.9743589743589743,1.0,0.95
19,synchronous,spearman,0.05,0.1,18,0,2,80,18,0.98,0.9473684210526315,1.0,0.9
19,synchronous,spearman,0.05,0.2,18,0,2,80,18,0.98,0.9473684210526315,1.0,0.9
19,synchronous,spearman,0.05,0.3,18,0,2,80,18,0.98,0.9473684210526315,1.0,0.9
19,synchronous,spearman,0.1,0.1,5,0,15,80,5,0.85,0.4,1.0,0.25
19,synchronous,spearman,0.1,0.2,5,0,15,80,5,0.85,0.4,1.0,0.25
19,synchronous,spearman,0.1,0.3,5,0,15,80,5,0.85,0.4,1.0,0.25
19,delayed,xcorr_full,-0.3,0.1,20,0,0,80,20,1.0,1.0,1.0,1.0
19,delayed,xcorr_full,-0.3,0.2,20,0,0,80,20,1.0,1.0,1.0,1.0
19,delayed,xcorr_full,-0.3,0.3,20,0,0,80,20,1.0,1.0,1.0,1.0
19,delayed,xcorr_full,-0.2,0.1,20,0,0,80,20,1.0,1.0,1.0,1.0
19,delayed,xcorr_full,-0.2,0.2,20,0,0,80,20,1.0,1.0,1.0,1.0
19,delayed,xcorr_full,-0.2,0.3,20,0,0,80,20,1.0,1.0,1.0,1.0
19,delayed,xcorr_full,-0.1,0.1,16,0,4,80,16,0.96,0.8888888888888888,1.0,0.8
19,delayed,xcorr_full,-0.1,0.2,16,0,4,80,16,0.96,0.8888888888888888,1.0,0.8
19,delayed,xcorr_full,-0.1,0.3,16,0,4,80,16,0.96,0.8888888888888888,1.0,0.8
19,delayed,xcorr_full,-0.05,0.1,5,0,15,80,5,0.85,0.4,1.0,0.25
19,delayed,xcorr_full,-0.05,0.2,5,0,15,80,5,0.85,0.4,1.0,0.25
19,delayed,xcorr_full,-0.05,0.3,5,0,15,80,5,0.85,0.4,1.0,0.25
19,delayed,xcorr_full,0.0,0.1,0,0,20,80,0,0.8,0.0,,0.0
19,delayed,xcorr_full,0.0,0.2,0,0,20,80,0,0.8,0.0,,0.0
19,delayed,xcorr_full,0.0,0.3,0,0,20,80,0,0.8,0.0,,0.0
19,delayed,xcorr_full,0.05,0.1,0,0,20,80,0,0.8,0.0,,0.0
19,delayed,xcorr_full,0.05,0.2,0,0,20,80,0,0.8,0.0,,0.0
19,delayed,xcorr_full,0.05,0.3,0,0,20,80,0,0.8,0.0,,0.0
19,delayed,xcorr_full,0.1,0.1,0,0,20,80,0,0.8,0.0,,0.0
19,delayed,xcorr_full,0.1,0.2,0,0,20,80,0,0.8,0.0,,0.0
19,delayed,xcorr_full,0.1,0.3,0,0,20,80,0,0.8,0.0,,0.0
19,delayed,pearson,-0.3,0.1,16,4,4,76,20,0.92,0.8,0.8,0.8
19,delayed,pearson,-0.3,0.2,16,4,4,76,20,0.92,0.8,0.8,0.8
19,delayed,pearson,-0.3,0.3,16,4,4,76,20,0.92,0.8,0.8,0.8
19,delayed,pearson,-0.2,0.1,16,4,4,76,20,0.92,0.8,0.8,0.8
19,delayed,pearson,-0.2,0.2,16,4,4,76,20,0.92,0.8,0.8,0.8
19,delayed,pearson,-0.2,0.3,16,4,4,76,20,0.92,0.8,0.8,0.8
19,delayed,pearson,-0.1,0.1,16,4,4,76,20,0.92,0.8,0.8,0.8
19,delayed,pearson,-0.1,0.2,16,4,4,76,20,0.92,0.8,0.8,0.8
19,delayed,pearson,-0.1,0.3,16,4,4,76,20,0.92,0.8,0.8,0.8
19,delayed,pearson,-0.05,0.1,16,4,4,76,20,0.92,0.8,0.8,0.8
19,delayed,pearson,-0.05,0.2,16,4,4,76,20,0.92,0.8,0.8,0.8
19,delayed,pearson,-0.05,0.3,16,4,4,76,20,0.92,0.8,0.8,0.8
19,delayed,pearson,0.0,0.1,15,5,5,75,20,0.9,0.75,0.75,0.75
19,delayed,pearson,0.0,0.2,15,5,5,75,20,0.9,0.75,0.75,0.75
19,delayed,pearson,0.0,0.3,15,5,5,75,20,0.9,0.75,0.75,0.75
19,delayed,pearson,0.05,0.1,15,5,5,75,20,0.9,0.75,0.75,0.75
19,delayed,pearson,0.05,0.2,15,5,5,75,20,0.9,0.75,0.75,0.75
19,delayed,pearson,0.05,0.3,15,5,5,75,20,0.9,0.75,0.75,0.75
19,delayed,pearson,0.1,0.1,15,3,5,77,18,0.92,0.7894736842105263,0.8333333333333334,0.75
19,delayed,pearson,0.1,0.2,15,3,5,77,18,0.92,0.7894736842105263,0.8333333333333334,0.75
19,delayed,pearson,0.1,0.3,15,3,5,77,18,0.92,0.7894736842105263,0.8333333333333334,0.75
19,delayed,spearman,-0.3,0.1,11,9,9,71,20,0.82,0.55,0.55,0.55
19,delayed,spearman,-0.3,0.2,11,9,9,71,20,0.82,0.55,0.55,0.55
19,delayed,spearman,-0.3,0.3,11,9,9,71,20,0.82,0.55,0.55,0.55
19,delayed,spearman,-0.2,0.1,11,9,9,71,20,0.82,0.55,0.55,0.55
19,delayed,spearman,-0.2,0.2,11,9,9,71,20,0.82,0.55,0.55,0.55
19,delayed,spearman,-0.2,0.3,11,9,9,71,20,0.82,0.55,0.55,0.55
19,delayed,spearman,-0.1,0.1,11,9,9,71,20,0.82,0.55,0.55,0.55
19,delayed,spearman,-0.1,0.2,11,9,9,71,20,0.82,0.55,0.55,0.55
19,delayed,spearman,-0.1,0.3,11,9,9,71,20,0.82,0.55,0.55,0.55
19,delayed,spearman,-0.05,0.1,11,9,9,71,20,0.82,0.55,0.55,0.55
19,delayed,spearman,-0.05,0.2,11,9,9,71,20,0.82,0.55,0.55,0.55
19,delayed,spearman,-0.05,0.3,11,9,9,71,20,0.82,0.55,0.55,0.55
19,delayed,spearman,0.0,0.1,11,9,9,71,20,0.82,0.55,0.55,0.55
19,delayed,spearman,0.0,0.2,11,9,9,71,20,0.82,0.55,0.55,0.55
19,delayed,spearman,0.0,0.3,11,9,9,71,20,0.82,0.55,0.55,0.55
19,delayed,spearman,0.05,0.1,11,9,9,71,20,0.82,0.55,0.55,0.55
19,delayed,spearman,0.05,0.2,11,9,9,71,20,0.82,0.55,0.55,0.55
19,delayed,spearman,0.05,0.3,11,9,9,71,20,0.82,0.55,0.55,0.55
19,delayed,spearman,0.1,0.1,8,3,12,77,11,0.85,0.5161290322580645,0.7272727272727273,0.4
19,delayed,spearman,0.1,0.2,8,3,12,77,11,0.85,0.5161290322580645,0.7272727272727273,0.4
19,delayed,spearman,0.1,0.3,7,2,13,78,9,0.85,0.4827586206896552,0.7777777777777778,0.35
