input,condition,quantile,retained_fraction,theta,version,seed,num_runs,Q,tp,fp,fn,tn,n_core,f1
V01_baseline,baseline,0.01,0.98989898989899,0.30414040010658394,original,0,10,0.031187247023423046,25,69,0,6,94,0.42016806722689076
V01_baseline,baseline,0.01,0.98989898989899,0.30414040010658394,original,1,10,-0.001435913356677318,25,73,0,2,98,0.4065040650406504
V01_baseline,baseline,0.01,0.98989898989899,0.30414040010658394,original,2,10,-0.0035190331362978428,25,71,0,4,96,0.4132231404958678
V01_baseline,baseline,0.01,0.98989898989899,0.30414040010658394,checked,0,10,0.18202912447042227,25,64,0,11,89,0.43859649122807015
V01_baseline,baseline,0.01,0.98989898989899,0.30414040010658394,checked,1,10,0.18202912447042227,25,64,0,11,89,0.43859649122807015
V01_baseline,baseline,0.01,0.98989898989899,0.30414040010658394,checked,2,10,0.18202912447042227,25,64,0,11,89,0.43859649122807015
V01_baseline,baseline,0.025,0.9749494949494949,0.313147009565455,original,0,10,0.10794685555712892,25,70,0,5,95,0.4166666666666667
V01_baseline,baseline,0.025,0.9749494949494949,0.313147009565455,original,1,10,0.0886796742832764,25,73,0,2,98,0.4065040650406504
V01_baseline,baseline,0.025,0.9749494949494949,0.313147009565455,original,2,10,0.10856602349603875,25,67,0,8,92,0.42735042735042733
V01_baseline,baseline,0.025,0.9749494949494949,0.313147009565455,checked,0,10,0.1977141341242023,25,37,0,38,62,0.5747126436781609
V01_baseline,baseline,0.025,0.9749494949494949,0.313147009565455,checked,1,10,0.1977141341242023,25,37,0,38,62,0.5747126436781609
V01_baseline,baseline,0.025,0.9749494949494949,0.313147009565455,checked,2,10,0.1977141341242023,25,37,0,38,62,0.5747126436781609
V01_baseline,baseline,0.05,0.9498989898989899,0.3265190623388343,original,0,10,0.19755671978351572,25,60,0,15,85,0.45454545454545453
V01_baseline,baseline,0.05,0.9498989898989899,0.3265190623388343,original,1,10,0.19755671978351572,25,60,0,15,85,0.45454545454545453
V01_baseline,baseline,0.05,0.9498989898989899,0.3265190623388343,original,2,10,0.06189516785886728,25,73,0,2,98,0.4065040650406504
V01_baseline,baseline,0.05,0.9498989898989899,0.3265190623388343,checked,0,10,0.21649777696447928,25,8,0,67,33,0.8620689655172413
V01_baseline,baseline,0.05,0.9498989898989899,0.3265190623388343,checked,1,10,0.21649777696447928,25,8,0,67,33,0.8620689655172413
V01_baseline,baseline,0.05,0.9498989898989899,0.3265190623388343,checked,2,10,0.21649777696447928,25,8,0,67,33,0.8620689655172413
V01_baseline,baseline,0.075,0.9248484848484848,0.341812644278744,original,0,10,0.052132392874948356,25,68,0,7,93,0.423728813559322
V01_baseline,baseline,0.075,0.9248484848484848,0.341812644278744,original,1,10,0.07135203100889978,25,53,0,22,78,0.4854368932038835
V01_baseline,baseline,0.075,0.9248484848484848,0.341812644278744,original,2,10,0.052132392874948356,25,68,0,7,93,0.423728813559322
V01_baseline,baseline,0.075,0.9248484848484848,0.341812644278744,checked,0,10,0.2525938364396451,25,2,0,73,27,0.9615384615384616
V01_baseline,baseline,0.075,0.9248484848484848,0.341812644278744,checked,1,10,0.2525938364396451,25,2,0,73,27,0.9615384615384616
V01_baseline,baseline,0.075,0.9248484848484848,0.341812644278744,checked,2,10,0.2525938364396451,25,2,0,73,27,0.9615384615384616
V01_baseline,baseline,0.1,0.9,0.3553277078649051,original,0,10,0.29469919919481075,25,1,0,74,26,0.9803921568627451
V01_baseline,baseline,0.1,0.9,0.3553277078649051,original,1,10,0.29469919919481075,25,1,0,74,26,0.9803921568627451
V01_baseline,baseline,0.1,0.9,0.3553277078649051,original,2,10,0.29469919919481075,25,1,0,74,26,0.9803921568627451
V01_baseline,baseline,0.1,0.9,0.3553277078649051,checked,0,10,0.2951052135884541,25,0,0,75,25,1.0
V01_baseline,baseline,0.1,0.9,0.3553277078649051,checked,1,10,0.2951052135884541,25,0,0,75,25,1.0
V01_baseline,baseline,0.1,0.9,0.3553277078649051,checked,2,10,0.2951052135884541,25,0,0,75,25,1.0
V01_baseline,baseline,0.125,0.8749494949494949,0.36777527445041963,original,0,10,0.33270569450205584,25,1,0,74,26,0.9803921568627451
V01_baseline,baseline,0.125,0.8749494949494949,0.36777527445041963,original,1,10,0.33270569450205584,25,1,0,74,26,0.9803921568627451
V01_baseline,baseline,0.125,0.8749494949494949,0.36777527445041963,original,2,10,0.33270569450205584,25,1,0,74,26,0.9803921568627451
V01_baseline,baseline,0.125,0.8749494949494949,0.36777527445041963,checked,0,10,0.33469511179941797,25,0,0,75,25,1.0
V01_baseline,baseline,0.125,0.8749494949494949,0.36777527445041963,checked,1,10,0.33469511179941797,25,0,0,75,25,1.0
V01_baseline,baseline,0.125,0.8749494949494949,0.36777527445041963,checked,2,10,0.33469511179941797,25,0,0,75,25,1.0
V01_baseline,baseline,0.15,0.8498989898989899,0.3804904357940605,original,0,10,0.3698464567495296,25,1,0,74,26,0.9803921568627451
V01_baseline,baseline,0.15,0.8498989898989899,0.3804904357940605,original,1,10,0.3698464567495296,25,1,0,74,26,0.9803921568627451
V01_baseline,baseline,0.15,0.8498989898989899,0.3804904357940605,original,2,10,0.3698464567495296,25,1,0,74,26,0.9803921568627451
V01_baseline,baseline,0.15,0.8498989898989899,0.3804904357940605,checked,0,10,0.3720542653446517,25,0,0,75,25,1.0
V01_baseline,baseline,0.15,0.8498989898989899,0.3804904357940605,checked,1,10,0.3720542653446517,25,0,0,75,25,1.0
V01_baseline,baseline,0.15,0.8498989898989899,0.3804904357940605,checked,2,10,0.3720542653446517,25,0,0,75,25,1.0
V01_baseline,baseline,0.2,0.8,0.4054190833833677,original,0,10,0.4400201214228166,25,1,0,74,26,0.9803921568627451
V01_baseline,baseline,0.2,0.8,0.4054190833833677,original,1,10,0.4400201214228166,25,1,0,74,26,0.9803921568627451
V01_baseline,baseline,0.2,0.8,0.4054190833833677,original,2,10,0.4400201214228166,25,1,0,74,26,0.9803921568627451
V01_baseline,baseline,0.2,0.8,0.4054190833833677,checked,0,10,0.44265782038268114,25,0,0,75,25,1.0
V01_baseline,baseline,0.2,0.8,0.4054190833833677,checked,1,10,0.44265782038268114,25,0,0,75,25,1.0
V01_baseline,baseline,0.2,0.8,0.4054190833833677,checked,2,10,0.44265782038268114,25,0,0,75,25,1.0
V01_noise_0.1,noise_0.1,0.01,0.98989898989899,0.18812572341323047,original,0,10,-0.001435913356677318,25,73,0,2,98,0.4065040650406504
V01_noise_0.1,noise_0.1,0.01,0.98989898989899,0.18812572341323047,original,1,10,0.07960248262870519,25,72,0,3,97,0.4098360655737705
V01_noise_0.1,noise_0.1,0.01,0.98989898989899,0.18812572341323047,original,2,10,-0.00010439265472707574,0,2,25,73,2,0.0
V01_noise_0.1,noise_0.1,0.01,0.98989898989899,0.18812572341323047,checked,0,10,0.21099257809572286,25,68,0,7,93,0.423728813559322
V01_noise_0.1,noise_0.1,0.01,0.98989898989899,0.18812572341323047,checked,1,10,0.21099257809572286,25,68,0,7,93,0.423728813559322
V01_noise_0.1,noise_0.1,0.01,0.98989898989899,0.18812572341323047,checked,2,10,0.22042722145944252,25,70,0,5,95,0.4166666666666667
V01_noise_0.1,noise_0.1,0.025,0.9749494949494949,0.23869359290189787,original,0,10,-0.0022785494427772523,25,73,0,2,98,0.4065040650406504
V01_noise_0.1,noise_0.1,0.025,0.9749494949494949,0.23869359290189787,original,1,10,-0.0022785494427772523,25,73,0,2,98,0.4065040650406504
V01_noise_0.1,noise_0.1,0.025,0.9749494949494949,0.23869359290189787,original,2,10,0.0886796742832764,25,73,0,2,98,0.4065040650406504
V01_noise_0.1,noise_0.1,0.025,0.9749494949494949,0.23869359290189787,checked,0,10,0.20308102817184476,25,50,0,25,75,0.5
V01_noise_0.1,noise_0.1,0.025,0.9749494949494949,0.23869359290189787,checked,1,10,0.20308102817184476,25,50,0,25,75,0.5
V01_noise_0.1,noise_0.1,0.025,0.9749494949494949,0.23869359290189787,checked,2,10,0.20308102817184476,25,50,0,25,75,0.5
V01_noise_0.1,noise_0.1,0.05,0.9498989898989899,0.2809052959485211,original,0,10,0.16454447479551046,25,38,0,37,63,0.5681818181818182
V01_noise_0.1,noise_0.1,0.05,0.9498989898989899,0.2809052959485211,original,1,10,0.2041782975365109,25,41,0,34,66,0.5494505494505495
V01_noise_0.1,noise_0.1,0.05,0.9498989898989899,0.2809052959485211,original,2,10,0.2170946065541063,25,33,0,42,58,0.6024096385542169
V01_noise_0.1,noise_0.1,0.05,0.9498989898989899,0.2809052959485211,checked,0,10,0.24187614001939364,25,17,0,58,42,0.746268656716418
V01_noise_0.1,noise_0.1,0.05,0.9498989898989899,0.2809052959485211,checked,1,10,0.24187614001939364,25,17,0,58,42,0.746268656716418
V01_noise_0.1,noise_0.1,0.05,0.9498989898989899,0.2809052959485211,checked,2,10,0.24187614001939364,25,17,0,58,42,0.746268656716418
V01_noise_0.1,noise_0.1,0.075,0.9248484848484848,0.31133861211203584,original,0,10,0.2527811858755919,25,12,0,63,37,0.8064516129032258
V01_noise_0.1,noise_0.1,0.075,0.9248484848484848,0.31133861211203584,original,1,10,0.25420995244409705,25,18,0,57,43,0.7352941176470589
V01_noise_0.1,noise_0.1,0.075,0.9248484848484848,0.31133861211203584,original,2,10,0.2558494012591372,25,18,0,57,43,0.7352941176470589
V01_noise_0.1,noise_0.1,0.075,0.9248484848484848,0.31133861211203584,checked,0,10,0.26178540401257144,25,8,0,67,33,0.8620689655172413
V01_noise_0.1,noise_0.1,0.075,0.9248484848484848,0.31133861211203584,checked,1,10,0.26178540401257144,25,8,0,67,33,0.8620689655172413
V01_noise_0.1,noise_0.1,0.075,0.9248484848484848,0.31133861211203584,checked,2,10,0.26178540401257144,25,8,0,67,33,0.8620689655172413
V01_noise_0.1,noise_0.1,0.1,0.9,0.3354608402765207,original,0,10,0.29713394686115396,25,2,0,73,27,0.9615384615384616
V01_noise_0.1,noise_0.1,0.1,0.9,0.3354608402765207,original,1,10,0.2883792574999563,25,8,0,67,33,0.8620689655172413
V01_noise_0.1,noise_0.1,0.1,0.9,0.3354608402765207,original,2,10,0.2883792574999563,25,8,0,67,33,0.8620689655172413
V01_noise_0.1,noise_0.1,0.1,0.9,0.3354608402765207,checked,0,10,0.29740410235401055,25,1,0,74,26,0.9803921568627451
V01_noise_0.1,noise_0.1,0.1,0.9,0.3354608402765207,checked,1,10,0.29740410235401055,25,1,0,74,26,0.9803921568627451
V01_noise_0.1,noise_0.1,0.1,0.9,0.3354608402765207,checked,2,10,0.29740410235401055,25,1,0,74,26,0.9803921568627451
V01_noise_0.1,noise_0.1,0.125,0.8749494949494949,0.3559062219361564,original,0,10,0.332233981235242,25,0,0,75,25,1.0
V01_noise_0.1,noise_0.1,0.125,0.8749494949494949,0.3559062219361564,original,1,10,0.332233981235242,25,0,0,75,25,1.0
V01_noise_0.1,noise_0.1,0.125,0.8749494949494949,0.3559062219361564,original,2,10,0.332233981235242,25,0,0,75,25,1.0
V01_noise_0.1,noise_0.1,0.125,0.8749494949494949,0.3559062219361564,checked,0,10,0.33270569450205584,25,1,0,74,26,0.9803921568627451
V01_noise_0.1,noise_0.1,0.125,0.8749494949494949,0.3559062219361564,checked,1,10,0.33270569450205584,25,1,0,74,26,0.9803921568627451
V01_noise_0.1,noise_0.1,0.125,0.8749494949494949,0.3559062219361564,checked,2,10,0.33270569450205584,25,1,0,74,26,0.9803921568627451
V01_noise_0.1,noise_0.1,0.15,0.8498989898989899,0.3733325672351648,original,0,10,0.36863537897818577,25,0,0,75,25,1.0
V01_noise_0.1,noise_0.1,0.15,0.8498989898989899,0.3733325672351648,original,1,10,0.36863537897818577,25,0,0,75,25,1.0
V01_noise_0.1,noise_0.1,0.15,0.8498989898989899,0.3733325672351648,original,2,10,0.36863537897818577,25,0,0,75,25,1.0
V01_noise_0.1,noise_0.1,0.15,0.8498989898989899,0.3733325672351648,checked,0,10,0.3687104850387402,25,1,0,74,26,0.9803921568627451
V01_noise_0.1,noise_0.1,0.15,0.8498989898989899,0.3733325672351648,checked,1,10,0.3687104850387402,25,1,0,74,26,0.9803921568627451
V01_noise_0.1,noise_0.1,0.15,0.8498989898989899,0.3733325672351648,checked,2,10,0.3687104850387402,25,1,0,74,26,0.9803921568627451
V01_noise_0.1,noise_0.1,0.2,0.8,0.4034659869111994,original,0,10,0.43190541194521737,25,1,0,74,26,0.9803921568627451
V01_noise_0.1,noise_0.1,0.2,0.8,0.4034659869111994,original,1,10,0.43190541194521737,25,1,0,74,26,0.9803921568627451
V01_noise_0.1,noise_0.1,0.2,0.8,0.4034659869111994,original,2,10,0.43190541194521737,25,1,0,74,26,0.9803921568627451
V01_noise_0.1,noise_0.1,0.2,0.8,0.4034659869111994,checked,0,10,0.4355345910891667,25,0,0,75,25,1.0
V01_noise_0.1,noise_0.1,0.2,0.8,0.4034659869111994,checked,1,10,0.4355345910891667,25,0,0,75,25,1.0
V01_noise_0.1,noise_0.1,0.2,0.8,0.4034659869111994,checked,2,10,0.4355345910891667,25,0,0,75,25,1.0
V01_noise_0.2,noise_0.2,0.01,0.98989898989899,0.012618320114981967,original,0,10,-0.00010439265472707574,0,2,25,73,2,0.0
V01_noise_0.2,noise_0.2,0.01,0.98989898989899,0.012618320114981967,original,1,10,-0.001435913356677318,25,73,0,2,98,0.4065040650406504
V01_noise_0.2,noise_0.2,0.01,0.98989898989899,0.012618320114981967,original,2,10,-0.00010439265472707574,0,2,25,73,2,0.0
V01_noise_0.2,noise_0.2,0.01,0.98989898989899,0.012618320114981967,checked,0,10,0.22042722145944252,25,70,0,5,95,0.4166666666666667
V01_noise_0.2,noise_0.2,0.01,0.98989898989899,0.012618320114981967,checked,1,10,0.22042722145944252,25,70,0,5,95,0.4166666666666667
V01_noise_0.2,noise_0.2,0.01,0.98989898989899,0.012618320114981967,checked,2,10,0.22042722145944252,25,70,0,5,95,0.4166666666666667
V01_noise_0.2,noise_0.2,0.025,0.9749494949494949,0.09656776971464101,original,0,10,-0.0022785494427772523,25,73,0,2,98,0.4065040650406504
V01_noise_0.2,noise_0.2,0.025,0.9749494949494949,0.09656776971464101,original,1,10,-0.0022785494427772523,25,73,0,2,98,0.4065040650406504
V01_noise_0.2,noise_0.2,0.025,0.9749494949494949,0.09656776971464101,original,2,10,0.04857800826460914,25,72,0,3,97,0.4098360655737705
V01_noise_0.2,noise_0.2,0.025,0.9749494949494949,0.09656776971464101,checked,0,10,0.21257036837647306,25,48,0,27,73,0.5102040816326531
V01_noise_0.2,noise_0.2,0.025,0.9749494949494949,0.09656776971464101,checked,1,10,0.21257036837647306,25,48,0,27,73,0.5102040816326531
V01_noise_0.2,noise_0.2,0.025,0.9749494949494949,0.09656776971464101,checked,2,10,0.21732976497941714,25,71,0,4,96,0.4132231404958678
V01_noise_0.2,noise_0.2,0.05,0.9498989898989899,0.16891830745636524,original,0,10,0.08948420729869531,25,51,0,24,76,0.49504950495049505
V01_noise_0.2,noise_0.2,0.05,0.9498989898989899,0.16891830745636524,original,1,10,0.04522902804035145,25,71,0,4,96,0.4132231404958678
V01_noise_0.2,noise_0.2,0.05,0.9498989898989899,0.16891830745636524,original,2,10,0.09302795753149404,25,50,0,25,75,0.5
V01_noise_0.2,noise_0.2,0.05,0.9498989898989899,0.16891830745636524,checked,0,10,0.23475281614655724,25,30,0,45,55,0.625
V01_noise_0.2,noise_0.2,0.05,0.9498989898989899,0.16891830745636524,checked,1,10,0.23475281614655724,25,30,0,45,55,0.625
V01_noise_0.2,noise_0.2,0.05,0.9498989898989899,0.16891830745636524,checked,2,10,0.23475281614655724,25,30,0,45,55,0.625
V01_noise_0.2,noise_0.2,0.075,0.9248484848484848,0.21633798274771185,original,0,10,0.2425283771270069,25,28,0,47,53,0.6410256410256411
V01_noise_0.2,noise_0.2,0.075,0.9248484848484848,0.21633798274771185,original,1,10,0.2425283771270069,25,28,0,47,53,0.6410256410256411
V01_noise_0.2,noise_0.2,0.075,0.9248484848484848,0.21633798274771185,original,2,10,0.2425283771270069,25,28,0,47,53,0.6410256410256411
V01_noise_0.2,noise_0.2,0.075,0.9248484848484848,0.21633798274771185,checked,0,10,0.24541539842532759,25,19,0,56,44,0.7246376811594203
V01_noise_0.2,noise_0.2,0.075,0.9248484848484848,0.21633798274771185,checked,1,10,0.24541539842532759,25,19,0,56,44,0.7246376811594203
V01_noise_0.2,noise_0.2,0.075,0.9248484848484848,0.21633798274771185,checked,2,10,0.24541539842532759,25,19,0,56,44,0.7246376811594203
V01_noise_0.2,noise_0.2,0.1,0.9,0.25514149452207335,original,0,10,0.26068267283293334,25,5,0,70,30,0.9090909090909091
V01_noise_0.2,noise_0.2,0.1,0.9,0.25514149452207335,original,1,10,0.26068267283293334,25,5,0,70,30,0.9090909090909091
V01_noise_0.2,noise_0.2,0.1,0.9,0.25514149452207335,original,2,10,0.2608259039433673,25,6,0,69,31,0.8928571428571429
V01_noise_0.2,noise_0.2,0.1,0.9,0.25514149452207335,checked,0,10,0.26103021469951215,25,7,0,68,32,0.8771929824561403
V01_noise_0.2,noise_0.2,0.1,0.9,0.25514149452207335,checked,1,10,0.26103021469951215,25,7,0,68,32,0.8771929824561403
V01_noise_0.2,noise_0.2,0.1,0.9,0.25514149452207335,checked,2,10,0.26103021469951215,25,7,0,68,32,0.8771929824561403
V01_noise_0.2,noise_0.2,0.125,0.8749494949494949,0.28326688468488753,original,0,10,0.28682629342966415,25,2,0,73,27,0.9615384615384616
V01_noise_0.2,noise_0.2,0.125,0.8749494949494949,0.28326688468488753,original,1,10,0.28682629342966415,25,2,0,73,27,0.9615384615384616
V01_noise_0.2,noise_0.2,0.125,0.8749494949494949,0.28326688468488753,original,2,10,0.28682629342966415,25,2,0,73,27,0.9615384615384616
V01_noise_0.2,noise_0.2,0.125,0.8749494949494949,0.28326688468488753,checked,0,10,0.2873208881419677,25,1,0,74,26,0.9803921568627451
V01_noise_0.2,noise_0.2,0.125,0.8749494949494949,0.28326688468488753,checked,1,10,0.2873208881419677,25,1,0,74,26,0.9803921568627451
V01_noise_0.2,noise_0.2,0.125,0.8749494949494949,0.28326688468488753,checked,2,10,0.2873208881419677,25,1,0,74,26,0.9803921568627451
V01_noise_0.2,noise_0.2,0.15,0.8498989898989899,0.3114832962840055,original,0,10,0.3039600975237444,25,1,0,74,26,0.9803921568627451
V01_noise_0.2,noise_0.2,0.15,0.8498989898989899,0.3114832962840055,original,1,10,0.3039600975237444,25,1,0,74,26,0.9803921568627451
V01_noise_0.2,noise_0.2,0.15,0.8498989898989899,0.3114832962840055,original,2,10,0.3039600975237444,25,1,0,74,26,0.9803921568627451
V01_noise_0.2,noise_0.2,0.15,0.8498989898989899,0.3114832962840055,checked,0,10,0.30595579559297736,25,0,0,75,25,1.0
V01_noise_0.2,noise_0.2,0.15,0.8498989898989899,0.3114832962840055,checked,1,10,0.30595579559297736,25,0,0,75,25,1.0
V01_noise_0.2,noise_0.2,0.15,0.8498989898989899,0.3114832962840055,checked,2,10,0.30595579559297736,25,0,0,75,25,1.0
V01_noise_0.2,noise_0.2,0.2,0.8,0.35357835397405857,original,0,10,0.344672285061026,25,1,0,74,26,0.9803921568627451
V01_noise_0.2,noise_0.2,0.2,0.8,0.35357835397405857,original,1,10,0.344672285061026,25,1,0,74,26,0.9803921568627451
V01_noise_0.2,noise_0.2,0.2,0.8,0.35357835397405857,original,2,10,0.344672285061026,25,1,0,74,26,0.9803921568627451
V01_noise_0.2,noise_0.2,0.2,0.8,0.35357835397405857,checked,0,10,0.3459854228278427,25,0,0,75,25,1.0
V01_noise_0.2,noise_0.2,0.2,0.8,0.35357835397405857,checked,1,10,0.3459854228278427,25,0,0,75,25,1.0
V01_noise_0.2,noise_0.2,0.2,0.8,0.35357835397405857,checked,2,10,0.3459854228278427,25,0,0,75,25,1.0
V01_overlap_0.75,overlap_0.75,0.01,0.98989898989899,0.3401465379382411,original,0,10,-0.001435913356677318,25,73,0,2,98,0.4065040650406504
V01_overlap_0.75,overlap_0.75,0.01,0.98989898989899,0.3401465379382411,original,1,10,-0.001435913356677318,25,73,0,2,98,0.4065040650406504
V01_overlap_0.75,overlap_0.75,0.01,0.98989898989899,0.3401465379382411,original,2,10,-0.001435913356677318,25,73,0,2,98,0.4065040650406504
V01_overlap_0.75,overlap_0.75,0.01,0.98989898989899,0.3401465379382411,checked,0,10,0.21496923841142188,25,69,0,6,94,0.42016806722689076
V01_overlap_0.75,overlap_0.75,0.01,0.98989898989899,0.3401465379382411,checked,1,10,0.21496923841142188,25,69,0,6,94,0.42016806722689076
V01_overlap_0.75,overlap_0.75,0.01,0.98989898989899,0.3401465379382411,checked,2,10,0.18202912447042227,25,64,0,11,89,0.43859649122807015
V01_overlap_0.75,overlap_0.75,0.025,0.9749494949494949,0.3579977325339983,original,0,10,0.07998614528634936,25,65,0,10,90,0.43478260869565216
V01_overlap_0.75,overlap_0.75,0.025,0.9749494949494949,0.3579977325339983,original,1,10,-0.0022785494427772523,25,73,0,2,98,0.4065040650406504
V01_overlap_0.75,overlap_0.75,0.025,0.9749494949494949,0.3579977325339983,original,2,10,0.0671888736242012,25,59,0,16,84,0.45871559633027525
V01_overlap_0.75,overlap_0.75,0.025,0.9749494949494949,0.3579977325339983,checked,0,10,0.17926743566643277,25,39,0,36,64,0.5617977528089888
V01_overlap_0.75,overlap_0.75,0.025,0.9749494949494949,0.3579977325339983,checked,1,10,0.17926743566643277,25,39,0,36,64,0.5617977528089888
V01_overlap_0.75,overlap_0.75,0.025,0.9749494949494949,0.3579977325339983,checked,2,10,0.18330908369463553,25,42,0,33,67,0.5434782608695652
V01_overlap_0.75,overlap_0.75,0.05,0.9498989898989899,0.38367472264046854,original,0,10,0.22281634784563362,25,15,0,60,40,0.7692307692307693
V01_overlap_0.75,overlap_0.75,0.05,0.9498989898989899,0.38367472264046854,original,1,10,0.21593259601849002,25,25,0,50,50,0.6666666666666666
V01_overlap_0.75,overlap_0.75,0.05,0.9498989898989899,0.38367472264046854,original,2,10,0.23172650281232388,25,19,0,56,44,0.7246376811594203
V01_overlap_0.75,overlap_0.75,0.05,0.9498989898989899,0.38367472264046854,checked,0,10,0.23634130484383137,25,15,0,60,40,0.7692307692307693
V01_overlap_0.75,overlap_0.75,0.05,0.9498989898989899,0.38367472264046854,checked,1,10,0.23634130484383137,25,15,0,60,40,0.7692307692307693
V01_overlap_0.75,overlap_0.75,0.05,0.9498989898989899,0.38367472264046854,checked,2,10,0.23634130484383137,25,15,0,60,40,0.7692307692307693
V01_overlap_0.75,overlap_0.75,0.075,0.9248484848484848,0.40473815115449874,original,0,10,0.22700833813362709,25,9,0,66,34,0.847457627118644
V01_overlap_0.75,overlap_0.75,0.075,0.9248484848484848,0.40473815115449874,original,1,10,0.22540251049071783,25,15,0,60,40,0.7692307692307693
V01_overlap_0.75,overlap_0.75,0.075,0.9248484848484848,0.40473815115449874,original,2,10,0.2197234217916221,25,20,0,55,45,0.7142857142857143
V01_overlap_0.75,overlap_0.75,0.075,0.9248484848484848,0.40473815115449874,checked,0,10,0.23019892707970008,25,15,0,60,40,0.7692307692307693
V01_overlap_0.75,overlap_0.75,0.075,0.9248484848484848,0.40473815115449874,checked,1,10,0.23019892707970008,25,15,0,60,40,0.7692307692307693
V01_overlap_0.75,overlap_0.75,0.075,0.9248484848484848,0.40473815115449874,checked,2,10,0.23019892707970008,25,15,0,60,40,0.7692307692307693
V01_overlap_0.75,overlap_0.75,0.1,0.9,0.41919379935839574,original,0,10,0.21745339172429573,25,13,0,62,38,0.7936507936507936
V01_overlap_0.75,overlap_0.75,0.1,0.9,0.41919379935839574,original,1,10,0.21660497420015146,25,17,0,58,42,0.746268656716418
V01_overlap_0.75,overlap_0.75,0.1,0.9,0.41919379935839574,original,2,10,0.21745339172429573,25,13,0,62,38,0.7936507936507936
V01_overlap_0.75,overlap_0.75,0.1,0.9,0.41919379935839574,checked,0,10,0.22041086063996781,25,14,0,61,39,0.78125
V01_overlap_0.75,overlap_0.75,0.1,0.9,0.41919379935839574,checked,1,10,0.22041086063996781,25,14,0,61,39,0.78125
V01_overlap_0.75,overlap_0.75,0.1,0.9,0.41919379935839574,checked,2,10,0.22041086063996781,25,14,0,61,39,0.78125
V01_overlap_0.75,overlap_0.75,0.125,0.8749494949494949,0.43246503230325006,original,0,10,0.17815523665991492,25,24,0,51,49,0.6756756756756757
V01_overlap_0.75,overlap_0.75,0.125,0.8749494949494949,0.43246503230325006,original,1,10,0.1983555270952402,24,16,1,59,40,0.7384615384615385
V01_overlap_0.75,overlap_0.75,0.125,0.8749494949494949,0.43246503230325006,original,2,10,0.1829980702853951,23,12,2,63,35,0.7666666666666667
V01_overlap_0.75,overlap_0.75,0.125,0.8749494949494949,0.43246503230325006,checked,0,10,0.20381607412677702,23,8,2,67,31,0.8214285714285714
V01_overlap_0.75,overlap_0.75,0.125,0.8749494949494949,0.43246503230325006,checked,1,10,0.20381607412677702,23,8,2,67,31,0.8214285714285714
V01_overlap_0.75,overlap_0.75,0.125,0.8749494949494949,0.43246503230325006,checked,2,10,0.20381607412677702,23,8,2,67,31,0.8214285714285714
V01_overlap_0.75,overlap_0.75,0.15,0.8498989898989899,0.44523613577960297,original,0,10,0.19972692185544277,22,8,3,67,30,0.8
V01_overlap_0.75,overlap_0.75,0.15,0.8498989898989899,0.44523613577960297,original,1,10,0.19685640263634338,25,10,0,65,35,0.8333333333333334
V01_overlap_0.75,overlap_0.75,0.15,0.8498989898989899,0.44523613577960297,original,2,10,0.15687554236012025,24,21,1,54,45,0.6857142857142857
V01_overlap_0.75,overlap_0.75,0.15,0.8498989898989899,0.44523613577960297,checked,0,10,0.20185300919613808,23,5,2,70,28,0.8679245283018868
V01_overlap_0.75,overlap_0.75,0.15,0.8498989898989899,0.44523613577960297,checked,1,10,0.20185300919613808,23,5,2,70,28,0.8679245283018868
V01_overlap_0.75,overlap_0.75,0.15,0.8498989898989899,0.44523613577960297,checked,2,10,0.20185300919613808,23,5,2,70,28,0.8679245283018868
V01_overlap_0.75,overlap_0.75,0.2,0.8,0.46987910255881093,original,0,10,0.0869436824693838,22,37,3,38,59,0.5238095238095238
V01_overlap_0.75,overlap_0.75,0.2,0.8,0.46987910255881093,original,1,10,0.11964821237222419,22,36,3,39,58,0.5301204819277109
V01_overlap_0.75,overlap_0.75,0.2,0.8,0.46987910255881093,original,2,10,0.11182011705969286,25,40,0,35,65,0.5555555555555556
V01_overlap_0.75,overlap_0.75,0.2,0.8,0.46987910255881093,checked,0,10,0.18566436333950334,24,24,1,51,48,0.6575342465753424
V01_overlap_0.75,overlap_0.75,0.2,0.8,0.46987910255881093,checked,1,10,0.18566436333950334,24,24,1,51,48,0.6575342465753424
V01_overlap_0.75,overlap_0.75,0.2,0.8,0.46987910255881093,checked,2,10,0.18566436333950334,24,24,1,51,48,0.6575342465753424
V02_baseline,baseline,0.01,0.98989898989899,0.3046955488640664,original,0,10,-0.001435913356677318,26,72,1,1,98,0.416
V02_baseline,baseline,0.01,0.98989898989899,0.3046955488640664,original,1,10,-0.001435913356677318,27,71,0,2,98,0.432
V02_baseline,baseline,0.01,0.98989898989899,0.3046955488640664,original,2,10,-0.00010439265472707574,1,1,26,72,2,0.06896551724137931
V02_baseline,baseline,0.01,0.98989898989899,0.3046955488640664,checked,0,10,0.2031856384435694,27,63,0,10,90,0.46153846153846156
V02_baseline,baseline,0.01,0.98989898989899,0.3046955488640664,checked,1,10,0.2031856384435694,27,63,0,10,90,0.46153846153846156
V02_baseline,baseline,0.01,0.98989898989899,0.3046955488640664,checked,2,10,0.2031856384435694,27,63,0,10,90,0.46153846153846156
V02_baseline,baseline,0.025,0.9749494949494949,0.3127297582163997,original,0,10,-0.0022785494427772523,27,71,0,2,98,0.432
V02_baseline,baseline,0.025,0.9749494949494949,0.3127297582163997,original,1,10,0.0886796742832764,27,71,0,2,98,0.432
V02_baseline,baseline,0.025,0.9749494949494949,0.3127297582163997,original,2,10,0.0886796742832764,27,71,0,2,98,0.432
V02_baseline,baseline,0.025,0.9749494949494949,0.3127297582163997,checked,0,10,0.20356378108167958,27,52,0,21,79,0.5094339622641509
V02_baseline,baseline,0.025,0.9749494949494949,0.3127297582163997,checked,1,10,0.20356378108167958,27,52,0,21,79,0.5094339622641509
V02_baseline,baseline,0.025,0.9749494949494949,0.3127297582163997,checked,2,10,0.20356378108167958,27,52,0,21,79,0.5094339622641509
V02_baseline,baseline,0.05,0.9498989898989899,0.32544177668789254,original,0,10,0.06189516785886728,27,71,0,2,98,0.432
V02_baseline,baseline,0.05,0.9498989898989899,0.32544177668789254,original,1,10,0.03091528667341667,27,68,0,5,95,0.4426229508196721
V02_baseline,baseline,0.05,0.9498989898989899,0.32544177668789254,original,2,10,0.03206925644959396,27,65,0,8,92,0.453781512605042
V02_baseline,baseline,0.05,0.9498989898989899,0.32544177668789254,checked,0,10,0.2361492810156513,27,14,0,59,41,0.7941176470588235
V02_baseline,baseline,0.05,0.9498989898989899,0.32544177668789254,checked,1,10,0.2361492810156513,27,14,0,59,41,0.7941176470588235
V02_baseline,baseline,0.05,0.9498989898989899,0.32544177668789254,checked,2,10,0.2361492810156513,27,14,0,59,41,0.7941176470588235
V02_baseline,baseline,0.075,0.9248484848484848,0.3386302846233865,original,0,10,0.2780388228639383,27,7,0,66,34,0.8852459016393442
V02_baseline,baseline,0.075,0.9248484848484848,0.3386302846233865,original,1,10,0.2780388228639383,27,7,0,66,34,0.8852459016393442
V02_baseline,baseline,0.075,0.9248484848484848,0.3386302846233865,original,2,10,0.2780388228639383,27,7,0,66,34,0.8852459016393442
V02_baseline,baseline,0.075,0.9248484848484848,0.3386302846233865,checked,0,10,0.2787404172258209,27,6,0,67,33,0.9
V02_baseline,baseline,0.075,0.9248484848484848,0.3386302846233865,checked,1,10,0.2787404172258209,27,6,0,67,33,0.9
V02_baseline,baseline,0.075,0.9248484848484848,0.3386302846233865,checked,2,10,0.2787404172258209,27,6,0,67,33,0.9
V02_baseline,baseline,0.1,0.9,0.3545004853258345,original,0,10,0.31717430609611724,27,2,0,71,29,0.9642857142857143
V02_baseline,baseline,0.1,0.9,0.3545004853258345,original,1,10,0.31717430609611724,27,2,0,71,29,0.9642857142857143
V02_baseline,baseline,0.1,0.9,0.3545004853258345,original,2,10,0.31717430609611724,27,2,0,71,29,0.9642857142857143
V02_baseline,baseline,0.1,0.9,0.3545004853258345,checked,0,10,0.31726495840907387,27,3,0,70,30,0.9473684210526315
V02_baseline,baseline,0.1,0.9,0.3545004853258345,checked,1,10,0.31726495840907387,27,3,0,70,30,0.9473684210526315
V02_baseline,baseline,0.1,0.9,0.3545004853258345,checked,2,10,0.31726495840907387,27,3,0,70,30,0.9473684210526315
V02_baseline,baseline,0.125,0.8749494949494949,0.36694020818690365,original,0,10,0.35942629843321644,27,2,0,71,29,0.9642857142857143
V02_baseline,baseline,0.125,0.8749494949494949,0.36694020818690365,original,1,10,0.35942629843321644,27,2,0,71,29,0.9642857142857143
V02_baseline,baseline,0.125,0.8749494949494949,0.36694020818690365,original,2,10,0.35942629843321644,27,2,0,71,29,0.9642857142857143
V02_baseline,baseline,0.125,0.8749494949494949,0.36694020818690365,checked,0,10,0.35976438984282477,27,1,0,72,28,0.9818181818181818
V02_baseline,baseline,0.125,0.8749494949494949,0.36694020818690365,checked,1,10,0.35976438984282477,27,1,0,72,28,0.9818181818181818
V02_baseline,baseline,0.125,0.8749494949494949,0.36694020818690365,checked,2,10,0.35976438984282477,27,1,0,72,28,0.9818181818181818
V02_baseline,baseline,0.15,0.8498989898989899,0.3825895731372921,original,0,10,0.3950268158688647,27,0,0,73,27,1.0
V02_baseline,baseline,0.15,0.8498989898989899,0.3825895731372921,original,1,10,0.3950268158688647,27,0,0,73,27,1.0
V02_baseline,baseline,0.15,0.8498989898989899,0.3825895731372921,original,2,10,0.3950268158688647,27,0,0,73,27,1.0
V02_baseline,baseline,0.15,0.8498989898989899,0.3825895731372921,checked,0,10,0.3953963123004607,27,1,0,72,28,0.9818181818181818
V02_baseline,baseline,0.15,0.8498989898989899,0.3825895731372921,checked,1,10,0.3953963123004607,27,1,0,72,28,0.9818181818181818
V02_baseline,baseline,0.15,0.8498989898989899,0.3825895731372921,checked,2,10,0.3953963123004607,27,1,0,72,28,0.9818181818181818
V02_baseline,baseline,0.2,0.8,0.4089293645256594,original,0,10,0.46873594126649953,27,1,0,72,28,0.9818181818181818
V02_baseline,baseline,0.2,0.8,0.4089293645256594,original,1,10,0.46873594126649953,27,1,0,72,28,0.9818181818181818
V02_baseline,baseline,0.2,0.8,0.4089293645256594,original,2,10,0.46873594126649953,27,1,0,72,28,0.9818181818181818
V02_baseline,baseline,0.2,0.8,0.4089293645256594,checked,0,10,0.4699897987817438,27,0,0,73,27,1.0
V02_baseline,baseline,0.2,0.8,0.4089293645256594,checked,1,10,0.4699897987817438,27,0,0,73,27,1.0
V02_baseline,baseline,0.2,0.8,0.4089293645256594,checked,2,10,0.4699897987817438,27,0,0,73,27,1.0
V02_noise_0.1,noise_0.1,0.01,0.98989898989899,0.17482662301210575,original,0,10,0.04044953136057983,27,68,0,5,95,0.4426229508196721
V02_noise_0.1,noise_0.1,0.01,0.98989898989899,0.17482662301210575,original,1,10,-0.001435913356677318,27,71,0,2,98,0.432
V02_noise_0.1,noise_0.1,0.01,0.98989898989899,0.17482662301210575,original,2,10,0.14071950894597335,27,71,0,2,98,0.432
V02_noise_0.1,noise_0.1,0.01,0.98989898989899,0.17482662301210575,checked,0,10,0.2291218516531755,27,64,0,9,91,0.4576271186440678
V02_noise_0.1,noise_0.1,0.01,0.98989898989899,0.17482662301210575,checked,1,10,0.2291218516531755,27,64,0,9,91,0.4576271186440678
V02_noise_0.1,noise_0.1,0.01,0.98989898989899,0.17482662301210575,checked,2,10,0.24378260305040494,27,70,0,3,97,0.43548387096774194
V02_noise_0.1,noise_0.1,0.025,0.9749494949494949,0.23022905009532393,original,0,10,-0.0022785494427772523,27,71,0,2,98,0.432
V02_noise_0.1,noise_0.1,0.025,0.9749494949494949,0.23022905009532393,original,1,10,-0.0022785494427772523,27,71,0,2,98,0.432
V02_noise_0.1,noise_0.1,0.025,0.9749494949494949,0.23022905009532393,original,2,10,-0.0022785494427772523,27,71,0,2,98,0.432
V02_noise_0.1,noise_0.1,0.025,0.9749494949494949,0.23022905009532393,checked,0,10,0.20253976209047805,27,37,0,36,64,0.5934065934065934
V02_noise_0.1,noise_0.1,0.025,0.9749494949494949,0.23022905009532393,checked,1,10,0.20253976209047805,27,37,0,36,64,0.5934065934065934
V02_noise_0.1,noise_0.1,0.025,0.9749494949494949,0.23022905009532393,checked,2,10,0.20253976209047805,27,37,0,36,64,0.5934065934065934
V02_noise_0.1,noise_0.1,0.05,0.9498989898989899,0.27253534690478864,original,0,10,0.04530077591195624,26,61,1,12,87,0.45614035087719296
V02_noise_0.1,noise_0.1,0.05,0.9498989898989899,0.27253534690478864,original,1,10,0.10115433779136318,27,58,0,15,85,0.48214285714285715
V02_noise_0.1,noise_0.1,0.05,0.9498989898989899,0.27253534690478864,original,2,10,0.07557170019538759,27,63,0,10,90,0.46153846153846156
V02_noise_0.1,noise_0.1,0.05,0.9498989898989899,0.27253534690478864,checked,0,10,0.2298873305882971,27,29,0,44,56,0.6506024096385542
V02_noise_0.1,noise_0.1,0.05,0.9498989898989899,0.27253534690478864,checked,1,10,0.2298873305882971,27,29,0,44,56,0.6506024096385542
V02_noise_0.1,noise_0.1,0.05,0.9498989898989899,0.27253534690478864,checked,2,10,0.2298873305882971,27,29,0,44,56,0.6506024096385542
V02_noise_0.1,noise_0.1,0.075,0.9248484848484848,0.3021013240847655,original,0,10,0.27257495787554836,27,6,0,67,33,0.9
V02_noise_0.1,noise_0.1,0.075,0.9248484848484848,0.3021013240847655,original,1,10,0.27274545821652707,27,8,0,65,35,0.8709677419354839
V02_noise_0.1,noise_0.1,0.075,0.9248484848484848,0.3021013240847655,original,2,10,0.27257495787554836,27,6,0,67,33,0.9
V02_noise_0.1,noise_0.1,0.075,0.9248484848484848,0.3021013240847655,checked,0,10,0.2733996878884555,27,7,0,66,34,0.8852459016393442
V02_noise_0.1,noise_0.1,0.075,0.9248484848484848,0.3021013240847655,checked,1,10,0.2733996878884555,27,7,0,66,34,0.8852459016393442
V02_noise_0.1,noise_0.1,0.075,0.9248484848484848,0.3021013240847655,checked,2,10,0.2733996878884555,27,7,0,66,34,0.8852459016393442
V02_noise_0.1,noise_0.1,0.1,0.9,0.3256959203472924,original,0,10,0.3131643891054608,27,1,0,72,28,0.9818181818181818
V02_noise_0.1,noise_0.1,0.1,0.9,0.3256959203472924,original,1,10,0.3131643891054608,27,1,0,72,28,0.9818181818181818
V02_noise_0.1,noise_0.1,0.1,0.9,0.3256959203472924,original,2,10,0.3131643891054608,27,1,0,72,28,0.9818181818181818
V02_noise_0.1,noise_0.1,0.1,0.9,0.3256959203472924,checked,0,10,0.3133265325211624,27,0,0,73,27,1.0
V02_noise_0.1,noise_0.1,0.1,0.9,0.3256959203472924,checked,1,10,0.3133265325211624,27,0,0,73,27,1.0
V02_noise_0.1,noise_0.1,0.1,0.9,0.3256959203472924,checked,2,10,0.3133265325211624,27,0,0,73,27,1.0
V02_noise_0.1,noise_0.1,0.125,0.8749494949494949,0.34780569741557754,original,0,10,0.35243151056571415,27,1,0,72,28,0.9818181818181818
V02_noise_0.1,noise_0.1,0.125,0.8749494949494949,0.34780569741557754,original,1,10,0.35243151056571415,27,1,0,72,28,0.9818181818181818
V02_noise_0.1,noise_0.1,0.125,0.8749494949494949,0.34780569741557754,original,2,10,0.35243151056571415,27,1,0,72,28,0.9818181818181818
V02_noise_0.1,noise_0.1,0.125,0.8749494949494949,0.34780569741557754,checked,0,10,0.3529132503028005,27,0,0,73,27,1.0
V02_noise_0.1,noise_0.1,0.125,0.8749494949494949,0.34780569741557754,checked,1,10,0.3529132503028005,27,0,0,73,27,1.0
V02_noise_0.1,noise_0.1,0.125,0.8749494949494949,0.34780569741557754,checked,2,10,0.3529132503028005,27,0,0,73,27,1.0
V02_noise_0.1,noise_0.1,0.15,0.8498989898989899,0.364995245179566,original,0,10,0.388605319209081,27,1,0,72,28,0.9818181818181818
V02_noise_0.1,noise_0.1,0.15,0.8498989898989899,0.364995245179566,original,1,10,0.388605319209081,27,1,0,72,28,0.9818181818181818
V02_noise_0.1,noise_0.1,0.15,0.8498989898989899,0.364995245179566,original,2,10,0.388605319209081,27,1,0,72,28,0.9818181818181818
V02_noise_0.1,noise_0.1,0.15,0.8498989898989899,0.364995245179566,checked,0,10,0.38935984797399387,27,0,0,73,27,1.0
V02_noise_0.1,noise_0.1,0.15,0.8498989898989899,0.364995245179566,checked,1,10,0.38935984797399387,27,0,0,73,27,1.0
V02_noise_0.1,noise_0.1,0.15,0.8498989898989899,0.364995245179566,checked,2,10,0.38935984797399387,27,0,0,73,27,1.0
V02_noise_0.1,noise_0.1,0.2,0.8,0.40019940973026846,original,0,10,0.4606508021329678,27,1,0,72,28,0.9818181818181818
V02_noise_0.1,noise_0.1,0.2,0.8,0.40019940973026846,original,1,10,0.4606508021329678,27,1,0,72,28,0.9818181818181818
V02_noise_0.1,noise_0.1,0.2,0.8,0.40019940973026846,original,2,10,0.4606508021329678,27,1,0,72,28,0.9818181818181818
V02_noise_0.1,noise_0.1,0.2,0.8,0.40019940973026846,checked,0,10,0.46189350595173956,27,0,0,73,27,1.0
V02_noise_0.1,noise_0.1,0.2,0.8,0.40019940973026846,checked,1,10,0.46189350595173956,27,0,0,73,27,1.0
V02_noise_0.1,noise_0.1,0.2,0.8,0.40019940973026846,checked,2,10,0.46189350595173956,27,0,0,73,27,1.0
V02_noise_0.2,noise_0.2,0.01,1.0,0.0,original,0,10,0.0,16,36,11,37,52,0.4050632911392405
V02_noise_0.2,noise_0.2,0.01,1.0,0.0,original,1,10,0.0,11,39,16,34,50,0.2857142857142857
V02_noise_0.2,noise_0.2,0.01,1.0,0.0,original,2,10,0.0,13,42,14,31,55,0.3170731707317073
V02_noise_0.2,noise_0.2,0.01,1.0,0.0,checked,0,10,0.0,15,36,12,37,51,0.38461538461538464
V02_noise_0.2,noise_0.2,0.01,1.0,0.0,checked,1,10,0.0,12,39,15,34,51,0.3076923076923077
V02_noise_0.2,noise_0.2,0.01,1.0,0.0,checked,2,10,0.0,14,42,13,31,56,0.3373493975903614
V02_noise_0.2,noise_0.2,0.025,0.9749494949494949,0.07661455273400208,original,0,10,-0.0022785494427772523,27,71,0,2,98,0.432
V02_noise_0.2,noise_0.2,0.025,0.9749494949494949,0.07661455273400208,original,1,10,0.0886796742832764,27,71,0,2,98,0.432
V02_noise_0.2,noise_0.2,0.025,0.9749494949494949,0.07661455273400208,original,2,10,-0.0022785494427772523,27,71,0,2,98,0.432
V02_noise_0.2,noise_0.2,0.025,0.9749494949494949,0.07661455273400208,checked,0,10,0.1924249901379858,27,46,0,27,73,0.54
V02_noise_0.2,noise_0.2,0.025,0.9749494949494949,0.07661455273400208,checked,1,10,0.1924249901379858,27,46,0,27,73,0.54
V02_noise_0.2,noise_0.2,0.025,0.9749494949494949,0.07661455273400208,checked,2,10,0.1924249901379858,27,46,0,27,73,0.54
V02_noise_0.2,noise_0.2,0.05,0.9498989898989899,0.1624511943723675,original,0,10,0.08146030169710632,27,65,0,8,92,0.453781512605042
V02_noise_0.2,noise_0.2,0.05,0.9498989898989899,0.1624511943723675,original,1,10,0.08146030169710632,27,65,0,8,92,0.453781512605042
V02_noise_0.2,noise_0.2,0.05,0.9498989898989899,0.1624511943723675,original,2,10,0.08146030169710632,27,65,0,8,92,0.453781512605042
V02_noise_0.2,noise_0.2,0.05,0.9498989898989899,0.1624511943723675,checked,0,10,0.21634614026429808,27,41,0,32,68,0.5684210526315789
V02_noise_0.2,noise_0.2,0.05,0.9498989898989899,0.1624511943723675,checked,1,10,0.21634614026429808,27,41,0,32,68,0.5684210526315789
V02_noise_0.2,noise_0.2,0.05,0.9498989898989899,0.1624511943723675,checked,2,10,0.21634614026429808,27,41,0,32,68,0.5684210526315789
V02_noise_0.2,noise_0.2,0.075,0.9248484848484848,0.20829537630153852,original,0,10,0.06937109549166913,27,59,0,14,86,0.4778761061946903
V02_noise_0.2,noise_0.2,0.075,0.9248484848484848,0.20829537630153852,original,1,10,0.06024009279428779,27,65,0,8,92,0.453781512605042
V02_noise_0.2,noise_0.2,0.075,0.9248484848484848,0.20829537630153852,original,2,10,0.09272275305854871,26,57,1,16,83,0.4727272727272727
V02_noise_0.2,noise_0.2,0.075,0.9248484848484848,0.20829537630153852,checked,0,10,0.2456918213043728,27,5,0,68,32,0.9152542372881356
V02_noise_0.2,noise_0.2,0.075,0.9248484848484848,0.20829537630153852,checked,1,10,0.2456918213043728,27,5,0,68,32,0.9152542372881356
V02_noise_0.2,noise_0.2,0.075,0.9248484848484848,0.20829537630153852,checked,2,10,0.2456918213043728,27,5,0,68,32,0.9152542372881356
V02_noise_0.2,noise_0.2,0.1,0.9,0.24591162174481587,original,0,10,0.27889755340178957,27,6,0,67,33,0.9
V02_noise_0.2,noise_0.2,0.1,0.9,0.24591162174481587,original,1,10,0.27889755340178957,27,6,0,67,33,0.9
V02_noise_0.2,noise_0.2,0.1,0.9,0.24591162174481587,original,2,10,0.27970678633844037,27,4,0,69,31,0.9310344827586207
V02_noise_0.2,noise_0.2,0.1,0.9,0.24591162174481587,checked,0,10,0.2799454476487521,27,5,0,68,32,0.9152542372881356
V02_noise_0.2,noise_0.2,0.1,0.9,0.24591162174481587,checked,1,10,0.2799454476487521,27,5,0,68,32,0.9152542372881356
V02_noise_0.2,noise_0.2,0.1,0.9,0.24591162174481587,checked,2,10,0.2799454476487521,27,5,0,68,32,0.9152542372881356
V02_noise_0.2,noise_0.2,0.125,0.8749494949494949,0.2779709937860971,original,0,10,0.30354564871830986,27,1,0,72,28,0.9818181818181818
V02_noise_0.2,noise_0.2,0.125,0.8749494949494949,0.2779709937860971,original,1,10,0.30354564871830986,27,1,0,72,28,0.9818181818181818
V02_noise_0.2,noise_0.2,0.125,0.8749494949494949,0.2779709937860971,original,2,10,0.30354564871830986,27,1,0,72,28,0.9818181818181818
V02_noise_0.2,noise_0.2,0.125,0.8749494949494949,0.2779709937860971,checked,0,10,0.3039599489152921,27,0,0,73,27,1.0
V02_noise_0.2,noise_0.2,0.125,0.8749494949494949,0.2779709937860971,checked,1,10,0.3039599489152921,27,0,0,73,27,1.0
V02_noise_0.2,noise_0.2,0.125,0.8749494949494949,0.2779709937860971,checked,2,10,0.3039599489152921,27,0,0,73,27,1.0
V02_noise_0.2,noise_0.2,0.15,0.8498989898989899,0.30971037317302,original,0,10,0.32635454920476664,27,1,0,72,28,0.9818181818181818
V02_noise_0.2,noise_0.2,0.15,0.8498989898989899,0.30971037317302,original,1,10,0.32635454920476664,27,1,0,72,28,0.9818181818181818
V02_noise_0.2,noise_0.2,0.15,0.8498989898989899,0.30971037317302,original,2,10,0.32635454920476664,27,1,0,72,28,0.9818181818181818
V02_noise_0.2,noise_0.2,0.15,0.8498989898989899,0.30971037317302,checked,0,10,0.32702320113041417,27,0,0,73,27,1.0
V02_noise_0.2,noise_0.2,0.15,0.8498989898989899,0.30971037317302,checked,1,10,0.32702320113041417,27,0,0,73,27,1.0
V02_noise_0.2,noise_0.2,0.15,0.8498989898989899,0.30971037317302,checked,2,10,0.32702320113041417,27,0,0,73,27,1.0
V02_noise_0.2,noise_0.2,0.2,0.8,0.3549718435395161,original,0,10,0.37373555644750217,27,1,0,72,28,0.9818181818181818
V02_noise_0.2,noise_0.2,0.2,0.8,0.3549718435395161,original,1,10,0.37373555644750217,27,1,0,72,28,0.9818181818181818
V02_noise_0.2,noise_0.2,0.2,0.8,0.3549718435395161,original,2,10,0.37373555644750217,27,1,0,72,28,0.9818181818181818
V02_noise_0.2,noise_0.2,0.2,0.8,0.3549718435395161,checked,0,10,0.3748583580291944,27,0,0,73,27,1.0
V02_noise_0.2,noise_0.2,0.2,0.8,0.3549718435395161,checked,1,10,0.3748583580291944,27,0,0,73,27,1.0
V02_noise_0.2,noise_0.2,0.2,0.8,0.3549718435395161,checked,2,10,0.3748583580291944,27,0,0,73,27,1.0
V02_overlap_0.75,overlap_0.75,0.01,0.98989898989899,0.33990200472078397,original,0,10,-0.001435913356677318,27,71,0,2,98,0.432
V02_overlap_0.75,overlap_0.75,0.01,0.98989898989899,0.33990200472078397,original,1,10,-0.001435913356677318,27,71,0,2,98,0.432
V02_overlap_0.75,overlap_0.75,0.01,0.98989898989899,0.33990200472078397,original,2,10,-0.001435913356677318,27,71,0,2,98,0.432
V02_overlap_0.75,overlap_0.75,0.01,0.98989898989899,0.33990200472078397,checked,0,10,0.2348269500621875,27,65,0,8,92,0.453781512605042
V02_overlap_0.75,overlap_0.75,0.01,0.98989898989899,0.33990200472078397,checked,1,10,0.2348269500621875,27,65,0,8,92,0.453781512605042
V02_overlap_0.75,overlap_0.75,0.01,0.98989898989899,0.33990200472078397,checked,2,10,0.2348269500621875,27,65,0,8,92,0.453781512605042
V02_overlap_0.75,overlap_0.75,0.025,0.9749494949494949,0.36124168066347917,original,0,10,0.0886796742832764,27,71,0,2,98,0.432
V02_overlap_0.75,overlap_0.75,0.025,0.9749494949494949,0.36124168066347917,original,1,10,-0.0022785494427772523,27,71,0,2,98,0.432
V02_overlap_0.75,overlap_0.75,0.025,0.9749494949494949,0.36124168066347917,original,2,10,-0.0022785494427772523,27,71,0,2,98,0.432
V02_overlap_0.75,overlap_0.75,0.025,0.9749494949494949,0.36124168066347917,checked,0,10,0.21198545058668533,27,65,0,8,92,0.453781512605042
V02_overlap_0.75,overlap_0.75,0.025,0.9749494949494949,0.36124168066347917,checked,1,10,0.21038507238597975,27,55,0,18,82,0.4954128440366973
V02_overlap_0.75,overlap_0.75,0.025,0.9749494949494949,0.36124168066347917,checked,2,10,0.21038507238597975,27,55,0,18,82,0.4954128440366973
V02_overlap_0.75,overlap_0.75,0.05,0.9498989898989899,0.38621359454993515,original,0,10,0.06189516785886728,27,71,0,2,98,0.432
V02_overlap_0.75,overlap_0.75,0.05,0.9498989898989899,0.38621359454993515,original,1,10,0.06189516785886728,27,71,0,2,98,0.432
V02_overlap_0.75,overlap_0.75,0.05,0.9498989898989899,0.38621359454993515,original,2,10,0.06189516785886728,27,71,0,2,98,0.432
V02_overlap_0.75,overlap_0.75,0.05,0.9498989898989899,0.38621359454993515,checked,0,10,0.2183135301932468,27,15,0,58,42,0.782608695652174
V02_overlap_0.75,overlap_0.75,0.05,0.9498989898989899,0.38621359454993515,checked,1,10,0.2183135301932468,27,15,0,58,42,0.782608695652174
V02_overlap_0.75,overlap_0.75,0.05,0.9498989898989899,0.38621359454993515,checked,2,10,0.2183135301932468,27,15,0,58,42,0.782608695652174
V02_overlap_0.75,overlap_0.75,0.075,0.9248484848484848,0.40390701148709124,original,0,10,0.049866363366239216,27,71,0,2,98,0.432
V02_overlap_0.75,overlap_0.75,0.075,0.9248484848484848,0.40390701148709124,original,1,10,-0.0040520504963352435,27,71,0,2,98,0.432
V02_overlap_0.75,overlap_0.75,0.075,0.9248484848484848,0.40390701148709124,original,2,10,0.038729707062403564,26,65,1,8,91,0.4406779661016949
V02_overlap_0.75,overlap_0.75,0.075,0.9248484848484848,0.40390701148709124,checked,0,10,0.22301307539568582,27,20,0,53,47,0.7297297297297297
V02_overlap_0.75,overlap_0.75,0.075,0.9248484848484848,0.40390701148709124,checked,1,10,0.22301307539568582,27,20,0,53,47,0.7297297297297297
V02_overlap_0.75,overlap_0.75,0.075,0.9248484848484848,0.40390701148709124,checked,2,10,0.22301307539568582,27,20,0,53,47,0.7297297297297297
V02_overlap_0.75,overlap_0.75,0.1,0.9,0.4224454547171809,original,0,10,0.025832808609735507,26,62,1,11,88,0.45217391304347826
V02_overlap_0.75,overlap_0.75,0.1,0.9,0.4224454547171809,original,1,10,0.0696905639604402,27,54,0,19,81,0.5
V02_overlap_0.75,overlap_0.75,0.1,0.9,0.4224454547171809,original,2,10,0.056797451380624864,26,53,1,20,79,0.49056603773584906
V02_overlap_0.75,overlap_0.75,0.1,0.9,0.4224454547171809,checked,0,10,0.21468151929951187,26,12,1,61,38,0.8
V02_overlap_0.75,overlap_0.75,0.1,0.9,0.4224454547171809,checked,1,10,0.21468151929951187,26,12,1,61,38,0.8
V02_overlap_0.75,overlap_0.75,0.1,0.9,0.4224454547171809,checked,2,10,0.21468151929951187,26,12,1,61,38,0.8
V02_overlap_0.75,overlap_0.75,0.125,0.8749494949494949,0.4363277642339382,original,0,10,0.05387744160294685,27,63,0,10,90,0.46153846153846156
V02_overlap_0.75,overlap_0.75,0.125,0.8749494949494949,0.4363277642339382,original,1,10,0.05387744160294685,27,63,0,10,90,0.46153846153846156
V02_overlap_0.75,overlap_0.75,0.125,0.8749494949494949,0.4363277642339382,original,2,10,0.015268200063376352,26,64,1,9,90,0.4444444444444444
V02_overlap_0.75,overlap_0.75,0.125,0.8749494949494949,0.4363277642339382,checked,0,10,0.20167017703881354,26,15,1,58,41,0.7647058823529411
V02_overlap_0.75,overlap_0.75,0.125,0.8749494949494949,0.4363277642339382,checked,1,10,0.20167017703881354,26,15,1,58,41,0.7647058823529411
V02_overlap_0.75,overlap_0.75,0.125,0.8749494949494949,0.4363277642339382,checked,2,10,0.20167017703881354,26,15,1,58,41,0.7647058823529411
V02_overlap_0.75,overlap_0.75,0.15,0.8498989898989899,0.4499367004079167,original,0,10,0.05196057983155397,26,60,1,13,86,0.46017699115044247
V02_overlap_0.75,overlap_0.75,0.15,0.8498989898989899,0.4499367004079167,original,1,10,0.05617104801899486,27,59,0,14,86,0.4778761061946903
V02_overlap_0.75,overlap_0.75,0.15,0.8498989898989899,0.4499367004079167,original,2,10,0.0393291752692313,25,61,2,12,86,0.4424778761061947
V02_overlap_0.75,overlap_0.75,0.15,0.8498989898989899,0.4499367004079167,checked,0,10,0.1917480723411183,25,17,2,56,42,0.7246376811594203
V02_overlap_0.75,overlap_0.75,0.15,0.8498989898989899,0.4499367004079167,checked,1,10,0.1917480723411183,26,16,1,57,42,0.7536231884057971
V02_overlap_0.75,overlap_0.75,0.15,0.8498989898989899,0.4499367004079167,checked,2,10,0.1917480723411183,25,17,2,56,42,0.7246376811594203
V02_overlap_0.75,overlap_0.75,0.2,0.8,0.4801198238080065,original,0,10,0.06177727334855301,24,54,3,19,78,0.45714285714285713
V02_overlap_0.75,overlap_0.75,0.2,0.8,0.4801198238080065,original,1,10,0.04597310703061417,26,58,1,15,84,0.46846846846846846
V02_overlap_0.75,overlap_0.75,0.2,0.8,0.4801198238080065,original,2,10,0.03505084307229466,25,60,2,13,85,0.44642857142857145
V02_overlap_0.75,overlap_0.75,0.2,0.8,0.4801198238080065,checked,0,10,0.18379437024204806,25,11,2,62,36,0.7936507936507936
V02_overlap_0.75,overlap_0.75,0.2,0.8,0.4801198238080065,checked,1,10,0.18379437024204806,25,11,2,62,36,0.7936507936507936
V02_overlap_0.75,overlap_0.75,0.2,0.8,0.4801198238080065,checked,2,10,0.18379437024204806,25,11,2,62,36,0.7936507936507936
V03_baseline,baseline,0.01,0.98989898989899,0.3052855382329856,original,0,10,-0.001435913356677318,25,73,0,2,98,0.4065040650406504
V03_baseline,baseline,0.01,0.98989898989899,0.3052855382329856,original,1,10,-0.001435913356677318,25,73,0,2,98,0.4065040650406504
V03_baseline,baseline,0.01,0.98989898989899,0.3052855382329856,original,2,10,-0.001435913356677318,25,73,0,2,98,0.4065040650406504
V03_baseline,baseline,0.01,0.98989898989899,0.3052855382329856,checked,0,10,0.18202912447042227,25,64,0,11,89,0.43859649122807015
V03_baseline,baseline,0.01,0.98989898989899,0.3052855382329856,checked,1,10,0.18202912447042227,25,64,0,11,89,0.43859649122807015
V03_baseline,baseline,0.01,0.98989898989899,0.3052855382329856,checked,2,10,0.18202912447042227,25,64,0,11,89,0.43859649122807015
V03_baseline,baseline,0.025,0.9749494949494949,0.3137729751993336,original,0,10,0.039619738768941024,25,67,0,8,92,0.42735042735042733
V03_baseline,baseline,0.025,0.9749494949494949,0.3137729751993336,original,1,10,0.11775312360656581,25,53,0,22,78,0.4854368932038835
V03_baseline,baseline,0.025,0.9749494949494949,0.3137729751993336,original,2,10,0.09277527276736264,25,66,0,9,91,0.43103448275862066
V03_baseline,baseline,0.025,0.9749494949494949,0.3137729751993336,checked,0,10,0.19651760305779517,25,44,0,31,69,0.5319148936170213
V03_baseline,baseline,0.025,0.9749494949494949,0.3137729751993336,checked,1,10,0.19651760305779517,25,44,0,31,69,0.5319148936170213
V03_baseline,baseline,0.025,0.9749494949494949,0.3137729751993336,checked,2,10,0.19651760305779517,25,44,0,31,69,0.5319148936170213
V03_baseline,baseline,0.05,0.9498989898989899,0.3270141618700065,original,0,10,0.2075066501850088,25,5,0,70,30,0.9090909090909091
V03_baseline,baseline,0.05,0.9498989898989899,0.3270141618700065,original,1,10,0.20672090526565498,25,6,0,69,31,0.8928571428571429
V03_baseline,baseline,0.05,0.9498989898989899,0.3270141618700065,original,2,10,0.05624874015782776,25,68,0,7,93,0.423728813559322
V03_baseline,baseline,0.05,0.9498989898989899,0.3270141618700065,checked,0,10,0.2085755193444545,25,6,0,69,31,0.8928571428571429
V03_baseline,baseline,0.05,0.9498989898989899,0.3270141618700065,checked,1,10,0.2085755193444545,25,6,0,69,31,0.8928571428571429
V03_baseline,baseline,0.05,0.9498989898989899,0.3270141618700065,checked,2,10,0.2085755193444545,25,6,0,69,31,0.8928571428571429
V03_baseline,baseline,0.075,0.9248484848484848,0.33742059251061274,original,0,10,0.24968033242661403,25,6,0,69,31,0.8928571428571429
V03_baseline,baseline,0.075,0.9248484848484848,0.33742059251061274,original,1,10,0.24968033242661403,25,6,0,69,31,0.8928571428571429
V03_baseline,baseline,0.075,0.9248484848484848,0.33742059251061274,original,2,10,0.24968033242661403,25,6,0,69,31,0.8928571428571429
V03_baseline,baseline,0.075,0.9248484848484848,0.33742059251061274,checked,0,10,0.2524203643516579,25,1,0,74,26,0.9803921568627451
V03_baseline,baseline,0.075,0.9248484848484848,0.33742059251061274,checked,1,10,0.2524203643516579,25,1,0,74,26,0.9803921568627451
V03_baseline,baseline,0.075,0.9248484848484848,0.33742059251061274,checked,2,10,0.2524203643516579,25,1,0,74,26,0.9803921568627451
V03_baseline,baseline,0.1,0.9,0.35110403340497864,original,0,10,0.29469919919481075,25,1,0,74,26,0.9803921568627451
V03_baseline,baseline,0.1,0.9,0.35110403340497864,original,1,10,0.29469919919481075,25,1,0,74,26,0.9803921568627451
V03_baseline,baseline,0.1,0.9,0.35110403340497864,original,2,10,0.29469919919481075,25,1,0,74,26,0.9803921568627451
V03_baseline,baseline,0.1,0.9,0.35110403340497864,checked,0,10,0.2951052135884541,25,0,0,75,25,1.0
V03_baseline,baseline,0.1,0.9,0.35110403340497864,checked,1,10,0.2951052135884541,25,0,0,75,25,1.0
V03_baseline,baseline,0.1,0.9,0.35110403340497864,checked,2,10,0.2951052135884541,25,0,0,75,25,1.0
V03_baseline,baseline,0.125,0.8749494949494949,0.3655556981760458,original,0,10,0.33469511179941797,25,0,0,75,25,1.0
V03_baseline,baseline,0.125,0.8749494949494949,0.3655556981760458,original,1,10,0.33469511179941797,25,0,0,75,25,1.0
V03_baseline,baseline,0.125,0.8749494949494949,0.3655556981760458,original,2,10,0.33469511179941797,25,0,0,75,25,1.0
V03_baseline,baseline,0.125,0.8749494949494949,0.3655556981760458,checked,0,10,0.33515892727827684,25,1,0,74,26,0.9803921568627451
V03_baseline,baseline,0.125,0.8749494949494949,0.3655556981760458,checked,1,10,0.33515892727827684,25,1,0,74,26,0.9803921568627451
V03_baseline,baseline,0.125,0.8749494949494949,0.3655556981760458,checked,2,10,0.33515892727827684,25,1,0,74,26,0.9803921568627451
V03_baseline,baseline,0.15,0.8498989898989899,0.37853826596351114,original,0,10,0.3698464567495296,25,1,0,74,26,0.9803921568627451
V03_baseline,baseline,0.15,0.8498989898989899,0.37853826596351114,original,1,10,0.3698464567495296,25,1,0,74,26,0.9803921568627451
V03_baseline,baseline,0.15,0.8498989898989899,0.37853826596351114,original,2,10,0.3698464567495296,25,1,0,74,26,0.9803921568627451
V03_baseline,baseline,0.15,0.8498989898989899,0.37853826596351114,checked,0,10,0.3720542653446517,25,0,0,75,25,1.0
V03_baseline,baseline,0.15,0.8498989898989899,0.37853826596351114,checked,1,10,0.3720542653446517,25,0,0,75,25,1.0
V03_baseline,baseline,0.15,0.8498989898989899,0.37853826596351114,checked,2,10,0.3720542653446517,25,0,0,75,25,1.0
V03_baseline,baseline,0.2,0.8,0.405162688859177,original,0,10,0.43900578273811675,25,1,0,74,26,0.9803921568627451
V03_baseline,baseline,0.2,0.8,0.405162688859177,original,1,10,0.43900578273811675,25,1,0,74,26,0.9803921568627451
V03_baseline,baseline,0.2,0.8,0.405162688859177,original,2,10,0.43900578273811675,25,1,0,74,26,0.9803921568627451
V03_baseline,baseline,0.2,0.8,0.405162688859177,checked,0,10,0.44265782038268114,25,0,0,75,25,1.0
V03_baseline,baseline,0.2,0.8,0.405162688859177,checked,1,10,0.44265782038268114,25,0,0,75,25,1.0
V03_baseline,baseline,0.2,0.8,0.405162688859177,checked,2,10,0.44265782038268114,25,0,0,75,25,1.0
V03_noise_0.1,noise_0.1,0.01,0.98989898989899,0.1827405945840765,original,0,10,-0.001435913356677318,25,73,0,2,98,0.4065040650406504
V03_noise_0.1,noise_0.1,0.01,0.98989898989899,0.1827405945840765,original,1,10,-0.0024875775821447035,25,72,0,3,97,0.4098360655737705
V03_noise_0.1,noise_0.1,0.01,0.98989898989899,0.1827405945840765,original,2,10,-0.001435913356677318,25,73,0,2,98,0.4065040650406504
V03_noise_0.1,noise_0.1,0.01,0.98989898989899,0.1827405945840765,checked,0,10,0.21496923841142188,25,69,0,6,94,0.42016806722689076
V03_noise_0.1,noise_0.1,0.01,0.98989898989899,0.1827405945840765,checked,1,10,0.21496923841142188,25,69,0,6,94,0.42016806722689076
V03_noise_0.1,noise_0.1,0.01,0.98989898989899,0.1827405945840765,checked,2,10,0.21496923841142188,25,69,0,6,94,0.42016806722689076
V03_noise_0.1,noise_0.1,0.025,0.9749494949494949,0.22298648284742265,original,0,10,0.12320246419374918,25,66,0,9,91,0.43103448275862066
V03_noise_0.1,noise_0.1,0.025,0.9749494949494949,0.22298648284742265,original,1,10,0.12320246419374918,25,66,0,9,91,0.43103448275862066
V03_noise_0.1,noise_0.1,0.025,0.9749494949494949,0.22298648284742265,original,2,10,0.10798886848055592,25,66,0,9,91,0.43103448275862066
V03_noise_0.1,noise_0.1,0.025,0.9749494949494949,0.22298648284742265,checked,0,10,0.19208669235753062,25,44,0,31,69,0.5319148936170213
V03_noise_0.1,noise_0.1,0.025,0.9749494949494949,0.22298648284742265,checked,1,10,0.19208669235753062,25,44,0,31,69,0.5319148936170213
V03_noise_0.1,noise_0.1,0.025,0.9749494949494949,0.22298648284742265,checked,2,10,0.1928357435794402,25,34,0,41,59,0.5952380952380952
V03_noise_0.1,noise_0.1,0.05,0.9498989898989899,0.2695335306807057,original,0,10,0.06902021046064567,25,60,0,15,85,0.45454545454545453
V03_noise_0.1,noise_0.1,0.05,0.9498989898989899,0.2695335306807057,original,1,10,0.07363838256541624,25,42,0,33,67,0.5434782608695652
V03_noise_0.1,noise_0.1,0.05,0.9498989898989899,0.2695335306807057,original,2,10,0.04441701776147204,25,67,0,8,92,0.42735042735042733
V03_noise_0.1,noise_0.1,0.05,0.9498989898989899,0.2695335306807057,checked,0,10,0.21536201402446553,25,10,0,65,35,0.8333333333333334
V03_noise_0.1,noise_0.1,0.05,0.9498989898989899,0.2695335306807057,checked,1,10,0.21536201402446553,25,10,0,65,35,0.8333333333333334
V03_noise_0.1,noise_0.1,0.05,0.9498989898989899,0.2695335306807057,checked,2,10,0.21536201402446553,25,10,0,65,35,0.8333333333333334
V03_noise_0.1,noise_0.1,0.075,0.9248484848484848,0.2965919049035929,original,0,10,0.25900951052868626,25,3,0,72,28,0.9433962264150944
V03_noise_0.1,noise_0.1,0.075,0.9248484848484848,0.2965919049035929,original,1,10,0.25938745373954863,25,4,0,71,29,0.9259259259259259
V03_noise_0.1,noise_0.1,0.075,0.9248484848484848,0.2965919049035929,original,2,10,0.25900951052868626,25,3,0,72,28,0.9433962264150944
V03_noise_0.1,noise_0.1,0.075,0.9248484848484848,0.2965919049035929,checked,0,10,0.25938745373954863,25,4,0,71,29,0.9259259259259259
V03_noise_0.1,noise_0.1,0.075,0.9248484848484848,0.2965919049035929,checked,1,10,0.25938745373954863,25,4,0,71,29,0.9259259259259259
V03_noise_0.1,noise_0.1,0.075,0.9248484848484848,0.2965919049035929,checked,2,10,0.25938745373954863,25,4,0,71,29,0.9259259259259259
V03_noise_0.1,noise_0.1,0.1,0.9,0.32124240510879704,original,0,10,0.29975139382598276,25,5,0,70,30,0.9090909090909091
V03_noise_0.1,noise_0.1,0.1,0.9,0.32124240510879704,original,1,10,0.29975139382598276,25,5,0,70,30,0.9090909090909091
V03_noise_0.1,noise_0.1,0.1,0.9,0.32124240510879704,original,2,10,0.29975139382598276,25,5,0,70,30,0.9090909090909091
V03_noise_0.1,noise_0.1,0.1,0.9,0.32124240510879704,checked,0,10,0.29975139382598276,25,5,0,70,30,0.9090909090909091
V03_noise_0.1,noise_0.1,0.1,0.9,0.32124240510879704,checked,1,10,0.29975139382598276,25,5,0,70,30,0.9090909090909091
V03_noise_0.1,noise_0.1,0.1,0.9,0.32124240510879704,checked,2,10,0.29975139382598276,25,5,0,70,30,0.9090909090909091
V03_noise_0.1,noise_0.1,0.125,0.8749494949494949,0.34264257605549986,original,0,10,0.3374392653784669,25,4,0,71,29,0.9259259259259259
V03_noise_0.1,noise_0.1,0.125,0.8749494949494949,0.34264257605549986,original,1,10,0.3374392653784669,25,4,0,71,29,0.9259259259259259
V03_noise_0.1,noise_0.1,0.125,0.8749494949494949,0.34264257605549986,original,2,10,0.3374392653784669,25,4,0,71,29,0.9259259259259259
V03_noise_0.1,noise_0.1,0.125,0.8749494949494949,0.34264257605549986,checked,0,10,0.33776575201149284,25,3,0,72,28,0.9433962264150944
V03_noise_0.1,noise_0.1,0.125,0.8749494949494949,0.34264257605549986,checked,1,10,0.33776575201149284,25,3,0,72,28,0.9433962264150944
V03_noise_0.1,noise_0.1,0.125,0.8749494949494949,0.34264257605549986,checked,2,10,0.33776575201149284,25,3,0,72,28,0.9433962264150944
V03_noise_0.1,noise_0.1,0.15,0.8498989898989899,0.3620881316978609,original,0,10,0.37091463655582974,25,0,0,75,25,1.0
V03_noise_0.1,noise_0.1,0.15,0.8498989898989899,0.3620881316978609,original,1,10,0.37091463655582974,25,0,0,75,25,1.0
V03_noise_0.1,noise_0.1,0.15,0.8498989898989899,0.3620881316978609,original,2,10,0.37091463655582974,25,0,0,75,25,1.0
V03_noise_0.1,noise_0.1,0.15,0.8498989898989899,0.3620881316978609,checked,0,10,0.370982428460319,25,1,0,74,26,0.9803921568627451
V03_noise_0.1,noise_0.1,0.15,0.8498989898989899,0.3620881316978609,checked,1,10,0.370982428460319,25,1,0,74,26,0.9803921568627451
V03_noise_0.1,noise_0.1,0.15,0.8498989898989899,0.3620881316978609,checked,2,10,0.370982428460319,25,1,0,74,26,0.9803921568627451
V03_noise_0.1,noise_0.1,0.2,0.8,0.3957165335793766,original,0,10,0.4379914440534168,25,1,0,74,26,0.9803921568627451
V03_noise_0.1,noise_0.1,0.2,0.8,0.3957165335793766,original,1,10,0.4379914440534168,25,1,0,74,26,0.9803921568627451
V03_noise_0.1,noise_0.1,0.2,0.8,0.3957165335793766,original,2,10,0.4379914440534168,25,1,0,74,26,0.9803921568627451
V03_noise_0.1,noise_0.1,0.2,0.8,0.3957165335793766,checked,0,10,0.4396050078283178,25,0,0,75,25,1.0
V03_noise_0.1,noise_0.1,0.2,0.8,0.3957165335793766,checked,1,10,0.4396050078283178,25,0,0,75,25,1.0
V03_noise_0.1,noise_0.1,0.2,0.8,0.3957165335793766,checked,2,10,0.4396050078283178,25,0,0,75,25,1.0
V03_noise_0.2,noise_0.2,0.01,0.98989898989899,0.000783990606407605,original,0,10,-0.001435913356677318,25,73,0,2,98,0.4065040650406504
V03_noise_0.2,noise_0.2,0.01,0.98989898989899,0.000783990606407605,original,1,10,-0.001435913356677318,25,73,0,2,98,0.4065040650406504
V03_noise_0.2,noise_0.2,0.01,0.98989898989899,0.000783990606407605,original,2,10,-0.001435913356677318,25,73,0,2,98,0.4065040650406504
V03_noise_0.2,noise_0.2,0.01,0.98989898989899,0.000783990606407605,checked,0,10,0.21099257809572286,25,68,0,7,93,0.423728813559322
V03_noise_0.2,noise_0.2,0.01,0.98989898989899,0.000783990606407605,checked,1,10,0.21099257809572286,25,68,0,7,93,0.423728813559322
V03_noise_0.2,noise_0.2,0.01,0.98989898989899,0.000783990606407605,checked,2,10,0.21099257809572286,25,68,0,7,93,0.423728813559322
V03_noise_0.2,noise_0.2,0.025,0.9749494949494949,0.07860184511569532,original,0,10,0.0886796742832764,25,73,0,2,98,0.4065040650406504
V03_noise_0.2,noise_0.2,0.025,0.9749494949494949,0.07860184511569532,original,1,10,0.0503674444571506,25,70,0,5,95,0.4166666666666667
V03_noise_0.2,noise_0.2,0.025,0.9749494949494949,0.07860184511569532,original,2,10,-0.0022785494427772523,25,73,0,2,98,0.4065040650406504
V03_noise_0.2,noise_0.2,0.025,0.9749494949494949,0.07860184511569532,checked,0,10,0.1879776769924303,25,57,0,18,82,0.4672897196261682
V03_noise_0.2,noise_0.2,0.025,0.9749494949494949,0.07860184511569532,checked,1,10,0.1879776769924303,25,57,0,18,82,0.4672897196261682
V03_noise_0.2,noise_0.2,0.025,0.9749494949494949,0.07860184511569532,checked,2,10,0.1879776769924303,25,57,0,18,82,0.4672897196261682
V03_noise_0.2,noise_0.2,0.05,0.9498989898989899,0.1523658526095931,original,0,10,0.14263686704414824,25,42,0,33,67,0.5434782608695652
V03_noise_0.2,noise_0.2,0.05,0.9498989898989899,0.1523658526095931,original,1,10,0.15846200602798102,25,33,0,42,58,0.6024096385542169
V03_noise_0.2,noise_0.2,0.05,0.9498989898989899,0.1523658526095931,original,2,10,0.11222442516509584,25,62,0,13,87,0.44642857142857145
V03_noise_0.2,noise_0.2,0.05,0.9498989898989899,0.1523658526095931,checked,0,10,0.20904689557302078,25,8,0,67,33,0.8620689655172413
V03_noise_0.2,noise_0.2,0.05,0.9498989898989899,0.1523658526095931,checked,1,10,0.20904689557302078,25,8,0,67,33,0.8620689655172413
V03_noise_0.2,noise_0.2,0.05,0.9498989898989899,0.1523658526095931,checked,2,10,0.20904689557302078,25,8,0,67,33,0.8620689655172413
V03_noise_0.2,noise_0.2,0.075,0.9248484848484848,0.2029131115646926,original,0,10,0.2467423704636046,25,3,0,72,28,0.9433962264150944
V03_noise_0.2,noise_0.2,0.075,0.9248484848484848,0.2029131115646926,original,1,10,0.2467423704636046,25,3,0,72,28,0.9433962264150944
V03_noise_0.2,noise_0.2,0.075,0.9248484848484848,0.2029131115646926,original,2,10,0.2467423704636046,25,3,0,72,28,0.9433962264150944
V03_noise_0.2,noise_0.2,0.075,0.9248484848484848,0.2029131115646926,checked,0,10,0.24712678486694947,25,4,0,71,29,0.9259259259259259
V03_noise_0.2,noise_0.2,0.075,0.9248484848484848,0.2029131115646926,checked,1,10,0.24712678486694947,25,4,0,71,29,0.9259259259259259
V03_noise_0.2,noise_0.2,0.075,0.9248484848484848,0.2029131115646926,checked,2,10,0.24712678486694947,25,4,0,71,29,0.9259259259259259
V03_noise_0.2,noise_0.2,0.1,0.9,0.2352632449728747,original,0,10,0.27415464558915725,25,5,0,70,30,0.9090909090909091
V03_noise_0.2,noise_0.2,0.1,0.9,0.2352632449728747,original,1,10,0.27415464558915725,25,5,0,70,30,0.9090909090909091
V03_noise_0.2,noise_0.2,0.1,0.9,0.2352632449728747,original,2,10,0.27415464558915725,25,5,0,70,30,0.9090909090909091
V03_noise_0.2,noise_0.2,0.1,0.9,0.2352632449728747,checked,0,10,0.27431224851127667,25,6,0,69,31,0.8928571428571429
V03_noise_0.2,noise_0.2,0.1,0.9,0.2352632449728747,checked,1,10,0.27431224851127667,25,6,0,69,31,0.8928571428571429
V03_noise_0.2,noise_0.2,0.1,0.9,0.2352632449728747,checked,2,10,0.27431224851127667,25,6,0,69,31,0.8928571428571429
V03_noise_0.2,noise_0.2,0.125,0.8749494949494949,0.2713731020412995,original,0,10,0.30201571212359274,25,4,0,71,29,0.9259259259259259
V03_noise_0.2,noise_0.2,0.125,0.8749494949494949,0.2713731020412995,original,1,10,0.30201571212359274,25,4,0,71,29,0.9259259259259259
V03_noise_0.2,noise_0.2,0.125,0.8749494949494949,0.2713731020412995,original,2,10,0.30201571212359274,25,4,0,71,29,0.9259259259259259
V03_noise_0.2,noise_0.2,0.125,0.8749494949494949,0.2713731020412995,checked,0,10,0.30354564871830986,25,3,0,72,28,0.9433962264150944
V03_noise_0.2,noise_0.2,0.125,0.8749494949494949,0.2713731020412995,checked,1,10,0.30354564871830986,25,3,0,72,28,0.9433962264150944
V03_noise_0.2,noise_0.2,0.125,0.8749494949494949,0.2713731020412995,checked,2,10,0.30354564871830986,25,3,0,72,28,0.9433962264150944
V03_noise_0.2,noise_0.2,0.15,0.8498989898989899,0.29894103300865366,original,0,10,0.31568926534067243,25,2,0,73,27,0.9615384615384616
V03_noise_0.2,noise_0.2,0.15,0.8498989898989899,0.29894103300865366,original,1,10,0.31568926534067243,25,2,0,73,27,0.9615384615384616
V03_noise_0.2,noise_0.2,0.15,0.8498989898989899,0.29894103300865366,original,2,10,0.31568926534067243,25,2,0,73,27,0.9615384615384616
V03_noise_0.2,noise_0.2,0.15,0.8498989898989899,0.29894103300865366,checked,0,10,0.31729989174959367,25,3,0,72,28,0.9433962264150944
V03_noise_0.2,noise_0.2,0.15,0.8498989898989899,0.29894103300865366,checked,1,10,0.31729989174959367,25,3,0,72,28,0.9433962264150944
V03_noise_0.2,noise_0.2,0.15,0.8498989898989899,0.29894103300865366,checked,2,10,0.31729989174959367,25,3,0,72,28,0.9433962264150944
V03_noise_0.2,noise_0.2,0.2,0.8,0.3444639644267288,original,0,10,0.3551438604909327,25,0,0,75,25,1.0
V03_noise_0.2,noise_0.2,0.2,0.8,0.3444639644267288,original,1,10,0.3551438604909327,25,0,0,75,25,1.0
V03_noise_0.2,noise_0.2,0.2,0.8,0.3444639644267288,original,2,10,0.3551438604909327,25,0,0,75,25,1.0
V03_noise_0.2,noise_0.2,0.2,0.8,0.3444639644267288,checked,0,10,0.3558300105927249,25,1,0,74,26,0.9803921568627451
V03_noise_0.2,noise_0.2,0.2,0.8,0.3444639644267288,checked,1,10,0.3558300105927249,25,1,0,74,26,0.9803921568627451
V03_noise_0.2,noise_0.2,0.2,0.8,0.3444639644267288,checked,2,10,0.3558300105927249,25,1,0,74,26,0.9803921568627451
V03_overlap_0.75,overlap_0.75,0.01,0.98989898989899,0.3389550381960995,original,0,10,-0.001435913356677318,25,73,0,2,98,0.4065040650406504
V03_overlap_0.75,overlap_0.75,0.01,0.98989898989899,0.3389550381960995,original,1,10,-0.001435913356677318,25,73,0,2,98,0.4065040650406504
V03_overlap_0.75,overlap_0.75,0.01,0.98989898989899,0.3389550381960995,original,2,10,0.019319482565941907,25,67,0,8,92,0.42735042735042733
V03_overlap_0.75,overlap_0.75,0.01,0.98989898989899,0.3389550381960995,checked,0,10,0.22873715385957105,25,71,0,4,96,0.4132231404958678
V03_overlap_0.75,overlap_0.75,0.01,0.98989898989899,0.3389550381960995,checked,1,10,0.22873715385957105,25,71,0,4,96,0.4132231404958678
V03_overlap_0.75,overlap_0.75,0.01,0.98989898989899,0.3389550381960995,checked,2,10,0.22873715385957105,25,71,0,4,96,0.4132231404958678
V03_overlap_0.75,overlap_0.75,0.025,0.9749494949494949,0.3591002181610071,original,0,10,-0.0022785494427772523,25,73,0,2,98,0.4065040650406504
V03_overlap_0.75,overlap_0.75,0.025,0.9749494949494949,0.3591002181610071,original,1,10,0.09673444350517142,22,51,3,24,73,0.4489795918367347
V03_overlap_0.75,overlap_0.75,0.025,0.9749494949494949,0.3591002181610071,original,2,10,0.009426152246075528,25,68,0,7,93,0.423728813559322
V03_overlap_0.75,overlap_0.75,0.025,0.9749494949494949,0.3591002181610071,checked,0,10,0.19746133469760763,25,48,0,27,73,0.5102040816326531
V03_overlap_0.75,overlap_0.75,0.025,0.9749494949494949,0.3591002181610071,checked,1,10,0.19746133469760763,25,48,0,27,73,0.5102040816326531
V03_overlap_0.75,overlap_0.75,0.025,0.9749494949494949,0.3591002181610071,checked,2,10,0.20283011897678263,25,69,0,6,94,0.42016806722689076
V03_overlap_0.75,overlap_0.75,0.05,0.9498989898989899,0.3854374031236733,original,0,10,0.09736368284552008,25,58,0,17,83,0.46296296296296297
V03_overlap_0.75,overlap_0.75,0.05,0.9498989898989899,0.3854374031236733,original,1,10,0.08914689229945952,25,50,0,25,75,0.5
V03_overlap_0.75,overlap_0.75,0.05,0.9498989898989899,0.3854374031236733,original,2,10,0.09989206218920174,25,49,0,26,74,0.5050505050505051
V03_overlap_0.75,overlap_0.75,0.05,0.9498989898989899,0.3854374031236733,checked,0,10,0.22184210407760607,25,27,0,48,52,0.6493506493506493
V03_overlap_0.75,overlap_0.75,0.05,0.9498989898989899,0.3854374031236733,checked,1,10,0.22172487934545781,25,19,0,56,44,0.7246376811594203
V03_overlap_0.75,overlap_0.75,0.05,0.9498989898989899,0.3854374031236733,checked,2,10,0.22184210407760607,25,27,0,48,52,0.6493506493506493
V03_overlap_0.75,overlap_0.75,0.075,0.9248484848484848,0.4029011096269633,original,0,10,0.23250643561788586,25,25,0,50,50,0.6666666666666666
V03_overlap_0.75,overlap_0.75,0.075,0.9248484848484848,0.4029011096269633,original,1,10,0.23217356038079554,25,19,0,56,44,0.7246376811594203
V03_overlap_0.75,overlap_0.75,0.075,0.9248484848484848,0.4029011096269633,original,2,10,0.1965522434998109,25,30,0,45,55,0.625
V03_overlap_0.75,overlap_0.75,0.075,0.9248484848484848,0.4029011096269633,checked,0,10,0.23337643977024872,25,24,0,51,49,0.6756756756756757
V03_overlap_0.75,overlap_0.75,0.075,0.9248484848484848,0.4029011096269633,checked,1,10,0.23337643977024872,25,24,0,51,49,0.6756756756756757
V03_overlap_0.75,overlap_0.75,0.075,0.9248484848484848,0.4029011096269633,checked,2,10,0.23337643977024872,25,24,0,51,49,0.6756756756756757
V03_overlap_0.75,overlap_0.75,0.1,0.9,0.4178328565743286,original,0,10,0.22409581320531205,25,20,0,55,45,0.7142857142857143
V03_overlap_0.75,overlap_0.75,0.1,0.9,0.4178328565743286,original,1,10,0.22409581320531205,25,20,0,55,45,0.7142857142857143
V03_overlap_0.75,overlap_0.75,0.1,0.9,0.4178328565743286,original,2,10,0.2251720793102432,25,17,0,58,42,0.746268656716418
V03_overlap_0.75,overlap_0.75,0.1,0.9,0.4178328565743286,checked,0,10,0.22659993016192512,25,17,0,58,42,0.746268656716418
V03_overlap_0.75,overlap_0.75,0.1,0.9,0.4178328565743286,checked,1,10,0.22659993016192512,25,17,0,58,42,0.746268656716418
V03_overlap_0.75,overlap_0.75,0.1,0.9,0.4178328565743286,checked,2,10,0.22659993016192512,25,17,0,58,42,0.746268656716418
V03_overlap_0.75,overlap_0.75,0.125,0.8749494949494949,0.4301176356304932,original,0,10,0.21183913720424688,25,13,0,62,38,0.7936507936507936
V03_overlap_0.75,overlap_0.75,0.125,0.8749494949494949,0.4301176356304932,original,1,10,0.21183913720424688,25,13,0,62,38,0.7936507936507936
V03_overlap_0.75,overlap_0.75,0.125,0.8749494949494949,0.4301176356304932,original,2,10,0.21148959461182942,25,14,0,61,39,0.78125
V03_overlap_0.75,overlap_0.75,0.125,0.8749494949494949,0.4301176356304932,checked,0,10,0.21243589767347193,25,11,0,64,36,0.819672131147541
V03_overlap_0.75,overlap_0.75,0.125,0.8749494949494949,0.4301176356304932,checked,1,10,0.21243589767347193,25,11,0,64,36,0.819672131147541
V03_overlap_0.75,overlap_0.75,0.125,0.8749494949494949,0.4301176356304932,checked,2,10,0.21243589767347193,25,11,0,64,36,0.819672131147541
V03_overlap_0.75,overlap_0.75,0.15,0.8498989898989899,0.4414516103807832,original,0,10,0.20265769070541323,25,8,0,67,33,0.8620689655172413
V03_overlap_0.75,overlap_0.75,0.15,0.8498989898989899,0.4414516103807832,original,1,10,0.2020784311823359,25,7,0,68,32,0.8771929824561403
V03_overlap_0.75,overlap_0.75,0.15,0.8498989898989899,0.4414516103807832,original,2,10,0.2020784311823359,25,7,0,68,32,0.8771929824561403
V03_overlap_0.75,overlap_0.75,0.15,0.8498989898989899,0.4414516103807832,checked,0,10,0.20373188497123615,25,10,0,65,35,0.8333333333333334
V03_overlap_0.75,overlap_0.75,0.15,0.8498989898989899,0.4414516103807832,checked,1,10,0.20373188497123615,25,10,0,65,35,0.8333333333333334
V03_overlap_0.75,overlap_0.75,0.15,0.8498989898989899,0.4414516103807832,checked,2,10,0.20373188497123615,25,10,0,65,35,0.8333333333333334
V03_overlap_0.75,overlap_0.75,0.2,0.8,0.469089014957671,original,0,10,0.09319252485186813,20,32,5,43,52,0.5194805194805194
V03_overlap_0.75,overlap_0.75,0.2,0.8,0.469089014957671,original,1,10,0.11318329168362207,21,28,4,47,49,0.5675675675675675
V03_overlap_0.75,overlap_0.75,0.2,0.8,0.469089014957671,original,2,10,0.07873019715780487,23,49,2,26,72,0.4742268041237113
V03_overlap_0.75,overlap_0.75,0.2,0.8,0.469089014957671,checked,0,10,0.18863189532019492,25,22,0,53,47,0.6944444444444444
V03_overlap_0.75,overlap_0.75,0.2,0.8,0.469089014957671,checked,1,10,0.18863189532019492,25,22,0,53,47,0.6944444444444444
V03_overlap_0.75,overlap_0.75,0.2,0.8,0.469089014957671,checked,2,10,0.18863189532019492,25,22,0,53,47,0.6944444444444444
V04_baseline,baseline,0.01,0.98989898989899,0.3060929953520364,original,0,10,-0.001435913356677318,28,70,0,2,98,0.4444444444444444
V04_baseline,baseline,0.01,0.98989898989899,0.3060929953520364,original,1,10,-0.001435913356677318,28,70,0,2,98,0.4444444444444444
V04_baseline,baseline,0.01,0.98989898989899,0.3060929953520364,original,2,10,-0.001435913356677318,28,70,0,2,98,0.4444444444444444
V04_baseline,baseline,0.01,0.98989898989899,0.3060929953520364,checked,0,10,0.20375117674982973,28,54,0,18,82,0.509090909090909
V04_baseline,baseline,0.01,0.98989898989899,0.3060929953520364,checked,1,10,0.20375117674982973,28,54,0,18,82,0.509090909090909
V04_baseline,baseline,0.01,0.98989898989899,0.3060929953520364,checked,2,10,0.20375117674982973,28,54,0,18,82,0.509090909090909
V04_baseline,baseline,0.025,0.9749494949494949,0.31695261379585504,original,0,10,0.18894560016558473,28,62,0,10,90,0.4745762711864407
V04_baseline,baseline,0.025,0.9749494949494949,0.31695261379585504,original,1,10,0.18731914550098294,28,59,0,13,87,0.48695652173913045
V04_baseline,baseline,0.025,0.9749494949494949,0.31695261379585504,original,2,10,0.20831555385744277,28,65,0,7,93,0.4628099173553719
V04_baseline,baseline,0.025,0.9749494949494949,0.31695261379585504,checked,0,10,0.2111943840587706,28,43,0,29,71,0.5656565656565656
V04_baseline,baseline,0.025,0.9749494949494949,0.31695261379585504,checked,1,10,0.2111943840587706,28,43,0,29,71,0.5656565656565656
V04_baseline,baseline,0.025,0.9749494949494949,0.31695261379585504,checked,2,10,0.2111943840587706,28,43,0,29,71,0.5656565656565656
V04_baseline,baseline,0.05,0.9498989898989899,0.33312832120763375,original,0,10,0.23899378149293657,28,55,0,17,83,0.5045045045045045
V04_baseline,baseline,0.05,0.9498989898989899,0.33312832120763375,original,1,10,0.23899378149293657,28,55,0,17,83,0.5045045045045045
V04_baseline,baseline,0.05,0.9498989898989899,0.33312832120763375,original,2,10,0.23899378149293657,28,55,0,17,83,0.5045045045045045
V04_baseline,baseline,0.05,0.9498989898989899,0.33312832120763375,checked,0,10,0.23741996309258254,28,58,0,14,86,0.49122807017543857
V04_baseline,baseline,0.05,0.9498989898989899,0.33312832120763375,checked,1,10,0.23741996309258254,28,58,0,14,86,0.49122807017543857
V04_baseline,baseline,0.05,0.9498989898989899,0.33312832120763375,checked,2,10,0.23741996309258254,28,58,0,14,86,0.49122807017543857
V04_baseline,baseline,0.075,0.9248484848484848,0.3495178631854398,original,0,10,0.2799443919401087,28,8,0,64,36,0.875
V04_baseline,baseline,0.075,0.9248484848484848,0.3495178631854398,original,1,10,0.27958520118909924,28,6,0,66,34,0.9032258064516129
V04_baseline,baseline,0.075,0.9248484848484848,0.3495178631854398,original,2,10,0.2799443919401087,28,8,0,64,36,0.875
V04_baseline,baseline,0.075,0.9248484848484848,0.3495178631854398,checked,0,10,0.2805078082589113,28,7,0,65,35,0.8888888888888888
V04_baseline,baseline,0.075,0.9248484848484848,0.3495178631854398,checked,1,10,0.2805078082589113,28,7,0,65,35,0.8888888888888888
V04_baseline,baseline,0.075,0.9248484848484848,0.3495178631854398,checked,2,10,0.2805078082589113,28,7,0,65,35,0.8888888888888888
V04_baseline,baseline,0.1,0.9,0.3626821590023774,original,0,10,0.32256155545656084,28,1,0,71,29,0.9824561403508771
V04_baseline,baseline,0.1,0.9,0.3626821590023774,original,1,10,0.32256155545656084,28,1,0,71,29,0.9824561403508771
V04_baseline,baseline,0.1,0.9,0.3626821590023774,original,2,10,0.32256155545656084,28,1,0,71,29,0.9824561403508771
V04_baseline,baseline,0.1,0.9,0.3626821590023774,checked,0,10,0.32265374751156345,28,2,0,70,30,0.9655172413793104
V04_baseline,baseline,0.1,0.9,0.3626821590023774,checked,1,10,0.32265374751156345,28,2,0,70,30,0.9655172413793104
V04_baseline,baseline,0.1,0.9,0.3626821590023774,checked,2,10,0.32265374751156345,28,2,0,70,30,0.9655172413793104
V04_baseline,baseline,0.125,0.8749494949494949,0.37448705849107694,original,0,10,0.3643123057787163,28,1,0,71,29,0.9824561403508771
V04_baseline,baseline,0.125,0.8749494949494949,0.37448705849107694,original,1,10,0.3643123057787163,28,1,0,71,29,0.9824561403508771
V04_baseline,baseline,0.125,0.8749494949494949,0.37448705849107694,original,2,10,0.3643123057787163,28,1,0,71,29,0.9824561403508771
V04_baseline,baseline,0.125,0.8749494949494949,0.37448705849107694,checked,0,10,0.36587512257375027,28,0,0,72,28,1.0
V04_baseline,baseline,0.125,0.8749494949494949,0.37448705849107694,checked,1,10,0.36587512257375027,28,0,0,72,28,1.0
V04_baseline,baseline,0.125,0.8749494949494949,0.37448705849107694,checked,2,10,0.36587512257375027,28,0,0,72,28,1.0
V04_baseline,baseline,0.15,0.8498989898989899,0.38698212913442454,original,0,10,0.40384979337412164,28,1,0,71,29,0.9824561403508771
V04_baseline,baseline,0.15,0.8498989898989899,0.38698212913442454,original,1,10,0.40384979337412164,28,1,0,71,29,0.9824561403508771
V04_baseline,baseline,0.15,0.8498989898989899,0.38698212913442454,original,2,10,0.40384979337412164,28,1,0,71,29,0.9824561403508771
V04_baseline,baseline,0.15,0.8498989898989899,0.38698212913442454,checked,0,10,0.40671463411942693,28,0,0,72,28,1.0
V04_baseline,baseline,0.15,0.8498989898989899,0.38698212913442454,checked,1,10,0.40671463411942693,28,0,0,72,28,1.0
V04_baseline,baseline,0.15,0.8498989898989899,0.38698212913442454,checked,2,10,0.40671463411942693,28,0,0,72,28,1.0
V04_baseline,baseline,0.2,0.8,0.41630255340143607,original,0,10,0.47677156839925905,28,1,0,71,29,0.9824561403508771
V04_baseline,baseline,0.2,0.8,0.41630255340143607,original,1,10,0.47677156839925905,28,1,0,71,29,0.9824561403508771
V04_baseline,baseline,0.2,0.8,0.41630255340143607,original,2,10,0.47677156839925905,28,1,0,71,29,0.9824561403508771
V04_baseline,baseline,0.2,0.8,0.41630255340143607,checked,0,10,0.4838955771418715,28,0,0,72,28,1.0
V04_baseline,baseline,0.2,0.8,0.41630255340143607,checked,1,10,0.4838955771418715,28,0,0,72,28,1.0
V04_baseline,baseline,0.2,0.8,0.41630255340143607,checked,2,10,0.4838955771418715,28,0,0,72,28,1.0
V04_noise_0.1,noise_0.1,0.01,0.98989898989899,0.19081738497712658,original,0,10,-0.001435913356677318,28,70,0,2,98,0.4444444444444444
V04_noise_0.1,noise_0.1,0.01,0.98989898989899,0.19081738497712658,original,1,10,0.14071950894597335,28,70,0,2,98,0.4444444444444444
V04_noise_0.1,noise_0.1,0.01,0.98989898989899,0.19081738497712658,original,2,10,-0.0024875775821447035,28,69,0,3,97,0.448
V04_noise_0.1,noise_0.1,0.01,0.98989898989899,0.19081738497712658,checked,0,10,0.21496923841142188,28,66,0,6,94,0.45901639344262296
V04_noise_0.1,noise_0.1,0.01,0.98989898989899,0.19081738497712658,checked,1,10,0.21496923841142188,28,66,0,6,94,0.45901639344262296
V04_noise_0.1,noise_0.1,0.01,0.98989898989899,0.19081738497712658,checked,2,10,0.21496923841142188,28,66,0,6,94,0.45901639344262296
V04_noise_0.1,noise_0.1,0.025,0.9749494949494949,0.23778555960535186,original,0,10,0.06466986228652785,28,58,0,14,86,0.49122807017543857
V04_noise_0.1,noise_0.1,0.025,0.9749494949494949,0.23778555960535186,original,1,10,-0.0022785494427772523,28,70,0,2,98,0.4444444444444444
V04_noise_0.1,noise_0.1,0.025,0.9749494949494949,0.23778555960535186,original,2,10,-0.0022785494427772523,28,70,0,2,98,0.4444444444444444
V04_noise_0.1,noise_0.1,0.025,0.9749494949494949,0.23778555960535186,checked,0,10,0.20356378108167958,28,51,0,21,79,0.5233644859813084
V04_noise_0.1,noise_0.1,0.025,0.9749494949494949,0.23778555960535186,checked,1,10,0.20051051183653137,28,40,0,32,68,0.5833333333333334
V04_noise_0.1,noise_0.1,0.025,0.9749494949494949,0.23778555960535186,checked,2,10,0.20356378108167958,28,51,0,21,79,0.5233644859813084
V04_noise_0.1,noise_0.1,0.05,0.9498989898989899,0.2810150901543374,original,0,10,0.09024310503757708,27,57,1,15,84,0.48214285714285715
V04_noise_0.1,noise_0.1,0.05,0.9498989898989899,0.2810150901543374,original,1,10,0.04973973406221517,26,59,2,13,85,0.46017699115044247
V04_noise_0.1,noise_0.1,0.05,0.9498989898989899,0.2810150901543374,original,2,10,0.04973973406221517,26,59,2,13,85,0.46017699115044247
V04_noise_0.1,noise_0.1,0.05,0.9498989898989899,0.2810150901543374,checked,0,10,0.2370679326766022,28,27,0,45,55,0.6746987951807228
V04_noise_0.1,noise_0.1,0.05,0.9498989898989899,0.2810150901543374,checked,1,10,0.2370679326766022,28,27,0,45,55,0.6746987951807228
V04_noise_0.1,noise_0.1,0.05,0.9498989898989899,0.2810150901543374,checked,2,10,0.2370679326766022,28,27,0,45,55,0.6746987951807228
V04_noise_0.1,noise_0.1,0.075,0.9248484848484848,0.3106545894625528,original,0,10,0.2758173281640425,28,10,0,62,38,0.8484848484848485
V04_noise_0.1,noise_0.1,0.075,0.9248484848484848,0.3106545894625528,original,1,10,0.2758173281640425,28,10,0,62,38,0.8484848484848485
V04_noise_0.1,noise_0.1,0.075,0.9248484848484848,0.3106545894625528,original,2,10,0.2758173281640425,28,10,0,62,38,0.8484848484848485
V04_noise_0.1,noise_0.1,0.075,0.9248484848484848,0.3106545894625528,checked,0,10,0.2764408034077121,28,4,0,68,32,0.9333333333333333
V04_noise_0.1,noise_0.1,0.075,0.9248484848484848,0.3106545894625528,checked,1,10,0.2764408034077121,28,4,0,68,32,0.9333333333333333
V04_noise_0.1,noise_0.1,0.075,0.9248484848484848,0.3106545894625528,checked,2,10,0.27629876428997263,28,9,0,63,37,0.8615384615384616
V04_noise_0.1,noise_0.1,0.1,0.9,0.3372495630353238,original,0,10,0.31855448186114854,28,0,0,72,28,1.0
V04_noise_0.1,noise_0.1,0.1,0.9,0.3372495630353238,original,1,10,0.31855448186114854,28,0,0,72,28,1.0
V04_noise_0.1,noise_0.1,0.1,0.9,0.3372495630353238,original,2,10,0.31855448186114854,28,0,0,72,28,1.0
V04_noise_0.1,noise_0.1,0.1,0.9,0.3372495630353238,checked,0,10,0.31855448186114854,28,0,0,72,28,1.0
V04_noise_0.1,noise_0.1,0.1,0.9,0.3372495630353238,checked,1,10,0.31855448186114854,28,0,0,72,28,1.0
V04_noise_0.1,noise_0.1,0.1,0.9,0.3372495630353238,checked,2,10,0.31855448186114854,28,0,0,72,28,1.0
V04_noise_0.1,noise_0.1,0.125,0.8749494949494949,0.36060631625613065,original,0,10,0.35942629843321644,28,1,0,71,29,0.9824561403508771
V04_noise_0.1,noise_0.1,0.125,0.8749494949494949,0.36060631625613065,original,1,10,0.35942629843321644,28,1,0,71,29,0.9824561403508771
V04_noise_0.1,noise_0.1,0.125,0.8749494949494949,0.36060631625613065,original,2,10,0.35942629843321644,28,1,0,71,29,0.9824561403508771
V04_noise_0.1,noise_0.1,0.125,0.8749494949494949,0.36060631625613065,checked,0,10,0.35976438984282477,28,0,0,72,28,1.0
V04_noise_0.1,noise_0.1,0.125,0.8749494949494949,0.36060631625613065,checked,1,10,0.35976438984282477,28,0,0,72,28,1.0
V04_noise_0.1,noise_0.1,0.125,0.8749494949494949,0.36060631625613065,checked,2,10,0.35976438984282477,28,0,0,72,28,1.0
V04_noise_0.1,noise_0.1,0.15,0.8498989898989899,0.3780186744680717,original,0,10,0.39932485291433617,28,1,0,71,29,0.9824561403508771
V04_noise_0.1,noise_0.1,0.15,0.8498989898989899,0.3780186744680717,original,1,10,0.39932485291433617,28,1,0,71,29,0.9824561403508771
V04_noise_0.1,noise_0.1,0.15,0.8498989898989899,0.3780186744680717,original,2,10,0.39932485291433617,28,1,0,71,29,0.9824561403508771
V04_noise_0.1,noise_0.1,0.15,0.8498989898989899,0.3780186744680717,checked,0,10,0.39992364102804717,28,0,0,72,28,1.0
V04_noise_0.1,noise_0.1,0.15,0.8498989898989899,0.3780186744680717,checked,1,10,0.39992364102804717,28,0,0,72,28,1.0
V04_noise_0.1,noise_0.1,0.15,0.8498989898989899,0.3780186744680717,checked,2,10,0.39992364102804717,28,0,0,72,28,1.0
V04_noise_0.1,noise_0.1,0.2,0.8,0.41176590549604963,original,0,10,0.4676805851035105,28,1,0,71,29,0.9824561403508771
V04_noise_0.1,noise_0.1,0.2,0.8,0.41176590549604963,original,1,10,0.4676805851035105,28,1,0,71,29,0.9824561403508771
V04_noise_0.1,noise_0.1,0.2,0.8,0.41176590549604963,original,2,10,0.4676805851035105,28,1,0,71,29,0.9824561403508771
V04_noise_0.1,noise_0.1,0.2,0.8,0.41176590549604963,checked,0,10,0.469746583658191,28,0,0,72,28,1.0
V04_noise_0.1,noise_0.1,0.2,0.8,0.41176590549604963,checked,1,10,0.469746583658191,28,0,0,72,28,1.0
V04_noise_0.1,noise_0.1,0.2,0.8,0.41176590549604963,checked,2,10,0.469746583658191,28,0,0,72,28,1.0
V04_noise_0.2,noise_0.2,0.01,0.98989898989899,0.022142879848064807,original,0,10,-0.001435913356677318,28,70,0,2,98,0.4444444444444444
V04_noise_0.2,noise_0.2,0.01,0.98989898989899,0.022142879848064807,original,1,10,-0.001435913356677318,28,70,0,2,98,0.4444444444444444
V04_noise_0.2,noise_0.2,0.01,0.98989898989899,0.022142879848064807,original,2,10,0.024490209957544556,28,65,0,7,93,0.4628099173553719
V04_noise_0.2,noise_0.2,0.01,0.98989898989899,0.022142879848064807,checked,0,10,0.24378260305040494,28,69,0,3,97,0.448
V04_noise_0.2,noise_0.2,0.01,0.98989898989899,0.022142879848064807,checked,1,10,0.24378260305040494,28,69,0,3,97,0.448
V04_noise_0.2,noise_0.2,0.01,0.98989898989899,0.022142879848064807,checked,2,10,0.24378260305040494,28,69,0,3,97,0.448
V04_noise_0.2,noise_0.2,0.025,0.9749494949494949,0.09989920307832371,original,0,10,0.0886796742832764,28,70,0,2,98,0.4444444444444444
V04_noise_0.2,noise_0.2,0.025,0.9749494949494949,0.09989920307832371,original,1,10,-0.0022785494427772523,28,70,0,2,98,0.4444444444444444
V04_noise_0.2,noise_0.2,0.025,0.9749494949494949,0.09989920307832371,original,2,10,0.005146596405392156,27,65,1,7,92,0.45
V04_noise_0.2,noise_0.2,0.025,0.9749494949494949,0.09989920307832371,checked,0,10,0.1992704427597155,28,63,0,9,91,0.47058823529411764
V04_noise_0.2,noise_0.2,0.025,0.9749494949494949,0.09989920307832371,checked,1,10,0.1992704427597155,28,63,0,9,91,0.47058823529411764
V04_noise_0.2,noise_0.2,0.025,0.9749494949494949,0.09989920307832371,checked,2,10,0.1992704427597155,28,63,0,9,91,0.47058823529411764
V04_noise_0.2,noise_0.2,0.05,0.9498989898989899,0.17069257263306803,original,0,10,0.2208842111316054,28,12,0,60,40,0.8235294117647058
V04_noise_0.2,noise_0.2,0.05,0.9498989898989899,0.17069257263306803,original,1,10,0.031972053645888086,28,69,0,3,97,0.448
V04_noise_0.2,noise_0.2,0.05,0.9498989898989899,0.17069257263306803,original,2,10,0.052042051278346796,26,57,2,15,83,0.46846846846846846
V04_noise_0.2,noise_0.2,0.05,0.9498989898989899,0.17069257263306803,checked,0,10,0.2208842111316054,28,12,0,60,40,0.8235294117647058
V04_noise_0.2,noise_0.2,0.05,0.9498989898989899,0.17069257263306803,checked,1,10,0.2208842111316054,28,12,0,60,40,0.8235294117647058
V04_noise_0.2,noise_0.2,0.05,0.9498989898989899,0.17069257263306803,checked,2,10,0.2208842111316054,28,12,0,60,40,0.8235294117647058
V04_noise_0.2,noise_0.2,0.075,0.9248484848484848,0.21325139312192176,original,0,10,0.25418101002461135,28,12,0,60,40,0.8235294117647058
V04_noise_0.2,noise_0.2,0.075,0.9248484848484848,0.21325139312192176,original,1,10,0.25418101002461135,28,12,0,60,40,0.8235294117647058
V04_noise_0.2,noise_0.2,0.075,0.9248484848484848,0.21325139312192176,original,2,10,0.25418101002461135,28,12,0,60,40,0.8235294117647058
V04_noise_0.2,noise_0.2,0.075,0.9248484848484848,0.21325139312192176,checked,0,10,0.25473828847594837,28,11,0,61,39,0.835820895522388
V04_noise_0.2,noise_0.2,0.075,0.9248484848484848,0.21325139312192176,checked,1,10,0.25473828847594837,28,11,0,61,39,0.835820895522388
V04_noise_0.2,noise_0.2,0.075,0.9248484848484848,0.21325139312192176,checked,2,10,0.25473828847594837,28,11,0,61,39,0.835820895522388
V04_noise_0.2,noise_0.2,0.1,0.9,0.25519173090498315,original,0,10,0.27654325975403954,28,6,0,66,34,0.9032258064516129
V04_noise_0.2,noise_0.2,0.1,0.9,0.25519173090498315,original,1,10,0.27654325975403954,28,6,0,66,34,0.9032258064516129
V04_noise_0.2,noise_0.2,0.1,0.9,0.25519173090498315,original,2,10,0.27654325975403954,28,6,0,66,34,0.9032258064516129
V04_noise_0.2,noise_0.2,0.1,0.9,0.25519173090498315,checked,0,10,0.2769505087981164,28,7,0,65,35,0.8888888888888888
V04_noise_0.2,noise_0.2,0.1,0.9,0.25519173090498315,checked,1,10,0.2769505087981164,28,7,0,65,35,0.8888888888888888
V04_noise_0.2,noise_0.2,0.1,0.9,0.25519173090498315,checked,2,10,0.2769505087981164,28,7,0,65,35,0.8888888888888888
V04_noise_0.2,noise_0.2,0.125,0.8749494949494949,0.28588223008909786,original,0,10,0.30057903790352153,28,2,0,70,30,0.9655172413793104
V04_noise_0.2,noise_0.2,0.125,0.8749494949494949,0.28588223008909786,original,1,10,0.30057903790352153,28,2,0,70,30,0.9655172413793104
V04_noise_0.2,noise_0.2,0.125,0.8749494949494949,0.28588223008909786,original,2,10,0.30057903790352153,28,2,0,70,30,0.9655172413793104
V04_noise_0.2,noise_0.2,0.125,0.8749494949494949,0.28588223008909786,checked,0,10,0.3007942102872177,28,1,0,71,29,0.9824561403508771
V04_noise_0.2,noise_0.2,0.125,0.8749494949494949,0.28588223008909786,checked,1,10,0.3007942102872177,28,1,0,71,29,0.9824561403508771
V04_noise_0.2,noise_0.2,0.125,0.8749494949494949,0.28588223008909786,checked,2,10,0.3007942102872177,28,1,0,71,29,0.9824561403508771
V04_noise_0.2,noise_0.2,0.15,0.8498989898989899,0.31933899049667575,original,0,10,0.31448221929335846,28,1,0,71,29,0.9824561403508771
V04_noise_0.2,noise_0.2,0.15,0.8498989898989899,0.31933899049667575,original,1,10,0.31448221929335846,28,1,0,71,29,0.9824561403508771
V04_noise_0.2,noise_0.2,0.15,0.8498989898989899,0.31933899049667575,original,2,10,0.31448221929335846,28,1,0,71,29,0.9824561403508771
V04_noise_0.2,noise_0.2,0.15,0.8498989898989899,0.31933899049667575,checked,0,10,0.3150362273858004,28,0,0,72,28,1.0
V04_noise_0.2,noise_0.2,0.15,0.8498989898989899,0.31933899049667575,checked,1,10,0.3150362273858004,28,0,0,72,28,1.0
V04_noise_0.2,noise_0.2,0.15,0.8498989898989899,0.31933899049667575,checked,2,10,0.3150362273858004,28,0,0,72,28,1.0
V04_noise_0.2,noise_0.2,0.2,0.8,0.3657955848474382,original,0,10,0.35352270861367296,28,0,0,72,28,1.0
V04_noise_0.2,noise_0.2,0.2,0.8,0.3657955848474382,original,1,10,0.35352270861367296,28,0,0,72,28,1.0
V04_noise_0.2,noise_0.2,0.2,0.8,0.3657955848474382,original,2,10,0.35352270861367296,28,0,0,72,28,1.0
V04_noise_0.2,noise_0.2,0.2,0.8,0.3657955848474382,checked,0,10,0.3545483485341948,28,1,0,71,29,0.9824561403508771
V04_noise_0.2,noise_0.2,0.2,0.8,0.3657955848474382,checked,1,10,0.3545483485341948,28,1,0,71,29,0.9824561403508771
V04_noise_0.2,noise_0.2,0.2,0.8,0.3657955848474382,checked,2,10,0.3545483485341948,28,1,0,71,29,0.9824561403508771
V04_overlap_0.75,overlap_0.75,0.01,0.98989898989899,0.338125662734513,original,0,10,-0.0024875775821447035,28,69,0,3,97,0.448
V04_overlap_0.75,overlap_0.75,0.01,0.98989898989899,0.338125662734513,original,1,10,0.07960248262870519,28,69,0,3,97,0.448
V04_overlap_0.75,overlap_0.75,0.01,0.98989898989899,0.338125662734513,original,2,10,-0.0024875775821447035,28,69,0,3,97,0.448
V04_overlap_0.75,overlap_0.75,0.01,0.98989898989899,0.338125662734513,checked,0,10,0.18202912447042227,28,61,0,11,89,0.47863247863247865
V04_overlap_0.75,overlap_0.75,0.01,0.98989898989899,0.338125662734513,checked,1,10,0.18202912447042227,28,61,0,11,89,0.47863247863247865
V04_overlap_0.75,overlap_0.75,0.01,0.98989898989899,0.338125662734513,checked,2,10,0.18202912447042227,28,61,0,11,89,0.47863247863247865
V04_overlap_0.75,overlap_0.75,0.025,0.9749494949494949,0.3621194983145635,original,0,10,0.035801123786108634,28,58,0,14,86,0.49122807017543857
V04_overlap_0.75,overlap_0.75,0.025,0.9749494949494949,0.3621194983145635,original,1,10,-0.0022785494427772523,28,70,0,2,98,0.4444444444444444
V04_overlap_0.75,overlap_0.75,0.025,0.9749494949494949,0.3621194983145635,original,2,10,-0.0022785494427772523,28,70,0,2,98,0.4444444444444444
V04_overlap_0.75,overlap_0.75,0.025,0.9749494949494949,0.3621194983145635,checked,0,10,0.20625683360910915,28,25,0,47,53,0.691358024691358
V04_overlap_0.75,overlap_0.75,0.025,0.9749494949494949,0.3621194983145635,checked,1,10,0.20625683360910915,28,25,0,47,53,0.691358024691358
V04_overlap_0.75,overlap_0.75,0.025,0.9749494949494949,0.3621194983145635,checked,2,10,0.20625683360910915,28,25,0,47,53,0.691358024691358
V04_overlap_0.75,overlap_0.75,0.05,0.9498989898989899,0.3877109572459266,original,0,10,0.20868966907737765,28,28,0,44,56,0.6666666666666666
V04_overlap_0.75,overlap_0.75,0.05,0.9498989898989899,0.3877109572459266,original,1,10,0.2232803120412969,28,18,0,54,46,0.7567567567567568
V04_overlap_0.75,overlap_0.75,0.05,0.9498989898989899,0.3877109572459266,original,2,10,0.22283894887445527,28,20,0,52,48,0.7368421052631579
V04_overlap_0.75,overlap_0.75,0.05,0.9498989898989899,0.3877109572459266,checked,0,10,0.2361492810156513,28,13,0,59,41,0.8115942028985508
V04_overlap_0.75,overlap_0.75,0.05,0.9498989898989899,0.3877109572459266,checked,1,10,0.2361492810156513,28,13,0,59,41,0.8115942028985508
V04_overlap_0.75,overlap_0.75,0.05,0.9498989898989899,0.3877109572459266,checked,2,10,0.2361492810156513,28,13,0,59,41,0.8115942028985508
V04_overlap_0.75,overlap_0.75,0.075,0.9248484848484848,0.40550219840473123,original,0,10,0.22710569404111272,28,14,0,58,42,0.8
V04_overlap_0.75,overlap_0.75,0.075,0.9248484848484848,0.40550219840473123,original,1,10,0.22558571163666494,28,18,0,54,46,0.7567567567567568
V04_overlap_0.75,overlap_0.75,0.075,0.9248484848484848,0.40550219840473123,original,2,10,0.22558571163666494,28,18,0,54,46,0.7567567567567568
V04_overlap_0.75,overlap_0.75,0.075,0.9248484848484848,0.40550219840473123,checked,0,10,0.2288631008696625,28,16,0,56,44,0.7777777777777778
V04_overlap_0.75,overlap_0.75,0.075,0.9248484848484848,0.40550219840473123,checked,1,10,0.2288631008696625,28,16,0,56,44,0.7777777777777778
V04_overlap_0.75,overlap_0.75,0.075,0.9248484848484848,0.40550219840473123,checked,2,10,0.2288631008696625,28,16,0,56,44,0.7777777777777778
V04_overlap_0.75,overlap_0.75,0.1,0.9,0.42458249415293525,original,0,10,0.21672279193959726,28,18,0,54,46,0.7567567567567568
V04_overlap_0.75,overlap_0.75,0.1,0.9,0.42458249415293525,original,1,10,0.21527892875133253,28,17,0,55,45,0.7671232876712328
V04_overlap_0.75,overlap_0.75,0.1,0.9,0.42458249415293525,original,2,10,0.21672279193959726,28,18,0,54,46,0.7567567567567568
V04_overlap_0.75,overlap_0.75,0.1,0.9,0.42458249415293525,checked,0,10,0.21865326244314354,28,24,0,48,52,0.7
V04_overlap_0.75,overlap_0.75,0.1,0.9,0.42458249415293525,checked,1,10,0.21865326244314354,28,24,0,48,52,0.7
V04_overlap_0.75,overlap_0.75,0.1,0.9,0.42458249415293525,checked,2,10,0.21865326244314354,28,24,0,48,52,0.7
V04_overlap_0.75,overlap_0.75,0.125,0.8749494949494949,0.4374158402031975,original,0,10,0.15036325202229545,28,29,0,43,57,0.6588235294117647
V04_overlap_0.75,overlap_0.75,0.125,0.8749494949494949,0.4374158402031975,original,1,10,0.10096396407016596,27,32,1,40,59,0.6206896551724138
V04_overlap_0.75,overlap_0.75,0.125,0.8749494949494949,0.4374158402031975,original,2,10,0.12684513696715388,26,38,2,34,64,0.5652173913043478
V04_overlap_0.75,overlap_0.75,0.125,0.8749494949494949,0.4374158402031975,checked,0,10,0.1965333458342733,28,13,0,59,41,0.8115942028985508
V04_overlap_0.75,overlap_0.75,0.125,0.8749494949494949,0.4374158402031975,checked,1,10,0.1965333458342733,28,13,0,59,41,0.8115942028985508
V04_overlap_0.75,overlap_0.75,0.125,0.8749494949494949,0.4374158402031975,checked,2,10,0.1965333458342733,28,13,0,59,41,0.8115942028985508
V04_overlap_0.75,overlap_0.75,0.15,0.8498989898989899,0.4511469782869575,original,0,10,0.14245575004916336,27,40,1,32,67,0.5684210526315789
V04_overlap_0.75,overlap_0.75,0.15,0.8498989898989899,0.4511469782869575,original,1,10,0.11497114726999867,27,40,1,32,67,0.5684210526315789
V04_overlap_0.75,overlap_0.75,0.15,0.8498989898989899,0.4511469782869575,original,2,10,0.1012074656458491,25,44,3,28,69,0.5154639175257731
V04_overlap_0.75,overlap_0.75,0.15,0.8498989898989899,0.4511469782869575,checked,0,10,0.19005691152846269,28,26,0,46,54,0.6829268292682927
V04_overlap_0.75,overlap_0.75,0.15,0.8498989898989899,0.4511469782869575,checked,1,10,0.19005691152846269,28,26,0,46,54,0.6829268292682927
V04_overlap_0.75,overlap_0.75,0.15,0.8498989898989899,0.4511469782869575,checked,2,10,0.19005691152846269,28,26,0,46,54,0.6829268292682927
V04_overlap_0.75,overlap_0.75,0.2,0.8,0.47864112690833954,original,0,10,0.09494449942592113,27,50,1,22,77,0.5142857142857142
V04_overlap_0.75,overlap_0.75,0.2,0.8,0.47864112690833954,original,1,10,0.08537862734256918,27,57,1,15,84,0.48214285714285715
V04_overlap_0.75,overlap_0.75,0.2,0.8,0.47864112690833954,original,2,10,0.1576018096148834,27,37,1,35,64,0.5869565217391305
V04_overlap_0.75,overlap_0.75,0.2,0.8,0.47864112690833954,checked,0,10,0.17707130812183647,26,31,2,41,57,0.611764705882353
V04_overlap_0.75,overlap_0.75,0.2,0.8,0.47864112690833954,checked,1,10,0.17707130812183647,26,31,2,41,57,0.611764705882353
V04_overlap_0.75,overlap_0.75,0.2,0.8,0.47864112690833954,checked,2,10,0.17707130812183647,26,31,2,41,57,0.611764705882353
V05_baseline,baseline,0.01,0.98989898989899,0.30547856574849314,original,0,10,-0.001435913356677318,24,74,0,2,98,0.39344262295081966
V05_baseline,baseline,0.01,0.98989898989899,0.30547856574849314,original,1,10,0.04044953136057983,24,71,0,5,95,0.40336134453781514
V05_baseline,baseline,0.01,0.98989898989899,0.30547856574849314,original,2,10,-0.001435913356677318,24,74,0,2,98,0.39344262295081966
V05_baseline,baseline,0.01,0.98989898989899,0.30547856574849314,checked,0,10,0.2078885166251568,24,68,0,8,92,0.41379310344827586
V05_baseline,baseline,0.01,0.98989898989899,0.30547856574849314,checked,1,10,0.2078885166251568,24,68,0,8,92,0.41379310344827586
V05_baseline,baseline,0.01,0.98989898989899,0.30547856574849314,checked,2,10,0.2078885166251568,24,68,0,8,92,0.41379310344827586
V05_baseline,baseline,0.025,0.9749494949494949,0.31301393701313507,original,0,10,-0.0022785494427772523,24,74,0,2,98,0.39344262295081966
V05_baseline,baseline,0.025,0.9749494949494949,0.31301393701313507,original,1,10,-0.0022785494427772523,24,74,0,2,98,0.39344262295081966
V05_baseline,baseline,0.025,0.9749494949494949,0.31301393701313507,original,2,10,-0.0022785494427772523,24,74,0,2,98,0.39344262295081966
V05_baseline,baseline,0.025,0.9749494949494949,0.31301393701313507,checked,0,10,0.17926743566643277,24,40,0,36,64,0.5454545454545454
V05_baseline,baseline,0.025,0.9749494949494949,0.31301393701313507,checked,1,10,0.17926743566643277,24,40,0,36,64,0.5454545454545454
V05_baseline,baseline,0.025,0.9749494949494949,0.31301393701313507,checked,2,10,0.17926743566643277,24,40,0,36,64,0.5454545454545454
V05_baseline,baseline,0.05,0.9498989898989899,0.32472630136161895,original,0,10,0.10615582432086249,24,68,0,8,92,0.41379310344827586
V05_baseline,baseline,0.05,0.9498989898989899,0.32472630136161895,original,1,10,0.07216344544253471,24,71,0,5,95,0.40336134453781514
V05_baseline,baseline,0.05,0.9498989898989899,0.32472630136161895,original,2,10,0.07216344544253471,24,71,0,5,95,0.40336134453781514
V05_baseline,baseline,0.05,0.9498989898989899,0.32472630136161895,checked,0,10,0.2130667178080628,24,22,0,54,46,0.6857142857142857
V05_baseline,baseline,0.05,0.9498989898989899,0.32472630136161895,checked,1,10,0.2130667178080628,24,22,0,54,46,0.6857142857142857
V05_baseline,baseline,0.05,0.9498989898989899,0.32472630136161895,checked,2,10,0.2130667178080628,24,22,0,54,46,0.6857142857142857
V05_baseline,baseline,0.075,0.9248484848484848,0.33764954125969954,original,0,10,0.24865936847602438,24,5,0,71,29,0.9056603773584906
V05_baseline,baseline,0.075,0.9248484848484848,0.33764954125969954,original,1,10,0.24865936847602438,24,5,0,71,29,0.9056603773584906
V05_baseline,baseline,0.075,0.9248484848484848,0.33764954125969954,original,2,10,0.24865936847602438,24,5,0,71,29,0.9056603773584906
V05_baseline,baseline,0.075,0.9248484848484848,0.33764954125969954,checked,0,10,0.249809155479875,24,4,0,72,28,0.9230769230769231
V05_baseline,baseline,0.075,0.9248484848484848,0.33764954125969954,checked,1,10,0.249809155479875,24,4,0,72,28,0.9230769230769231
V05_baseline,baseline,0.075,0.9248484848484848,0.33764954125969954,checked,2,10,0.249809155479875,24,4,0,72,28,0.9230769230769231
V05_baseline,baseline,0.1,0.9,0.35016952600741785,original,0,10,0.2842507689507179,24,1,0,75,25,0.9795918367346939
V05_baseline,baseline,0.1,0.9,0.35016952600741785,original,1,10,0.2842507689507179,24,1,0,75,25,0.9795918367346939
V05_baseline,baseline,0.1,0.9,0.35016952600741785,original,2,10,0.2842507689507179,24,1,0,75,25,0.9795918367346939
V05_baseline,baseline,0.1,0.9,0.35016952600741785,checked,0,10,0.28613169175965075,24,0,0,76,24,1.0
V05_baseline,baseline,0.1,0.9,0.35016952600741785,checked,1,10,0.28613169175965075,24,0,0,76,24,1.0
V05_baseline,baseline,0.1,0.9,0.35016952600741785,checked,2,10,0.28613169175965075,24,0,0,76,24,1.0
V05_baseline,baseline,0.125,0.8749494949494949,0.3622604424358371,original,0,10,0.322389458978538,24,1,0,75,25,0.9795918367346939
V05_baseline,baseline,0.125,0.8749494949494949,0.3622604424358371,original,1,10,0.322389458978538,24,1,0,75,25,0.9795918367346939
V05_baseline,baseline,0.125,0.8749494949494949,0.3622604424358371,original,2,10,0.322389458978538,24,1,0,75,25,0.9795918367346939
V05_baseline,baseline,0.125,0.8749494949494949,0.3622604424358371,checked,0,10,0.3245177453774399,24,0,0,76,24,1.0
V05_baseline,baseline,0.125,0.8749494949494949,0.3622604424358371,checked,1,10,0.3245177453774399,24,0,0,76,24,1.0
V05_baseline,baseline,0.125,0.8749494949494949,0.3622604424358371,checked,2,10,0.3245177453774399,24,0,0,76,24,1.0
V05_baseline,baseline,0.15,0.8498989898989899,0.376051153122573,original,0,10,0.35837871987878805,24,1,0,75,25,0.9795918367346939
V05_baseline,baseline,0.15,0.8498989898989899,0.376051153122573,original,1,10,0.35837871987878805,24,1,0,75,25,0.9795918367346939
V05_baseline,baseline,0.15,0.8498989898989899,0.376051153122573,original,2,10,0.35837871987878805,24,1,0,75,25,0.9795918367346939
V05_baseline,baseline,0.15,0.8498989898989899,0.376051153122573,checked,0,10,0.3607408865297806,24,0,0,76,24,1.0
V05_baseline,baseline,0.15,0.8498989898989899,0.376051153122573,checked,1,10,0.3607408865297806,24,0,0,76,24,1.0
V05_baseline,baseline,0.15,0.8498989898989899,0.376051153122573,checked,2,10,0.3607408865297806,24,0,0,76,24,1.0
V05_baseline,baseline,0.2,0.8,0.40342132350071075,original,0,10,0.4253585492412891,24,1,0,75,25,0.9795918367346939
V05_baseline,baseline,0.2,0.8,0.40342132350071075,original,1,10,0.4253585492412891,24,1,0,75,25,0.9795918367346939
V05_baseline,baseline,0.2,0.8,0.40342132350071075,original,2,10,0.4253585492412891,24,1,0,75,25,0.9795918367346939
V05_baseline,baseline,0.2,0.8,0.40342132350071075,checked,0,10,0.4291975376394761,24,0,0,76,24,1.0
V05_baseline,baseline,0.2,0.8,0.40342132350071075,checked,1,10,0.4291975376394761,24,0,0,76,24,1.0
V05_baseline,baseline,0.2,0.8,0.40342132350071075,checked,2,10,0.4291975376394761,24,0,0,76,24,1.0
V05_noise_0.1,noise_0.1,0.01,0.98989898989899,0.16608172688688352,original,0,10,-0.001435913356677318,24,74,0,2,98,0.39344262295081966
V05_noise_0.1,noise_0.1,0.01,0.98989898989899,0.16608172688688352,original,1,10,0.07960248262870519,24,73,0,3,97,0.39669421487603307
V05_noise_0.1,noise_0.1,0.01,0.98989898989899,0.16608172688688352,original,2,10,0.024490209957544556,24,69,0,7,93,0.41025641025641024
V05_noise_0.1,noise_0.1,0.01,0.98989898989899,0.16608172688688352,checked,0,10,0.18202912447042227,24,65,0,11,89,0.4247787610619469
V05_noise_0.1,noise_0.1,0.01,0.98989898989899,0.16608172688688352,checked,1,10,0.18202912447042227,24,65,0,11,89,0.4247787610619469
V05_noise_0.1,noise_0.1,0.01,0.98989898989899,0.16608172688688352,checked,2,10,0.18202912447042227,24,65,0,11,89,0.4247787610619469
V05_noise_0.1,noise_0.1,0.025,0.9749494949494949,0.22100107537580344,original,0,10,-0.0022785494427772523,24,74,0,2,98,0.39344262295081966
V05_noise_0.1,noise_0.1,0.025,0.9749494949494949,0.22100107537580344,original,1,10,-0.0022785494427772523,24,74,0,2,98,0.39344262295081966
V05_noise_0.1,noise_0.1,0.025,0.9749494949494949,0.22100107537580344,original,2,10,-0.0022785494427772523,24,74,0,2,98,0.39344262295081966
V05_noise_0.1,noise_0.1,0.025,0.9749494949494949,0.22100107537580344,checked,0,10,0.20356378108167958,24,55,0,21,79,0.46601941747572817
V05_noise_0.1,noise_0.1,0.025,0.9749494949494949,0.22100107537580344,checked,1,10,0.20356378108167958,24,55,0,21,79,0.46601941747572817
V05_noise_0.1,noise_0.1,0.025,0.9749494949494949,0.22100107537580344,checked,2,10,0.20356378108167958,24,55,0,21,79,0.46601941747572817
V05_noise_0.1,noise_0.1,0.05,0.9498989898989899,0.2664477077127168,original,0,10,0.027753062767464025,24,69,0,7,93,0.41025641025641024
V05_noise_0.1,noise_0.1,0.05,0.9498989898989899,0.2664477077127168,original,1,10,0.21439200165053024,24,13,0,63,37,0.7868852459016393
V05_noise_0.1,noise_0.1,0.05,0.9498989898989899,0.2664477077127168,original,2,10,0.2069385612681224,24,22,0,54,46,0.6857142857142857
V05_noise_0.1,noise_0.1,0.05,0.9498989898989899,0.2664477077127168,checked,0,10,0.21586151821988073,24,14,0,62,38,0.7741935483870968
V05_noise_0.1,noise_0.1,0.05,0.9498989898989899,0.2664477077127168,checked,1,10,0.21586151821988073,24,14,0,62,38,0.7741935483870968
V05_noise_0.1,noise_0.1,0.05,0.9498989898989899,0.2664477077127168,checked,2,10,0.21586151821988073,24,14,0,62,38,0.7741935483870968
V05_noise_0.1,noise_0.1,0.075,0.9248484848484848,0.2976209909570052,original,0,10,0.25329676966136316,24,10,0,66,34,0.8275862068965517
V05_noise_0.1,noise_0.1,0.075,0.9248484848484848,0.2976209909570052,original,1,10,0.25329676966136316,24,10,0,66,34,0.8275862068965517
V05_noise_0.1,noise_0.1,0.075,0.9248484848484848,0.2976209909570052,original,2,10,0.25329676966136316,24,10,0,66,34,0.8275862068965517
V05_noise_0.1,noise_0.1,0.075,0.9248484848484848,0.2976209909570052,checked,0,10,0.25329676966136316,24,10,0,66,34,0.8275862068965517
V05_noise_0.1,noise_0.1,0.075,0.9248484848484848,0.2976209909570052,checked,1,10,0.25329676966136316,24,10,0,66,34,0.8275862068965517
V05_noise_0.1,noise_0.1,0.075,0.9248484848484848,0.2976209909570052,checked,2,10,0.25329676966136316,24,10,0,66,34,0.8275862068965517
V05_noise_0.1,noise_0.1,0.1,0.9,0.3234403522325124,original,0,10,0.29025649489378763,24,4,0,72,28,0.9230769230769231
V05_noise_0.1,noise_0.1,0.1,0.9,0.3234403522325124,original,1,10,0.29025649489378763,24,4,0,72,28,0.9230769230769231
V05_noise_0.1,noise_0.1,0.1,0.9,0.3234403522325124,original,2,10,0.29025649489378763,24,4,0,72,28,0.9230769230769231
V05_noise_0.1,noise_0.1,0.1,0.9,0.3234403522325124,checked,0,10,0.2903870361694838,24,3,0,73,27,0.9411764705882353
V05_noise_0.1,noise_0.1,0.1,0.9,0.3234403522325124,checked,1,10,0.2903870361694838,24,3,0,73,27,0.9411764705882353
V05_noise_0.1,noise_0.1,0.1,0.9,0.3234403522325124,checked,2,10,0.2903870361694838,24,3,0,73,27,0.9411764705882353
V05_noise_0.1,noise_0.1,0.125,0.8749494949494949,0.3457485554089739,original,0,10,0.32411937978528244,24,2,0,74,26,0.96
V05_noise_0.1,noise_0.1,0.125,0.8749494949494949,0.3457485554089739,original,1,10,0.32411937978528244,24,2,0,74,26,0.96
V05_noise_0.1,noise_0.1,0.125,0.8749494949494949,0.3457485554089739,original,2,10,0.32411937978528244,24,2,0,74,26,0.96
V05_noise_0.1,noise_0.1,0.125,0.8749494949494949,0.3457485554089739,checked,0,10,0.324850589542714,24,1,0,75,25,0.9795918367346939
V05_noise_0.1,noise_0.1,0.125,0.8749494949494949,0.3457485554089739,checked,1,10,0.324850589542714,24,1,0,75,25,0.9795918367346939
V05_noise_0.1,noise_0.1,0.125,0.8749494949494949,0.3457485554089739,checked,2,10,0.324850589542714,24,1,0,75,25,0.9795918367346939
V05_noise_0.1,noise_0.1,0.15,0.8498989898989899,0.36316361304152445,original,0,10,0.35951834866761,24,1,0,75,25,0.9795918367346939
V05_noise_0.1,noise_0.1,0.15,0.8498989898989899,0.36316361304152445,original,1,10,0.35951834866761,24,1,0,75,25,0.9795918367346939
V05_noise_0.1,noise_0.1,0.15,0.8498989898989899,0.36316361304152445,original,2,10,0.35951834866761,24,1,0,75,25,0.9795918367346939
V05_noise_0.1,noise_0.1,0.15,0.8498989898989899,0.36316361304152445,checked,0,10,0.35959644803184915,24,0,0,76,24,1.0
V05_noise_0.1,noise_0.1,0.15,0.8498989898989899,0.36316361304152445,checked,1,10,0.35959644803184915,24,0,0,76,24,1.0
V05_noise_0.1,noise_0.1,0.15,0.8498989898989899,0.36316361304152445,checked,2,10,0.35959644803184915,24,0,0,76,24,1.0
V05_noise_0.1,noise_0.1,0.2,0.8,0.3954963522142762,original,0,10,0.4192529241325624,24,1,0,75,25,0.9795918367346939
V05_noise_0.1,noise_0.1,0.2,0.8,0.3954963522142762,original,1,10,0.4192529241325624,24,1,0,75,25,0.9795918367346939
V05_noise_0.1,noise_0.1,0.2,0.8,0.3954963522142762,original,2,10,0.4192529241325624,24,1,0,75,25,0.9795918367346939
V05_noise_0.1,noise_0.1,0.2,0.8,0.3954963522142762,checked,0,10,0.42306614424462646,24,0,0,76,24,1.0
V05_noise_0.1,noise_0.1,0.2,0.8,0.3954963522142762,checked,1,10,0.42306614424462646,24,0,0,76,24,1.0
V05_noise_0.1,noise_0.1,0.2,0.8,0.3954963522142762,checked,2,10,0.42306614424462646,24,0,0,76,24,1.0
V05_noise_0.2,noise_0.2,0.01,1.0,0.0,original,0,10,0.0,11,41,13,35,52,0.2894736842105263
V05_noise_0.2,noise_0.2,0.01,1.0,0.0,original,1,10,0.0,12,38,12,38,50,0.32432432432432434
V05_noise_0.2,noise_0.2,0.01,1.0,0.0,original,2,10,0.0,10,45,14,31,55,0.25316455696202533
V05_noise_0.2,noise_0.2,0.01,1.0,0.0,checked,0,10,0.0,11,40,13,36,51,0.29333333333333333
V05_noise_0.2,noise_0.2,0.01,1.0,0.0,checked,1,10,0.0,12,39,12,37,51,0.32
V05_noise_0.2,noise_0.2,0.01,1.0,0.0,checked,2,10,0.0,10,46,14,30,56,0.25
V05_noise_0.2,noise_0.2,0.025,0.9749494949494949,0.06432183811496794,original,0,10,-0.0022785494427772523,24,74,0,2,98,0.39344262295081966
V05_noise_0.2,noise_0.2,0.025,0.9749494949494949,0.06432183811496794,original,1,10,-0.0022785494427772523,24,74,0,2,98,0.39344262295081966
V05_noise_0.2,noise_0.2,0.025,0.9749494949494949,0.06432183811496794,original,2,10,-0.0022785494427772523,24,74,0,2,98,0.39344262295081966
V05_noise_0.2,noise_0.2,0.025,0.9749494949494949,0.06432183811496794,checked,0,10,0.2019758168586474,24,39,0,37,63,0.5517241379310345
V05_noise_0.2,noise_0.2,0.025,0.9749494949494949,0.06432183811496794,checked,1,10,0.2019758168586474,24,39,0,37,63,0.5517241379310345
V05_noise_0.2,noise_0.2,0.025,0.9749494949494949,0.06432183811496794,checked,2,10,0.2019758168586474,24,39,0,37,63,0.5517241379310345
V05_noise_0.2,noise_0.2,0.05,0.9498989898989899,0.14497433638180302,original,0,10,0.06911254038522822,24,68,0,8,92,0.41379310344827586
V05_noise_0.2,noise_0.2,0.05,0.9498989898989899,0.14497433638180302,original,1,10,0.10615582432086249,24,68,0,8,92,0.41379310344827586
V05_noise_0.2,noise_0.2,0.05,0.9498989898989899,0.14497433638180302,original,2,10,0.06911254038522822,24,68,0,8,92,0.41379310344827586
V05_noise_0.2,noise_0.2,0.05,0.9498989898989899,0.14497433638180302,checked,0,10,0.21122352756146415,24,16,0,60,40,0.75
V05_noise_0.2,noise_0.2,0.05,0.9498989898989899,0.14497433638180302,checked,1,10,0.21122352756146415,24,16,0,60,40,0.75
V05_noise_0.2,noise_0.2,0.05,0.9498989898989899,0.14497433638180302,checked,2,10,0.21122352756146415,24,16,0,60,40,0.75
V05_noise_0.2,noise_0.2,0.075,0.9248484848484848,0.19757483562400205,original,0,10,0.23008131230406786,24,14,0,62,38,0.7741935483870968
V05_noise_0.2,noise_0.2,0.075,0.9248484848484848,0.19757483562400205,original,1,10,0.23008131230406786,24,14,0,62,38,0.7741935483870968
V05_noise_0.2,noise_0.2,0.075,0.9248484848484848,0.19757483562400205,original,2,10,0.23008131230406786,24,14,0,62,38,0.7741935483870968
V05_noise_0.2,noise_0.2,0.075,0.9248484848484848,0.19757483562400205,checked,0,10,0.23164747310910994,24,10,0,66,34,0.8275862068965517
V05_noise_0.2,noise_0.2,0.075,0.9248484848484848,0.19757483562400205,checked,1,10,0.23164747310910994,24,10,0,66,34,0.8275862068965517
V05_noise_0.2,noise_0.2,0.075,0.9248484848484848,0.19757483562400205,checked,2,10,0.23164747310910994,24,10,0,66,34,0.8275862068965517
V05_noise_0.2,noise_0.2,0.1,0.9,0.23409329618528396,original,0,10,0.25993414520545616,24,9,0,67,33,0.8421052631578947
V05_noise_0.2,noise_0.2,0.1,0.9,0.23409329618528396,original,1,10,0.25993414520545616,24,9,0,67,33,0.8421052631578947
V05_noise_0.2,noise_0.2,0.1,0.9,0.23409329618528396,original,2,10,0.25993414520545616,24,9,0,67,33,0.8421052631578947
V05_noise_0.2,noise_0.2,0.1,0.9,0.23409329618528396,checked,0,10,0.2602360405056441,24,10,0,66,34,0.8275862068965517
V05_noise_0.2,noise_0.2,0.1,0.9,0.23409329618528396,checked,1,10,0.2602360405056441,24,10,0,66,34,0.8275862068965517
V05_noise_0.2,noise_0.2,0.1,0.9,0.23409329618528396,checked,2,10,0.2602360405056441,24,10,0,66,34,0.8275862068965517
V05_noise_0.2,noise_0.2,0.125,0.8749494949494949,0.2622588530527087,original,0,10,0.2775079570370838,24,2,0,74,26,0.96
V05_noise_0.2,noise_0.2,0.125,0.8749494949494949,0.2622588530527087,original,1,10,0.2775079570370838,24,2,0,74,26,0.96
V05_noise_0.2,noise_0.2,0.125,0.8749494949494949,0.2622588530527087,original,2,10,0.2775079570370838,24,2,0,74,26,0.96
V05_noise_0.2,noise_0.2,0.125,0.8749494949494949,0.2622588530527087,checked,0,10,0.2775079570370838,24,2,0,74,26,0.96
V05_noise_0.2,noise_0.2,0.125,0.8749494949494949,0.2622588530527087,checked,1,10,0.2775079570370838,24,2,0,74,26,0.96
V05_noise_0.2,noise_0.2,0.125,0.8749494949494949,0.2622588530527087,checked,2,10,0.2775079570370838,24,2,0,74,26,0.96
V05_noise_0.2,noise_0.2,0.15,0.8498989898989899,0.29587814067664847,original,0,10,0.2977967691435518,24,0,0,76,24,1.0
V05_noise_0.2,noise_0.2,0.15,0.8498989898989899,0.29587814067664847,original,1,10,0.2977967691435518,24,0,0,76,24,1.0
V05_noise_0.2,noise_0.2,0.15,0.8498989898989899,0.29587814067664847,original,2,10,0.2977967691435518,24,0,0,76,24,1.0
V05_noise_0.2,noise_0.2,0.15,0.8498989898989899,0.29587814067664847,checked,0,10,0.2979783940712236,24,1,0,75,25,0.9795918367346939
V05_noise_0.2,noise_0.2,0.15,0.8498989898989899,0.29587814067664847,checked,1,10,0.2979783940712236,24,1,0,75,25,0.9795918367346939
V05_noise_0.2,noise_0.2,0.15,0.8498989898989899,0.29587814067664847,checked,2,10,0.2979783940712236,24,1,0,75,25,0.9795918367346939
V05_noise_0.2,noise_0.2,0.2,0.8,0.34815825215161367,original,0,10,0.3429326102734794,24,1,0,75,25,0.9795918367346939
V05_noise_0.2,noise_0.2,0.2,0.8,0.34815825215161367,original,1,10,0.3429326102734794,24,1,0,75,25,0.9795918367346939
V05_noise_0.2,noise_0.2,0.2,0.8,0.34815825215161367,original,2,10,0.3429326102734794,24,1,0,75,25,0.9795918367346939
V05_noise_0.2,noise_0.2,0.2,0.8,0.34815825215161367,checked,0,10,0.3464237268090057,24,0,0,76,24,1.0
V05_noise_0.2,noise_0.2,0.2,0.8,0.34815825215161367,checked,1,10,0.3464237268090057,24,0,0,76,24,1.0
V05_noise_0.2,noise_0.2,0.2,0.8,0.34815825215161367,checked,2,10,0.3464237268090057,24,0,0,76,24,1.0
V05_overlap_0.75,overlap_0.75,0.01,0.98989898989899,0.3346843000235505,original,0,10,-0.001435913356677318,24,74,0,2,98,0.39344262295081966
V05_overlap_0.75,overlap_0.75,0.01,0.98989898989899,0.3346843000235505,original,1,10,-0.001435913356677318,24,74,0,2,98,0.39344262295081966
V05_overlap_0.75,overlap_0.75,0.01,0.98989898989899,0.3346843000235505,original,2,10,-0.001435913356677318,24,74,0,2,98,0.39344262295081966
V05_overlap_0.75,overlap_0.75,0.01,0.98989898989899,0.3346843000235505,checked,0,10,0.24378260305040494,24,73,0,3,97,0.39669421487603307
V05_overlap_0.75,overlap_0.75,0.01,0.98989898989899,0.3346843000235505,checked,1,10,0.24378260305040494,24,73,0,3,97,0.39669421487603307
V05_overlap_0.75,overlap_0.75,0.01,0.98989898989899,0.3346843000235505,checked,2,10,0.24378260305040494,24,73,0,3,97,0.39669421487603307
V05_overlap_0.75,overlap_0.75,0.025,0.9749494949494949,0.35891589550124614,original,0,10,0.0886796742832764,24,74,0,2,98,0.39344262295081966
V05_overlap_0.75,overlap_0.75,0.025,0.9749494949494949,0.35891589550124614,original,1,10,-0.0022785494427772523,24,74,0,2,98,0.39344262295081966
V05_overlap_0.75,overlap_0.75,0.025,0.9749494949494949,0.35891589550124614,original,2,10,0.1992704427597155,24,67,0,9,91,0.41739130434782606
V05_overlap_0.75,overlap_0.75,0.025,0.9749494949494949,0.35891589550124614,checked,0,10,0.20356378108167958,24,55,0,21,79,0.46601941747572817
V05_overlap_0.75,overlap_0.75,0.025,0.9749494949494949,0.35891589550124614,checked,1,10,0.20356378108167958,24,55,0,21,79,0.46601941747572817
V05_overlap_0.75,overlap_0.75,0.025,0.9749494949494949,0.35891589550124614,checked,2,10,0.20356378108167958,24,55,0,21,79,0.46601941747572817
V05_overlap_0.75,overlap_0.75,0.05,0.9498989898989899,0.38315835100505735,original,0,10,0.09407228235455473,24,54,0,22,78,0.47058823529411764
V05_overlap_0.75,overlap_0.75,0.05,0.9498989898989899,0.38315835100505735,original,1,10,0.1370201104667967,24,59,0,17,83,0.4485981308411215
V05_overlap_0.75,overlap_0.75,0.05,0.9498989898989899,0.38315835100505735,original,2,10,0.09899225624337336,24,69,0,7,93,0.41025641025641024
V05_overlap_0.75,overlap_0.75,0.05,0.9498989898989899,0.38315835100505735,checked,0,10,0.2169616032236873,24,41,0,35,65,0.5393258426966292
V05_overlap_0.75,overlap_0.75,0.05,0.9498989898989899,0.38315835100505735,checked,1,10,0.2169616032236873,24,41,0,35,65,0.5393258426966292
V05_overlap_0.75,overlap_0.75,0.05,0.9498989898989899,0.38315835100505735,checked,2,10,0.2169616032236873,24,41,0,35,65,0.5393258426966292
V05_overlap_0.75,overlap_0.75,0.075,0.9248484848484848,0.40069553081422893,original,0,10,0.2110452969429744,24,23,0,53,47,0.676056338028169
V05_overlap_0.75,overlap_0.75,0.075,0.9248484848484848,0.40069553081422893,original,1,10,0.12330122863002224,24,65,0,11,89,0.4247787610619469
V05_overlap_0.75,overlap_0.75,0.075,0.9248484848484848,0.40069553081422893,original,2,10,0.2110452969429744,24,23,0,53,47,0.676056338028169
V05_overlap_0.75,overlap_0.75,0.075,0.9248484848484848,0.40069553081422893,checked,0,10,0.21904158433786713,24,14,0,62,38,0.7741935483870968
V05_overlap_0.75,overlap_0.75,0.075,0.9248484848484848,0.40069553081422893,checked,1,10,0.21904158433786713,24,14,0,62,38,0.7741935483870968
V05_overlap_0.75,overlap_0.75,0.075,0.9248484848484848,0.40069553081422893,checked,2,10,0.21904158433786713,24,14,0,62,38,0.7741935483870968
V05_overlap_0.75,overlap_0.75,0.1,0.9,0.41481392517492777,original,0,10,0.20800322199795854,24,17,0,59,41,0.7384615384615385
V05_overlap_0.75,overlap_0.75,0.1,0.9,0.41481392517492777,original,1,10,0.06600323253396181,24,57,0,19,81,0.45714285714285713
V05_overlap_0.75,overlap_0.75,0.1,0.9,0.41481392517492777,original,2,10,0.04264445100898216,24,74,0,2,98,0.39344262295081966
V05_overlap_0.75,overlap_0.75,0.1,0.9,0.41481392517492777,checked,0,10,0.21539118757255662,24,10,0,66,34,0.8275862068965517
V05_overlap_0.75,overlap_0.75,0.1,0.9,0.41481392517492777,checked,1,10,0.21539118757255662,24,10,0,66,34,0.8275862068965517
V05_overlap_0.75,overlap_0.75,0.1,0.9,0.41481392517492777,checked,2,10,0.21539118757255662,24,10,0,66,34,0.8275862068965517
V05_overlap_0.75,overlap_0.75,0.125,0.8749494949494949,0.42782299738272567,original,0,10,0.21162457623184466,24,5,0,71,29,0.9056603773584906
V05_overlap_0.75,overlap_0.75,0.125,0.8749494949494949,0.42782299738272567,original,1,10,0.05100057600033111,24,71,0,5,95,0.40336134453781514
V05_overlap_0.75,overlap_0.75,0.125,0.8749494949494949,0.42782299738272567,original,2,10,0.20480378105278976,24,8,0,68,32,0.8571428571428571
V05_overlap_0.75,overlap_0.75,0.125,0.8749494949494949,0.42782299738272567,checked,0,10,0.21260576902795125,24,6,0,70,30,0.8888888888888888
V05_overlap_0.75,overlap_0.75,0.125,0.8749494949494949,0.42782299738272567,checked,1,10,0.21260576902795125,24,6,0,70,30,0.8888888888888888
V05_overlap_0.75,overlap_0.75,0.125,0.8749494949494949,0.42782299738272567,checked,2,10,0.21260576902795125,24,6,0,70,30,0.8888888888888888
V05_overlap_0.75,overlap_0.75,0.15,0.8498989898989899,0.44041826836792136,original,0,10,0.1974582778430669,24,16,0,60,40,0.75
V05_overlap_0.75,overlap_0.75,0.15,0.8498989898989899,0.44041826836792136,original,1,10,0.20716962613868253,24,11,0,65,35,0.8135593220338984
V05_overlap_0.75,overlap_0.75,0.15,0.8498989898989899,0.44041826836792136,original,2,10,0.21005883252306637,24,10,0,66,34,0.8275862068965517
V05_overlap_0.75,overlap_0.75,0.15,0.8498989898989899,0.44041826836792136,checked,0,10,0.2106073673061289,24,11,0,65,35,0.8135593220338984
V05_overlap_0.75,overlap_0.75,0.15,0.8498989898989899,0.44041826836792136,checked,1,10,0.2106073673061289,24,11,0,65,35,0.8135593220338984
V05_overlap_0.75,overlap_0.75,0.15,0.8498989898989899,0.44041826836792136,checked,2,10,0.2106073673061289,24,11,0,65,35,0.8135593220338984
V05_overlap_0.75,overlap_0.75,0.2,0.8,0.46796960298584167,original,0,10,0.21008747223223648,24,9,0,67,33,0.8421052631578947
V05_overlap_0.75,overlap_0.75,0.2,0.8,0.46796960298584167,original,1,10,0.21097464902611618,24,10,0,66,34,0.8275862068965517
V05_overlap_0.75,overlap_0.75,0.2,0.8,0.46796960298584167,original,2,10,0.21097464902611618,24,10,0,66,34,0.8275862068965517
V05_overlap_0.75,overlap_0.75,0.2,0.8,0.46796960298584167,checked,0,10,0.21180574626062842,24,11,0,65,35,0.8135593220338984
V05_overlap_0.75,overlap_0.75,0.2,0.8,0.46796960298584167,checked,1,10,0.21180574626062842,24,11,0,65,35,0.8135593220338984
V05_overlap_0.75,overlap_0.75,0.2,0.8,0.46796960298584167,checked,2,10,0.21180574626062842,24,11,0,65,35,0.8135593220338984
V06_baseline,baseline,0.01,0.98989898989899,0.30614090512930164,original,0,10,-0.001435913356677318,25,73,0,2,98,0.4065040650406504
V06_baseline,baseline,0.01,0.98989898989899,0.30614090512930164,original,1,10,-0.001435913356677318,25,73,0,2,98,0.4065040650406504
V06_baseline,baseline,0.01,0.98989898989899,0.30614090512930164,original,2,10,-0.001435913356677318,25,73,0,2,98,0.4065040650406504
V06_baseline,baseline,0.01,0.98989898989899,0.30614090512930164,checked,0,10,0.24207630611875253,25,68,0,7,93,0.423728813559322
V06_baseline,baseline,0.01,0.98989898989899,0.30614090512930164,checked,1,10,0.24207630611875253,25,68,0,7,93,0.423728813559322
V06_baseline,baseline,0.01,0.98989898989899,0.30614090512930164,checked,2,10,0.24207630611875253,25,68,0,7,93,0.423728813559322
V06_baseline,baseline,0.025,0.9749494949494949,0.31423250042217993,original,0,10,-0.0022785494427772523,25,73,0,2,98,0.4065040650406504
V06_baseline,baseline,0.025,0.9749494949494949,0.31423250042217993,original,1,10,-0.0022785494427772523,25,73,0,2,98,0.4065040650406504
V06_baseline,baseline,0.025,0.9749494949494949,0.31423250042217993,original,2,10,-0.0022785494427772523,25,73,0,2,98,0.4065040650406504
V06_baseline,baseline,0.025,0.9749494949494949,0.31423250042217993,checked,0,10,0.20051051183653137,25,43,0,32,68,0.5376344086021505
V06_baseline,baseline,0.025,0.9749494949494949,0.31423250042217993,checked,1,10,0.20051051183653137,25,43,0,32,68,0.5376344086021505
V06_baseline,baseline,0.025,0.9749494949494949,0.31423250042217993,checked,2,10,0.20051051183653137,25,43,0,32,68,0.5376344086021505
V06_baseline,baseline,0.05,0.9498989898989899,0.32948418746139524,original,0,10,0.08447700619362615,25,48,0,27,73,0.5102040816326531
V06_baseline,baseline,0.05,0.9498989898989899,0.32948418746139524,original,1,10,0.11528313246067033,25,47,0,28,72,0.5154639175257731
V06_baseline,baseline,0.05,0.9498989898989899,0.32948418746139524,original,2,10,0.08447700619362615,25,48,0,27,73,0.5102040816326531
V06_baseline,baseline,0.05,0.9498989898989899,0.32948418746139524,checked,0,10,0.2207478614531212,25,23,0,52,48,0.684931506849315
V06_baseline,baseline,0.05,0.9498989898989899,0.32948418746139524,checked,1,10,0.2207478614531212,25,23,0,52,48,0.684931506849315
V06_baseline,baseline,0.05,0.9498989898989899,0.32948418746139524,checked,2,10,0.2207478614531212,25,23,0,52,48,0.684931506849315
V06_baseline,baseline,0.075,0.9248484848484848,0.3417454969158305,original,0,10,0.25735361771497584,25,6,0,69,31,0.8928571428571429
V06_baseline,baseline,0.075,0.9248484848484848,0.3417454969158305,original,1,10,0.25799141414570853,25,7,0,68,32,0.8771929824561403
V06_baseline,baseline,0.075,0.9248484848484848,0.3417454969158305,original,2,10,0.25799141414570853,25,7,0,68,32,0.8771929824561403
V06_baseline,baseline,0.075,0.9248484848484848,0.3417454969158305,checked,0,10,0.2588882747726482,25,6,0,69,31,0.8928571428571429
V06_baseline,baseline,0.075,0.9248484848484848,0.3417454969158305,checked,1,10,0.2588882747726482,25,6,0,69,31,0.8928571428571429
V06_baseline,baseline,0.075,0.9248484848484848,0.3417454969158305,checked,2,10,0.2588882747726482,25,6,0,69,31,0.8928571428571429
V06_baseline,baseline,0.1,0.9,0.3540682540314047,original,0,10,0.29469919919481075,25,1,0,74,26,0.9803921568627451
V06_baseline,baseline,0.1,0.9,0.3540682540314047,original,1,10,0.29469919919481075,25,1,0,74,26,0.9803921568627451
V06_baseline,baseline,0.1,0.9,0.3540682540314047,original,2,10,0.29469919919481075,25,1,0,74,26,0.9803921568627451
V06_baseline,baseline,0.1,0.9,0.3540682540314047,checked,0,10,0.2951052135884541,25,0,0,75,25,1.0
V06_baseline,baseline,0.1,0.9,0.3540682540314047,checked,1,10,0.2951052135884541,25,0,0,75,25,1.0
V06_baseline,baseline,0.1,0.9,0.3540682540314047,checked,2,10,0.2951052135884541,25,0,0,75,25,1.0
V06_baseline,baseline,0.125,0.8749494949494949,0.36803293658767666,original,0,10,0.33270569450205584,25,1,0,74,26,0.9803921568627451
V06_baseline,baseline,0.125,0.8749494949494949,0.36803293658767666,original,1,10,0.33270569450205584,25,1,0,74,26,0.9803921568627451
V06_baseline,baseline,0.125,0.8749494949494949,0.36803293658767666,original,2,10,0.33270569450205584,25,1,0,74,26,0.9803921568627451
V06_baseline,baseline,0.125,0.8749494949494949,0.36803293658767666,checked,0,10,0.33469511179941797,25,0,0,75,25,1.0
V06_baseline,baseline,0.125,0.8749494949494949,0.36803293658767666,checked,1,10,0.33469511179941797,25,0,0,75,25,1.0
V06_baseline,baseline,0.125,0.8749494949494949,0.36803293658767666,checked,2,10,0.33469511179941797,25,0,0,75,25,1.0
V06_baseline,baseline,0.15,0.8498989898989899,0.3806384952606393,original,0,10,0.370982428460319,25,1,0,74,26,0.9803921568627451
V06_baseline,baseline,0.15,0.8498989898989899,0.3806384952606393,original,1,10,0.370982428460319,25,1,0,74,26,0.9803921568627451
V06_baseline,baseline,0.15,0.8498989898989899,0.3806384952606393,original,2,10,0.370982428460319,25,1,0,74,26,0.9803921568627451
V06_baseline,baseline,0.15,0.8498989898989899,0.3806384952606393,checked,0,10,0.3720542653446517,25,0,0,75,25,1.0
V06_baseline,baseline,0.15,0.8498989898989899,0.3806384952606393,checked,1,10,0.3720542653446517,25,0,0,75,25,1.0
V06_baseline,baseline,0.15,0.8498989898989899,0.3806384952606393,checked,2,10,0.3720542653446517,25,0,0,75,25,1.0
V06_baseline,baseline,0.2,0.8,0.4082607020118336,original,0,10,0.4400201214228166,25,1,0,74,26,0.9803921568627451
V06_baseline,baseline,0.2,0.8,0.4082607020118336,original,1,10,0.4400201214228166,25,1,0,74,26,0.9803921568627451
V06_baseline,baseline,0.2,0.8,0.4082607020118336,original,2,10,0.4400201214228166,25,1,0,74,26,0.9803921568627451
V06_baseline,baseline,0.2,0.8,0.4082607020118336,checked,0,10,0.44265782038268114,25,0,0,75,25,1.0
V06_baseline,baseline,0.2,0.8,0.4082607020118336,checked,1,10,0.44265782038268114,25,0,0,75,25,1.0
V06_baseline,baseline,0.2,0.8,0.4082607020118336,checked,2,10,0.44265782038268114,25,0,0,75,25,1.0
V06_noise_0.1,noise_0.1,0.01,0.98989898989899,0.1814722339209435,original,0,10,0.09394227846019912,25,63,0,12,88,0.4424778761061947
V06_noise_0.1,noise_0.1,0.01,0.98989898989899,0.1814722339209435,original,1,10,-0.001435913356677318,25,73,0,2,98,0.4065040650406504
V06_noise_0.1,noise_0.1,0.01,0.98989898989899,0.1814722339209435,original,2,10,0.04044953136057983,25,70,0,5,95,0.4166666666666667
V06_noise_0.1,noise_0.1,0.01,0.98989898989899,0.1814722339209435,checked,0,10,0.2291218516531755,25,66,0,9,91,0.43103448275862066
V06_noise_0.1,noise_0.1,0.01,0.98989898989899,0.1814722339209435,checked,1,10,0.2291218516531755,25,66,0,9,91,0.43103448275862066
V06_noise_0.1,noise_0.1,0.01,0.98989898989899,0.1814722339209435,checked,2,10,0.2291218516531755,25,66,0,9,91,0.43103448275862066
V06_noise_0.1,noise_0.1,0.025,0.9749494949494949,0.22800444522002097,original,0,10,-0.0022785494427772523,25,73,0,2,98,0.4065040650406504
V06_noise_0.1,noise_0.1,0.025,0.9749494949494949,0.22800444522002097,original,1,10,0.04857800826460914,25,72,0,3,97,0.4098360655737705
V06_noise_0.1,noise_0.1,0.025,0.9749494949494949,0.22800444522002097,original,2,10,0.07658906526668417,22,51,3,24,73,0.4489795918367347
V06_noise_0.1,noise_0.1,0.025,0.9749494949494949,0.22800444522002097,checked,0,10,0.20094851375805967,25,44,0,31,69,0.5319148936170213
V06_noise_0.1,noise_0.1,0.025,0.9749494949494949,0.22800444522002097,checked,1,10,0.20094851375805967,25,44,0,31,69,0.5319148936170213
V06_noise_0.1,noise_0.1,0.025,0.9749494949494949,0.22800444522002097,checked,2,10,0.20094851375805967,25,44,0,31,69,0.5319148936170213
V06_noise_0.1,noise_0.1,0.05,0.9498989898989899,0.26962282593857567,original,0,10,0.16421797267994973,25,45,0,30,70,0.5263157894736842
V06_noise_0.1,noise_0.1,0.05,0.9498989898989899,0.26962282593857567,original,1,10,0.16345287151412755,25,49,0,26,74,0.5050505050505051
V06_noise_0.1,noise_0.1,0.05,0.9498989898989899,0.26962282593857567,original,2,10,0.13924476756829118,24,44,1,31,68,0.5161290322580645
V06_noise_0.1,noise_0.1,0.05,0.9498989898989899,0.26962282593857567,checked,0,10,0.2282693861625396,25,28,0,47,53,0.6410256410256411
V06_noise_0.1,noise_0.1,0.05,0.9498989898989899,0.26962282593857567,checked,1,10,0.2282693861625396,25,28,0,47,53,0.6410256410256411
V06_noise_0.1,noise_0.1,0.05,0.9498989898989899,0.26962282593857567,checked,2,10,0.2282693861625396,25,28,0,47,53,0.6410256410256411
V06_noise_0.1,noise_0.1,0.075,0.9248484848484848,0.29847463636773564,original,0,10,0.25566828812328174,25,10,0,65,35,0.8333333333333334
V06_noise_0.1,noise_0.1,0.075,0.9248484848484848,0.29847463636773564,original,1,10,0.25566828812328174,25,10,0,65,35,0.8333333333333334
V06_noise_0.1,noise_0.1,0.075,0.9248484848484848,0.29847463636773564,original,2,10,0.12144731946131478,25,46,0,29,71,0.5208333333333334
V06_noise_0.1,noise_0.1,0.075,0.9248484848484848,0.29847463636773564,checked,0,10,0.25638952631168505,25,9,0,66,34,0.847457627118644
V06_noise_0.1,noise_0.1,0.075,0.9248484848484848,0.29847463636773564,checked,1,10,0.25638952631168505,25,9,0,66,34,0.847457627118644
V06_noise_0.1,noise_0.1,0.075,0.9248484848484848,0.29847463636773564,checked,2,10,0.25638952631168505,25,9,0,66,34,0.847457627118644
V06_noise_0.1,noise_0.1,0.1,0.9,0.3230404481859484,original,0,10,0.2969941108383974,25,3,0,72,28,0.9433962264150944
V06_noise_0.1,noise_0.1,0.1,0.9,0.3230404481859484,original,1,10,0.2969941108383974,25,3,0,72,28,0.9433962264150944
V06_noise_0.1,noise_0.1,0.1,0.9,0.3230404481859484,original,2,10,0.2969941108383974,25,3,0,72,28,0.9433962264150944
V06_noise_0.1,noise_0.1,0.1,0.9,0.3230404481859484,checked,0,10,0.29713394686115396,25,2,0,73,27,0.9615384615384616
V06_noise_0.1,noise_0.1,0.1,0.9,0.3230404481859484,checked,1,10,0.29713394686115396,25,2,0,73,27,0.9615384615384616
V06_noise_0.1,noise_0.1,0.1,0.9,0.3230404481859484,checked,2,10,0.29713394686115396,25,2,0,73,27,0.9615384615384616
V06_noise_0.1,noise_0.1,0.125,0.8749494949494949,0.3425125559204166,original,0,10,0.3290258453377244,25,1,0,74,26,0.9803921568627451
V06_noise_0.1,noise_0.1,0.125,0.8749494949494949,0.3425125559204166,original,1,10,0.3290258453377244,25,1,0,74,26,0.9803921568627451
V06_noise_0.1,noise_0.1,0.125,0.8749494949494949,0.3425125559204166,original,2,10,0.3290258453377244,25,1,0,74,26,0.9803921568627451
V06_noise_0.1,noise_0.1,0.125,0.8749494949494949,0.3425125559204166,checked,0,10,0.329772850671066,25,0,0,75,25,1.0
V06_noise_0.1,noise_0.1,0.125,0.8749494949494949,0.3425125559204166,checked,1,10,0.329772850671066,25,0,0,75,25,1.0
V06_noise_0.1,noise_0.1,0.125,0.8749494949494949,0.3425125559204166,checked,2,10,0.329772850671066,25,0,0,75,25,1.0
V06_noise_0.1,noise_0.1,0.15,0.8498989898989899,0.3614326980520324,original,0,10,0.3641665981955826,25,1,0,74,26,0.9803921568627451
V06_noise_0.1,noise_0.1,0.15,0.8498989898989899,0.3614326980520324,original,1,10,0.3641665981955826,25,1,0,74,26,0.9803921568627451
V06_noise_0.1,noise_0.1,0.15,0.8498989898989899,0.3614326980520324,original,2,10,0.3641665981955826,25,1,0,74,26,0.9803921568627451
V06_noise_0.1,noise_0.1,0.15,0.8498989898989899,0.3614326980520324,checked,0,10,0.36521649261171985,25,0,0,75,25,1.0
V06_noise_0.1,noise_0.1,0.15,0.8498989898989899,0.3614326980520324,checked,1,10,0.36521649261171985,25,0,0,75,25,1.0
V06_noise_0.1,noise_0.1,0.15,0.8498989898989899,0.3614326980520324,checked,2,10,0.36521649261171985,25,0,0,75,25,1.0
V06_noise_0.1,noise_0.1,0.2,0.8,0.3989587130220403,original,0,10,0.42581937983701795,25,1,0,74,26,0.9803921568627451
V06_noise_0.1,noise_0.1,0.2,0.8,0.3989587130220403,original,1,10,0.42581937983701795,25,1,0,74,26,0.9803921568627451
V06_noise_0.1,noise_0.1,0.2,0.8,0.3989587130220403,original,2,10,0.42581937983701795,25,1,0,74,26,0.9803921568627451
V06_noise_0.1,noise_0.1,0.2,0.8,0.3989587130220403,checked,0,10,0.42942896598044017,25,0,0,75,25,1.0
V06_noise_0.1,noise_0.1,0.2,0.8,0.3989587130220403,checked,1,10,0.42942896598044017,25,0,0,75,25,1.0
V06_noise_0.1,noise_0.1,0.2,0.8,0.3989587130220403,checked,2,10,0.42942896598044017,25,0,0,75,25,1.0
V06_noise_0.2,noise_0.2,0.01,1.0,0.0,original,0,10,0.0,9,43,16,32,52,0.23376623376623376
V06_noise_0.2,noise_0.2,0.01,1.0,0.0,original,1,10,0.0,14,36,11,39,50,0.37333333333333335
V06_noise_0.2,noise_0.2,0.01,1.0,0.0,original,2,10,0.0,12,43,13,32,55,0.3
V06_noise_0.2,noise_0.2,0.01,1.0,0.0,checked,0,10,0.0,9,42,16,33,51,0.23684210526315788
V06_noise_0.2,noise_0.2,0.01,1.0,0.0,checked,1,10,0.0,14,37,11,38,51,0.3684210526315789
V06_noise_0.2,noise_0.2,0.01,1.0,0.0,checked,2,10,0.0,12,44,13,31,56,0.2962962962962963
V06_noise_0.2,noise_0.2,0.025,0.9749494949494949,0.07097156400008364,original,0,10,-0.0022785494427772523,25,73,0,2,98,0.4065040650406504
V06_noise_0.2,noise_0.2,0.025,0.9749494949494949,0.07097156400008364,original,1,10,0.039202203415396895,24,61,1,14,85,0.43636363636363634
V06_noise_0.2,noise_0.2,0.025,0.9749494949494949,0.07097156400008364,original,2,10,-0.0022785494427772523,25,73,0,2,98,0.4065040650406504
V06_noise_0.2,noise_0.2,0.025,0.9749494949494949,0.07097156400008364,checked,0,10,0.19474887940491092,25,67,0,8,92,0.42735042735042733
V06_noise_0.2,noise_0.2,0.025,0.9749494949494949,0.07097156400008364,checked,1,10,0.19474887940491092,25,67,0,8,92,0.42735042735042733
V06_noise_0.2,noise_0.2,0.025,0.9749494949494949,0.07097156400008364,checked,2,10,0.19474887940491092,25,67,0,8,92,0.42735042735042733
V06_noise_0.2,noise_0.2,0.05,0.9498989898989899,0.14947990967215632,original,0,10,0.007373733825837771,25,67,0,8,92,0.42735042735042733
V06_noise_0.2,noise_0.2,0.05,0.9498989898989899,0.14947990967215632,original,1,10,0.09436175448441579,25,47,0,28,72,0.5154639175257731
V06_noise_0.2,noise_0.2,0.05,0.9498989898989899,0.14947990967215632,original,2,10,0.09436175448441579,25,47,0,28,72,0.5154639175257731
V06_noise_0.2,noise_0.2,0.05,0.9498989898989899,0.14947990967215632,checked,0,10,0.2077226064918453,25,19,0,56,44,0.7246376811594203
V06_noise_0.2,noise_0.2,0.05,0.9498989898989899,0.14947990967215632,checked,1,10,0.2077226064918453,25,19,0,56,44,0.7246376811594203
V06_noise_0.2,noise_0.2,0.05,0.9498989898989899,0.14947990967215632,checked,2,10,0.2077226064918453,25,19,0,56,44,0.7246376811594203
V06_noise_0.2,noise_0.2,0.075,0.9248484848484848,0.19751589293383381,original,0,10,0.23092692568502865,25,14,0,61,39,0.78125
V06_noise_0.2,noise_0.2,0.075,0.9248484848484848,0.19751589293383381,original,1,10,0.13455357172850568,25,43,0,32,68,0.5376344086021505
V06_noise_0.2,noise_0.2,0.075,0.9248484848484848,0.19751589293383381,original,2,10,0.13935120636294013,25,44,0,31,69,0.5319148936170213
V06_noise_0.2,noise_0.2,0.075,0.9248484848484848,0.19751589293383381,checked,0,10,0.2323992845831285,25,12,0,63,37,0.8064516129032258
V06_noise_0.2,noise_0.2,0.075,0.9248484848484848,0.19751589293383381,checked,1,10,0.2323992845831285,25,12,0,63,37,0.8064516129032258
V06_noise_0.2,noise_0.2,0.075,0.9248484848484848,0.19751589293383381,checked,2,10,0.2323992845831285,25,12,0,63,37,0.8064516129032258
V06_noise_0.2,noise_0.2,0.1,0.9,0.2369779003843692,original,0,10,0.2620500112644691,25,2,0,73,27,0.9615384615384616
V06_noise_0.2,noise_0.2,0.1,0.9,0.2369779003843692,original,1,10,0.2620500112644691,25,2,0,73,27,0.9615384615384616
V06_noise_0.2,noise_0.2,0.1,0.9,0.2369779003843692,original,2,10,0.2620500112644691,25,2,0,73,27,0.9615384615384616
V06_noise_0.2,noise_0.2,0.1,0.9,0.2369779003843692,checked,0,10,0.26224036128441397,25,1,0,74,26,0.9803921568627451
V06_noise_0.2,noise_0.2,0.1,0.9,0.2369779003843692,checked,1,10,0.26224036128441397,25,1,0,74,26,0.9803921568627451
V06_noise_0.2,noise_0.2,0.1,0.9,0.2369779003843692,checked,2,10,0.26224036128441397,25,1,0,74,26,0.9803921568627451
V06_noise_0.2,noise_0.2,0.125,0.8749494949494949,0.27323814804870167,original,0,10,0.28118780620141526,25,1,0,74,26,0.9803921568627451
V06_noise_0.2,noise_0.2,0.125,0.8749494949494949,0.27323814804870167,original,1,10,0.28118780620141526,25,1,0,74,26,0.9803921568627451
V06_noise_0.2,noise_0.2,0.125,0.8749494949494949,0.27323814804870167,original,2,10,0.28118780620141526,25,1,0,74,26,0.9803921568627451
V06_noise_0.2,noise_0.2,0.125,0.8749494949494949,0.27323814804870167,checked,0,10,0.2830113699517222,25,0,0,75,25,1.0
V06_noise_0.2,noise_0.2,0.125,0.8749494949494949,0.27323814804870167,checked,1,10,0.2830113699517222,25,0,0,75,25,1.0
V06_noise_0.2,noise_0.2,0.125,0.8749494949494949,0.27323814804870167,checked,2,10,0.2830113699517222,25,0,0,75,25,1.0
V06_noise_0.2,noise_0.2,0.15,0.8498989898989899,0.30002711862534676,original,0,10,0.30509606923453386,25,1,0,74,26,0.9803921568627451
V06_noise_0.2,noise_0.2,0.15,0.8498989898989899,0.30002711862534676,original,1,10,0.30509606923453386,25,1,0,74,26,0.9803921568627451
V06_noise_0.2,noise_0.2,0.15,0.8498989898989899,0.30002711862534676,original,2,10,0.30509606923453386,25,1,0,74,26,0.9803921568627451
V06_noise_0.2,noise_0.2,0.15,0.8498989898989899,0.30002711862534676,checked,0,10,0.30595579559297736,25,0,0,75,25,1.0
V06_noise_0.2,noise_0.2,0.15,0.8498989898989899,0.30002711862534676,checked,1,10,0.30595579559297736,25,0,0,75,25,1.0
V06_noise_0.2,noise_0.2,0.15,0.8498989898989899,0.30002711862534676,checked,2,10,0.30595579559297736,25,0,0,75,25,1.0
V06_noise_0.2,noise_0.2,0.2,0.8,0.3509426152115551,original,0,10,0.3477153011151257,25,1,0,74,26,0.9803921568627451
V06_noise_0.2,noise_0.2,0.2,0.8,0.3509426152115551,original,1,10,0.3477153011151257,25,1,0,74,26,0.9803921568627451
V06_noise_0.2,noise_0.2,0.2,0.8,0.3509426152115551,original,2,10,0.3477153011151257,25,1,0,74,26,0.9803921568627451
V06_noise_0.2,noise_0.2,0.2,0.8,0.3509426152115551,checked,0,10,0.3500558395669938,25,0,0,75,25,1.0
V06_noise_0.2,noise_0.2,0.2,0.8,0.3509426152115551,checked,1,10,0.3500558395669938,25,0,0,75,25,1.0
V06_noise_0.2,noise_0.2,0.2,0.8,0.3509426152115551,checked,2,10,0.3500558395669938,25,0,0,75,25,1.0
V06_overlap_0.75,overlap_0.75,0.01,0.98989898989899,0.34033876562529203,original,0,10,-0.001435913356677318,25,73,0,2,98,0.4065040650406504
V06_overlap_0.75,overlap_0.75,0.01,0.98989898989899,0.34033876562529203,original,1,10,-0.001435913356677318,25,73,0,2,98,0.4065040650406504
V06_overlap_0.75,overlap_0.75,0.01,0.98989898989899,0.34033876562529203,original,2,10,-0.001435913356677318,25,73,0,2,98,0.4065040650406504
V06_overlap_0.75,overlap_0.75,0.01,0.98989898989899,0.34033876562529203,checked,0,10,0.18202912447042227,25,64,0,11,89,0.43859649122807015
V06_overlap_0.75,overlap_0.75,0.01,0.98989898989899,0.34033876562529203,checked,1,10,0.18202912447042227,25,64,0,11,89,0.43859649122807015
V06_overlap_0.75,overlap_0.75,0.01,0.98989898989899,0.34033876562529203,checked,2,10,0.18202912447042227,25,64,0,11,89,0.43859649122807015
V06_overlap_0.75,overlap_0.75,0.025,0.9749494949494949,0.35952083791085604,original,0,10,-0.0022785494427772523,25,73,0,2,98,0.4065040650406504
V06_overlap_0.75,overlap_0.75,0.025,0.9749494949494949,0.35952083791085604,original,1,10,-0.0022785494427772523,25,73,0,2,98,0.4065040650406504
V06_overlap_0.75,overlap_0.75,0.025,0.9749494949494949,0.35952083791085604,original,2,10,-0.0022785494427772523,25,73,0,2,98,0.4065040650406504
V06_overlap_0.75,overlap_0.75,0.025,0.9749494949494949,0.35952083791085604,checked,0,10,0.18330908369463553,25,42,0,33,67,0.5434782608695652
V06_overlap_0.75,overlap_0.75,0.025,0.9749494949494949,0.35952083791085604,checked,1,10,0.18330908369463553,25,42,0,33,67,0.5434782608695652
V06_overlap_0.75,overlap_0.75,0.025,0.9749494949494949,0.35952083791085604,checked,2,10,0.18330908369463553,25,42,0,33,67,0.5434782608695652
V06_overlap_0.75,overlap_0.75,0.05,0.9498989898989899,0.38503636230779575,original,0,10,0.07886795878661125,25,61,0,14,86,0.45045045045045046
V06_overlap_0.75,overlap_0.75,0.05,0.9498989898989899,0.38503636230779575,original,1,10,0.08997038068680127,23,48,2,27,71,0.4791666666666667
V06_overlap_0.75,overlap_0.75,0.05,0.9498989898989899,0.38503636230779575,original,2,10,0.08997038068680127,23,48,2,27,71,0.4791666666666667
V06_overlap_0.75,overlap_0.75,0.05,0.9498989898989899,0.38503636230779575,checked,0,10,0.21701993770354888,25,15,0,60,40,0.7692307692307693
V06_overlap_0.75,overlap_0.75,0.05,0.9498989898989899,0.38503636230779575,checked,1,10,0.21701993770354888,25,15,0,60,40,0.7692307692307693
V06_overlap_0.75,overlap_0.75,0.05,0.9498989898989899,0.38503636230779575,checked,2,10,0.21701993770354888,25,15,0,60,40,0.7692307692307693
V06_overlap_0.75,overlap_0.75,0.075,0.9248484848484848,0.4049373854755528,original,0,10,0.14428580456188714,25,45,0,30,70,0.5263157894736842
V06_overlap_0.75,overlap_0.75,0.075,0.9248484848484848,0.4049373854755528,original,1,10,0.12320238810884644,25,40,0,35,65,0.5555555555555556
V06_overlap_0.75,overlap_0.75,0.075,0.9248484848484848,0.4049373854755528,original,2,10,0.14428580456188714,25,45,0,30,70,0.5263157894736842
V06_overlap_0.75,overlap_0.75,0.075,0.9248484848484848,0.4049373854755528,checked,0,10,0.21685653791136053,25,10,0,65,35,0.8333333333333334
V06_overlap_0.75,overlap_0.75,0.075,0.9248484848484848,0.4049373854755528,checked,1,10,0.21685653791136053,25,10,0,65,35,0.8333333333333334
V06_overlap_0.75,overlap_0.75,0.075,0.9248484848484848,0.4049373854755528,checked,2,10,0.21685653791136053,25,10,0,65,35,0.8333333333333334
V06_overlap_0.75,overlap_0.75,0.1,0.9,0.41886836833900437,original,0,10,0.08687600250518852,24,47,1,28,71,0.5
V06_overlap_0.75,overlap_0.75,0.1,0.9,0.41886836833900437,original,1,10,0.10446647738813444,25,47,0,28,72,0.5154639175257731
V06_overlap_0.75,overlap_0.75,0.1,0.9,0.41886836833900437,original,2,10,0.13060163712331424,25,37,0,38,62,0.5747126436781609
V06_overlap_0.75,overlap_0.75,0.1,0.9,0.41886836833900437,checked,0,10,0.19810601625180144,24,16,1,59,40,0.7384615384615385
V06_overlap_0.75,overlap_0.75,0.1,0.9,0.41886836833900437,checked,1,10,0.19810601625180144,24,16,1,59,40,0.7384615384615385
V06_overlap_0.75,overlap_0.75,0.1,0.9,0.41886836833900437,checked,2,10,0.19810601625180144,24,16,1,59,40,0.7384615384615385
V06_overlap_0.75,overlap_0.75,0.125,0.8749494949494949,0.4328696833749446,original,0,10,0.16781335267352074,23,28,2,47,51,0.6052631578947368
V06_overlap_0.75,overlap_0.75,0.125,0.8749494949494949,0.4328696833749446,original,1,10,0.1671670490469562,22,15,3,60,37,0.7096774193548387
V06_overlap_0.75,overlap_0.75,0.125,0.8749494949494949,0.4328696833749446,original,2,10,0.08646969710614412,24,52,1,23,76,0.4752475247524752
V06_overlap_0.75,overlap_0.75,0.125,0.8749494949494949,0.4328696833749446,checked,0,10,0.19002809733172935,24,22,1,53,46,0.676056338028169
V06_overlap_0.75,overlap_0.75,0.125,0.8749494949494949,0.4328696833749446,checked,1,10,0.19002809733172935,24,22,1,53,46,0.676056338028169
V06_overlap_0.75,overlap_0.75,0.125,0.8749494949494949,0.4328696833749446,checked,2,10,0.19002809733172935,24,22,1,53,46,0.676056338028169
V06_overlap_0.75,overlap_0.75,0.15,0.8498989898989899,0.4477755140660562,original,0,10,0.09494164829661939,24,47,1,28,71,0.5
V06_overlap_0.75,overlap_0.75,0.15,0.8498989898989899,0.4477755140660562,original,1,10,0.051464263734484775,24,56,1,19,80,0.45714285714285713
V06_overlap_0.75,overlap_0.75,0.15,0.8498989898989899,0.4477755140660562,original,2,10,0.08884469798517688,25,41,0,34,66,0.5494505494505495
V06_overlap_0.75,overlap_0.75,0.15,0.8498989898989899,0.4477755140660562,checked,0,10,0.1896198145036286,23,14,2,61,37,0.7419354838709677
V06_overlap_0.75,overlap_0.75,0.15,0.8498989898989899,0.4477755140660562,checked,1,10,0.1896198145036286,23,14,2,61,37,0.7419354838709677
V06_overlap_0.75,overlap_0.75,0.15,0.8498989898989899,0.4477755140660562,checked,2,10,0.1896198145036286,23,14,2,61,37,0.7419354838709677
V06_overlap_0.75,overlap_0.75,0.2,0.8,0.47691191856859266,original,0,10,0.0368033852259094,22,58,3,17,80,0.41904761904761906
V06_overlap_0.75,overlap_0.75,0.2,0.8,0.47691191856859266,original,1,10,0.09494449942592113,24,53,1,22,77,0.47058823529411764
V06_overlap_0.75,overlap_0.75,0.2,0.8,0.47691191856859266,original,2,10,0.04510385844931975,25,54,0,21,79,0.4807692307692308
V06_overlap_0.75,overlap_0.75,0.2,0.8,0.47691191856859266,checked,0,10,0.18309446493035303,22,17,3,58,39,0.6875
V06_overlap_0.75,overlap_0.75,0.2,0.8,0.47691191856859266,checked,1,10,0.18309446493035303,22,17,3,58,39,0.6875
V06_overlap_0.75,overlap_0.75,0.2,0.8,0.47691191856859266,checked,2,10,0.18309446493035303,22,17,3,58,39,0.6875
V07_baseline,baseline,0.01,0.98989898989899,0.3040767614527367,original,0,10,-0.001435913356677318,24,74,0,2,98,0.39344262295081966
V07_baseline,baseline,0.01,0.98989898989899,0.3040767614527367,original,1,10,-0.001435913356677318,24,74,0,2,98,0.39344262295081966
V07_baseline,baseline,0.01,0.98989898989899,0.3040767614527367,original,2,10,-0.0024875775821447035,24,73,0,3,97,0.39669421487603307
V07_baseline,baseline,0.01,0.98989898989899,0.3040767614527367,checked,0,10,0.18202912447042227,24,65,0,11,89,0.4247787610619469
V07_baseline,baseline,0.01,0.98989898989899,0.3040767614527367,checked,1,10,0.18202912447042227,24,65,0,11,89,0.4247787610619469
V07_baseline,baseline,0.01,0.98989898989899,0.3040767614527367,checked,2,10,0.18202912447042227,24,65,0,11,89,0.4247787610619469
V07_baseline,baseline,0.025,0.9749494949494949,0.31047679094226116,original,0,10,-0.0022785494427772523,24,74,0,2,98,0.39344262295081966
V07_baseline,baseline,0.025,0.9749494949494949,0.31047679094226116,original,1,10,-0.00043016428546284734,0,2,24,74,2,0.0
V07_baseline,baseline,0.025,0.9749494949494949,0.31047679094226116,original,2,10,-0.0022785494427772523,24,74,0,2,98,0.39344262295081966
V07_baseline,baseline,0.025,0.9749494949494949,0.31047679094226116,checked,0,10,0.1924249901379858,24,49,0,27,73,0.4948453608247423
V07_baseline,baseline,0.025,0.9749494949494949,0.31047679094226116,checked,1,10,0.1924249901379858,24,49,0,27,73,0.4948453608247423
V07_baseline,baseline,0.025,0.9749494949494949,0.31047679094226116,checked,2,10,0.1924249901379858,24,49,0,27,73,0.4948453608247423
V07_baseline,baseline,0.05,0.9498989898989899,0.32460906038666776,original,0,10,0.18380462342014034,24,23,0,53,47,0.676056338028169
V07_baseline,baseline,0.05,0.9498989898989899,0.32460906038666776,original,1,10,0.1954817480363128,24,48,0,28,72,0.5
V07_baseline,baseline,0.05,0.9498989898989899,0.32460906038666776,original,2,10,0.18460002330339428,24,40,0,36,64,0.5454545454545454
V07_baseline,baseline,0.05,0.9498989898989899,0.32460906038666776,checked,0,10,0.2140374979409204,24,10,0,66,34,0.8275862068965517
V07_baseline,baseline,0.05,0.9498989898989899,0.32460906038666776,checked,1,10,0.214139361580853,24,7,0,69,31,0.8727272727272727
V07_baseline,baseline,0.05,0.9498989898989899,0.32460906038666776,checked,2,10,0.21354503876437964,24,15,0,61,39,0.7619047619047619
V07_baseline,baseline,0.075,0.9248484848484848,0.33900128007176006,original,0,10,0.24773463890082728,24,1,0,75,25,0.9795918367346939
V07_baseline,baseline,0.075,0.9248484848484848,0.33900128007176006,original,1,10,0.24773463890082728,24,1,0,75,25,0.9795918367346939
V07_baseline,baseline,0.075,0.9248484848484848,0.33900128007176006,original,2,10,0.24773463890082728,24,1,0,75,25,0.9795918367346939
V07_baseline,baseline,0.075,0.9248484848484848,0.33900128007176006,checked,0,10,0.24780336227668834,24,2,0,74,26,0.96
V07_baseline,baseline,0.075,0.9248484848484848,0.33900128007176006,checked,1,10,0.24780336227668834,24,2,0,74,26,0.96
V07_baseline,baseline,0.075,0.9248484848484848,0.33900128007176006,checked,2,10,0.24780336227668834,24,2,0,74,26,0.96
V07_baseline,baseline,0.1,0.9,0.3507529710124812,original,0,10,0.28613169175965075,24,0,0,76,24,1.0
V07_baseline,baseline,0.1,0.9,0.3507529710124812,original,1,10,0.28613169175965075,24,0,0,76,24,1.0
V07_baseline,baseline,0.1,0.9,0.3507529710124812,original,2,10,0.28613169175965075,24,0,0,76,24,1.0
V07_baseline,baseline,0.1,0.9,0.3507529710124812,checked,0,10,0.2869643801101519,24,1,0,75,25,0.9795918367346939
V07_baseline,baseline,0.1,0.9,0.3507529710124812,checked,1,10,0.2869643801101519,24,1,0,75,25,0.9795918367346939
V07_baseline,baseline,0.1,0.9,0.3507529710124812,checked,2,10,0.2869643801101519,24,1,0,75,25,0.9795918367346939
V07_baseline,baseline,0.125,0.8749494949494949,0.36511729389716974,original,0,10,0.3245177453774399,24,0,0,76,24,1.0
V07_baseline,baseline,0.125,0.8749494949494949,0.36511729389716974,original,1,10,0.3245177453774399,24,0,0,76,24,1.0
V07_baseline,baseline,0.125,0.8749494949494949,0.36511729389716974,original,2,10,0.3245177453774399,24,0,0,76,24,1.0
V07_baseline,baseline,0.125,0.8749494949494949,0.36511729389716974,checked,0,10,0.324850589542714,24,1,0,75,25,0.9795918367346939
V07_baseline,baseline,0.125,0.8749494949494949,0.36511729389716974,checked,1,10,0.324850589542714,24,1,0,75,25,0.9795918367346939
V07_baseline,baseline,0.125,0.8749494949494949,0.36511729389716974,checked,2,10,0.324850589542714,24,1,0,75,25,0.9795918367346939
V07_baseline,baseline,0.15,0.8498989898989899,0.37869758813931076,original,0,10,0.3607408865297806,24,0,0,76,24,1.0
V07_baseline,baseline,0.15,0.8498989898989899,0.37869758813931076,original,1,10,0.3607408865297806,24,0,0,76,24,1.0
V07_baseline,baseline,0.15,0.8498989898989899,0.37869758813931076,original,2,10,0.3607408865297806,24,0,0,76,24,1.0
V07_baseline,baseline,0.15,0.8498989898989899,0.37869758813931076,checked,0,10,0.361797606245254,24,1,0,75,25,0.9795918367346939
V07_baseline,baseline,0.15,0.8498989898989899,0.37869758813931076,checked,1,10,0.361797606245254,24,1,0,75,25,0.9795918367346939
V07_baseline,baseline,0.15,0.8498989898989899,0.37869758813931076,checked,2,10,0.361797606245254,24,1,0,75,25,0.9795918367346939
V07_baseline,baseline,0.2,0.8,0.4049831655025623,original,0,10,0.4273937576108646,24,1,0,75,25,0.9795918367346939
V07_baseline,baseline,0.2,0.8,0.4049831655025623,original,1,10,0.4273937576108646,24,1,0,75,25,0.9795918367346939
V07_baseline,baseline,0.2,0.8,0.4049831655025623,original,2,10,0.4273937576108646,24,1,0,75,25,0.9795918367346939
V07_baseline,baseline,0.2,0.8,0.4049831655025623,checked,0,10,0.4291975376394761,24,0,0,76,24,1.0
V07_baseline,baseline,0.2,0.8,0.4049831655025623,checked,1,10,0.4291975376394761,24,0,0,76,24,1.0
V07_baseline,baseline,0.2,0.8,0.4049831655025623,checked,2,10,0.4291975376394761,24,0,0,76,24,1.0
V07_noise_0.1,noise_0.1,0.01,0.98989898989899,0.18333618402720359,original,0,10,-0.001435913356677318,24,74,0,2,98,0.39344262295081966
V07_noise_0.1,noise_0.1,0.01,0.98989898989899,0.18333618402720359,original,1,10,0.07960248262870519,24,73,0,3,97,0.39669421487603307
V07_noise_0.1,noise_0.1,0.01,0.98989898989899,0.18333618402720359,original,2,10,-0.001435913356677318,24,74,0,2,98,0.39344262295081966
V07_noise_0.1,noise_0.1,0.01,0.98989898989899,0.18333618402720359,checked,0,10,0.2348269500621875,24,68,0,8,92,0.41379310344827586
V07_noise_0.1,noise_0.1,0.01,0.98989898989899,0.18333618402720359,checked,1,10,0.2348269500621875,24,68,0,8,92,0.41379310344827586
V07_noise_0.1,noise_0.1,0.01,0.98989898989899,0.18333618402720359,checked,2,10,0.2348269500621875,24,68,0,8,92,0.41379310344827586
V07_noise_0.1,noise_0.1,0.025,0.9749494949494949,0.2233685505923165,original,0,10,-0.0022785494427772523,24,74,0,2,98,0.39344262295081966
V07_noise_0.1,noise_0.1,0.025,0.9749494949494949,0.2233685505923165,original,1,10,0.06169777001509898,24,57,0,19,81,0.45714285714285713
V07_noise_0.1,noise_0.1,0.025,0.9749494949494949,0.2233685505923165,original,2,10,-0.0022785494427772523,24,74,0,2,98,0.39344262295081966
V07_noise_0.1,noise_0.1,0.025,0.9749494949494949,0.2233685505923165,checked,0,10,0.2103438366972792,24,57,0,19,81,0.45714285714285713
V07_noise_0.1,noise_0.1,0.025,0.9749494949494949,0.2233685505923165,checked,1,10,0.2103438366972792,24,57,0,19,81,0.45714285714285713
V07_noise_0.1,noise_0.1,0.025,0.9749494949494949,0.2233685505923165,checked,2,10,0.2103438366972792,24,57,0,19,81,0.45714285714285713
V07_noise_0.1,noise_0.1,0.05,0.9498989898989899,0.2680400303798796,original,0,10,0.10830632258452436,24,60,0,16,84,0.4444444444444444
V07_noise_0.1,noise_0.1,0.05,0.9498989898989899,0.2680400303798796,original,1,10,0.13924476756829118,24,44,0,32,68,0.5217391304347826
V07_noise_0.1,noise_0.1,0.05,0.9498989898989899,0.2680400303798796,original,2,10,0.13740657712922433,24,39,0,37,63,0.5517241379310345
V07_noise_0.1,noise_0.1,0.05,0.9498989898989899,0.2680400303798796,checked,0,10,0.2253230308879437,24,22,0,54,46,0.6857142857142857
V07_noise_0.1,noise_0.1,0.05,0.9498989898989899,0.2680400303798796,checked,1,10,0.2253230308879437,24,22,0,54,46,0.6857142857142857
V07_noise_0.1,noise_0.1,0.05,0.9498989898989899,0.2680400303798796,checked,2,10,0.2253230308879437,24,22,0,54,46,0.6857142857142857
V07_noise_0.1,noise_0.1,0.075,0.9248484848484848,0.29717379183541376,original,0,10,0.25373787223164096,24,14,0,62,38,0.7741935483870968
V07_noise_0.1,noise_0.1,0.075,0.9248484848484848,0.29717379183541376,original,1,10,0.049866363366239216,24,74,0,2,98,0.39344262295081966
V07_noise_0.1,noise_0.1,0.075,0.9248484848484848,0.29717379183541376,original,2,10,0.038372697122546894,24,71,0,5,95,0.40336134453781514
V07_noise_0.1,noise_0.1,0.075,0.9248484848484848,0.29717379183541376,checked,0,10,0.25491651593537457,24,8,0,68,32,0.8571428571428571
V07_noise_0.1,noise_0.1,0.075,0.9248484848484848,0.29717379183541376,checked,1,10,0.25491651593537457,24,8,0,68,32,0.8571428571428571
V07_noise_0.1,noise_0.1,0.075,0.9248484848484848,0.29717379183541376,checked,2,10,0.25491651593537457,24,8,0,68,32,0.8571428571428571
V07_noise_0.1,noise_0.1,0.1,0.9,0.3236360436579808,original,0,10,0.291034796849303,24,1,0,75,25,0.9795918367346939
V07_noise_0.1,noise_0.1,0.1,0.9,0.3236360436579808,original,1,10,0.291034796849303,24,1,0,75,25,0.9795918367346939
V07_noise_0.1,noise_0.1,0.1,0.9,0.3236360436579808,original,2,10,0.291034796849303,24,1,0,75,25,0.9795918367346939
V07_noise_0.1,noise_0.1,0.1,0.9,0.3236360436579808,checked,0,10,0.29199429603561106,24,2,0,74,26,0.96
V07_noise_0.1,noise_0.1,0.1,0.9,0.3236360436579808,checked,1,10,0.29199429603561106,24,2,0,74,26,0.96
V07_noise_0.1,noise_0.1,0.1,0.9,0.3236360436579808,checked,2,10,0.29199429603561106,24,2,0,74,26,0.96
V07_noise_0.1,noise_0.1,0.125,0.8749494949494949,0.3463213597949194,original,0,10,0.32608115482480204,24,1,0,75,25,0.9795918367346939
V07_noise_0.1,noise_0.1,0.125,0.8749494949494949,0.3463213597949194,original,1,10,0.32608115482480204,24,1,0,75,25,0.9795918367346939
V07_noise_0.1,noise_0.1,0.125,0.8749494949494949,0.3463213597949194,original,2,10,0.32608115482480204,24,1,0,75,25,0.9795918367346939
V07_noise_0.1,noise_0.1,0.125,0.8749494949494949,0.3463213597949194,checked,0,10,0.3265726125615034,24,2,0,74,26,0.96
V07_noise_0.1,noise_0.1,0.125,0.8749494949494949,0.3463213597949194,checked,1,10,0.3265726125615034,24,2,0,74,26,0.96
V07_noise_0.1,noise_0.1,0.125,0.8749494949494949,0.3463213597949194,checked,2,10,0.3265726125615034,24,2,0,74,26,0.96
V07_noise_0.1,noise_0.1,0.15,0.8498989898989899,0.3654193667075386,original,0,10,0.3560994623011441,24,1,0,75,25,0.9795918367346939
V07_noise_0.1,noise_0.1,0.15,0.8498989898989899,0.3654193667075386,original,1,10,0.3560994623011441,24,1,0,75,25,0.9795918367346939
V07_noise_0.1,noise_0.1,0.15,0.8498989898989899,0.3654193667075386,original,2,10,0.3560994623011441,24,1,0,75,25,0.9795918367346939
V07_noise_0.1,noise_0.1,0.15,0.8498989898989899,0.3654193667075386,checked,0,10,0.35845200953391776,24,0,0,76,24,1.0
V07_noise_0.1,noise_0.1,0.15,0.8498989898989899,0.3654193667075386,checked,1,10,0.35845200953391776,24,0,0,76,24,1.0
V07_noise_0.1,noise_0.1,0.15,0.8498989898989899,0.3654193667075386,checked,2,10,0.35845200953391776,24,0,0,76,24,1.0
V07_noise_0.1,noise_0.1,0.2,0.8,0.3955309366972273,original,0,10,0.41721771576298683,24,1,0,75,25,0.9795918367346939
V07_noise_0.1,noise_0.1,0.2,0.8,0.3955309366972273,original,1,10,0.41721771576298683,24,1,0,75,25,0.9795918367346939
V07_noise_0.1,noise_0.1,0.2,0.8,0.3955309366972273,original,2,10,0.41721771576298683,24,1,0,75,25,0.9795918367346939
V07_noise_0.1,noise_0.1,0.2,0.8,0.3955309366972273,checked,0,10,0.4210223464463432,24,0,0,76,24,1.0
V07_noise_0.1,noise_0.1,0.2,0.8,0.3955309366972273,checked,1,10,0.4210223464463432,24,0,0,76,24,1.0
V07_noise_0.1,noise_0.1,0.2,0.8,0.3955309366972273,checked,2,10,0.4210223464463432,24,0,0,76,24,1.0
V07_noise_0.2,noise_0.2,0.01,0.98989898989899,0.0029774849415909873,original,0,10,-0.001435913356677318,24,74,0,2,98,0.39344262295081966
V07_noise_0.2,noise_0.2,0.01,0.98989898989899,0.0029774849415909873,original,1,10,-0.001435913356677318,24,74,0,2,98,0.39344262295081966
V07_noise_0.2,noise_0.2,0.01,0.98989898989899,0.0029774849415909873,original,2,10,-0.001435913356677318,24,74,0,2,98,0.39344262295081966
V07_noise_0.2,noise_0.2,0.01,0.98989898989899,0.0029774849415909873,checked,0,10,0.2348269500621875,24,68,0,8,92,0.41379310344827586
V07_noise_0.2,noise_0.2,0.01,0.98989898989899,0.0029774849415909873,checked,1,10,0.2348269500621875,24,68,0,8,92,0.41379310344827586
V07_noise_0.2,noise_0.2,0.01,0.98989898989899,0.0029774849415909873,checked,2,10,0.2348269500621875,24,68,0,8,92,0.41379310344827586
V07_noise_0.2,noise_0.2,0.025,0.9749494949494949,0.08622182529014115,original,0,10,-0.0022785494427772523,24,74,0,2,98,0.39344262295081966
V07_noise_0.2,noise_0.2,0.025,0.9749494949494949,0.08622182529014115,original,1,10,0.0671888736242012,24,60,0,16,84,0.4444444444444444
V07_noise_0.2,noise_0.2,0.025,0.9749494949494949,0.08622182529014115,original,2,10,0.006182609668082123,0,2,24,74,2,0.0
V07_noise_0.2,noise_0.2,0.025,0.9749494949494949,0.08622182529014115,checked,0,10,0.19544680879028012,24,58,0,18,82,0.4528301886792453
V07_noise_0.2,noise_0.2,0.025,0.9749494949494949,0.08622182529014115,checked,1,10,0.19190028191633474,24,44,0,32,68,0.5217391304347826
V07_noise_0.2,noise_0.2,0.025,0.9749494949494949,0.08622182529014115,checked,2,10,0.19190028191633474,24,44,0,32,68,0.5217391304347826
V07_noise_0.2,noise_0.2,0.05,0.9498989898989899,0.15293273146271386,original,0,10,0.14832003372990651,20,19,4,57,39,0.6349206349206349
V07_noise_0.2,noise_0.2,0.05,0.9498989898989899,0.15293273146271386,original,1,10,0.031972053645888086,24,73,0,3,97,0.39669421487603307
V07_noise_0.2,noise_0.2,0.05,0.9498989898989899,0.15293273146271386,original,2,10,-0.0032645686152459816,24,74,0,2,98,0.39344262295081966
V07_noise_0.2,noise_0.2,0.05,0.9498989898989899,0.15293273146271386,checked,0,10,0.22350041135583482,24,21,0,55,45,0.6956521739130435
V07_noise_0.2,noise_0.2,0.05,0.9498989898989899,0.15293273146271386,checked,1,10,0.22350041135583482,24,21,0,55,45,0.6956521739130435
V07_noise_0.2,noise_0.2,0.05,0.9498989898989899,0.15293273146271386,checked,2,10,0.22350041135583482,24,21,0,55,45,0.6956521739130435
V07_noise_0.2,noise_0.2,0.075,0.9248484848484848,0.2049131387433258,original,0,10,0.10903361755221788,24,44,0,32,68,0.5217391304347826
V07_noise_0.2,noise_0.2,0.075,0.9248484848484848,0.2049131387433258,original,1,10,0.10903361755221788,24,44,0,32,68,0.5217391304347826
V07_noise_0.2,noise_0.2,0.075,0.9248484848484848,0.2049131387433258,original,2,10,0.10903361755221788,24,44,0,32,68,0.5217391304347826
V07_noise_0.2,noise_0.2,0.075,0.9248484848484848,0.2049131387433258,checked,0,10,0.23323552029441097,24,14,0,62,38,0.7741935483870968
V07_noise_0.2,noise_0.2,0.075,0.9248484848484848,0.2049131387433258,checked,1,10,0.23323552029441097,24,14,0,62,38,0.7741935483870968
V07_noise_0.2,noise_0.2,0.075,0.9248484848484848,0.2049131387433258,checked,2,10,0.23323552029441097,24,14,0,62,38,0.7741935483870968
V07_noise_0.2,noise_0.2,0.1,0.9,0.24249219669608837,original,0,10,0.2541049682541073,24,12,0,64,36,0.8
V07_noise_0.2,noise_0.2,0.1,0.9,0.24249219669608837,original,1,10,0.2541049682541073,24,12,0,64,36,0.8
V07_noise_0.2,noise_0.2,0.1,0.9,0.24249219669608837,original,2,10,0.2541049682541073,24,12,0,64,36,0.8
V07_noise_0.2,noise_0.2,0.1,0.9,0.24249219669608837,checked,0,10,0.25447853012158284,24,13,0,63,37,0.7868852459016393
V07_noise_0.2,noise_0.2,0.1,0.9,0.24249219669608837,checked,1,10,0.25447853012158284,24,13,0,63,37,0.7868852459016393
V07_noise_0.2,noise_0.2,0.1,0.9,0.24249219669608837,checked,2,10,0.25447853012158284,24,13,0,63,37,0.7868852459016393
V07_noise_0.2,noise_0.2,0.125,0.8749494949494949,0.27242472911245286,original,0,10,0.2652417931559789,24,2,0,74,26,0.96
V07_noise_0.2,noise_0.2,0.125,0.8749494949494949,0.27242472911245286,original,1,10,0.2652417931559789,24,2,0,74,26,0.96
V07_noise_0.2,noise_0.2,0.125,0.8749494949494949,0.27242472911245286,original,2,10,0.2652417931559789,24,2,0,74,26,0.96
V07_noise_0.2,noise_0.2,0.125,0.8749494949494949,0.27242472911245286,checked,0,10,0.2652417931559789,24,2,0,74,26,0.96
V07_noise_0.2,noise_0.2,0.125,0.8749494949494949,0.27242472911245286,checked,1,10,0.2652417931559789,24,2,0,74,26,0.96
V07_noise_0.2,noise_0.2,0.125,0.8749494949494949,0.27242472911245286,checked,2,10,0.2652417931559789,24,2,0,74,26,0.96
V07_noise_0.2,noise_0.2,0.15,0.8498989898989899,0.3008549373928603,original,0,10,0.29093013815596325,24,0,0,76,24,1.0
V07_noise_0.2,noise_0.2,0.15,0.8498989898989899,0.3008549373928603,original,1,10,0.29093013815596325,24,0,0,76,24,1.0
V07_noise_0.2,noise_0.2,0.15,0.8498989898989899,0.3008549373928603,original,2,10,0.29093013815596325,24,0,0,76,24,1.0
V07_noise_0.2,noise_0.2,0.15,0.8498989898989899,0.3008549373928603,checked,0,10,0.29114062133829177,24,1,0,75,25,0.9795918367346939
V07_noise_0.2,noise_0.2,0.15,0.8498989898989899,0.3008549373928603,checked,1,10,0.29114062133829177,24,1,0,75,25,0.9795918367346939
V07_noise_0.2,noise_0.2,0.15,0.8498989898989899,0.3008549373928603,checked,2,10,0.29114062133829177,24,1,0,75,25,0.9795918367346939
V07_noise_0.2,noise_0.2,0.2,0.8,0.3477861205762388,original,0,10,0.32700764772531515,24,0,0,76,24,1.0
V07_noise_0.2,noise_0.2,0.2,0.8,0.3477861205762388,original,1,10,0.32700764772531515,24,0,0,76,24,1.0
V07_noise_0.2,noise_0.2,0.2,0.8,0.3477861205762388,original,2,10,0.32700764772531515,24,0,0,76,24,1.0
V07_noise_0.2,noise_0.2,0.2,0.8,0.3477861205762388,checked,0,10,0.32970375587123835,24,1,0,75,25,0.9795918367346939
V07_noise_0.2,noise_0.2,0.2,0.8,0.3477861205762388,checked,1,10,0.32970375587123835,24,1,0,75,25,0.9795918367346939
V07_noise_0.2,noise_0.2,0.2,0.8,0.3477861205762388,checked,2,10,0.32970375587123835,24,1,0,75,25,0.9795918367346939
V07_overlap_0.75,overlap_0.75,0.01,0.98989898989899,0.3371723343509968,original,0,10,-0.001435913356677318,24,74,0,2,98,0.39344262295081966
V07_overlap_0.75,overlap_0.75,0.01,0.98989898989899,0.3371723343509968,original,1,10,-0.001435913356677318,24,74,0,2,98,0.39344262295081966
V07_overlap_0.75,overlap_0.75,0.01,0.98989898989899,0.3371723343509968,original,2,10,0.14071950894597335,24,74,0,2,98,0.39344262295081966
V07_overlap_0.75,overlap_0.75,0.01,0.98989898989899,0.3371723343509968,checked,0,10,0.2291218516531755,24,67,0,9,91,0.41739130434782606
V07_overlap_0.75,overlap_0.75,0.01,0.98989898989899,0.3371723343509968,checked,1,10,0.2291218516531755,24,67,0,9,91,0.41739130434782606
V07_overlap_0.75,overlap_0.75,0.01,0.98989898989899,0.3371723343509968,checked,2,10,0.2291218516531755,24,67,0,9,91,0.41739130434782606
V07_overlap_0.75,overlap_0.75,0.025,0.9749494949494949,0.3590744365733687,original,0,10,0.0886796742832764,24,74,0,2,98,0.39344262295081966
V07_overlap_0.75,overlap_0.75,0.025,0.9749494949494949,0.3590744365733687,original,1,10,0.20831555385744277,24,69,0,7,93,0.41025641025641024
V07_overlap_0.75,overlap_0.75,0.025,0.9749494949494949,0.3590744365733687,original,2,10,0.0886796742832764,24,74,0,2,98,0.39344262295081966
V07_overlap_0.75,overlap_0.75,0.025,0.9749494949494949,0.3590744365733687,checked,0,10,0.1943993130206816,24,39,0,37,63,0.5517241379310345
V07_overlap_0.75,overlap_0.75,0.025,0.9749494949494949,0.3590744365733687,checked,1,10,0.1943993130206816,24,39,0,37,63,0.5517241379310345
V07_overlap_0.75,overlap_0.75,0.025,0.9749494949494949,0.3590744365733687,checked,2,10,0.1943993130206816,24,39,0,37,63,0.5517241379310345
V07_overlap_0.75,overlap_0.75,0.05,0.9498989898989899,0.3826475753230728,original,0,10,0.17537787445111552,24,62,0,14,86,0.43636363636363634
V07_overlap_0.75,overlap_0.75,0.05,0.9498989898989899,0.3826475753230728,original,1,10,0.17537787445111552,24,62,0,14,86,0.43636363636363634
V07_overlap_0.75,overlap_0.75,0.05,0.9498989898989899,0.3826475753230728,original,2,10,0.17537787445111552,24,62,0,14,86,0.43636363636363634
V07_overlap_0.75,overlap_0.75,0.05,0.9498989898989899,0.3826475753230728,checked,0,10,0.21776742889780926,24,14,0,62,38,0.7741935483870968
V07_overlap_0.75,overlap_0.75,0.05,0.9498989898989899,0.3826475753230728,checked,1,10,0.21776742889780926,24,14,0,62,38,0.7741935483870968
V07_overlap_0.75,overlap_0.75,0.05,0.9498989898989899,0.3826475753230728,checked,2,10,0.21776742889780926,24,14,0,62,38,0.7741935483870968
V07_overlap_0.75,overlap_0.75,0.075,0.9248484848484848,0.40223011867891123,original,0,10,0.21494283920103355,24,8,0,68,32,0.8571428571428571
V07_overlap_0.75,overlap_0.75,0.075,0.9248484848484848,0.40223011867891123,original,1,10,0.21494283920103355,24,8,0,68,32,0.8571428571428571
V07_overlap_0.75,overlap_0.75,0.075,0.9248484848484848,0.40223011867891123,original,2,10,0.21494283920103355,24,8,0,68,32,0.8571428571428571
V07_overlap_0.75,overlap_0.75,0.075,0.9248484848484848,0.40223011867891123,checked,0,10,0.21554445888552753,24,9,0,67,33,0.8421052631578947
V07_overlap_0.75,overlap_0.75,0.075,0.9248484848484848,0.40223011867891123,checked,1,10,0.21554445888552753,24,9,0,67,33,0.8421052631578947
V07_overlap_0.75,overlap_0.75,0.075,0.9248484848484848,0.40223011867891123,checked,2,10,0.21554445888552753,24,9,0,67,33,0.8421052631578947
V07_overlap_0.75,overlap_0.75,0.1,0.9,0.420104895419356,original,0,10,0.07730162088826674,24,46,0,30,70,0.5106382978723404
V07_overlap_0.75,overlap_0.75,0.1,0.9,0.420104895419356,original,1,10,0.19810601625180144,24,16,0,60,40,0.75
V07_overlap_0.75,overlap_0.75,0.1,0.9,0.420104895419356,original,2,10,0.2068805256717298,24,7,0,69,31,0.8727272727272727
V07_overlap_0.75,overlap_0.75,0.1,0.9,0.420104895419356,checked,0,10,0.2094891763592823,24,6,0,70,30,0.8888888888888888
V07_overlap_0.75,overlap_0.75,0.1,0.9,0.420104895419356,checked,1,10,0.2094891763592823,24,6,0,70,30,0.8888888888888888
V07_overlap_0.75,overlap_0.75,0.1,0.9,0.420104895419356,checked,2,10,0.2094891763592823,24,6,0,70,30,0.8888888888888888
V07_overlap_0.75,overlap_0.75,0.125,0.8749494949494949,0.4329506745659148,original,0,10,0.18816127013504255,23,17,1,59,40,0.71875
V07_overlap_0.75,overlap_0.75,0.125,0.8749494949494949,0.4329506745659148,original,1,10,0.07896039607579473,24,46,0,30,70,0.5106382978723404
V07_overlap_0.75,overlap_0.75,0.125,0.8749494949494949,0.4329506745659148,original,2,10,0.20263311798746259,23,16,1,60,39,0.7301587301587301
V07_overlap_0.75,overlap_0.75,0.125,0.8749494949494949,0.4329506745659148,checked,0,10,0.20304023846623004,23,15,1,61,38,0.7419354838709677
V07_overlap_0.75,overlap_0.75,0.125,0.8749494949494949,0.4329506745659148,checked,1,10,0.20304023846623004,23,15,1,61,38,0.7419354838709677
V07_overlap_0.75,overlap_0.75,0.125,0.8749494949494949,0.4329506745659148,checked,2,10,0.20304023846623004,23,15,1,61,38,0.7419354838709677
V07_overlap_0.75,overlap_0.75,0.15,0.8498989898989899,0.4448210099987368,original,0,10,0.18499078408930994,23,14,1,62,37,0.7540983606557377
V07_overlap_0.75,overlap_0.75,0.15,0.8498989898989899,0.4448210099987368,original,1,10,0.07880805176784972,22,42,2,34,64,0.5
V07_overlap_0.75,overlap_0.75,0.15,0.8498989898989899,0.4448210099987368,original,2,10,0.1887687341674561,23,15,1,61,38,0.7419354838709677
V07_overlap_0.75,overlap_0.75,0.15,0.8498989898989899,0.4448210099987368,checked,0,10,0.19193432971078792,23,14,1,62,37,0.7540983606557377
V07_overlap_0.75,overlap_0.75,0.15,0.8498989898989899,0.4448210099987368,checked,1,10,0.19193432971078792,23,14,1,62,37,0.7540983606557377
V07_overlap_0.75,overlap_0.75,0.15,0.8498989898989899,0.4448210099987368,checked,2,10,0.19193432971078792,23,14,1,62,37,0.7540983606557377
V07_overlap_0.75,overlap_0.75,0.2,0.8,0.47276191178709676,original,0,10,0.049804933552321684,24,54,0,22,78,0.47058823529411764
V07_overlap_0.75,overlap_0.75,0.2,0.8,0.47276191178709676,original,1,10,0.05839848217828421,24,63,0,13,87,0.43243243243243246
V07_overlap_0.75,overlap_0.75,0.2,0.8,0.47276191178709676,original,2,10,0.11324090165479023,22,21,2,55,43,0.6567164179104478
V07_overlap_0.75,overlap_0.75,0.2,0.8,0.47276191178709676,checked,0,10,0.18434882149576523,24,13,0,63,37,0.7868852459016393
V07_overlap_0.75,overlap_0.75,0.2,0.8,0.47276191178709676,checked,1,10,0.18434882149576523,24,13,0,63,37,0.7868852459016393
V07_overlap_0.75,overlap_0.75,0.2,0.8,0.47276191178709676,checked,2,10,0.18434882149576523,24,13,0,63,37,0.7868852459016393
V08_baseline,baseline,0.01,0.98989898989899,0.30487778382986164,original,0,10,-0.00010439265472707574,1,1,25,73,2,0.07142857142857142
V08_baseline,baseline,0.01,0.98989898989899,0.30487778382986164,original,1,10,0.04044953136057983,26,69,0,5,95,0.4297520661157025
V08_baseline,baseline,0.01,0.98989898989899,0.30487778382986164,original,2,10,0.09394227846019912,26,62,0,12,88,0.45614035087719296
V08_baseline,baseline,0.01,0.98989898989899,0.30487778382986164,checked,0,10,0.22873715385957105,26,70,0,4,96,0.4262295081967213
V08_baseline,baseline,0.01,0.98989898989899,0.30487778382986164,checked,1,10,0.22873715385957105,26,70,0,4,96,0.4262295081967213
V08_baseline,baseline,0.01,0.98989898989899,0.30487778382986164,checked,2,10,0.19811270228553088,26,61,0,13,87,0.46017699115044247
V08_baseline,baseline,0.025,0.9749494949494949,0.3141760591449787,original,0,10,-0.0022785494427772523,25,73,1,1,98,0.4032258064516129
V08_baseline,baseline,0.025,0.9749494949494949,0.3141760591449787,original,1,10,-0.0022785494427772523,26,72,0,2,98,0.41935483870967744
V08_baseline,baseline,0.025,0.9749494949494949,0.3141760591449787,original,2,10,-0.0022785494427772523,26,72,0,2,98,0.41935483870967744
V08_baseline,baseline,0.025,0.9749494949494949,0.3141760591449787,checked,0,10,0.1875951669562364,26,42,0,32,68,0.5531914893617021
V08_baseline,baseline,0.025,0.9749494949494949,0.3141760591449787,checked,1,10,0.1875951669562364,26,42,0,32,68,0.5531914893617021
V08_baseline,baseline,0.025,0.9749494949494949,0.3141760591449787,checked,2,10,0.1926574536801218,26,63,0,11,89,0.45217391304347826
V08_baseline,baseline,0.05,0.9498989898989899,0.32748215085313004,original,0,10,0.06189516785886728,26,72,0,2,98,0.41935483870967744
V08_baseline,baseline,0.05,0.9498989898989899,0.32748215085313004,original,1,10,0.1696687237034365,23,26,3,48,49,0.6133333333333333
V08_baseline,baseline,0.05,0.9498989898989899,0.32748215085313004,original,2,10,0.06189516785886728,26,72,0,2,98,0.41935483870967744
V08_baseline,baseline,0.05,0.9498989898989899,0.32748215085313004,checked,0,10,0.2353158887369523,26,23,0,51,49,0.6933333333333334
V08_baseline,baseline,0.05,0.9498989898989899,0.32748215085313004,checked,1,10,0.2353158887369523,26,23,0,51,49,0.6933333333333334
V08_baseline,baseline,0.05,0.9498989898989899,0.32748215085313004,checked,2,10,0.2353158887369523,26,23,0,51,49,0.6933333333333334
V08_baseline,baseline,0.075,0.9248484848484848,0.342188862767643,original,0,10,0.05543872144928779,26,69,0,5,95,0.4297520661157025
V08_baseline,baseline,0.075,0.9248484848484848,0.342188862767643,original,1,10,0.049866363366239216,26,72,0,2,98,0.41935483870967744
V08_baseline,baseline,0.075,0.9248484848484848,0.342188862767643,original,2,10,0.049866363366239216,26,72,0,2,98,0.41935483870967744
V08_baseline,baseline,0.075,0.9248484848484848,0.342188862767643,checked,0,10,0.2624526209576984,26,3,0,71,29,0.9454545454545454
V08_baseline,baseline,0.075,0.9248484848484848,0.342188862767643,checked,1,10,0.2624526209576984,26,3,0,71,29,0.9454545454545454
V08_baseline,baseline,0.075,0.9248484848484848,0.342188862767643,checked,2,10,0.2624526209576984,26,3,0,71,29,0.9454545454545454
V08_baseline,baseline,0.1,0.9,0.35481952824725804,original,0,10,0.3038808575528241,26,1,0,73,27,0.9811320754716981
V08_baseline,baseline,0.1,0.9,0.35481952824725804,original,1,10,0.3038808575528241,26,1,0,73,27,0.9811320754716981
V08_baseline,baseline,0.1,0.9,0.35481952824725804,original,2,10,0.3038808575528241,26,1,0,73,27,0.9811320754716981
V08_baseline,baseline,0.1,0.9,0.35481952824725804,checked,0,10,0.3041663602520099,26,0,0,74,26,1.0
V08_baseline,baseline,0.1,0.9,0.35481952824725804,checked,1,10,0.3041663602520099,26,0,0,74,26,1.0
V08_baseline,baseline,0.1,0.9,0.35481952824725804,checked,2,10,0.3041663602520099,26,0,0,74,26,1.0
V08_baseline,baseline,0.125,0.8749494949494949,0.3656256301338068,original,0,10,0.34434642255998654,26,1,0,73,27,0.9811320754716981
V08_baseline,baseline,0.125,0.8749494949494949,0.3656256301338068,original,1,10,0.34434642255998654,26,1,0,73,27,0.9811320754716981
V08_baseline,baseline,0.125,0.8749494949494949,0.3656256301338068,original,2,10,0.34434642255998654,26,1,0,73,27,0.9811320754716981
V08_baseline,baseline,0.125,0.8749494949494949,0.3656256301338068,checked,0,10,0.34497185838316075,26,0,0,74,26,1.0
V08_baseline,baseline,0.125,0.8749494949494949,0.3656256301338068,checked,1,10,0.34497185838316075,26,0,0,74,26,1.0
V08_baseline,baseline,0.125,0.8749494949494949,0.3656256301338068,checked,2,10,0.34497185838316075,26,0,0,74,26,1.0
V08_baseline,baseline,0.15,0.8498989898989899,0.3794482870666012,original,0,10,0.3834781172790024,26,0,0,74,26,1.0
V08_baseline,baseline,0.15,0.8498989898989899,0.3794482870666012,original,1,10,0.3834781172790024,26,0,0,74,26,1.0
V08_baseline,baseline,0.15,0.8498989898989899,0.3794482870666012,original,2,10,0.3834781172790024,26,0,0,74,26,1.0
V08_baseline,baseline,0.15,0.8498989898989899,0.3794482870666012,checked,0,10,0.38369288007912294,26,1,0,73,27,0.9811320754716981
V08_baseline,baseline,0.15,0.8498989898989899,0.3794482870666012,checked,1,10,0.38369288007912294,26,1,0,73,27,0.9811320754716981
V08_baseline,baseline,0.15,0.8498989898989899,0.3794482870666012,checked,2,10,0.38369288007912294,26,1,0,73,27,0.9811320754716981
V08_baseline,baseline,0.2,0.8,0.40657168004162286,original,0,10,0.45379721312173543,26,1,0,73,27,0.9811320754716981
V08_baseline,baseline,0.2,0.8,0.40657168004162286,original,1,10,0.45379721312173543,26,1,0,73,27,0.9811320754716981
V08_baseline,baseline,0.2,0.8,0.40657168004162286,original,2,10,0.45379721312173543,26,1,0,73,27,0.9811320754716981
V08_baseline,baseline,0.2,0.8,0.40657168004162286,checked,0,10,0.456249540378015,26,0,0,74,26,1.0
V08_baseline,baseline,0.2,0.8,0.40657168004162286,checked,1,10,0.456249540378015,26,0,0,74,26,1.0
V08_baseline,baseline,0.2,0.8,0.40657168004162286,checked,2,10,0.456249540378015,26,0,0,74,26,1.0
V08_noise_0.1,noise_0.1,0.01,0.98989898989899,0.1759698242734595,original,0,10,-0.0024875775821447035,26,71,0,3,97,0.42276422764227645
V08_noise_0.1,noise_0.1,0.01,0.98989898989899,0.1759698242734595,original,1,10,-0.001435913356677318,25,73,1,1,98,0.4032258064516129
V08_noise_0.1,noise_0.1,0.01,0.98989898989899,0.1759698242734595,original,2,10,-0.0024875775821447035,26,71,0,3,97,0.42276422764227645
V08_noise_0.1,noise_0.1,0.01,0.98989898989899,0.1759698242734595,checked,0,10,0.22873715385957105,26,70,0,4,96,0.4262295081967213
V08_noise_0.1,noise_0.1,0.01,0.98989898989899,0.1759698242734595,checked,1,10,0.22873715385957105,26,70,0,4,96,0.4262295081967213
V08_noise_0.1,noise_0.1,0.01,0.98989898989899,0.1759698242734595,checked,2,10,0.22873715385957105,26,70,0,4,96,0.4262295081967213
V08_noise_0.1,noise_0.1,0.025,0.9749494949494949,0.22456082679480602,original,0,10,0.006182609668082123,1,1,25,73,2,0.07142857142857142
V08_noise_0.1,noise_0.1,0.025,0.9749494949494949,0.22456082679480602,original,1,10,-0.0022785494427772523,26,72,0,2,98,0.41935483870967744
V08_noise_0.1,noise_0.1,0.025,0.9749494949494949,0.22456082679480602,original,2,10,0.006182609668082123,1,1,25,73,2,0.07142857142857142
V08_noise_0.1,noise_0.1,0.025,0.9749494949494949,0.22456082679480602,checked,0,10,0.18516903406834082,26,52,0,22,78,0.5
V08_noise_0.1,noise_0.1,0.025,0.9749494949494949,0.22456082679480602,checked,1,10,0.19448765014566574,26,57,0,17,83,0.47706422018348627
V08_noise_0.1,noise_0.1,0.025,0.9749494949494949,0.22456082679480602,checked,2,10,0.197699202932358,26,61,0,13,87,0.46017699115044247
V08_noise_0.1,noise_0.1,0.05,0.9498989898989899,0.26944465979183935,original,0,10,0.06189516785886728,26,72,0,2,98,0.41935483870967744
V08_noise_0.1,noise_0.1,0.05,0.9498989898989899,0.26944465979183935,original,1,10,0.018614229086511263,26,70,0,4,96,0.4262295081967213
V08_noise_0.1,noise_0.1,0.05,0.9498989898989899,0.26944465979183935,original,2,10,0.015556931799449744,26,61,0,13,87,0.46017699115044247
V08_noise_0.1,noise_0.1,0.05,0.9498989898989899,0.26944465979183935,checked,0,10,0.21967333957573773,26,12,0,62,38,0.8125
V08_noise_0.1,noise_0.1,0.05,0.9498989898989899,0.26944465979183935,checked,1,10,0.21967333957573773,26,12,0,62,38,0.8125
V08_noise_0.1,noise_0.1,0.05,0.9498989898989899,0.26944465979183935,checked,2,10,0.21967333957573773,26,12,0,62,38,0.8125
V08_noise_0.1,noise_0.1,0.075,0.9248484848484848,0.30203035611242435,original,0,10,0.2629271478713245,26,4,0,70,30,0.9285714285714286
V08_noise_0.1,noise_0.1,0.075,0.9248484848484848,0.30203035611242435,original,1,10,0.2629271478713245,26,4,0,70,30,0.9285714285714286
V08_noise_0.1,noise_0.1,0.075,0.9248484848484848,0.30203035611242435,original,2,10,0.2629271478713245,26,4,0,70,30,0.9285714285714286
V08_noise_0.1,noise_0.1,0.075,0.9248484848484848,0.30203035611242435,checked,0,10,0.2634922459456652,26,5,0,69,31,0.9122807017543859
V08_noise_0.1,noise_0.1,0.075,0.9248484848484848,0.30203035611242435,checked,1,10,0.2634922459456652,26,5,0,69,31,0.9122807017543859
V08_noise_0.1,noise_0.1,0.075,0.9248484848484848,0.30203035611242435,checked,2,10,0.2634922459456652,26,5,0,69,31,0.9122807017543859
V08_noise_0.1,noise_0.1,0.1,0.9,0.3266578967156559,original,0,10,0.30523023969115815,26,1,0,73,27,0.9811320754716981
V08_noise_0.1,noise_0.1,0.1,0.9,0.3266578967156559,original,1,10,0.30523023969115815,26,1,0,73,27,0.9811320754716981
V08_noise_0.1,noise_0.1,0.1,0.9,0.3266578967156559,original,2,10,0.30523023969115815,26,1,0,73,27,0.9811320754716981
V08_noise_0.1,noise_0.1,0.1,0.9,0.3266578967156559,checked,0,10,0.306426773160851,26,2,0,72,28,0.9629629629629629
V08_noise_0.1,noise_0.1,0.1,0.9,0.3266578967156559,checked,1,10,0.306426773160851,26,2,0,72,28,0.9629629629629629
V08_noise_0.1,noise_0.1,0.1,0.9,0.3266578967156559,checked,2,10,0.306426773160851,26,2,0,72,28,0.9629629629629629
V08_noise_0.1,noise_0.1,0.125,0.8749494949494949,0.34618320439408773,original,0,10,0.34801792016404964,26,1,0,73,27,0.9811320754716981
V08_noise_0.1,noise_0.1,0.125,0.8749494949494949,0.34618320439408773,original,1,10,0.34801792016404964,26,1,0,73,27,0.9811320754716981
V08_noise_0.1,noise_0.1,0.125,0.8749494949494949,0.34618320439408773,original,2,10,0.34801792016404964,26,1,0,73,27,0.9811320754716981
V08_noise_0.1,noise_0.1,0.125,0.8749494949494949,0.34618320439408773,checked,0,10,0.3487650709271588,26,2,0,72,28,0.9629629629629629
V08_noise_0.1,noise_0.1,0.125,0.8749494949494949,0.34618320439408773,checked,1,10,0.3487650709271588,26,2,0,72,28,0.9629629629629629
V08_noise_0.1,noise_0.1,0.125,0.8749494949494949,0.34618320439408773,checked,2,10,0.3487650709271588,26,2,0,72,28,0.9629629629629629
V08_noise_0.1,noise_0.1,0.15,0.8498989898989899,0.3636938102292379,original,0,10,0.3812061738574236,26,0,0,74,26,1.0
V08_noise_0.1,noise_0.1,0.15,0.8498989898989899,0.3636938102292379,original,1,10,0.3812061738574236,26,0,0,74,26,1.0
V08_noise_0.1,noise_0.1,0.15,0.8498989898989899,0.3636938102292379,original,2,10,0.3812061738574236,26,0,0,74,26,1.0
V08_noise_0.1,noise_0.1,0.15,0.8498989898989899,0.3636938102292379,checked,0,10,0.3814260929211746,26,1,0,73,27,0.9811320754716981
V08_noise_0.1,noise_0.1,0.15,0.8498989898989899,0.3636938102292379,checked,1,10,0.3814260929211746,26,1,0,73,27,0.9811320754716981
V08_noise_0.1,noise_0.1,0.15,0.8498989898989899,0.3636938102292379,checked,2,10,0.3814260929211746,26,1,0,73,27,0.9811320754716981
V08_noise_0.1,noise_0.1,0.2,0.8,0.3980580057507502,original,0,10,0.44873703010298277,26,1,0,73,27,0.9811320754716981
V08_noise_0.1,noise_0.1,0.2,0.8,0.3980580057507502,original,1,10,0.44873703010298277,26,1,0,73,27,0.9811320754716981
V08_noise_0.1,noise_0.1,0.2,0.8,0.3980580057507502,original,2,10,0.44873703010298277,26,1,0,73,27,0.9811320754716981
V08_noise_0.1,noise_0.1,0.2,0.8,0.3980580057507502,checked,0,10,0.4501635082698156,26,0,0,74,26,1.0
V08_noise_0.1,noise_0.1,0.2,0.8,0.3980580057507502,checked,1,10,0.4501635082698156,26,0,0,74,26,1.0
V08_noise_0.1,noise_0.1,0.2,0.8,0.3980580057507502,checked,2,10,0.4501635082698156,26,0,0,74,26,1.0
V08_noise_0.2,noise_0.2,0.01,1.0,0.0,original,0,10,0.0,15,37,11,37,52,0.38461538461538464
V08_noise_0.2,noise_0.2,0.01,1.0,0.0,original,1,10,0.0,14,36,12,38,50,0.3684210526315789
V08_noise_0.2,noise_0.2,0.01,1.0,0.0,original,2,10,0.0,11,44,15,30,55,0.2716049382716049
V08_noise_0.2,noise_0.2,0.01,1.0,0.0,checked,0,10,0.0,14,37,12,37,51,0.36363636363636365
V08_noise_0.2,noise_0.2,0.01,1.0,0.0,checked,1,10,0.0,15,36,11,38,51,0.38961038961038963
V08_noise_0.2,noise_0.2,0.01,1.0,0.0,checked,2,10,0.0,12,44,14,30,56,0.2926829268292683
V08_noise_0.2,noise_0.2,0.025,0.9749494949494949,0.07757051101003434,original,0,10,0.006182609668082123,1,1,25,73,2,0.07142857142857142
V08_noise_0.2,noise_0.2,0.025,0.9749494949494949,0.07757051101003434,original,1,10,0.0038871733374138445,25,52,1,22,77,0.4854368932038835
V08_noise_0.2,noise_0.2,0.025,0.9749494949494949,0.07757051101003434,original,2,10,0.006182609668082123,1,1,25,73,2,0.07142857142857142
V08_noise_0.2,noise_0.2,0.025,0.9749494949494949,0.07757051101003434,checked,0,10,0.17291159580256354,26,52,0,22,78,0.5
V08_noise_0.2,noise_0.2,0.025,0.9749494949494949,0.07757051101003434,checked,1,10,0.17291159580256354,26,52,0,22,78,0.5
V08_noise_0.2,noise_0.2,0.025,0.9749494949494949,0.07757051101003434,checked,2,10,0.17303941339673065,26,56,0,18,82,0.48148148148148145
V08_noise_0.2,noise_0.2,0.05,0.9498989898989899,0.15141874177785178,original,0,10,0.1510824829016701,22,9,4,65,31,0.7719298245614035
V08_noise_0.2,noise_0.2,0.05,0.9498989898989899,0.15141874177785178,original,1,10,0.1492278688228706,22,9,4,65,31,0.7719298245614035
V08_noise_0.2,noise_0.2,0.05,0.9498989898989899,0.15141874177785178,original,2,10,0.1510824829016701,22,9,4,65,31,0.7719298245614035
V08_noise_0.2,noise_0.2,0.05,0.9498989898989899,0.15141874177785178,checked,0,10,0.2041051691668836,26,9,0,65,35,0.8524590163934426
V08_noise_0.2,noise_0.2,0.05,0.9498989898989899,0.15141874177785178,checked,1,10,0.20413697955820798,26,6,0,68,32,0.896551724137931
V08_noise_0.2,noise_0.2,0.05,0.9498989898989899,0.15141874177785178,checked,2,10,0.2041051691668836,26,9,0,65,35,0.8524590163934426
V08_noise_0.2,noise_0.2,0.075,0.9248484848484848,0.1945685010163366,original,0,10,0.049866363366239216,26,72,0,2,98,0.41935483870967744
V08_noise_0.2,noise_0.2,0.075,0.9248484848484848,0.1945685010163366,original,1,10,0.2409964504306499,26,3,0,71,29,0.9454545454545454
V08_noise_0.2,noise_0.2,0.075,0.9248484848484848,0.1945685010163366,original,2,10,-0.0040520504963352435,26,72,0,2,98,0.41935483870967744
V08_noise_0.2,noise_0.2,0.075,0.9248484848484848,0.1945685010163366,checked,0,10,0.24146484490716466,26,4,0,70,30,0.9285714285714286
V08_noise_0.2,noise_0.2,0.075,0.9248484848484848,0.1945685010163366,checked,1,10,0.24146484490716466,26,4,0,70,30,0.9285714285714286
V08_noise_0.2,noise_0.2,0.075,0.9248484848484848,0.1945685010163366,checked,2,10,0.24146484490716466,26,4,0,70,30,0.9285714285714286
V08_noise_0.2,noise_0.2,0.1,0.9,0.2348136210594388,original,0,10,0.27003587419223574,26,3,0,71,29,0.9454545454545454
V08_noise_0.2,noise_0.2,0.1,0.9,0.2348136210594388,original,1,10,0.27003587419223574,26,3,0,71,29,0.9454545454545454
V08_noise_0.2,noise_0.2,0.1,0.9,0.2348136210594388,original,2,10,0.26670679098986094,26,7,0,67,33,0.8813559322033898
V08_noise_0.2,noise_0.2,0.1,0.9,0.2348136210594388,checked,0,10,0.2700436470599584,26,2,0,72,28,0.9629629629629629
V08_noise_0.2,noise_0.2,0.1,0.9,0.2348136210594388,checked,1,10,0.2700436470599584,26,2,0,72,28,0.9629629629629629
V08_noise_0.2,noise_0.2,0.1,0.9,0.2348136210594388,checked,2,10,0.2700436470599584,26,2,0,72,28,0.9629629629629629
V08_noise_0.2,noise_0.2,0.125,0.8749494949494949,0.27040561687760795,original,0,10,0.2949906228950141,26,2,0,72,28,0.9629629629629629
V08_noise_0.2,noise_0.2,0.125,0.8749494949494949,0.27040561687760795,original,1,10,0.2949906228950141,26,2,0,72,28,0.9629629629629629
V08_noise_0.2,noise_0.2,0.125,0.8749494949494949,0.27040561687760795,original,2,10,0.2949906228950141,26,2,0,72,28,0.9629629629629629
V08_noise_0.2,noise_0.2,0.125,0.8749494949494949,0.27040561687760795,checked,0,10,0.2953931211724781,26,1,0,73,27,0.9811320754716981
V08_noise_0.2,noise_0.2,0.125,0.8749494949494949,0.27040561687760795,checked,1,10,0.2953931211724781,26,1,0,73,27,0.9811320754716981
V08_noise_0.2,noise_0.2,0.125,0.8749494949494949,0.27040561687760795,checked,2,10,0.2953931211724781,26,1,0,73,27,0.9811320754716981
V08_noise_0.2,noise_0.2,0.15,0.8498989898989899,0.30413389501023264,original,0,10,0.31191189949927023,26,0,0,74,26,1.0
V08_noise_0.2,noise_0.2,0.15,0.8498989898989899,0.30413389501023264,original,1,10,0.31191189949927023,26,0,0,74,26,1.0
V08_noise_0.2,noise_0.2,0.15,0.8498989898989899,0.30413389501023264,original,2,10,0.31191189949927023,26,0,0,74,26,1.0
V08_noise_0.2,noise_0.2,0.15,0.8498989898989899,0.30413389501023264,checked,0,10,0.31342247818272406,26,1,0,73,27,0.9811320754716981
V08_noise_0.2,noise_0.2,0.15,0.8498989898989899,0.30413389501023264,checked,1,10,0.31342247818272406,26,1,0,73,27,0.9811320754716981
V08_noise_0.2,noise_0.2,0.15,0.8498989898989899,0.30413389501023264,checked,2,10,0.31342247818272406,26,1,0,73,27,0.9811320754716981
V08_noise_0.2,noise_0.2,0.2,0.8,0.3528094545658327,original,0,10,0.3657500285954397,26,1,0,73,27,0.9811320754716981
V08_noise_0.2,noise_0.2,0.2,0.8,0.3528094545658327,original,1,10,0.3657500285954397,26,1,0,73,27,0.9811320754716981
V08_noise_0.2,noise_0.2,0.2,0.8,0.3528094545658327,original,2,10,0.3657500285954397,26,1,0,73,27,0.9811320754716981
V08_noise_0.2,noise_0.2,0.2,0.8,0.3528094545658327,checked,0,10,0.36698773612442376,26,0,0,74,26,1.0
V08_noise_0.2,noise_0.2,0.2,0.8,0.3528094545658327,checked,1,10,0.36698773612442376,26,0,0,74,26,1.0
V08_noise_0.2,noise_0.2,0.2,0.8,0.3528094545658327,checked,2,10,0.36698773612442376,26,0,0,74,26,1.0
V08_overlap_0.75,overlap_0.75,0.01,0.98989898989899,0.3395183586409652,original,0,10,-0.001435913356677318,26,72,0,2,98,0.41935483870967744
V08_overlap_0.75,overlap_0.75,0.01,0.98989898989899,0.3395183586409652,original,1,10,-0.001435913356677318,26,72,0,2,98,0.41935483870967744
V08_overlap_0.75,overlap_0.75,0.01,0.98989898989899,0.3395183586409652,original,2,10,-0.001435913356677318,26,72,0,2,98,0.41935483870967744
V08_overlap_0.75,overlap_0.75,0.01,0.98989898989899,0.3395183586409652,checked,0,10,0.18202912447042227,26,63,0,11,89,0.45217391304347826
V08_overlap_0.75,overlap_0.75,0.01,0.98989898989899,0.3395183586409652,checked,1,10,0.18202912447042227,26,63,0,11,89,0.45217391304347826
V08_overlap_0.75,overlap_0.75,0.01,0.98989898989899,0.3395183586409652,checked,2,10,0.18202912447042227,26,63,0,11,89,0.45217391304347826
V08_overlap_0.75,overlap_0.75,0.025,0.9749494949494949,0.36290953067021287,original,0,10,0.0886796742832764,26,72,0,2,98,0.41935483870967744
V08_overlap_0.75,overlap_0.75,0.025,0.9749494949494949,0.36290953067021287,original,1,10,0.0886796742832764,26,72,0,2,98,0.41935483870967744
V08_overlap_0.75,overlap_0.75,0.025,0.9749494949494949,0.36290953067021287,original,2,10,-0.0022785494427772523,26,72,0,2,98,0.41935483870967744
V08_overlap_0.75,overlap_0.75,0.025,0.9749494949494949,0.36290953067021287,checked,0,10,0.20831555385744277,26,67,0,7,93,0.4369747899159664
V08_overlap_0.75,overlap_0.75,0.025,0.9749494949494949,0.36290953067021287,checked,1,10,0.20355519146700674,26,52,0,22,78,0.5
V08_overlap_0.75,overlap_0.75,0.025,0.9749494949494949,0.36290953067021287,checked,2,10,0.20831555385744277,26,67,0,7,93,0.4369747899159664
V08_overlap_0.75,overlap_0.75,0.05,0.9498989898989899,0.38397349939455205,original,0,10,0.06189516785886728,26,72,0,2,98,0.41935483870967744
V08_overlap_0.75,overlap_0.75,0.05,0.9498989898989899,0.38397349939455205,original,1,10,0.1482617361957388,25,38,1,36,63,0.5617977528089888
V08_overlap_0.75,overlap_0.75,0.05,0.9498989898989899,0.38397349939455205,original,2,10,0.031972053645888086,26,71,0,3,97,0.42276422764227645
V08_overlap_0.75,overlap_0.75,0.05,0.9498989898989899,0.38397349939455205,checked,0,10,0.2251767391414261,26,30,0,44,56,0.6341463414634146
V08_overlap_0.75,overlap_0.75,0.05,0.9498989898989899,0.38397349939455205,checked,1,10,0.2251767391414261,26,30,0,44,56,0.6341463414634146
V08_overlap_0.75,overlap_0.75,0.05,0.9498989898989899,0.38397349939455205,checked,2,10,0.2251767391414261,26,30,0,44,56,0.6341463414634146
V08_overlap_0.75,overlap_0.75,0.075,0.9248484848484848,0.40380705693714625,original,0,10,0.1321094390638566,24,24,2,50,48,0.6486486486486487
V08_overlap_0.75,overlap_0.75,0.075,0.9248484848484848,0.40380705693714625,original,1,10,-0.0040520504963352435,26,72,0,2,98,0.41935483870967744
V08_overlap_0.75,overlap_0.75,0.075,0.9248484848484848,0.40380705693714625,original,2,10,-0.0040520504963352435,26,72,0,2,98,0.41935483870967744
V08_overlap_0.75,overlap_0.75,0.075,0.9248484848484848,0.40380705693714625,checked,0,10,0.21637907747211488,26,19,0,55,45,0.7323943661971831
V08_overlap_0.75,overlap_0.75,0.075,0.9248484848484848,0.40380705693714625,checked,1,10,0.21637907747211488,26,19,0,55,45,0.7323943661971831
V08_overlap_0.75,overlap_0.75,0.075,0.9248484848484848,0.40380705693714625,checked,2,10,0.21637907747211488,26,19,0,55,45,0.7323943661971831
V08_overlap_0.75,overlap_0.75,0.1,0.9,0.41844296534032727,original,0,10,0.046515327615680904,26,71,0,3,97,0.42276422764227645
V08_overlap_0.75,overlap_0.75,0.1,0.9,0.41844296534032727,original,1,10,0.14278042043331848,25,25,1,49,50,0.6578947368421053
V08_overlap_0.75,overlap_0.75,0.1,0.9,0.41844296534032727,original,2,10,0.04264445100898216,26,72,0,2,98,0.41935483870967744
V08_overlap_0.75,overlap_0.75,0.1,0.9,0.41844296534032727,checked,0,10,0.20518216738669587,26,16,0,58,42,0.7647058823529411
V08_overlap_0.75,overlap_0.75,0.1,0.9,0.41844296534032727,checked,1,10,0.20520704358870243,26,27,0,47,53,0.6582278481012658
V08_overlap_0.75,overlap_0.75,0.1,0.9,0.41844296534032727,checked,2,10,0.20589796308746602,26,32,0,42,58,0.6190476190476191
V08_overlap_0.75,overlap_0.75,0.125,0.8749494949494949,0.43294855535092136,original,0,10,0.11947801291793883,23,24,3,50,47,0.6301369863013698
V08_overlap_0.75,overlap_0.75,0.125,0.8749494949494949,0.43294855535092136,original,1,10,0.13954285615765447,26,22,0,52,48,0.7027027027027027
V08_overlap_0.75,overlap_0.75,0.125,0.8749494949494949,0.43294855535092136,original,2,10,0.11947801291793883,23,24,3,50,47,0.6301369863013698
V08_overlap_0.75,overlap_0.75,0.125,0.8749494949494949,0.43294855535092136,checked,0,10,0.210318313798323,26,18,0,56,44,0.7428571428571429
V08_overlap_0.75,overlap_0.75,0.125,0.8749494949494949,0.43294855535092136,checked,1,10,0.210318313798323,26,18,0,56,44,0.7428571428571429
V08_overlap_0.75,overlap_0.75,0.125,0.8749494949494949,0.43294855535092136,checked,2,10,0.210318313798323,26,18,0,56,44,0.7428571428571429
V08_overlap_0.75,overlap_0.75,0.15,0.8498989898989899,0.44655960663428423,original,0,10,0.10979579436792987,24,24,2,50,48,0.6486486486486487
V08_overlap_0.75,overlap_0.75,0.15,0.8498989898989899,0.44655960663428423,original,1,10,0.054943588163546754,24,42,2,32,66,0.5217391304347826
V08_overlap_0.75,overlap_0.75,0.15,0.8498989898989899,0.44655960663428423,original,2,10,0.09855028044185088,22,21,4,53,43,0.6376811594202898
V08_overlap_0.75,overlap_0.75,0.15,0.8498989898989899,0.44655960663428423,checked,0,10,0.19924560386530868,26,12,0,62,38,0.8125
V08_overlap_0.75,overlap_0.75,0.15,0.8498989898989899,0.44655960663428423,checked,1,10,0.19924560386530868,26,12,0,62,38,0.8125
V08_overlap_0.75,overlap_0.75,0.15,0.8498989898989899,0.44655960663428423,checked,2,10,0.19924560386530868,26,12,0,62,38,0.8125
V08_overlap_0.75,overlap_0.75,0.2,0.8,0.472563817220436,original,0,10,0.06513100926802294,25,52,1,22,77,0.4854368932038835
V08_overlap_0.75,overlap_0.75,0.2,0.8,0.472563817220436,original,1,10,0.11299084949576549,25,32,1,42,57,0.6024096385542169
V08_overlap_0.75,overlap_0.75,0.2,0.8,0.472563817220436,original,2,10,0.12343840993955092,23,23,3,51,46,0.6388888888888888
V08_overlap_0.75,overlap_0.75,0.2,0.8,0.472563817220436,checked,0,10,0.19104644395504447,24,18,2,56,42,0.7058823529411765
V08_overlap_0.75,overlap_0.75,0.2,0.8,0.472563817220436,checked,1,10,0.19104644395504447,24,18,2,56,42,0.7058823529411765
V08_overlap_0.75,overlap_0.75,0.2,0.8,0.472563817220436,checked,2,10,0.19104644395504447,24,18,2,56,42,0.7058823529411765
V09_baseline,baseline,0.01,0.98989898989899,0.3056945872032309,original,0,10,-0.001435913356677318,27,71,0,2,98,0.432
V09_baseline,baseline,0.01,0.98989898989899,0.3056945872032309,original,1,10,0.13043837641001116,27,68,0,5,95,0.4426229508196721
V09_baseline,baseline,0.01,0.98989898989899,0.3056945872032309,original,2,10,-0.001435913356677318,27,71,0,2,98,0.432
V09_baseline,baseline,0.01,0.98989898989899,0.3056945872032309,checked,0,10,0.2078885166251568,27,65,0,8,92,0.453781512605042
V09_baseline,baseline,0.01,0.98989898989899,0.3056945872032309,checked,1,10,0.2078885166251568,27,65,0,8,92,0.453781512605042
V09_baseline,baseline,0.01,0.98989898989899,0.3056945872032309,checked,2,10,0.2078885166251568,27,65,0,8,92,0.453781512605042
V09_baseline,baseline,0.025,0.9749494949494949,0.3133666403213454,original,0,10,0.01969361748034763,26,52,1,21,78,0.49523809523809526
V09_baseline,baseline,0.025,0.9749494949494949,0.3133666403213454,original,1,10,-0.0022785494427772523,27,71,0,2,98,0.432
V09_baseline,baseline,0.025,0.9749494949494949,0.3133666403213454,original,2,10,-0.0022785494427772523,27,71,0,2,98,0.432
V09_baseline,baseline,0.025,0.9749494949494949,0.3133666403213454,checked,0,10,0.1924249901379858,27,46,0,27,73,0.54
V09_baseline,baseline,0.025,0.9749494949494949,0.3133666403213454,checked,1,10,0.1924249901379858,27,46,0,27,73,0.54
V09_baseline,baseline,0.025,0.9749494949494949,0.3133666403213454,checked,2,10,0.1924249901379858,27,46,0,27,73,0.54
V09_baseline,baseline,0.05,0.9498989898989899,0.3271845168884166,original,0,10,0.21964383519781297,27,7,0,66,34,0.8852459016393442
V09_baseline,baseline,0.05,0.9498989898989899,0.3271845168884166,original,1,10,0.22525017245470552,27,7,0,66,34,0.8852459016393442
V09_baseline,baseline,0.05,0.9498989898989899,0.3271845168884166,original,2,10,0.22197085571151248,27,10,0,63,37,0.84375
V09_baseline,baseline,0.05,0.9498989898989899,0.3271845168884166,checked,0,10,0.22616782049302558,27,9,0,64,36,0.8571428571428571
V09_baseline,baseline,0.05,0.9498989898989899,0.3271845168884166,checked,1,10,0.22616782049302558,27,9,0,64,36,0.8571428571428571
V09_baseline,baseline,0.05,0.9498989898989899,0.3271845168884166,checked,2,10,0.22616782049302558,27,9,0,64,36,0.8571428571428571
V09_baseline,baseline,0.075,0.9248484848484848,0.3391436995249156,original,0,10,0.27318070622122265,27,2,0,71,29,0.9642857142857143
V09_baseline,baseline,0.075,0.9248484848484848,0.3391436995249156,original,1,10,0.27318070622122265,27,2,0,71,29,0.9642857142857143
V09_baseline,baseline,0.075,0.9248484848484848,0.3391436995249156,original,2,10,0.27318070622122265,27,2,0,71,29,0.9642857142857143
V09_baseline,baseline,0.075,0.9248484848484848,0.3391436995249156,checked,0,10,0.2736582993534044,27,3,0,70,30,0.9473684210526315
V09_baseline,baseline,0.075,0.9248484848484848,0.3391436995249156,checked,1,10,0.2736582993534044,27,3,0,70,30,0.9473684210526315
V09_baseline,baseline,0.075,0.9248484848484848,0.3391436995249156,checked,2,10,0.2736582993534044,27,3,0,70,30,0.9473684210526315
V09_baseline,baseline,0.1,0.9,0.3537493492075942,original,0,10,0.3133265325211624,27,0,0,73,27,1.0
V09_baseline,baseline,0.1,0.9,0.3537493492075942,original,1,10,0.3133265325211624,27,0,0,73,27,1.0
V09_baseline,baseline,0.1,0.9,0.3537493492075942,original,2,10,0.3133265325211624,27,0,0,73,27,1.0
V09_baseline,baseline,0.1,0.9,0.3537493492075942,checked,0,10,0.31451191229438274,27,1,0,72,28,0.9818181818181818
V09_baseline,baseline,0.1,0.9,0.3537493492075942,checked,1,10,0.31451191229438274,27,1,0,72,28,0.9818181818181818
V09_baseline,baseline,0.1,0.9,0.3537493492075942,checked,2,10,0.31451191229438274,27,1,0,72,28,0.9818181818181818
V09_baseline,baseline,0.125,0.8749494949494949,0.3691649411788403,original,0,10,0.3548758036580843,27,1,0,72,28,0.9818181818181818
V09_baseline,baseline,0.125,0.8749494949494949,0.3691649411788403,original,1,10,0.3548758036580843,27,1,0,72,28,0.9818181818181818
V09_baseline,baseline,0.125,0.8749494949494949,0.3691649411788403,original,2,10,0.3548758036580843,27,1,0,72,28,0.9818181818181818
V09_baseline,baseline,0.125,0.8749494949494949,0.3691649411788403,checked,0,10,0.3553609153721759,27,0,0,73,27,1.0
V09_baseline,baseline,0.125,0.8749494949494949,0.3691649411788403,checked,1,10,0.3553609153721759,27,0,0,73,27,1.0
V09_baseline,baseline,0.125,0.8749494949494949,0.3691649411788403,checked,2,10,0.3553609153721759,27,0,0,73,27,1.0
V09_baseline,baseline,0.15,0.8498989898989899,0.38200147440119275,original,0,10,0.3931326479366674,27,1,0,72,28,0.9818181818181818
V09_baseline,baseline,0.15,0.8498989898989899,0.38200147440119275,original,1,10,0.3931326479366674,27,1,0,72,28,0.9818181818181818
V09_baseline,baseline,0.15,0.8498989898989899,0.38200147440119275,original,2,10,0.3931326479366674,27,1,0,72,28,0.9818181818181818
V09_baseline,baseline,0.15,0.8498989898989899,0.38200147440119275,checked,0,10,0.3950268158688647,27,0,0,73,27,1.0
V09_baseline,baseline,0.15,0.8498989898989899,0.38200147440119275,checked,1,10,0.3950268158688647,27,0,0,73,27,1.0
V09_baseline,baseline,0.15,0.8498989898989899,0.38200147440119275,checked,2,10,0.3950268158688647,27,0,0,73,27,1.0
V09_baseline,baseline,0.2,0.8,0.41337702395649195,original,0,10,0.46671465648311655,27,1,0,72,28,0.9818181818181818
V09_baseline,baseline,0.2,0.8,0.41337702395649195,original,1,10,0.46671465648311655,27,1,0,72,28,0.9818181818181818
V09_baseline,baseline,0.2,0.8,0.41337702395649195,original,2,10,0.46671465648311655,27,1,0,72,28,0.9818181818181818
V09_baseline,baseline,0.2,0.8,0.41337702395649195,checked,0,10,0.4699897987817438,27,0,0,73,27,1.0
V09_baseline,baseline,0.2,0.8,0.41337702395649195,checked,1,10,0.4699897987817438,27,0,0,73,27,1.0
V09_baseline,baseline,0.2,0.8,0.41337702395649195,checked,2,10,0.4699897987817438,27,0,0,73,27,1.0
V09_noise_0.1,noise_0.1,0.01,0.98989898989899,0.18829835199408917,original,0,10,-0.001435913356677318,27,71,0,2,98,0.432
V09_noise_0.1,noise_0.1,0.01,0.98989898989899,0.18829835199408917,original,1,10,0.04044953136057983,27,68,0,5,95,0.4426229508196721
V09_noise_0.1,noise_0.1,0.01,0.98989898989899,0.18829835199408917,original,2,10,-0.001435913356677318,27,71,0,2,98,0.432
V09_noise_0.1,noise_0.1,0.01,0.98989898989899,0.18829835199408917,checked,0,10,0.2457578674507957,27,63,0,10,90,0.46153846153846156
V09_noise_0.1,noise_0.1,0.01,0.98989898989899,0.18829835199408917,checked,1,10,0.2517256366890217,27,67,0,6,94,0.4462809917355372
V09_noise_0.1,noise_0.1,0.01,0.98989898989899,0.18829835199408917,checked,2,10,0.2517256366890217,27,67,0,6,94,0.4462809917355372
V09_noise_0.1,noise_0.1,0.025,0.9749494949494949,0.23425785464073476,original,0,10,0.13446587272596705,27,63,0,10,90,0.46153846153846156
V09_noise_0.1,noise_0.1,0.025,0.9749494949494949,0.23425785464073476,original,1,10,0.1416531649543124,27,59,0,14,86,0.4778761061946903
V09_noise_0.1,noise_0.1,0.025,0.9749494949494949,0.23425785464073476,original,2,10,0.1429167707036881,27,53,0,20,80,0.5046728971962616
V09_noise_0.1,noise_0.1,0.025,0.9749494949494949,0.23425785464073476,checked,0,10,0.19766801985285098,27,49,0,24,76,0.5242718446601942
V09_noise_0.1,noise_0.1,0.025,0.9749494949494949,0.23425785464073476,checked,1,10,0.19766801985285098,27,49,0,24,76,0.5242718446601942
V09_noise_0.1,noise_0.1,0.025,0.9749494949494949,0.23425785464073476,checked,2,10,0.19766801985285098,27,49,0,24,76,0.5242718446601942
V09_noise_0.1,noise_0.1,0.05,0.9498989898989899,0.28106009720746794,original,0,10,0.18412019886005296,27,32,0,41,59,0.627906976744186
V09_noise_0.1,noise_0.1,0.05,0.9498989898989899,0.28106009720746794,original,1,10,0.16094709321445094,27,43,0,30,70,0.5567010309278351
V09_noise_0.1,noise_0.1,0.05,0.9498989898989899,0.28106009720746794,original,2,10,0.15113445481795462,27,43,0,30,70,0.5567010309278351
V09_noise_0.1,noise_0.1,0.05,0.9498989898989899,0.28106009720746794,checked,0,10,0.22525017245470552,27,7,0,66,34,0.8852459016393442
V09_noise_0.1,noise_0.1,0.05,0.9498989898989899,0.28106009720746794,checked,1,10,0.22525017245470552,27,7,0,66,34,0.8852459016393442
V09_noise_0.1,noise_0.1,0.05,0.9498989898989899,0.28106009720746794,checked,2,10,0.22525017245470552,27,7,0,66,34,0.8852459016393442
V09_noise_0.1,noise_0.1,0.075,0.9248484848484848,0.3111863753192602,original,0,10,0.2718533095632945,27,7,0,66,34,0.8852459016393442
V09_noise_0.1,noise_0.1,0.075,0.9248484848484848,0.3111863753192602,original,1,10,0.2718533095632945,27,7,0,66,34,0.8852459016393442
V09_noise_0.1,noise_0.1,0.075,0.9248484848484848,0.3111863753192602,original,2,10,0.2718533095632945,27,7,0,66,34,0.8852459016393442
V09_noise_0.1,noise_0.1,0.075,0.9248484848484848,0.3111863753192602,checked,0,10,0.27257495787554836,27,6,0,67,33,0.9
V09_noise_0.1,noise_0.1,0.075,0.9248484848484848,0.3111863753192602,checked,1,10,0.27257495787554836,27,6,0,67,33,0.9
V09_noise_0.1,noise_0.1,0.075,0.9248484848484848,0.3111863753192602,checked,2,10,0.27257495787554836,27,6,0,67,33,0.9
V09_noise_0.1,noise_0.1,0.1,0.9,0.3325915139176309,original,0,10,0.31207401330142287,27,4,0,69,31,0.9310344827586207
V09_noise_0.1,noise_0.1,0.1,0.9,0.3325915139176309,original,1,10,0.31207401330142287,27,4,0,69,31,0.9310344827586207
V09_noise_0.1,noise_0.1,0.1,0.9,0.3325915139176309,original,2,10,0.31207401330142287,27,4,0,69,31,0.9310344827586207
V09_noise_0.1,noise_0.1,0.1,0.9,0.3325915139176309,checked,0,10,0.31207401330142287,27,4,0,69,31,0.9310344827586207
V09_noise_0.1,noise_0.1,0.1,0.9,0.3325915139176309,checked,1,10,0.31207401330142287,27,4,0,69,31,0.9310344827586207
V09_noise_0.1,noise_0.1,0.1,0.9,0.3325915139176309,checked,2,10,0.31207401330142287,27,4,0,69,31,0.9310344827586207
V09_noise_0.1,noise_0.1,0.125,0.8749494949494949,0.35282579911602974,original,0,10,0.3529132503028005,27,0,0,73,27,1.0
V09_noise_0.1,noise_0.1,0.125,0.8749494949494949,0.35282579911602974,original,1,10,0.3529132503028005,27,0,0,73,27,1.0
V09_noise_0.1,noise_0.1,0.125,0.8749494949494949,0.35282579911602974,original,2,10,0.3529132503028005,27,0,0,73,27,1.0
V09_noise_0.1,noise_0.1,0.125,0.8749494949494949,0.35282579911602974,checked,0,10,0.3536536571118992,27,1,0,72,28,0.9818181818181818
V09_noise_0.1,noise_0.1,0.125,0.8749494949494949,0.35282579911602974,checked,1,10,0.3536536571118992,27,1,0,72,28,0.9818181818181818
V09_noise_0.1,noise_0.1,0.125,0.8749494949494949,0.35282579911602974,checked,2,10,0.3536536571118992,27,1,0,72,28,0.9818181818181818
V09_noise_0.1,noise_0.1,0.15,0.8498989898989899,0.3715391907949268,original,0,10,0.3897371513909776,27,1,0,72,28,0.9818181818181818
V09_noise_0.1,noise_0.1,0.15,0.8498989898989899,0.3715391907949268,original,1,10,0.3897371513909776,27,1,0,72,28,0.9818181818181818
V09_noise_0.1,noise_0.1,0.15,0.8498989898989899,0.3715391907949268,original,2,10,0.3897371513909776,27,1,0,72,28,0.9818181818181818
V09_noise_0.1,noise_0.1,0.15,0.8498989898989899,0.3715391907949268,checked,0,10,0.3916266351319422,27,0,0,73,27,1.0
V09_noise_0.1,noise_0.1,0.15,0.8498989898989899,0.3715391907949268,checked,1,10,0.3916266351319422,27,0,0,73,27,1.0
V09_noise_0.1,noise_0.1,0.15,0.8498989898989899,0.3715391907949268,checked,2,10,0.3916266351319422,27,0,0,73,27,1.0
V09_noise_0.1,noise_0.1,0.2,0.8,0.4044971115821727,original,0,10,0.4566082325662019,27,1,0,72,28,0.9818181818181818
V09_noise_0.1,noise_0.1,0.2,0.8,0.4044971115821727,original,1,10,0.4566082325662019,27,1,0,72,28,0.9818181818181818
V09_noise_0.1,noise_0.1,0.2,0.8,0.4044971115821727,original,2,10,0.4566082325662019,27,1,0,72,28,0.9818181818181818
V09_noise_0.1,noise_0.1,0.2,0.8,0.4044971115821727,checked,0,10,0.4598694327442385,27,0,0,73,27,1.0
V09_noise_0.1,noise_0.1,0.2,0.8,0.4044971115821727,checked,1,10,0.4598694327442385,27,0,0,73,27,1.0
V09_noise_0.1,noise_0.1,0.2,0.8,0.4044971115821727,checked,2,10,0.4598694327442385,27,0,0,73,27,1.0
V09_noise_0.2,noise_0.2,0.01,0.98989898989899,0.020887017840370024,original,0,10,-0.001435913356677318,27,71,0,2,98,0.432
V09_noise_0.2,noise_0.2,0.01,0.98989898989899,0.020887017840370024,original,1,10,-0.001435913356677318,27,71,0,2,98,0.432
V09_noise_0.2,noise_0.2,0.01,0.98989898989899,0.020887017840370024,original,2,10,0.031187247023423046,27,67,0,6,94,0.4462809917355372
V09_noise_0.2,noise_0.2,0.01,0.98989898989899,0.020887017840370024,checked,0,10,0.2457578674507957,27,63,0,10,90,0.46153846153846156
V09_noise_0.2,noise_0.2,0.01,0.98989898989899,0.020887017840370024,checked,1,10,0.2517256366890217,27,67,0,6,94,0.4462809917355372
V09_noise_0.2,noise_0.2,0.01,0.98989898989899,0.020887017840370024,checked,2,10,0.2457578674507957,27,63,0,10,90,0.46153846153846156
V09_noise_0.2,noise_0.2,0.025,0.9749494949494949,0.08915855865813589,original,0,10,0.1380688316026859,27,48,0,25,75,0.5294117647058824
V09_noise_0.2,noise_0.2,0.025,0.9749494949494949,0.08915855865813589,original,1,10,-0.0022785494427772523,27,71,0,2,98,0.432
V09_noise_0.2,noise_0.2,0.025,0.9749494949494949,0.08915855865813589,original,2,10,0.0886796742832764,27,71,0,2,98,0.432
V09_noise_0.2,noise_0.2,0.025,0.9749494949494949,0.08915855865813589,checked,0,10,0.20356378108167958,27,52,0,21,79,0.5094339622641509
V09_noise_0.2,noise_0.2,0.025,0.9749494949494949,0.08915855865813589,checked,1,10,0.20356378108167958,27,52,0,21,79,0.5094339622641509
V09_noise_0.2,noise_0.2,0.025,0.9749494949494949,0.08915855865813589,checked,2,10,0.20356378108167958,27,52,0,21,79,0.5094339622641509
V09_noise_0.2,noise_0.2,0.05,0.9498989898989899,0.16938147703895157,original,0,10,0.16707393608542542,27,61,0,12,88,0.46956521739130436
V09_noise_0.2,noise_0.2,0.05,0.9498989898989899,0.16938147703895157,original,1,10,0.15684019133385557,27,60,0,13,87,0.47368421052631576
V09_noise_0.2,noise_0.2,0.05,0.9498989898989899,0.16938147703895157,original,2,10,0.20143348097771835,27,22,0,51,49,0.7105263157894737
V09_noise_0.2,noise_0.2,0.05,0.9498989898989899,0.16938147703895157,checked,0,10,0.22349724742269667,27,27,0,46,54,0.6666666666666666
V09_noise_0.2,noise_0.2,0.05,0.9498989898989899,0.16938147703895157,checked,1,10,0.22349724742269667,27,27,0,46,54,0.6666666666666666
V09_noise_0.2,noise_0.2,0.05,0.9498989898989899,0.16938147703895157,checked,2,10,0.22349724742269667,27,27,0,46,54,0.6666666666666666
V09_noise_0.2,noise_0.2,0.075,0.9248484848484848,0.22473445355911564,original,0,10,0.24494199307079825,27,10,0,63,37,0.84375
V09_noise_0.2,noise_0.2,0.075,0.9248484848484848,0.22473445355911564,original,1,10,0.24585235225578325,27,11,0,62,38,0.8307692307692308
V09_noise_0.2,noise_0.2,0.075,0.9248484848484848,0.22473445355911564,original,2,10,0.24585235225578325,27,11,0,62,38,0.8307692307692308
V09_noise_0.2,noise_0.2,0.075,0.9248484848484848,0.22473445355911564,checked,0,10,0.2468011675456418,27,12,0,61,39,0.8181818181818182
V09_noise_0.2,noise_0.2,0.075,0.9248484848484848,0.22473445355911564,checked,1,10,0.2468011675456418,27,12,0,61,39,0.8181818181818182
V09_noise_0.2,noise_0.2,0.075,0.9248484848484848,0.22473445355911564,checked,2,10,0.2468011675456418,27,12,0,61,39,0.8181818181818182
V09_noise_0.2,noise_0.2,0.1,0.9,0.254069820924232,original,0,10,0.27518432481667326,27,7,0,66,34,0.8852459016393442
V09_noise_0.2,noise_0.2,0.1,0.9,0.254069820924232,original,1,10,0.27518432481667326,27,7,0,66,34,0.8852459016393442
V09_noise_0.2,noise_0.2,0.1,0.9,0.254069820924232,original,2,10,0.27518432481667326,27,7,0,66,34,0.8852459016393442
V09_noise_0.2,noise_0.2,0.1,0.9,0.254069820924232,checked,0,10,0.2774047765621969,27,9,0,64,36,0.8571428571428571
V09_noise_0.2,noise_0.2,0.1,0.9,0.254069820924232,checked,1,10,0.2774047765621969,27,9,0,64,36,0.8571428571428571
V09_noise_0.2,noise_0.2,0.1,0.9,0.254069820924232,checked,2,10,0.2774047765621969,27,9,0,64,36,0.8571428571428571
V09_noise_0.2,noise_0.2,0.125,0.8749494949494949,0.2861729362327393,original,0,10,0.3039599489152921,27,0,0,73,27,1.0
V09_noise_0.2,noise_0.2,0.125,0.8749494949494949,0.2861729362327393,original,1,10,0.3039599489152921,27,0,0,73,27,1.0
V09_noise_0.2,noise_0.2,0.125,0.8749494949494949,0.2861729362327393,original,2,10,0.3039599489152921,27,0,0,73,27,1.0
V09_noise_0.2,noise_0.2,0.125,0.8749494949494949,0.2861729362327393,checked,0,10,0.3039599489152921,27,0,0,73,27,1.0
V09_noise_0.2,noise_0.2,0.125,0.8749494949494949,0.2861729362327393,checked,1,10,0.3039599489152921,27,0,0,73,27,1.0
V09_noise_0.2,noise_0.2,0.125,0.8749494949494949,0.2861729362327393,checked,2,10,0.3039599489152921,27,0,0,73,27,1.0
V09_noise_0.2,noise_0.2,0.15,0.8498989898989899,0.31264819738229793,original,0,10,0.3240908848409734,27,1,0,72,28,0.9818181818181818
V09_noise_0.2,noise_0.2,0.15,0.8498989898989899,0.31264819738229793,original,1,10,0.3240908848409734,27,1,0,72,28,0.9818181818181818
V09_noise_0.2,noise_0.2,0.15,0.8498989898989899,0.31264819738229793,original,2,10,0.3240908848409734,27,1,0,72,28,0.9818181818181818
V09_noise_0.2,noise_0.2,0.15,0.8498989898989899,0.31264819738229793,checked,0,10,0.32475641397246585,27,0,0,73,27,1.0
V09_noise_0.2,noise_0.2,0.15,0.8498989898989899,0.31264819738229793,checked,1,10,0.32475641397246585,27,0,0,73,27,1.0
V09_noise_0.2,noise_0.2,0.15,0.8498989898989899,0.31264819738229793,checked,2,10,0.32475641397246585,27,0,0,73,27,1.0
V09_noise_0.2,noise_0.2,0.2,0.8,0.35916695420197686,original,0,10,0.3616078477472046,27,1,0,72,28,0.9818181818181818
V09_noise_0.2,noise_0.2,0.2,0.8,0.35916695420197686,original,1,10,0.3616078477472046,27,1,0,72,28,0.9818181818181818
V09_noise_0.2,noise_0.2,0.2,0.8,0.35916695420197686,original,2,10,0.3616078477472046,27,1,0,72,28,0.9818181818181818
V09_noise_0.2,noise_0.2,0.2,0.8,0.35916695420197686,checked,0,10,0.3627139187841881,27,0,0,73,27,1.0
V09_noise_0.2,noise_0.2,0.2,0.8,0.35916695420197686,checked,1,10,0.3627139187841881,27,0,0,73,27,1.0
V09_noise_0.2,noise_0.2,0.2,0.8,0.35916695420197686,checked,2,10,0.3627139187841881,27,0,0,73,27,1.0
V09_overlap_0.75,overlap_0.75,0.01,0.98989898989899,0.33646469337265345,original,0,10,0.14071950894597335,27,71,0,2,98,0.432
V09_overlap_0.75,overlap_0.75,0.01,0.98989898989899,0.33646469337265345,original,1,10,0.11260906036163659,27,69,0,4,96,0.43902439024390244
V09_overlap_0.75,overlap_0.75,0.01,0.98989898989899,0.33646469337265345,original,2,10,-0.001435913356677318,27,71,0,2,98,0.432
V09_overlap_0.75,overlap_0.75,0.01,0.98989898989899,0.33646469337265345,checked,0,10,0.27316003414178225,27,66,0,7,93,0.45
V09_overlap_0.75,overlap_0.75,0.01,0.98989898989899,0.33646469337265345,checked,1,10,0.27316003414178225,27,66,0,7,93,0.45
V09_overlap_0.75,overlap_0.75,0.01,0.98989898989899,0.33646469337265345,checked,2,10,0.27316003414178225,27,66,0,7,93,0.45
V09_overlap_0.75,overlap_0.75,0.025,0.9749494949494949,0.36104493570195595,original,0,10,0.0886796742832764,27,71,0,2,98,0.432
V09_overlap_0.75,overlap_0.75,0.025,0.9749494949494949,0.36104493570195595,original,1,10,0.10722600900615821,27,63,0,10,90,0.46153846153846156
V09_overlap_0.75,overlap_0.75,0.025,0.9749494949494949,0.36104493570195595,original,2,10,0.09360607714625378,27,63,0,10,90,0.46153846153846156
V09_overlap_0.75,overlap_0.75,0.025,0.9749494949494949,0.36104493570195595,checked,0,10,0.20330182474397937,27,49,0,24,76,0.5242718446601942
V09_overlap_0.75,overlap_0.75,0.025,0.9749494949494949,0.36104493570195595,checked,1,10,0.20330182474397937,27,49,0,24,76,0.5242718446601942
V09_overlap_0.75,overlap_0.75,0.025,0.9749494949494949,0.36104493570195595,checked,2,10,0.20356378108167958,27,52,0,21,79,0.5094339622641509
V09_overlap_0.75,overlap_0.75,0.05,0.9498989898989899,0.38710220913621546,original,0,10,0.22348516093159473,27,11,0,62,38,0.8307692307692308
V09_overlap_0.75,overlap_0.75,0.05,0.9498989898989899,0.38710220913621546,original,1,10,0.22348516093159473,27,11,0,62,38,0.8307692307692308
V09_overlap_0.75,overlap_0.75,0.05,0.9498989898989899,0.38710220913621546,original,2,10,0.22348516093159473,27,11,0,62,38,0.8307692307692308
V09_overlap_0.75,overlap_0.75,0.05,0.9498989898989899,0.38710220913621546,checked,0,10,0.2250553337704631,27,12,0,61,39,0.8181818181818182
V09_overlap_0.75,overlap_0.75,0.05,0.9498989898989899,0.38710220913621546,checked,1,10,0.2250553337704631,27,12,0,61,39,0.8181818181818182
V09_overlap_0.75,overlap_0.75,0.05,0.9498989898989899,0.38710220913621546,checked,2,10,0.2250553337704631,27,12,0,61,39,0.8181818181818182
V09_overlap_0.75,overlap_0.75,0.075,0.9248484848484848,0.4054239968071484,original,0,10,0.21898169359086742,27,15,0,58,42,0.782608695652174
V09_overlap_0.75,overlap_0.75,0.075,0.9248484848484848,0.4054239968071484,original,1,10,0.21598336037060492,27,25,0,48,52,0.6835443037974683
V09_overlap_0.75,overlap_0.75,0.075,0.9248484848484848,0.4054239968071484,original,2,10,0.21735689350081833,27,15,0,58,42,0.782608695652174
V09_overlap_0.75,overlap_0.75,0.075,0.9248484848484848,0.4054239968071484,checked,0,10,0.21978152732825404,27,16,0,57,43,0.7714285714285715
V09_overlap_0.75,overlap_0.75,0.075,0.9248484848484848,0.4054239968071484,checked,1,10,0.21978152732825404,27,16,0,57,43,0.7714285714285715
V09_overlap_0.75,overlap_0.75,0.075,0.9248484848484848,0.4054239968071484,checked,2,10,0.21978152732825404,27,16,0,57,43,0.7714285714285715
V09_overlap_0.75,overlap_0.75,0.1,0.9,0.4244175181387839,original,0,10,0.1810089966103695,27,24,0,49,51,0.6923076923076923
V09_overlap_0.75,overlap_0.75,0.1,0.9,0.4244175181387839,original,1,10,0.16402118864704934,27,34,0,39,61,0.6136363636363636
V09_overlap_0.75,overlap_0.75,0.1,0.9,0.4244175181387839,original,2,10,0.11911947190368012,24,28,3,45,52,0.6075949367088608
V09_overlap_0.75,overlap_0.75,0.1,0.9,0.4244175181387839,checked,0,10,0.21237043232620798,27,17,0,56,44,0.7605633802816901
V09_overlap_0.75,overlap_0.75,0.1,0.9,0.4244175181387839,checked,1,10,0.21237043232620798,27,17,0,56,44,0.7605633802816901
V09_overlap_0.75,overlap_0.75,0.1,0.9,0.4244175181387839,checked,2,10,0.21237043232620798,27,17,0,56,44,0.7605633802816901
V09_overlap_0.75,overlap_0.75,0.125,0.8749494949494949,0.4408494164363533,original,0,10,0.04762812054633409,27,57,0,16,84,0.4864864864864865
V09_overlap_0.75,overlap_0.75,0.125,0.8749494949494949,0.4408494164363533,original,1,10,0.10056694963794706,27,45,0,28,72,0.5454545454545454
V09_overlap_0.75,overlap_0.75,0.125,0.8749494949494949,0.4408494164363533,original,2,10,0.10971094445724495,26,47,1,26,73,0.52
V09_overlap_0.75,overlap_0.75,0.125,0.8749494949494949,0.4408494164363533,checked,0,10,0.2053251859118221,27,20,0,53,47,0.7297297297297297
V09_overlap_0.75,overlap_0.75,0.125,0.8749494949494949,0.4408494164363533,checked,1,10,0.2053251859118221,27,20,0,53,47,0.7297297297297297
V09_overlap_0.75,overlap_0.75,0.125,0.8749494949494949,0.4408494164363533,checked,2,10,0.2053251859118221,27,20,0,53,47,0.7297297297297297
V09_overlap_0.75,overlap_0.75,0.15,0.8498989898989899,0.45189353723377035,original,0,10,0.1941493476393389,26,17,1,56,43,0.7428571428571429
V09_overlap_0.75,overlap_0.75,0.15,0.8498989898989899,0.45189353723377035,original,1,10,0.19294737455585426,27,15,0,58,42,0.782608695652174
V09_overlap_0.75,overlap_0.75,0.15,0.8498989898989899,0.45189353723377035,original,2,10,0.06459850057623936,27,46,0,27,73,0.54
V09_overlap_0.75,overlap_0.75,0.15,0.8498989898989899,0.45189353723377035,checked,0,10,0.1957533139660245,26,12,1,61,38,0.8
V09_overlap_0.75,overlap_0.75,0.15,0.8498989898989899,0.45189353723377035,checked,1,10,0.1957533139660245,26,12,1,61,38,0.8
V09_overlap_0.75,overlap_0.75,0.15,0.8498989898989899,0.45189353723377035,checked,2,10,0.1957533139660245,26,12,1,61,38,0.8
V09_overlap_0.75,overlap_0.75,0.2,0.8,0.4768988954219272,original,0,10,0.15989524206554132,25,28,2,45,53,0.625
V09_overlap_0.75,overlap_0.75,0.2,0.8,0.4768988954219272,original,1,10,0.09751717513417306,25,37,2,36,62,0.5617977528089888
V09_overlap_0.75,overlap_0.75,0.2,0.8,0.4768988954219272,original,2,10,0.1391461387308965,27,30,0,43,57,0.6428571428571429
V09_overlap_0.75,overlap_0.75,0.2,0.8,0.4768988954219272,checked,0,10,0.18110258537047377,26,22,1,51,48,0.6933333333333334
V09_overlap_0.75,overlap_0.75,0.2,0.8,0.4768988954219272,checked,1,10,0.18110258537047377,26,22,1,51,48,0.6933333333333334
V09_overlap_0.75,overlap_0.75,0.2,0.8,0.4768988954219272,checked,2,10,0.18110258537047377,26,22,1,51,48,0.6933333333333334
V10_baseline,baseline,0.01,0.98989898989899,0.305712381554457,original,0,10,-0.001435913356677318,28,70,0,2,98,0.4444444444444444
V10_baseline,baseline,0.01,0.98989898989899,0.305712381554457,original,1,10,-0.0024875775821447035,28,69,0,3,97,0.448
V10_baseline,baseline,0.01,0.98989898989899,0.305712381554457,original,2,10,-0.001435913356677318,28,70,0,2,98,0.4444444444444444
V10_baseline,baseline,0.01,0.98989898989899,0.305712381554457,checked,0,10,0.22873715385957105,28,68,0,4,96,0.45161290322580644
V10_baseline,baseline,0.01,0.98989898989899,0.305712381554457,checked,1,10,0.22873715385957105,28,68,0,4,96,0.45161290322580644
V10_baseline,baseline,0.01,0.98989898989899,0.305712381554457,checked,2,10,0.22873715385957105,28,68,0,4,96,0.45161290322580644
V10_baseline,baseline,0.025,0.9749494949494949,0.31406751073769906,original,0,10,0.033236636455471216,25,52,3,20,77,0.47619047619047616
V10_baseline,baseline,0.025,0.9749494949494949,0.31406751073769906,original,1,10,0.033236636455471216,25,52,3,20,77,0.47619047619047616
V10_baseline,baseline,0.025,0.9749494949494949,0.31406751073769906,original,2,10,-0.0022785494427772523,28,70,0,2,98,0.4444444444444444
V10_baseline,baseline,0.025,0.9749494949494949,0.31406751073769906,checked,0,10,0.19724268573981352,28,33,0,39,61,0.6292134831460674
V10_baseline,baseline,0.025,0.9749494949494949,0.31406751073769906,checked,1,10,0.19724268573981352,28,33,0,39,61,0.6292134831460674
V10_baseline,baseline,0.025,0.9749494949494949,0.31406751073769906,checked,2,10,0.19724268573981352,28,33,0,39,61,0.6292134831460674
V10_baseline,baseline,0.05,0.9498989898989899,0.3273733219565848,original,0,10,0.10124204890530933,26,38,2,34,64,0.5652173913043478
V10_baseline,baseline,0.05,0.9498989898989899,0.3273733219565848,original,1,10,0.10124204890530933,26,38,2,34,64,0.5652173913043478
V10_baseline,baseline,0.05,0.9498989898989899,0.3273733219565848,original,2,10,0.10124204890530933,26,38,2,34,64,0.5652173913043478
V10_baseline,baseline,0.05,0.9498989898989899,0.3273733219565848,checked,0,10,0.23014881482964714,28,4,0,68,32,0.9333333333333333
V10_baseline,baseline,0.05,0.9498989898989899,0.3273733219565848,checked,1,10,0.23014881482964714,28,4,0,68,32,0.9333333333333333
V10_baseline,baseline,0.05,0.9498989898989899,0.3273733219565848,checked,2,10,0.23014881482964714,28,4,0,68,32,0.9333333333333333
V10_baseline,baseline,0.075,0.9248484848484848,0.3424025470497918,original,0,10,0.28150401811833703,28,8,0,64,36,0.875
V10_baseline,baseline,0.075,0.9248484848484848,0.3424025470497918,original,1,10,0.28150401811833703,28,8,0,64,36,0.875
V10_baseline,baseline,0.075,0.9248484848484848,0.3424025470497918,original,2,10,0.28150401811833703,28,8,0,64,36,0.875
V10_baseline,baseline,0.075,0.9248484848484848,0.3424025470497918,checked,0,10,0.28206027826738816,28,7,0,65,35,0.8888888888888888
V10_baseline,baseline,0.075,0.9248484848484848,0.3424025470497918,checked,1,10,0.28206027826738816,28,7,0,65,35,0.8888888888888888
V10_baseline,baseline,0.075,0.9248484848484848,0.3424025470497918,checked,2,10,0.28206027826738816,28,7,0,65,35,0.8888888888888888
V10_baseline,baseline,0.1,0.9,0.3575200476736924,original,0,10,0.3252551801367827,28,1,0,71,29,0.9824561403508771
V10_baseline,baseline,0.1,0.9,0.3575200476736924,original,1,10,0.3252551801367827,28,1,0,71,29,0.9824561403508771
V10_baseline,baseline,0.1,0.9,0.3575200476736924,original,2,10,0.3252551801367827,28,1,0,71,29,0.9824561403508771
V10_baseline,baseline,0.1,0.9,0.3575200476736924,checked,0,10,0.32534814206280827,28,2,0,70,30,0.9655172413793104
V10_baseline,baseline,0.1,0.9,0.3575200476736924,checked,1,10,0.32534814206280827,28,2,0,70,30,0.9655172413793104
V10_baseline,baseline,0.1,0.9,0.3575200476736924,checked,2,10,0.32534814206280827,28,2,0,70,30,0.9655172413793104
V10_baseline,baseline,0.125,0.8749494949494949,0.3704957417760367,original,0,10,0.36919831312421625,28,1,0,71,29,0.9824561403508771
V10_baseline,baseline,0.125,0.8749494949494949,0.3704957417760367,original,1,10,0.36919831312421625,28,1,0,71,29,0.9824561403508771
V10_baseline,baseline,0.125,0.8749494949494949,0.3704957417760367,original,2,10,0.36919831312421625,28,1,0,71,29,0.9824561403508771
V10_baseline,baseline,0.125,0.8749494949494949,0.3704957417760367,checked,0,10,0.3702245424300147,28,2,0,70,30,0.9655172413793104
V10_baseline,baseline,0.125,0.8749494949494949,0.3704957417760367,checked,1,10,0.3702245424300147,28,2,0,70,30,0.9655172413793104
V10_baseline,baseline,0.125,0.8749494949494949,0.3704957417760367,checked,2,10,0.3702245424300147,28,2,0,70,30,0.9655172413793104
V10_baseline,baseline,0.15,0.8498989898989899,0.3839995136706891,original,0,10,0.40611226360401437,28,1,0,71,29,0.9824561403508771
V10_baseline,baseline,0.15,0.8498989898989899,0.3839995136706891,original,1,10,0.40611226360401437,28,1,0,71,29,0.9824561403508771
V10_baseline,baseline,0.15,0.8498989898989899,0.3839995136706891,original,2,10,0.40611226360401437,28,1,0,71,29,0.9824561403508771
V10_baseline,baseline,0.15,0.8498989898989899,0.3839995136706891,checked,0,10,0.40671463411942693,28,0,0,72,28,1.0
V10_baseline,baseline,0.15,0.8498989898989899,0.3839995136706891,checked,1,10,0.40671463411942693,28,0,0,72,28,1.0
V10_baseline,baseline,0.15,0.8498989898989899,0.3839995136706891,checked,2,10,0.40671463411942693,28,0,0,72,28,1.0
V10_baseline,baseline,0.2,0.8,0.41343418007226224,original,0,10,0.47980189616450863,28,1,0,71,29,0.9824561403508771
V10_baseline,baseline,0.2,0.8,0.41343418007226224,original,1,10,0.47980189616450863,28,1,0,71,29,0.9824561403508771
V10_baseline,baseline,0.2,0.8,0.41343418007226224,original,2,10,0.47980189616450863,28,1,0,71,29,0.9824561403508771
V10_baseline,baseline,0.2,0.8,0.41343418007226224,checked,0,10,0.4838955771418715,28,0,0,72,28,1.0
V10_baseline,baseline,0.2,0.8,0.41343418007226224,checked,1,10,0.4838955771418715,28,0,0,72,28,1.0
V10_baseline,baseline,0.2,0.8,0.41343418007226224,checked,2,10,0.4838955771418715,28,0,0,72,28,1.0
V10_noise_0.1,noise_0.1,0.01,0.98989898989899,0.1771883535402135,original,0,10,0.05454501361266937,28,68,0,4,96,0.45161290322580644
V10_noise_0.1,noise_0.1,0.01,0.98989898989899,0.1771883535402135,original,1,10,0.05454501361266937,28,68,0,4,96,0.45161290322580644
V10_noise_0.1,noise_0.1,0.01,0.98989898989899,0.1771883535402135,original,2,10,-0.001435913356677318,28,70,0,2,98,0.4444444444444444
V10_noise_0.1,noise_0.1,0.01,0.98989898989899,0.1771883535402135,checked,0,10,0.22057646847592385,28,61,0,11,89,0.47863247863247865
V10_noise_0.1,noise_0.1,0.01,0.98989898989899,0.1771883535402135,checked,1,10,0.22057646847592385,28,61,0,11,89,0.47863247863247865
V10_noise_0.1,noise_0.1,0.01,0.98989898989899,0.1771883535402135,checked,2,10,0.22057646847592385,28,61,0,11,89,0.47863247863247865
V10_noise_0.1,noise_0.1,0.025,0.9749494949494949,0.22893585412316,original,0,10,0.1848585461578666,28,56,0,16,84,0.5
V10_noise_0.1,noise_0.1,0.025,0.9749494949494949,0.22893585412316,original,1,10,0.1749337067363062,28,39,0,33,67,0.5894736842105263
V10_noise_0.1,noise_0.1,0.025,0.9749494949494949,0.22893585412316,original,2,10,0.16480149591131224,28,57,0,15,85,0.49557522123893805
V10_noise_0.1,noise_0.1,0.025,0.9749494949494949,0.22893585412316,checked,0,10,0.22020323941736455,28,48,0,24,76,0.5384615384615384
V10_noise_0.1,noise_0.1,0.025,0.9749494949494949,0.22893585412316,checked,1,10,0.22020323941736455,28,48,0,24,76,0.5384615384615384
V10_noise_0.1,noise_0.1,0.025,0.9749494949494949,0.22893585412316,checked,2,10,0.22020323941736455,28,48,0,24,76,0.5384615384615384
V10_noise_0.1,noise_0.1,0.05,0.9498989898989899,0.26929963398851214,original,0,10,0.060647315215887794,28,54,0,18,82,0.509090909090909
V10_noise_0.1,noise_0.1,0.05,0.9498989898989899,0.26929963398851214,original,1,10,0.11110867559948276,27,47,1,25,74,0.5294117647058824
V10_noise_0.1,noise_0.1,0.05,0.9498989898989899,0.26929963398851214,original,2,10,0.04522902804035145,28,68,0,4,96,0.45161290322580644
V10_noise_0.1,noise_0.1,0.05,0.9498989898989899,0.26929963398851214,checked,0,10,0.23873244635502272,28,10,0,62,38,0.8484848484848485
V10_noise_0.1,noise_0.1,0.05,0.9498989898989899,0.26929963398851214,checked,1,10,0.23873244635502272,28,10,0,62,38,0.8484848484848485
V10_noise_0.1,noise_0.1,0.05,0.9498989898989899,0.26929963398851214,checked,2,10,0.23873244635502272,28,10,0,62,38,0.8484848484848485
V10_noise_0.1,noise_0.1,0.075,0.9248484848484848,0.30237724972043095,original,0,10,0.2747132898302976,28,1,0,71,29,0.9824561403508771
V10_noise_0.1,noise_0.1,0.075,0.9248484848484848,0.30237724972043095,original,1,10,0.2747132898302976,28,1,0,71,29,0.9824561403508771
V10_noise_0.1,noise_0.1,0.075,0.9248484848484848,0.30237724972043095,original,2,10,0.2747132898302976,28,1,0,71,29,0.9824561403508771
V10_noise_0.1,noise_0.1,0.075,0.9248484848484848,0.30237724972043095,checked,0,10,0.2751913209937016,28,2,0,70,30,0.9655172413793104
V10_noise_0.1,noise_0.1,0.075,0.9248484848484848,0.30237724972043095,checked,1,10,0.2751913209937016,28,2,0,70,30,0.9655172413793104
V10_noise_0.1,noise_0.1,0.075,0.9248484848484848,0.30237724972043095,checked,2,10,0.2751913209937016,28,2,0,70,30,0.9655172413793104
V10_noise_0.1,noise_0.1,0.1,0.9,0.3306084454417215,original,0,10,0.31855448186114854,28,0,0,72,28,1.0
V10_noise_0.1,noise_0.1,0.1,0.9,0.3306084454417215,original,1,10,0.31855448186114854,28,0,0,72,28,1.0
V10_noise_0.1,noise_0.1,0.1,0.9,0.3306084454417215,original,2,10,0.31855448186114854,28,0,0,72,28,1.0
V10_noise_0.1,noise_0.1,0.1,0.9,0.3306084454417215,checked,0,10,0.31855448186114854,28,0,0,72,28,1.0
V10_noise_0.1,noise_0.1,0.1,0.9,0.3306084454417215,checked,1,10,0.31855448186114854,28,0,0,72,28,1.0
V10_noise_0.1,noise_0.1,0.1,0.9,0.3306084454417215,checked,2,10,0.31855448186114854,28,0,0,72,28,1.0
V10_noise_0.1,noise_0.1,0.125,0.8749494949494949,0.35309435179823206,original,0,10,0.35942629843321644,28,1,0,71,29,0.9824561403508771
V10_noise_0.1,noise_0.1,0.125,0.8749494949494949,0.35309435179823206,original,1,10,0.35942629843321644,28,1,0,71,29,0.9824561403508771
V10_noise_0.1,noise_0.1,0.125,0.8749494949494949,0.35309435179823206,original,2,10,0.35942629843321644,28,1,0,71,29,0.9824561403508771
V10_noise_0.1,noise_0.1,0.125,0.8749494949494949,0.35309435179823206,checked,0,10,0.35976438984282477,28,0,0,72,28,1.0
V10_noise_0.1,noise_0.1,0.125,0.8749494949494949,0.35309435179823206,checked,1,10,0.35976438984282477,28,0,0,72,28,1.0
V10_noise_0.1,noise_0.1,0.125,0.8749494949494949,0.35309435179823206,checked,2,10,0.35976438984282477,28,0,0,72,28,1.0
V10_noise_0.1,noise_0.1,0.15,0.8498989898989899,0.3748109928863861,original,0,10,0.4000127649988907,28,2,0,70,30,0.9655172413793104
V10_noise_0.1,noise_0.1,0.15,0.8498989898989899,0.3748109928863861,original,1,10,0.4000127649988907,28,2,0,70,30,0.9655172413793104
V10_noise_0.1,noise_0.1,0.15,0.8498989898989899,0.3748109928863861,original,2,10,0.4000127649988907,28,2,0,70,30,0.9655172413793104
V10_noise_0.1,noise_0.1,0.15,0.8498989898989899,0.3748109928863861,checked,0,10,0.40158732314422896,28,1,0,71,29,0.9824561403508771
V10_noise_0.1,noise_0.1,0.15,0.8498989898989899,0.3748109928863861,checked,1,10,0.40158732314422896,28,1,0,71,29,0.9824561403508771
V10_noise_0.1,noise_0.1,0.15,0.8498989898989899,0.3748109928863861,checked,2,10,0.40158732314422896,28,1,0,71,29,0.9824561403508771
V10_noise_0.1,noise_0.1,0.2,0.8,0.4089096532092832,original,0,10,0.47071091286876005,28,1,0,71,29,0.9824561403508771
V10_noise_0.1,noise_0.1,0.2,0.8,0.4089096532092832,original,1,10,0.47071091286876005,28,1,0,71,29,0.9824561403508771
V10_noise_0.1,noise_0.1,0.2,0.8,0.4089096532092832,original,2,10,0.47071091286876005,28,1,0,71,29,0.9824561403508771
V10_noise_0.1,noise_0.1,0.2,0.8,0.4089096532092832,checked,0,10,0.4727785108332654,28,0,0,72,28,1.0
V10_noise_0.1,noise_0.1,0.2,0.8,0.4089096532092832,checked,1,10,0.4727785108332654,28,0,0,72,28,1.0
V10_noise_0.1,noise_0.1,0.2,0.8,0.4089096532092832,checked,2,10,0.4727785108332654,28,0,0,72,28,1.0
V10_noise_0.2,noise_0.2,0.01,1.0,0.0,original,0,10,0.0,14,38,14,34,52,0.35
V10_noise_0.2,noise_0.2,0.01,1.0,0.0,original,1,10,0.0,15,35,13,37,50,0.38461538461538464
V10_noise_0.2,noise_0.2,0.01,1.0,0.0,original,2,10,0.0,17,38,11,34,55,0.40963855421686746
V10_noise_0.2,noise_0.2,0.01,1.0,0.0,checked,0,10,0.0,14,37,14,35,51,0.35443037974683544
V10_noise_0.2,noise_0.2,0.01,1.0,0.0,checked,1,10,0.0,15,36,13,36,51,0.379746835443038
V10_noise_0.2,noise_0.2,0.01,1.0,0.0,checked,2,10,0.0,17,39,11,33,56,0.40476190476190477
V10_noise_0.2,noise_0.2,0.025,0.9749494949494949,0.08366814849205555,original,0,10,0.19326352276741415,28,56,0,16,84,0.5
V10_noise_0.2,noise_0.2,0.025,0.9749494949494949,0.08366814849205555,original,1,10,0.18423413895248117,28,60,0,12,88,0.4827586206896552
V10_noise_0.2,noise_0.2,0.025,0.9749494949494949,0.08366814849205555,original,2,10,0.1848585461578666,28,56,0,16,84,0.5
V10_noise_0.2,noise_0.2,0.025,0.9749494949494949,0.08366814849205555,checked,0,10,0.22980539574529799,28,62,0,10,90,0.4745762711864407
V10_noise_0.2,noise_0.2,0.025,0.9749494949494949,0.08366814849205555,checked,1,10,0.22980539574529799,28,62,0,10,90,0.4745762711864407
V10_noise_0.2,noise_0.2,0.025,0.9749494949494949,0.08366814849205555,checked,2,10,0.22980539574529799,28,62,0,10,90,0.4745762711864407
V10_noise_0.2,noise_0.2,0.05,0.9498989898989899,0.1625932846354145,original,0,10,0.2298873305882971,28,28,0,44,56,0.6666666666666666
V10_noise_0.2,noise_0.2,0.05,0.9498989898989899,0.1625932846354145,original,1,10,0.08146030169710632,28,64,0,8,92,0.4666666666666667
V10_noise_0.2,noise_0.2,0.05,0.9498989898989899,0.1625932846354145,original,2,10,0.17584183979942264,28,52,0,20,80,0.5185185185185185
V10_noise_0.2,noise_0.2,0.05,0.9498989898989899,0.1625932846354145,checked,0,10,0.23120329855979146,28,20,0,52,48,0.7368421052631579
V10_noise_0.2,noise_0.2,0.05,0.9498989898989899,0.1625932846354145,checked,1,10,0.23120329855979146,28,20,0,52,48,0.7368421052631579
V10_noise_0.2,noise_0.2,0.05,0.9498989898989899,0.1625932846354145,checked,2,10,0.23120329855979146,28,20,0,52,48,0.7368421052631579
V10_noise_0.2,noise_0.2,0.075,0.9248484848484848,0.20633259129918985,original,0,10,0.25799141414570853,28,4,0,68,32,0.9333333333333333
V10_noise_0.2,noise_0.2,0.075,0.9248484848484848,0.20633259129918985,original,1,10,0.10930113401099475,28,58,0,14,86,0.49122807017543857
V10_noise_0.2,noise_0.2,0.075,0.9248484848484848,0.20633259129918985,original,2,10,0.25799141414570853,28,4,0,68,32,0.9333333333333333
V10_noise_0.2,noise_0.2,0.075,0.9248484848484848,0.20633259129918985,checked,0,10,0.25870267433743516,28,5,0,67,33,0.9180327868852459
V10_noise_0.2,noise_0.2,0.075,0.9248484848484848,0.20633259129918985,checked,1,10,0.25870267433743516,28,5,0,67,33,0.9180327868852459
V10_noise_0.2,noise_0.2,0.075,0.9248484848484848,0.20633259129918985,checked,2,10,0.25870267433743516,28,5,0,67,33,0.9180327868852459
V10_noise_0.2,noise_0.2,0.1,0.9,0.24616149268300724,original,0,10,0.283585026518514,28,2,0,70,30,0.9655172413793104
V10_noise_0.2,noise_0.2,0.1,0.9,0.24616149268300724,original,1,10,0.283585026518514,28,2,0,70,30,0.9655172413793104
V10_noise_0.2,noise_0.2,0.1,0.9,0.24616149268300724,original,2,10,0.283585026518514,28,2,0,70,30,0.9655172413793104
V10_noise_0.2,noise_0.2,0.1,0.9,0.24616149268300724,checked,0,10,0.2848508099334556,28,1,0,71,29,0.9824561403508771
V10_noise_0.2,noise_0.2,0.1,0.9,0.24616149268300724,checked,1,10,0.2848508099334556,28,1,0,71,29,0.9824561403508771
V10_noise_0.2,noise_0.2,0.1,0.9,0.24616149268300724,checked,2,10,0.2848508099334556,28,1,0,71,29,0.9824561403508771
V10_noise_0.2,noise_0.2,0.125,0.8749494949494949,0.2835046583774142,original,0,10,0.31943355381871624,28,0,0,72,28,1.0
V10_noise_0.2,noise_0.2,0.125,0.8749494949494949,0.2835046583774142,original,1,10,0.31943355381871624,28,0,0,72,28,1.0
V10_noise_0.2,noise_0.2,0.125,0.8749494949494949,0.2835046583774142,original,2,10,0.31943355381871624,28,0,0,72,28,1.0
V10_noise_0.2,noise_0.2,0.125,0.8749494949494949,0.2835046583774142,checked,0,10,0.31943355381871624,28,0,0,72,28,1.0
V10_noise_0.2,noise_0.2,0.125,0.8749494949494949,0.2835046583774142,checked,1,10,0.31943355381871624,28,0,0,72,28,1.0
V10_noise_0.2,noise_0.2,0.125,0.8749494949494949,0.2835046583774142,checked,2,10,0.31943355381871624,28,0,0,72,28,1.0
V10_noise_0.2,noise_0.2,0.15,0.8498989898989899,0.3082719880652492,original,0,10,0.3427630971670177,28,1,0,71,29,0.9824561403508771
V10_noise_0.2,noise_0.2,0.15,0.8498989898989899,0.3082719880652492,original,1,10,0.3427630971670177,28,1,0,71,29,0.9824561403508771
V10_noise_0.2,noise_0.2,0.15,0.8498989898989899,0.3082719880652492,original,2,10,0.3427630971670177,28,1,0,71,29,0.9824561403508771
V10_noise_0.2,noise_0.2,0.15,0.8498989898989899,0.3082719880652492,checked,0,10,0.343332031933216,28,0,0,72,28,1.0
V10_noise_0.2,noise_0.2,0.15,0.8498989898989899,0.3082719880652492,checked,1,10,0.343332031933216,28,0,0,72,28,1.0
V10_noise_0.2,noise_0.2,0.15,0.8498989898989899,0.3082719880652492,checked,2,10,0.343332031933216,28,0,0,72,28,1.0
V10_noise_0.2,noise_0.2,0.2,0.8,0.36251173639109724,original,0,10,0.3849616215090992,28,2,0,70,30,0.9655172413793104
V10_noise_0.2,noise_0.2,0.2,0.8,0.36251173639109724,original,1,10,0.3849616215090992,28,2,0,70,30,0.9655172413793104
V10_noise_0.2,noise_0.2,0.2,0.8,0.36251173639109724,original,2,10,0.3849616215090992,28,2,0,70,30,0.9655172413793104
V10_noise_0.2,noise_0.2,0.2,0.8,0.36251173639109724,checked,0,10,0.3858617354417732,28,1,0,71,29,0.9824561403508771
V10_noise_0.2,noise_0.2,0.2,0.8,0.36251173639109724,checked,1,10,0.3858617354417732,28,1,0,71,29,0.9824561403508771
V10_noise_0.2,noise_0.2,0.2,0.8,0.36251173639109724,checked,2,10,0.3858617354417732,28,1,0,71,29,0.9824561403508771
V10_overlap_0.75,overlap_0.75,0.01,0.98989898989899,0.342933496999906,original,0,10,-0.0035190331362978428,28,68,0,4,96,0.45161290322580644
V10_overlap_0.75,overlap_0.75,0.01,0.98989898989899,0.342933496999906,original,1,10,-0.0035190331362978428,28,68,0,4,96,0.45161290322580644
V10_overlap_0.75,overlap_0.75,0.01,0.98989898989899,0.342933496999906,original,2,10,-0.0024875775821447035,28,69,0,3,97,0.448
V10_overlap_0.75,overlap_0.75,0.01,0.98989898989899,0.342933496999906,checked,0,10,0.21099257809572286,28,65,0,7,93,0.4628099173553719
V10_overlap_0.75,overlap_0.75,0.01,0.98989898989899,0.342933496999906,checked,1,10,0.2073871062512591,28,56,0,16,84,0.5
V10_overlap_0.75,overlap_0.75,0.01,0.98989898989899,0.342933496999906,checked,2,10,0.2073871062512591,28,56,0,16,84,0.5
V10_overlap_0.75,overlap_0.75,0.025,0.9749494949494949,0.3629648850879001,original,0,10,-0.0022785494427772523,28,70,0,2,98,0.4444444444444444
V10_overlap_0.75,overlap_0.75,0.025,0.9749494949494949,0.3629648850879001,original,1,10,-0.0022785494427772523,28,70,0,2,98,0.4444444444444444
V10_overlap_0.75,overlap_0.75,0.025,0.9749494949494949,0.3629648850879001,original,2,10,0.07313851375585774,28,59,0,13,87,0.48695652173913045
V10_overlap_0.75,overlap_0.75,0.025,0.9749494949494949,0.3629648850879001,checked,0,10,0.21038507238597975,28,54,0,18,82,0.509090909090909
V10_overlap_0.75,overlap_0.75,0.025,0.9749494949494949,0.3629648850879001,checked,1,10,0.21038507238597975,28,54,0,18,82,0.509090909090909
V10_overlap_0.75,overlap_0.75,0.025,0.9749494949494949,0.3629648850879001,checked,2,10,0.21038507238597975,28,54,0,18,82,0.509090909090909
V10_overlap_0.75,overlap_0.75,0.05,0.9498989898989899,0.3880728945296104,original,0,10,0.2172856761277653,28,64,0,8,92,0.4666666666666667
V10_overlap_0.75,overlap_0.75,0.05,0.9498989898989899,0.3880728945296104,original,1,10,0.22251425007997863,28,40,0,32,68,0.5833333333333334
V10_overlap_0.75,overlap_0.75,0.05,0.9498989898989899,0.3880728945296104,original,2,10,0.2172856761277653,28,64,0,8,92,0.4666666666666667
V10_overlap_0.75,overlap_0.75,0.05,0.9498989898989899,0.3880728945296104,checked,0,10,0.23032886020979285,28,26,0,46,54,0.6829268292682927
V10_overlap_0.75,overlap_0.75,0.05,0.9498989898989899,0.3880728945296104,checked,1,10,0.23032886020979285,28,26,0,46,54,0.6829268292682927
V10_overlap_0.75,overlap_0.75,0.05,0.9498989898989899,0.3880728945296104,checked,2,10,0.23032886020979285,28,26,0,46,54,0.6829268292682927
V10_overlap_0.75,overlap_0.75,0.075,0.9248484848484848,0.40598228879390136,original,0,10,0.2333965381390216,28,12,0,60,40,0.8235294117647058
V10_overlap_0.75,overlap_0.75,0.075,0.9248484848484848,0.40598228879390136,original,1,10,0.2333965381390216,28,12,0,60,40,0.8235294117647058
V10_overlap_0.75,overlap_0.75,0.075,0.9248484848484848,0.40598228879390136,original,2,10,0.23142862690989724,28,17,0,55,45,0.7671232876712328
V10_overlap_0.75,overlap_0.75,0.075,0.9248484848484848,0.40598228879390136,checked,0,10,0.2341017740571513,28,11,0,61,39,0.835820895522388
V10_overlap_0.75,overlap_0.75,0.075,0.9248484848484848,0.40598228879390136,checked,1,10,0.2341017740571513,28,11,0,61,39,0.835820895522388
V10_overlap_0.75,overlap_0.75,0.075,0.9248484848484848,0.40598228879390136,checked,2,10,0.2341017740571513,28,11,0,61,39,0.835820895522388
V10_overlap_0.75,overlap_0.75,0.1,0.9,0.42302655791381505,original,0,10,0.23017448317844594,28,19,0,53,47,0.7466666666666667
V10_overlap_0.75,overlap_0.75,0.1,0.9,0.42302655791381505,original,1,10,0.23017448317844594,28,19,0,53,47,0.7466666666666667
V10_overlap_0.75,overlap_0.75,0.1,0.9,0.42302655791381505,original,2,10,0.23017448317844594,28,19,0,53,47,0.7466666666666667
V10_overlap_0.75,overlap_0.75,0.1,0.9,0.42302655791381505,checked,0,10,0.2302177281703593,28,20,0,52,48,0.7368421052631579
V10_overlap_0.75,overlap_0.75,0.1,0.9,0.42302655791381505,checked,1,10,0.2302177281703593,28,20,0,52,48,0.7368421052631579
V10_overlap_0.75,overlap_0.75,0.1,0.9,0.42302655791381505,checked,2,10,0.2302177281703593,28,20,0,52,48,0.7368421052631579
V10_overlap_0.75,overlap_0.75,0.125,0.8749494949494949,0.4381320152218716,original,0,10,0.07961693596266052,28,62,0,10,90,0.4745762711864407
V10_overlap_0.75,overlap_0.75,0.125,0.8749494949494949,0.4381320152218716,original,1,10,0.08845866594463007,28,57,0,15,85,0.49557522123893805
V10_overlap_0.75,overlap_0.75,0.125,0.8749494949494949,0.4381320152218716,original,2,10,0.07843691565248997,28,55,0,17,83,0.5045045045045045
V10_overlap_0.75,overlap_0.75,0.125,0.8749494949494949,0.4381320152218716,checked,0,10,0.2072755019354132,28,12,0,60,40,0.8235294117647058
V10_overlap_0.75,overlap_0.75,0.125,0.8749494949494949,0.4381320152218716,checked,1,10,0.2072755019354132,28,12,0,60,40,0.8235294117647058
V10_overlap_0.75,overlap_0.75,0.125,0.8749494949494949,0.4381320152218716,checked,2,10,0.2072755019354132,28,12,0,60,40,0.8235294117647058
V10_overlap_0.75,overlap_0.75,0.15,0.8498989898989899,0.4520314524247029,original,0,10,0.12793442213885917,28,47,0,25,75,0.5436893203883495
V10_overlap_0.75,overlap_0.75,0.15,0.8498989898989899,0.4520314524247029,original,1,10,0.11982275151748027,27,45,1,27,72,0.54
V10_overlap_0.75,overlap_0.75,0.15,0.8498989898989899,0.4520314524247029,original,2,10,0.11820682439755446,27,50,1,22,77,0.5142857142857142
V10_overlap_0.75,overlap_0.75,0.15,0.8498989898989899,0.4520314524247029,checked,0,10,0.1908253384741056,28,32,0,40,60,0.6363636363636364
V10_overlap_0.75,overlap_0.75,0.15,0.8498989898989899,0.4520314524247029,checked,1,10,0.1908253384741056,28,32,0,40,60,0.6363636363636364
V10_overlap_0.75,overlap_0.75,0.15,0.8498989898989899,0.4520314524247029,checked,2,10,0.1906424492716257,28,30,0,42,58,0.6511627906976745
V10_overlap_0.75,overlap_0.75,0.2,0.8,0.4819294276201386,original,0,10,0.13661444928080152,24,30,4,42,54,0.5853658536585366
V10_overlap_0.75,overlap_0.75,0.2,0.8,0.4819294276201386,original,1,10,0.0840962823387909,23,44,5,28,67,0.4842105263157895
V10_overlap_0.75,overlap_0.75,0.2,0.8,0.4819294276201386,original,2,10,0.14644839449122207,24,29,4,43,53,0.5925925925925926
V10_overlap_0.75,overlap_0.75,0.2,0.8,0.4819294276201386,checked,0,10,0.1837420164592705,27,23,1,49,50,0.6923076923076923
V10_overlap_0.75,overlap_0.75,0.2,0.8,0.4819294276201386,checked,1,10,0.1837420164592705,27,23,1,49,50,0.6923076923076923
V10_overlap_0.75,overlap_0.75,0.2,0.8,0.4819294276201386,checked,2,10,0.1837420164592705,26,24,2,48,50,0.6666666666666666
V11_baseline,baseline,0.01,0.98989898989899,0.30635138853309996,original,0,10,-0.001435913356677318,27,71,1,1,98,0.42857142857142855
V11_baseline,baseline,0.01,0.98989898989899,0.30635138853309996,original,1,10,-0.00010439265472707574,1,1,27,71,2,0.06666666666666667
V11_baseline,baseline,0.01,0.98989898989899,0.30635138853309996,original,2,10,-0.001435913356677318,28,70,0,2,98,0.4444444444444444
V11_baseline,baseline,0.01,0.98989898989899,0.30635138853309996,checked,0,10,0.18202912447042227,28,61,0,11,89,0.47863247863247865
V11_baseline,baseline,0.01,0.98989898989899,0.30635138853309996,checked,1,10,0.18202912447042227,28,61,0,11,89,0.47863247863247865
V11_baseline,baseline,0.01,0.98989898989899,0.30635138853309996,checked,2,10,0.18202912447042227,28,61,0,11,89,0.47863247863247865
V11_baseline,baseline,0.025,0.9749494949494949,0.3158942125159236,original,0,10,0.0886796742832764,28,70,0,2,98,0.4444444444444444
V11_baseline,baseline,0.025,0.9749494949494949,0.3158942125159236,original,1,10,0.0886796742832764,28,70,0,2,98,0.4444444444444444
V11_baseline,baseline,0.025,0.9749494949494949,0.3158942125159236,original,2,10,-0.0022785494427772523,28,70,0,2,98,0.4444444444444444
V11_baseline,baseline,0.025,0.9749494949494949,0.3158942125159236,checked,0,10,0.19766801985285098,28,48,0,24,76,0.5384615384615384
V11_baseline,baseline,0.025,0.9749494949494949,0.3158942125159236,checked,1,10,0.20291594058812995,28,54,0,18,82,0.509090909090909
V11_baseline,baseline,0.025,0.9749494949494949,0.3158942125159236,checked,2,10,0.19766801985285098,28,48,0,24,76,0.5384615384615384
V11_baseline,baseline,0.05,0.9498989898989899,0.3307567526485942,original,0,10,-0.0032645686152459816,28,70,0,2,98,0.4444444444444444
V11_baseline,baseline,0.05,0.9498989898989899,0.3307567526485942,original,1,10,0.1948965007626673,24,14,4,58,38,0.7272727272727273
V11_baseline,baseline,0.05,0.9498989898989899,0.3307567526485942,original,2,10,0.06189516785886728,28,70,0,2,98,0.4444444444444444
V11_baseline,baseline,0.05,0.9498989898989899,0.3307567526485942,checked,0,10,0.24232077627958837,28,11,0,61,39,0.835820895522388
V11_baseline,baseline,0.05,0.9498989898989899,0.3307567526485942,checked,1,10,0.24232077627958837,28,11,0,61,39,0.835820895522388
V11_baseline,baseline,0.05,0.9498989898989899,0.3307567526485942,checked,2,10,0.24232077627958837,28,11,0,61,39,0.835820895522388
V11_baseline,baseline,0.075,0.9248484848484848,0.3463303555728995,original,0,10,0.2805078082589113,28,7,0,65,35,0.8888888888888888
V11_baseline,baseline,0.075,0.9248484848484848,0.3463303555728995,original,1,10,0.2805078082589113,28,7,0,65,35,0.8888888888888888
V11_baseline,baseline,0.075,0.9248484848484848,0.3463303555728995,original,2,10,0.280281782063389,28,5,0,67,33,0.9180327868852459
V11_baseline,baseline,0.075,0.9248484848484848,0.3463303555728995,checked,0,10,0.28113157951426015,28,6,0,66,34,0.9032258064516129
V11_baseline,baseline,0.075,0.9248484848484848,0.3463303555728995,checked,1,10,0.28113157951426015,28,6,0,66,34,0.9032258064516129
V11_baseline,baseline,0.075,0.9248484848484848,0.3463303555728995,checked,2,10,0.28113157951426015,28,6,0,66,34,0.9032258064516129
V11_baseline,baseline,0.1,0.9,0.3594910577294979,original,0,10,0.32534814206280827,28,2,0,70,30,0.9655172413793104
V11_baseline,baseline,0.1,0.9,0.3594910577294979,original,1,10,0.32534814206280827,28,2,0,70,30,0.9655172413793104
V11_baseline,baseline,0.1,0.9,0.3594910577294979,original,2,10,0.32534814206280827,28,2,0,70,30,0.9655172413793104
V11_baseline,baseline,0.1,0.9,0.3594910577294979,checked,0,10,0.32556035786933224,28,3,0,69,31,0.9491525423728814
V11_baseline,baseline,0.1,0.9,0.3594910577294979,checked,1,10,0.32556035786933224,28,3,0,69,31,0.9491525423728814
V11_baseline,baseline,0.1,0.9,0.3594910577294979,checked,2,10,0.32556035786933224,28,3,0,69,31,0.9491525423728814
V11_baseline,baseline,0.125,0.8749494949494949,0.37341302501187695,original,0,10,0.3655338076150913,28,1,0,71,29,0.9824561403508771
V11_baseline,baseline,0.125,0.8749494949494949,0.37341302501187695,original,1,10,0.3655338076150913,28,1,0,71,29,0.9824561403508771
V11_baseline,baseline,0.125,0.8749494949494949,0.37341302501187695,original,2,10,0.3655338076150913,28,1,0,71,29,0.9824561403508771
V11_baseline,baseline,0.125,0.8749494949494949,0.37341302501187695,checked,0,10,0.3665589895601992,28,2,0,70,30,0.9655172413793104
V11_baseline,baseline,0.125,0.8749494949494949,0.37341302501187695,checked,1,10,0.3665589895601992,28,2,0,70,30,0.9655172413793104
V11_baseline,baseline,0.125,0.8749494949494949,0.37341302501187695,checked,2,10,0.3665589895601992,28,2,0,70,30,0.9655172413793104
V11_baseline,baseline,0.15,0.8498989898989899,0.38912550813981206,original,0,10,0.4079336740497615,28,2,0,70,30,0.9655172413793104
V11_baseline,baseline,0.15,0.8498989898989899,0.38912550813981206,original,1,10,0.4079336740497615,28,2,0,70,30,0.9655172413793104
V11_baseline,baseline,0.15,0.8498989898989899,0.38912550813981206,original,2,10,0.4079336740497615,28,2,0,70,30,0.9655172413793104
V11_baseline,baseline,0.15,0.8498989898989899,0.38912550813981206,checked,0,10,0.40837473383390716,28,1,0,71,29,0.9824561403508771
V11_baseline,baseline,0.15,0.8498989898989899,0.38912550813981206,checked,1,10,0.40837473383390716,28,1,0,71,29,0.9824561403508771
V11_baseline,baseline,0.15,0.8498989898989899,0.38912550813981206,checked,2,10,0.40837473383390716,28,1,0,71,29,0.9824561403508771
V11_baseline,baseline,0.2,0.8,0.41752403776224933,original,0,10,0.4787917869094255,28,1,0,71,29,0.9824561403508771
V11_baseline,baseline,0.2,0.8,0.41752403776224933,original,1,10,0.4787917869094255,28,1,0,71,29,0.9824561403508771
V11_baseline,baseline,0.2,0.8,0.41752403776224933,original,2,10,0.4787917869094255,28,1,0,71,29,0.9824561403508771
V11_baseline,baseline,0.2,0.8,0.41752403776224933,checked,0,10,0.4838955771418715,28,0,0,72,28,1.0
V11_baseline,baseline,0.2,0.8,0.41752403776224933,checked,1,10,0.4838955771418715,28,0,0,72,28,1.0
V11_baseline,baseline,0.2,0.8,0.41752403776224933,checked,2,10,0.4838955771418715,28,0,0,72,28,1.0
V11_noise_0.1,noise_0.1,0.01,0.98989898989899,0.18562178058802592,original,0,10,0.04044953136057983,28,67,0,5,95,0.45528455284552843
V11_noise_0.1,noise_0.1,0.01,0.98989898989899,0.18562178058802592,original,1,10,-0.001435913356677318,28,70,0,2,98,0.4444444444444444
V11_noise_0.1,noise_0.1,0.01,0.98989898989899,0.18562178058802592,original,2,10,-0.001435913356677318,27,71,1,1,98,0.42857142857142855
V11_noise_0.1,noise_0.1,0.01,0.98989898989899,0.18562178058802592,checked,0,10,0.21116554876962057,28,52,0,20,80,0.5185185185185185
V11_noise_0.1,noise_0.1,0.01,0.98989898989899,0.18562178058802592,checked,1,10,0.21099257809572286,28,65,0,7,93,0.4628099173553719
V11_noise_0.1,noise_0.1,0.01,0.98989898989899,0.18562178058802592,checked,2,10,0.22873715385957105,28,68,0,4,96,0.45161290322580644
V11_noise_0.1,noise_0.1,0.025,0.9749494949494949,0.24263334336059814,original,0,10,0.06795414571165542,27,38,1,34,65,0.5806451612903226
V11_noise_0.1,noise_0.1,0.025,0.9749494949494949,0.24263334336059814,original,1,10,-0.0022785494427772523,28,70,0,2,98,0.4444444444444444
V11_noise_0.1,noise_0.1,0.025,0.9749494949494949,0.24263334336059814,original,2,10,0.02157773890716143,28,67,0,5,95,0.45528455284552843
V11_noise_0.1,noise_0.1,0.025,0.9749494949494949,0.24263334336059814,checked,0,10,0.19241480665179114,28,44,0,28,72,0.56
V11_noise_0.1,noise_0.1,0.025,0.9749494949494949,0.24263334336059814,checked,1,10,0.19241480665179114,28,44,0,28,72,0.56
V11_noise_0.1,noise_0.1,0.025,0.9749494949494949,0.24263334336059814,checked,2,10,0.19241480665179114,28,44,0,28,72,0.56
V11_noise_0.1,noise_0.1,0.05,0.9498989898989899,0.27817239477321054,original,0,10,0.06189516785886728,28,70,0,2,98,0.4444444444444444
V11_noise_0.1,noise_0.1,0.05,0.9498989898989899,0.27817239477321054,original,1,10,-0.0032645686152459816,28,70,0,2,98,0.4444444444444444
V11_noise_0.1,noise_0.1,0.05,0.9498989898989899,0.27817239477321054,original,2,10,0.191363989715929,25,16,3,56,41,0.7246376811594203
V11_noise_0.1,noise_0.1,0.05,0.9498989898989899,0.27817239477321054,checked,0,10,0.2330147143212372,28,10,0,62,38,0.8484848484848485
V11_noise_0.1,noise_0.1,0.05,0.9498989898989899,0.27817239477321054,checked,1,10,0.2330147143212372,28,10,0,62,38,0.8484848484848485
V11_noise_0.1,noise_0.1,0.05,0.9498989898989899,0.27817239477321054,checked,2,10,0.2330147143212372,28,10,0,62,38,0.8484848484848485
V11_noise_0.1,noise_0.1,0.075,0.9248484848484848,0.31026888256216734,original,0,10,0.2767243426339987,28,2,0,70,30,0.9655172413793104
V11_noise_0.1,noise_0.1,0.075,0.9248484848484848,0.31026888256216734,original,1,10,0.2767243426339987,28,2,0,70,30,0.9655172413793104
V11_noise_0.1,noise_0.1,0.075,0.9248484848484848,0.31026888256216734,original,2,10,0.2767243426339987,28,2,0,70,30,0.9655172413793104
V11_noise_0.1,noise_0.1,0.075,0.9248484848484848,0.31026888256216734,checked,0,10,0.2773041594647164,28,3,0,69,31,0.9491525423728814
V11_noise_0.1,noise_0.1,0.075,0.9248484848484848,0.31026888256216734,checked,1,10,0.2773041594647164,28,3,0,69,31,0.9491525423728814
V11_noise_0.1,noise_0.1,0.075,0.9248484848484848,0.31026888256216734,checked,2,10,0.2773041594647164,28,3,0,69,31,0.9491525423728814
V11_noise_0.1,noise_0.1,0.1,0.9,0.33559301754520815,original,0,10,0.31861215568469625,28,2,0,70,30,0.9655172413793104
V11_noise_0.1,noise_0.1,0.1,0.9,0.33559301754520815,original,1,10,0.31861215568469625,28,2,0,70,30,0.9655172413793104
V11_noise_0.1,noise_0.1,0.1,0.9,0.33559301754520815,original,2,10,0.31861215568469625,28,2,0,70,30,0.9655172413793104
V11_noise_0.1,noise_0.1,0.1,0.9,0.33559301754520815,checked,0,10,0.3188171855853776,28,3,0,69,31,0.9491525423728814
V11_noise_0.1,noise_0.1,0.1,0.9,0.33559301754520815,checked,1,10,0.3188171855853776,28,3,0,69,31,0.9491525423728814
V11_noise_0.1,noise_0.1,0.1,0.9,0.33559301754520815,checked,2,10,0.3188171855853776,28,3,0,69,31,0.9491525423728814
V11_noise_0.1,noise_0.1,0.125,0.8749494949494949,0.35649134171768104,original,0,10,0.35820479659684146,28,1,0,71,29,0.9824561403508771
V11_noise_0.1,noise_0.1,0.125,0.8749494949494949,0.35649134171768104,original,1,10,0.35820479659684146,28,1,0,71,29,0.9824561403508771
V11_noise_0.1,noise_0.1,0.125,0.8749494949494949,0.35649134171768104,original,2,10,0.35820479659684146,28,1,0,71,29,0.9824561403508771
V11_noise_0.1,noise_0.1,0.125,0.8749494949494949,0.35649134171768104,checked,0,10,0.35854224329663964,28,0,0,72,28,1.0
V11_noise_0.1,noise_0.1,0.125,0.8749494949494949,0.35649134171768104,checked,1,10,0.35854224329663964,28,0,0,72,28,1.0
V11_noise_0.1,noise_0.1,0.125,0.8749494949494949,0.35649134171768104,checked,2,10,0.35854224329663964,28,0,0,72,28,1.0
V11_noise_0.1,noise_0.1,0.15,0.8498989898989899,0.37278689814378346,original,0,10,0.3925374422246579,28,1,0,71,29,0.9824561403508771
V11_noise_0.1,noise_0.1,0.15,0.8498989898989899,0.37278689814378346,original,1,10,0.3925374422246579,28,1,0,71,29,0.9824561403508771
V11_noise_0.1,noise_0.1,0.15,0.8498989898989899,0.37278689814378346,original,2,10,0.3925374422246579,28,1,0,71,29,0.9824561403508771
V11_noise_0.1,noise_0.1,0.15,0.8498989898989899,0.37278689814378346,checked,0,10,0.3965281444823573,28,0,0,72,28,1.0
V11_noise_0.1,noise_0.1,0.15,0.8498989898989899,0.37278689814378346,checked,1,10,0.3965281444823573,28,0,0,72,28,1.0
V11_noise_0.1,noise_0.1,0.15,0.8498989898989899,0.37278689814378346,checked,2,10,0.3965281444823573,28,0,0,72,28,1.0
V11_noise_0.1,noise_0.1,0.2,0.8,0.4097198598548148,original,0,10,0.46465025733826093,28,1,0,71,29,0.9824561403508771
V11_noise_0.1,noise_0.1,0.2,0.8,0.4097198598548148,original,1,10,0.46465025733826093,28,1,0,71,29,0.9824561403508771
V11_noise_0.1,noise_0.1,0.2,0.8,0.4097198598548148,original,2,10,0.46465025733826093,28,1,0,71,29,0.9824561403508771
V11_noise_0.1,noise_0.1,0.2,0.8,0.4097198598548148,checked,0,10,0.46873594126649953,28,0,0,72,28,1.0
V11_noise_0.1,noise_0.1,0.2,0.8,0.4097198598548148,checked,1,10,0.46873594126649953,28,0,0,72,28,1.0
V11_noise_0.1,noise_0.1,0.2,0.8,0.4097198598548148,checked,2,10,0.46873594126649953,28,0,0,72,28,1.0
V11_noise_0.2,noise_0.2,0.01,0.98989898989899,0.004524802070904206,original,0,10,-0.001435913356677318,27,71,1,1,98,0.42857142857142855
V11_noise_0.2,noise_0.2,0.01,0.98989898989899,0.004524802070904206,original,1,10,-0.00010439265472707574,1,1,27,71,2,0.06666666666666667
V11_noise_0.2,noise_0.2,0.01,0.98989898989899,0.004524802070904206,original,2,10,-0.001435913356677318,27,71,1,1,98,0.42857142857142855
V11_noise_0.2,noise_0.2,0.01,0.98989898989899,0.004524802070904206,checked,0,10,0.22873715385957105,28,68,0,4,96,0.45161290322580644
V11_noise_0.2,noise_0.2,0.01,0.98989898989899,0.004524802070904206,checked,1,10,0.22873715385957105,28,68,0,4,96,0.45161290322580644
V11_noise_0.2,noise_0.2,0.01,0.98989898989899,0.004524802070904206,checked,2,10,0.22873715385957105,28,68,0,4,96,0.45161290322580644
V11_noise_0.2,noise_0.2,0.025,0.9749494949494949,0.09655183404535837,original,0,10,0.0886796742832764,28,70,0,2,98,0.4444444444444444
V11_noise_0.2,noise_0.2,0.025,0.9749494949494949,0.09655183404535837,original,1,10,0.025163990576463558,26,58,2,14,84,0.4642857142857143
V11_noise_0.2,noise_0.2,0.025,0.9749494949494949,0.09655183404535837,original,2,10,-0.0022785494427772523,28,70,0,2,98,0.4444444444444444
V11_noise_0.2,noise_0.2,0.025,0.9749494949494949,0.09655183404535837,checked,0,10,0.19237198101635683,28,46,0,26,74,0.5490196078431373
V11_noise_0.2,noise_0.2,0.025,0.9749494949494949,0.09655183404535837,checked,1,10,0.19326352276741415,28,56,0,16,84,0.5
V11_noise_0.2,noise_0.2,0.025,0.9749494949494949,0.09655183404535837,checked,2,10,0.19618706844183348,28,53,0,19,81,0.5137614678899083
V11_noise_0.2,noise_0.2,0.05,0.9498989898989899,0.1721230996353218,original,0,10,-0.0032645686152459816,28,70,0,2,98,0.4444444444444444
V11_noise_0.2,noise_0.2,0.05,0.9498989898989899,0.1721230996353218,original,1,10,0.031972053645888086,28,69,0,3,97,0.448
V11_noise_0.2,noise_0.2,0.05,0.9498989898989899,0.1721230996353218,original,2,10,-0.0032645686152459816,28,70,0,2,98,0.4444444444444444
V11_noise_0.2,noise_0.2,0.05,0.9498989898989899,0.1721230996353218,checked,0,10,0.21479657831333007,28,19,0,53,47,0.7466666666666667
V11_noise_0.2,noise_0.2,0.05,0.9498989898989899,0.1721230996353218,checked,1,10,0.21479657831333007,28,19,0,53,47,0.7466666666666667
V11_noise_0.2,noise_0.2,0.05,0.9498989898989899,0.1721230996353218,checked,2,10,0.21479657831333007,28,19,0,53,47,0.7466666666666667
V11_noise_0.2,noise_0.2,0.075,0.9248484848484848,0.21746954395705845,original,0,10,0.24112104027026868,28,10,0,62,38,0.8484848484848485
V11_noise_0.2,noise_0.2,0.075,0.9248484848484848,0.21746954395705845,original,1,10,0.24203889498745787,28,11,0,61,39,0.835820895522388
V11_noise_0.2,noise_0.2,0.075,0.9248484848484848,0.21746954395705845,original,2,10,0.2426981442654402,28,10,0,62,38,0.8484848484848485
V11_noise_0.2,noise_0.2,0.075,0.9248484848484848,0.21746954395705845,checked,0,10,0.2426981442654402,28,10,0,62,38,0.8484848484848485
V11_noise_0.2,noise_0.2,0.075,0.9248484848484848,0.21746954395705845,checked,1,10,0.2426981442654402,28,10,0,62,38,0.8484848484848485
V11_noise_0.2,noise_0.2,0.075,0.9248484848484848,0.21746954395705845,checked,2,10,0.2426981442654402,28,10,0,62,38,0.8484848484848485
V11_noise_0.2,noise_0.2,0.1,0.9,0.25470581346482934,original,0,10,0.27011305376229006,28,2,0,70,30,0.9655172413793104
V11_noise_0.2,noise_0.2,0.1,0.9,0.25470581346482934,original,1,10,0.27011305376229006,28,2,0,70,30,0.9655172413793104
V11_noise_0.2,noise_0.2,0.1,0.9,0.25470581346482934,original,2,10,0.27011305376229006,28,2,0,70,30,0.9655172413793104
V11_noise_0.2,noise_0.2,0.1,0.9,0.25470581346482934,checked,0,10,0.27138268653234665,28,1,0,71,29,0.9824561403508771
V11_noise_0.2,noise_0.2,0.1,0.9,0.25470581346482934,checked,1,10,0.27138268653234665,28,1,0,71,29,0.9824561403508771
V11_noise_0.2,noise_0.2,0.1,0.9,0.25470581346482934,checked,2,10,0.27138268653234665,28,1,0,71,29,0.9824561403508771
V11_noise_0.2,noise_0.2,0.125,0.8749494949494949,0.2890590925131558,original,0,10,0.2995727084508428,28,1,0,71,29,0.9824561403508771
V11_noise_0.2,noise_0.2,0.125,0.8749494949494949,0.2890590925131558,original,1,10,0.2995727084508428,28,1,0,71,29,0.9824561403508771
V11_noise_0.2,noise_0.2,0.125,0.8749494949494949,0.2890590925131558,original,2,10,0.2995727084508428,28,1,0,71,29,0.9824561403508771
V11_noise_0.2,noise_0.2,0.125,0.8749494949494949,0.2890590925131558,checked,0,10,0.3011013556259396,28,0,0,72,28,1.0
V11_noise_0.2,noise_0.2,0.125,0.8749494949494949,0.2890590925131558,checked,1,10,0.3011013556259396,28,0,0,72,28,1.0
V11_noise_0.2,noise_0.2,0.125,0.8749494949494949,0.2890590925131558,checked,2,10,0.3011013556259396,28,0,0,72,28,1.0
V11_noise_0.2,noise_0.2,0.15,0.8498989898989899,0.311232477761506,original,0,10,0.3257945704428221,28,1,0,71,29,0.9824561403508771
V11_noise_0.2,noise_0.2,0.15,0.8498989898989899,0.311232477761506,original,1,10,0.3257945704428221,28,1,0,71,29,0.9824561403508771
V11_noise_0.2,noise_0.2,0.15,0.8498989898989899,0.311232477761506,original,2,10,0.3257945704428221,28,1,0,71,29,0.9824561403508771
V11_noise_0.2,noise_0.2,0.15,0.8498989898989899,0.311232477761506,checked,0,10,0.32635454920476664,28,0,0,72,28,1.0
V11_noise_0.2,noise_0.2,0.15,0.8498989898989899,0.311232477761506,checked,1,10,0.32635454920476664,28,0,0,72,28,1.0
V11_noise_0.2,noise_0.2,0.15,0.8498989898989899,0.311232477761506,checked,2,10,0.32635454920476664,28,0,0,72,28,1.0
V11_noise_0.2,noise_0.2,0.2,0.8,0.3600673609942959,original,0,10,0.3696999873604424,28,1,0,71,29,0.9824561403508771
V11_noise_0.2,noise_0.2,0.2,0.8,0.3600673609942959,original,1,10,0.3696999873604424,28,1,0,71,29,0.9824561403508771
V11_noise_0.2,noise_0.2,0.2,0.8,0.3600673609942959,original,2,10,0.3696999873604424,28,1,0,71,29,0.9824561403508771
V11_noise_0.2,noise_0.2,0.2,0.8,0.3600673609942959,checked,0,10,0.3707036292724278,28,0,0,72,28,1.0
V11_noise_0.2,noise_0.2,0.2,0.8,0.3600673609942959,checked,1,10,0.3707036292724278,28,0,0,72,28,1.0
V11_noise_0.2,noise_0.2,0.2,0.8,0.3600673609942959,checked,2,10,0.3707036292724278,28,0,0,72,28,1.0
V11_overlap_0.75,overlap_0.75,0.01,0.98989898989899,0.3386330751016746,original,0,10,-0.001435913356677318,27,71,1,1,98,0.42857142857142855
V11_overlap_0.75,overlap_0.75,0.01,0.98989898989899,0.3386330751016746,original,1,10,-0.001435913356677318,27,71,1,1,98,0.42857142857142855
V11_overlap_0.75,overlap_0.75,0.01,0.98989898989899,0.3386330751016746,original,2,10,-0.001435913356677318,28,70,0,2,98,0.4444444444444444
V11_overlap_0.75,overlap_0.75,0.01,0.98989898989899,0.3386330751016746,checked,0,10,0.22873715385957105,28,68,0,4,96,0.45161290322580644
V11_overlap_0.75,overlap_0.75,0.01,0.98989898989899,0.3386330751016746,checked,1,10,0.22873715385957105,28,68,0,4,96,0.45161290322580644
V11_overlap_0.75,overlap_0.75,0.01,0.98989898989899,0.3386330751016746,checked,2,10,0.22873715385957105,28,68,0,4,96,0.45161290322580644
V11_overlap_0.75,overlap_0.75,0.025,0.9749494949494949,0.36157175940857433,original,0,10,0.006182609668082123,0,2,28,70,2,0.0
V11_overlap_0.75,overlap_0.75,0.025,0.9749494949494949,0.36157175940857433,original,1,10,-0.0022785494427772523,28,70,0,2,98,0.4444444444444444
V11_overlap_0.75,overlap_0.75,0.025,0.9749494949494949,0.36157175940857433,original,2,10,-0.0022785494427772523,28,70,0,2,98,0.4444444444444444
V11_overlap_0.75,overlap_0.75,0.025,0.9749494949494949,0.36157175940857433,checked,0,10,0.2053794244583242,28,41,0,31,69,0.5773195876288659
V11_overlap_0.75,overlap_0.75,0.025,0.9749494949494949,0.36157175940857433,checked,1,10,0.2053794244583242,28,41,0,31,69,0.5773195876288659
V11_overlap_0.75,overlap_0.75,0.025,0.9749494949494949,0.36157175940857433,checked,2,10,0.20356378108167958,28,51,0,21,79,0.5233644859813084
V11_overlap_0.75,overlap_0.75,0.05,0.9498989898989899,0.3844895377000027,original,0,10,0.11114620318648578,23,28,5,44,51,0.5822784810126582
V11_overlap_0.75,overlap_0.75,0.05,0.9498989898989899,0.3844895377000027,original,1,10,0.11114620318648578,23,28,5,44,51,0.5822784810126582
V11_overlap_0.75,overlap_0.75,0.05,0.9498989898989899,0.3844895377000027,original,2,10,0.11114620318648578,23,28,5,44,51,0.5822784810126582
V11_overlap_0.75,overlap_0.75,0.05,0.9498989898989899,0.3844895377000027,checked,0,10,0.2228665772628535,28,7,0,65,35,0.8888888888888888
V11_overlap_0.75,overlap_0.75,0.05,0.9498989898989899,0.3844895377000027,checked,1,10,0.2228665772628535,28,7,0,65,35,0.8888888888888888
V11_overlap_0.75,overlap_0.75,0.05,0.9498989898989899,0.3844895377000027,checked,2,10,0.2228665772628535,28,7,0,65,35,0.8888888888888888
V11_overlap_0.75,overlap_0.75,0.075,0.9248484848484848,0.40273333765980596,original,0,10,0.22111023781645406,28,21,0,51,49,0.7272727272727273
V11_overlap_0.75,overlap_0.75,0.075,0.9248484848484848,0.40273333765980596,original,1,10,0.12739288174018948,28,33,0,39,61,0.6292134831460674
V11_overlap_0.75,overlap_0.75,0.075,0.9248484848484848,0.40273333765980596,original,2,10,0.15535547975127065,27,26,1,46,53,0.6666666666666666
V11_overlap_0.75,overlap_0.75,0.075,0.9248484848484848,0.40273333765980596,checked,0,10,0.23031733025270315,28,4,0,68,32,0.9333333333333333
V11_overlap_0.75,overlap_0.75,0.075,0.9248484848484848,0.40273333765980596,checked,1,10,0.23031733025270315,28,4,0,68,32,0.9333333333333333
V11_overlap_0.75,overlap_0.75,0.075,0.9248484848484848,0.40273333765980596,checked,2,10,0.23031733025270315,28,4,0,68,32,0.9333333333333333
V11_overlap_0.75,overlap_0.75,0.1,0.9,0.4204464379132961,original,0,10,0.1511775717790569,28,29,0,43,57,0.6588235294117647
V11_overlap_0.75,overlap_0.75,0.1,0.9,0.4204464379132961,original,1,10,0.1511775717790569,28,29,0,43,57,0.6588235294117647
V11_overlap_0.75,overlap_0.75,0.1,0.9,0.4204464379132961,original,2,10,0.19372350441812272,28,20,0,52,48,0.7368421052631579
V11_overlap_0.75,overlap_0.75,0.1,0.9,0.4204464379132961,checked,0,10,0.22607091628343218,28,5,0,67,33,0.9180327868852459
V11_overlap_0.75,overlap_0.75,0.1,0.9,0.4204464379132961,checked,1,10,0.22576900899864738,28,10,0,62,38,0.8484848484848485
V11_overlap_0.75,overlap_0.75,0.1,0.9,0.4204464379132961,checked,2,10,0.22576900899864738,28,10,0,62,38,0.8484848484848485
V11_overlap_0.75,overlap_0.75,0.125,0.8749494949494949,0.43332333701507875,original,0,10,0.18757479085380055,25,11,3,61,36,0.78125
V11_overlap_0.75,overlap_0.75,0.125,0.8749494949494949,0.43332333701507875,original,1,10,0.2055393362229872,28,6,0,66,34,0.9032258064516129
V11_overlap_0.75,overlap_0.75,0.125,0.8749494949494949,0.43332333701507875,original,2,10,0.18757479085380055,25,11,3,61,36,0.78125
V11_overlap_0.75,overlap_0.75,0.125,0.8749494949494949,0.43332333701507875,checked,0,10,0.21382761998455638,28,2,0,70,30,0.9655172413793104
V11_overlap_0.75,overlap_0.75,0.125,0.8749494949494949,0.43332333701507875,checked,1,10,0.21382761998455638,28,2,0,70,30,0.9655172413793104
V11_overlap_0.75,overlap_0.75,0.125,0.8749494949494949,0.43332333701507875,checked,2,10,0.21382761998455638,28,2,0,70,30,0.9655172413793104
V11_overlap_0.75,overlap_0.75,0.15,0.8498989898989899,0.4464141190653164,original,0,10,0.15917760028749656,27,36,1,36,63,0.5934065934065934
V11_overlap_0.75,overlap_0.75,0.15,0.8498989898989899,0.4464141190653164,original,1,10,0.12195248630724935,28,44,0,28,72,0.56
V11_overlap_0.75,overlap_0.75,0.15,0.8498989898989899,0.4464141190653164,original,2,10,0.15745969861330794,26,25,2,47,51,0.6582278481012658
V11_overlap_0.75,overlap_0.75,0.15,0.8498989898989899,0.4464141190653164,checked,0,10,0.19644575332622377,28,24,0,48,52,0.7
V11_overlap_0.75,overlap_0.75,0.15,0.8498989898989899,0.4464141190653164,checked,1,10,0.19644575332622377,28,24,0,48,52,0.7
V11_overlap_0.75,overlap_0.75,0.15,0.8498989898989899,0.4464141190653164,checked,2,10,0.19644575332622377,28,24,0,48,52,0.7
V11_overlap_0.75,overlap_0.75,0.2,0.8,0.475984667636472,original,0,10,0.1181890683568186,27,32,1,40,59,0.6206896551724138
V11_overlap_0.75,overlap_0.75,0.2,0.8,0.475984667636472,original,1,10,0.12436761619103275,24,20,4,52,44,0.6666666666666666
V11_overlap_0.75,overlap_0.75,0.2,0.8,0.475984667636472,original,2,10,0.1107929898905497,27,42,1,30,69,0.5567010309278351
V11_overlap_0.75,overlap_0.75,0.2,0.8,0.475984667636472,checked,0,10,0.18560606060606064,28,27,0,45,55,0.6746987951807228
V11_overlap_0.75,overlap_0.75,0.2,0.8,0.475984667636472,checked,1,10,0.18560606060606064,28,27,0,45,55,0.6746987951807228
V11_overlap_0.75,overlap_0.75,0.2,0.8,0.475984667636472,checked,2,10,0.185382166907737,26,11,2,61,37,0.8
V12_baseline,baseline,0.01,0.98989898989899,0.3062673488503397,original,0,10,0.14071950894597335,25,73,0,2,98,0.4065040650406504
V12_baseline,baseline,0.01,0.98989898989899,0.3062673488503397,original,1,10,-0.0024875775821447035,25,72,0,3,97,0.4098360655737705
V12_baseline,baseline,0.01,0.98989898989899,0.3062673488503397,original,2,10,-0.001435913356677318,25,73,0,2,98,0.4065040650406504
V12_baseline,baseline,0.01,0.98989898989899,0.3062673488503397,checked,0,10,0.22873715385957105,25,71,0,4,96,0.4132231404958678
V12_baseline,baseline,0.01,0.98989898989899,0.3062673488503397,checked,1,10,0.22873715385957105,25,71,0,4,96,0.4132231404958678
V12_baseline,baseline,0.01,0.98989898989899,0.3062673488503397,checked,2,10,0.22873715385957105,25,71,0,4,96,0.4132231404958678
V12_baseline,baseline,0.025,0.9749494949494949,0.3145801220081031,original,0,10,-0.0022785494427772523,25,73,0,2,98,0.4065040650406504
V12_baseline,baseline,0.025,0.9749494949494949,0.3145801220081031,original,1,10,-0.0022785494427772523,25,73,0,2,98,0.4065040650406504
V12_baseline,baseline,0.025,0.9749494949494949,0.3145801220081031,original,2,10,-0.0022785494427772523,25,73,0,2,98,0.4065040650406504
V12_baseline,baseline,0.025,0.9749494949494949,0.3145801220081031,checked,0,10,0.19866104101980384,25,39,0,36,64,0.5617977528089888
V12_baseline,baseline,0.025,0.9749494949494949,0.3145801220081031,checked,1,10,0.19866104101980384,25,39,0,36,64,0.5617977528089888
V12_baseline,baseline,0.025,0.9749494949494949,0.3145801220081031,checked,2,10,0.19866104101980384,25,39,0,36,64,0.5617977528089888
V12_baseline,baseline,0.05,0.9498989898989899,0.32819234803783853,original,0,10,0.031972053645888086,25,72,0,3,97,0.4098360655737705
V12_baseline,baseline,0.05,0.9498989898989899,0.32819234803783853,original,1,10,0.06189516785886728,25,73,0,2,98,0.4065040650406504
V12_baseline,baseline,0.05,0.9498989898989899,0.32819234803783853,original,2,10,0.06189516785886728,25,73,0,2,98,0.4065040650406504
V12_baseline,baseline,0.05,0.9498989898989899,0.32819234803783853,checked,0,10,0.22395850789685626,25,18,0,57,43,0.7352941176470589
V12_baseline,baseline,0.05,0.9498989898989899,0.32819234803783853,checked,1,10,0.22395850789685626,25,18,0,57,43,0.7352941176470589
V12_baseline,baseline,0.05,0.9498989898989899,0.32819234803783853,checked,2,10,0.22395850789685626,25,18,0,57,43,0.7352941176470589
V12_baseline,baseline,0.075,0.9248484848484848,0.3422774128063791,original,0,10,0.2588882747726482,25,6,0,69,31,0.8928571428571429
V12_baseline,baseline,0.075,0.9248484848484848,0.3422774128063791,original,1,10,0.2588882747726482,25,6,0,69,31,0.8928571428571429
V12_baseline,baseline,0.075,0.9248484848484848,0.3422774128063791,original,2,10,0.2588882747726482,25,6,0,69,31,0.8928571428571429
V12_baseline,baseline,0.075,0.9248484848484848,0.3422774128063791,checked,0,10,0.2595288632508755,25,7,0,68,32,0.8771929824561403
V12_baseline,baseline,0.075,0.9248484848484848,0.3422774128063791,checked,1,10,0.2595288632508755,25,7,0,68,32,0.8771929824561403
V12_baseline,baseline,0.075,0.9248484848484848,0.3422774128063791,checked,2,10,0.2595288632508755,25,7,0,68,32,0.8771929824561403
V12_baseline,baseline,0.1,0.9,0.35423492416331,original,0,10,0.29469919919481075,25,1,0,74,26,0.9803921568627451
V12_baseline,baseline,0.1,0.9,0.35423492416331,original,1,10,0.29469919919481075,25,1,0,74,26,0.9803921568627451
V12_baseline,baseline,0.1,0.9,0.35423492416331,original,2,10,0.29469919919481075,25,1,0,74,26,0.9803921568627451
V12_baseline,baseline,0.1,0.9,0.35423492416331,checked,0,10,0.2951052135884541,25,0,0,75,25,1.0
V12_baseline,baseline,0.1,0.9,0.35423492416331,checked,1,10,0.2951052135884541,25,0,0,75,25,1.0
V12_baseline,baseline,0.1,0.9,0.35423492416331,checked,2,10,0.2951052135884541,25,0,0,75,25,1.0
V12_baseline,baseline,0.125,0.8749494949494949,0.3689542876472522,original,0,10,0.33515892727827684,25,1,0,74,26,0.9803921568627451
V12_baseline,baseline,0.125,0.8749494949494949,0.3689542876472522,original,1,10,0.33515892727827684,25,1,0,74,26,0.9803921568627451
V12_baseline,baseline,0.125,0.8749494949494949,0.3689542876472522,original,2,10,0.33515892727827684,25,1,0,74,26,0.9803921568627451
V12_baseline,baseline,0.125,0.8749494949494949,0.3689542876472522,checked,0,10,0.3357795948171725,25,2,0,73,27,0.9615384615384616
V12_baseline,baseline,0.125,0.8749494949494949,0.3689542876472522,checked,1,10,0.3357795948171725,25,2,0,73,27,0.9615384615384616
V12_baseline,baseline,0.125,0.8749494949494949,0.3689542876472522,checked,2,10,0.3357795948171725,25,2,0,73,27,0.9615384615384616
V12_baseline,baseline,0.15,0.8498989898989899,0.38329978206168963,original,0,10,0.3720542653446517,25,0,0,75,25,1.0
V12_baseline,baseline,0.15,0.8498989898989899,0.38329978206168963,original,1,10,0.3720542653446517,25,0,0,75,25,1.0
V12_baseline,baseline,0.15,0.8498989898989899,0.38329978206168963,original,2,10,0.3720542653446517,25,0,0,75,25,1.0
V12_baseline,baseline,0.15,0.8498989898989899,0.38329978206168963,checked,0,10,0.3721184001711084,25,1,0,74,26,0.9803921568627451
V12_baseline,baseline,0.15,0.8498989898989899,0.38329978206168963,checked,1,10,0.3721184001711084,25,1,0,74,26,0.9803921568627451
V12_baseline,baseline,0.15,0.8498989898989899,0.38329978206168963,checked,2,10,0.3721184001711084,25,1,0,74,26,0.9803921568627451
V12_baseline,baseline,0.2,0.8,0.409887102752409,original,0,10,0.4400201214228166,25,1,0,74,26,0.9803921568627451
V12_baseline,baseline,0.2,0.8,0.409887102752409,original,1,10,0.4400201214228166,25,1,0,74,26,0.9803921568627451
V12_baseline,baseline,0.2,0.8,0.409887102752409,original,2,10,0.4400201214228166,25,1,0,74,26,0.9803921568627451
V12_baseline,baseline,0.2,0.8,0.409887102752409,checked,0,10,0.44265782038268114,25,0,0,75,25,1.0
V12_baseline,baseline,0.2,0.8,0.409887102752409,checked,1,10,0.44265782038268114,25,0,0,75,25,1.0
V12_baseline,baseline,0.2,0.8,0.409887102752409,checked,2,10,0.44265782038268114,25,0,0,75,25,1.0
V12_noise_0.1,noise_0.1,0.01,0.98989898989899,0.185746979913397,original,0,10,0.07960248262870519,25,72,0,3,97,0.4098360655737705
V12_noise_0.1,noise_0.1,0.01,0.98989898989899,0.185746979913397,original,1,10,0.07960248262870519,25,72,0,3,97,0.4098360655737705
V12_noise_0.1,noise_0.1,0.01,0.98989898989899,0.185746979913397,original,2,10,-0.001435913356677318,25,73,0,2,98,0.4065040650406504
V12_noise_0.1,noise_0.1,0.01,0.98989898989899,0.185746979913397,checked,0,10,0.21496923841142188,25,69,0,6,94,0.42016806722689076
V12_noise_0.1,noise_0.1,0.01,0.98989898989899,0.185746979913397,checked,1,10,0.21496923841142188,25,69,0,6,94,0.42016806722689076
V12_noise_0.1,noise_0.1,0.01,0.98989898989899,0.185746979913397,checked,2,10,0.21496923841142188,25,69,0,6,94,0.42016806722689076
V12_noise_0.1,noise_0.1,0.025,0.9749494949494949,0.22446642504480152,original,0,10,-0.0022785494427772523,25,73,0,2,98,0.4065040650406504
V12_noise_0.1,noise_0.1,0.025,0.9749494949494949,0.22446642504480152,original,1,10,0.10856602349603875,25,67,0,8,92,0.42735042735042733
V12_noise_0.1,noise_0.1,0.025,0.9749494949494949,0.22446642504480152,original,2,10,0.13446587272596705,25,65,0,10,90,0.43478260869565216
V12_noise_0.1,noise_0.1,0.025,0.9749494949494949,0.22446642504480152,checked,0,10,0.1924249901379858,25,48,0,27,73,0.5102040816326531
V12_noise_0.1,noise_0.1,0.025,0.9749494949494949,0.22446642504480152,checked,1,10,0.1924249901379858,25,48,0,27,73,0.5102040816326531
V12_noise_0.1,noise_0.1,0.025,0.9749494949494949,0.22446642504480152,checked,2,10,0.1924249901379858,25,48,0,27,73,0.5102040816326531
V12_noise_0.1,noise_0.1,0.05,0.9498989898989899,0.2655915168493914,original,0,10,0.031972053645888086,25,72,0,3,97,0.4098360655737705
V12_noise_0.1,noise_0.1,0.05,0.9498989898989899,0.2655915168493914,original,1,10,0.2228665772628535,25,10,0,65,35,0.8333333333333334
V12_noise_0.1,noise_0.1,0.05,0.9498989898989899,0.2655915168493914,original,2,10,0.2228665772628535,25,10,0,65,35,0.8333333333333334
V12_noise_0.1,noise_0.1,0.05,0.9498989898989899,0.2655915168493914,checked,0,10,0.22338139336907467,25,9,0,66,34,0.847457627118644
V12_noise_0.1,noise_0.1,0.05,0.9498989898989899,0.2655915168493914,checked,1,10,0.22338139336907467,25,9,0,66,34,0.847457627118644
V12_noise_0.1,noise_0.1,0.05,0.9498989898989899,0.2655915168493914,checked,2,10,0.22338139336907467,25,9,0,66,34,0.847457627118644
V12_noise_0.1,noise_0.1,0.075,0.9248484848484848,0.296036422380873,original,0,10,0.25372901802954173,25,5,0,70,30,0.9090909090909091
V12_noise_0.1,noise_0.1,0.075,0.9248484848484848,0.296036422380873,original,1,10,0.2542843035996311,25,6,0,69,31,0.8928571428571429
V12_noise_0.1,noise_0.1,0.075,0.9248484848484848,0.296036422380873,original,2,10,0.2542843035996311,25,6,0,69,31,0.8928571428571429
V12_noise_0.1,noise_0.1,0.075,0.9248484848484848,0.296036422380873,checked,0,10,0.25594272551241587,25,3,0,72,28,0.9433962264150944
V12_noise_0.1,noise_0.1,0.075,0.9248484848484848,0.296036422380873,checked,1,10,0.25594272551241587,25,3,0,72,28,0.9433962264150944
V12_noise_0.1,noise_0.1,0.075,0.9248484848484848,0.296036422380873,checked,2,10,0.25594272551241587,25,3,0,72,28,0.9433962264150944
V12_noise_0.1,noise_0.1,0.1,0.9,0.32561449194483283,original,0,10,0.29848332899948804,25,2,0,73,27,0.9615384615384616
V12_noise_0.1,noise_0.1,0.1,0.9,0.32561449194483283,original,1,10,0.29848332899948804,25,2,0,73,27,0.9615384615384616
V12_noise_0.1,noise_0.1,0.1,0.9,0.32561449194483283,original,2,10,0.29848332899948804,25,2,0,73,27,0.9615384615384616
V12_noise_0.1,noise_0.1,0.1,0.9,0.32561449194483283,checked,0,10,0.2987565539336104,25,1,0,74,26,0.9803921568627451
V12_noise_0.1,noise_0.1,0.1,0.9,0.32561449194483283,checked,1,10,0.2987565539336104,25,1,0,74,26,0.9803921568627451
V12_noise_0.1,noise_0.1,0.1,0.9,0.32561449194483283,checked,2,10,0.2987565539336104,25,1,0,74,26,0.9803921568627451
V12_noise_0.1,noise_0.1,0.125,0.8749494949494949,0.34576319248083554,original,0,10,0.33469511179941797,25,0,0,75,25,1.0
V12_noise_0.1,noise_0.1,0.125,0.8749494949494949,0.34576319248083554,original,1,10,0.33469511179941797,25,0,0,75,25,1.0
V12_noise_0.1,noise_0.1,0.125,0.8749494949494949,0.34576319248083554,original,2,10,0.33469511179941797,25,0,0,75,25,1.0
V12_noise_0.1,noise_0.1,0.125,0.8749494949494949,0.34576319248083554,checked,0,10,0.33515892727827684,25,1,0,74,26,0.9803921568627451
V12_noise_0.1,noise_0.1,0.125,0.8749494949494949,0.34576319248083554,checked,1,10,0.33515892727827684,25,1,0,74,26,0.9803921568627451
V12_noise_0.1,noise_0.1,0.125,0.8749494949494949,0.34576319248083554,checked,2,10,0.33515892727827684,25,1,0,74,26,0.9803921568627451
V12_noise_0.1,noise_0.1,0.15,0.8498989898989899,0.3638061637579468,original,0,10,0.3687104850387402,25,1,0,74,26,0.9803921568627451
V12_noise_0.1,noise_0.1,0.15,0.8498989898989899,0.3638061637579468,original,1,10,0.3687104850387402,25,1,0,74,26,0.9803921568627451
V12_noise_0.1,noise_0.1,0.15,0.8498989898989899,0.3638061637579468,original,2,10,0.3687104850387402,25,1,0,74,26,0.9803921568627451
V12_noise_0.1,noise_0.1,0.15,0.8498989898989899,0.3638061637579468,checked,0,10,0.37091463655582974,25,0,0,75,25,1.0
V12_noise_0.1,noise_0.1,0.15,0.8498989898989899,0.3638061637579468,checked,1,10,0.37091463655582974,25,0,0,75,25,1.0
V12_noise_0.1,noise_0.1,0.15,0.8498989898989899,0.3638061637579468,checked,2,10,0.37091463655582974,25,0,0,75,25,1.0
V12_noise_0.1,noise_0.1,0.2,0.8,0.3951601444842132,original,0,10,0.43494842799931716,25,1,0,74,26,0.9803921568627451
V12_noise_0.1,noise_0.1,0.2,0.8,0.3951601444842132,original,1,10,0.43494842799931716,25,1,0,74,26,0.9803921568627451
V12_noise_0.1,noise_0.1,0.2,0.8,0.3951601444842132,original,2,10,0.43494842799931716,25,1,0,74,26,0.9803921568627451
V12_noise_0.1,noise_0.1,0.2,0.8,0.3951601444842132,checked,0,10,0.43858740364353005,25,0,0,75,25,1.0
V12_noise_0.1,noise_0.1,0.2,0.8,0.3951601444842132,checked,1,10,0.43858740364353005,25,0,0,75,25,1.0
V12_noise_0.1,noise_0.1,0.2,0.8,0.3951601444842132,checked,2,10,0.43858740364353005,25,0,0,75,25,1.0
V12_noise_0.2,noise_0.2,0.01,1.0,0.0,original,0,10,0.0,5,47,20,28,52,0.12987012987012986
V12_noise_0.2,noise_0.2,0.01,1.0,0.0,original,1,10,0.0,13,37,12,38,50,0.3466666666666667
V12_noise_0.2,noise_0.2,0.01,1.0,0.0,original,2,10,0.0,11,44,14,31,55,0.275
V12_noise_0.2,noise_0.2,0.01,1.0,0.0,checked,0,10,0.0,5,46,20,29,51,0.13157894736842105
V12_noise_0.2,noise_0.2,0.01,1.0,0.0,checked,1,10,0.0,13,38,12,37,51,0.34210526315789475
V12_noise_0.2,noise_0.2,0.01,1.0,0.0,checked,2,10,0.0,11,45,14,30,56,0.2716049382716049
V12_noise_0.2,noise_0.2,0.025,0.9749494949494949,0.07772737362504414,original,0,10,0.0886796742832764,25,73,0,2,98,0.4065040650406504
V12_noise_0.2,noise_0.2,0.025,0.9749494949494949,0.07772737362504414,original,1,10,0.12320246419374918,25,66,0,9,91,0.43103448275862066
V12_noise_0.2,noise_0.2,0.025,0.9749494949494949,0.07772737362504414,original,2,10,-0.0022785494427772523,25,73,0,2,98,0.4065040650406504
V12_noise_0.2,noise_0.2,0.025,0.9749494949494949,0.07772737362504414,checked,0,10,0.18330908369463553,25,42,0,33,67,0.5434782608695652
V12_noise_0.2,noise_0.2,0.025,0.9749494949494949,0.07772737362504414,checked,1,10,0.18976772912167775,25,61,0,14,86,0.45045045045045046
V12_noise_0.2,noise_0.2,0.025,0.9749494949494949,0.07772737362504414,checked,2,10,0.18330908369463553,25,42,0,33,67,0.5434782608695652
V12_noise_0.2,noise_0.2,0.05,0.9498989898989899,0.15062807831018654,original,0,10,0.0938080630089844,25,67,0,8,92,0.42735042735042733
V12_noise_0.2,noise_0.2,0.05,0.9498989898989899,0.15062807831018654,original,1,10,0.054730533753742434,25,69,0,6,94,0.42016806722689076
V12_noise_0.2,noise_0.2,0.05,0.9498989898989899,0.15062807831018654,original,2,10,0.06811388832094888,25,56,0,19,81,0.4716981132075472
V12_noise_0.2,noise_0.2,0.05,0.9498989898989899,0.15062807831018654,checked,0,10,0.20906046433446857,25,26,0,49,51,0.6578947368421053
V12_noise_0.2,noise_0.2,0.05,0.9498989898989899,0.15062807831018654,checked,1,10,0.20906046433446857,25,26,0,49,51,0.6578947368421053
V12_noise_0.2,noise_0.2,0.05,0.9498989898989899,0.15062807831018654,checked,2,10,0.20906046433446857,25,26,0,49,51,0.6578947368421053
V12_noise_0.2,noise_0.2,0.075,0.9248484848484848,0.19651643388985243,original,0,10,0.23796683227992557,25,13,0,62,38,0.7936507936507936
V12_noise_0.2,noise_0.2,0.075,0.9248484848484848,0.19651643388985243,original,1,10,0.22720787111409604,25,19,0,56,44,0.7246376811594203
V12_noise_0.2,noise_0.2,0.075,0.9248484848484848,0.19651643388985243,original,2,10,0.23165841629923944,25,13,0,62,38,0.7936507936507936
V12_noise_0.2,noise_0.2,0.075,0.9248484848484848,0.19651643388985243,checked,0,10,0.2386706388269634,25,12,0,63,37,0.8064516129032258
V12_noise_0.2,noise_0.2,0.075,0.9248484848484848,0.19651643388985243,checked,1,10,0.2386706388269634,25,12,0,63,37,0.8064516129032258
V12_noise_0.2,noise_0.2,0.075,0.9248484848484848,0.19651643388985243,checked,2,10,0.2386706388269634,25,12,0,63,37,0.8064516129032258
V12_noise_0.2,noise_0.2,0.1,0.9,0.23613491919297694,original,0,10,0.27014630409447327,25,2,0,73,27,0.9615384615384616
V12_noise_0.2,noise_0.2,0.1,0.9,0.23613491919297694,original,1,10,0.27014630409447327,25,2,0,73,27,0.9615384615384616
V12_noise_0.2,noise_0.2,0.1,0.9,0.23613491919297694,original,2,10,0.27014630409447327,25,2,0,73,27,0.9615384615384616
V12_noise_0.2,noise_0.2,0.1,0.9,0.23613491919297694,checked,0,10,0.27035507076201315,25,1,0,74,26,0.9803921568627451
V12_noise_0.2,noise_0.2,0.1,0.9,0.23613491919297694,checked,1,10,0.27035507076201315,25,1,0,74,26,0.9803921568627451
V12_noise_0.2,noise_0.2,0.1,0.9,0.23613491919297694,checked,2,10,0.27035507076201315,25,1,0,74,26,0.9803921568627451
V12_noise_0.2,noise_0.2,0.125,0.8749494949494949,0.2633078314348556,original,0,10,0.2953931211724781,25,2,0,73,27,0.9615384615384616
V12_noise_0.2,noise_0.2,0.125,0.8749494949494949,0.2633078314348556,original,1,10,0.2953931211724781,25,2,0,73,27,0.9615384615384616
V12_noise_0.2,noise_0.2,0.125,0.8749494949494949,0.2633078314348556,original,2,10,0.2953931211724781,25,2,0,73,27,0.9615384615384616
V12_noise_0.2,noise_0.2,0.125,0.8749494949494949,0.2633078314348556,checked,0,10,0.29590720285874117,25,1,0,74,26,0.9803921568627451
V12_noise_0.2,noise_0.2,0.125,0.8749494949494949,0.2633078314348556,checked,1,10,0.29590720285874117,25,1,0,74,26,0.9803921568627451
V12_noise_0.2,noise_0.2,0.125,0.8749494949494949,0.2633078314348556,checked,2,10,0.29590720285874117,25,1,0,74,26,0.9803921568627451
V12_noise_0.2,noise_0.2,0.15,0.8498989898989899,0.29215927352930066,original,0,10,0.3082452342944207,25,3,0,72,28,0.9433962264150944
V12_noise_0.2,noise_0.2,0.15,0.8498989898989899,0.29215927352930066,original,1,10,0.3082452342944207,25,3,0,72,28,0.9433962264150944
V12_noise_0.2,noise_0.2,0.15,0.8498989898989899,0.29215927352930066,original,2,10,0.3082452342944207,25,3,0,72,28,0.9433962264150944
V12_noise_0.2,noise_0.2,0.15,0.8498989898989899,0.29215927352930066,checked,0,10,0.30963995607769146,25,1,0,74,26,0.9803921568627451
V12_noise_0.2,noise_0.2,0.15,0.8498989898989899,0.29215927352930066,checked,1,10,0.30963995607769146,25,1,0,74,26,0.9803921568627451
V12_noise_0.2,noise_0.2,0.15,0.8498989898989899,0.29215927352930066,checked,2,10,0.30963995607769146,25,1,0,74,26,0.9803921568627451
V12_noise_0.2,noise_0.2,0.2,0.8,0.34710254300084786,original,0,10,0.3517726558539253,25,1,0,74,26,0.9803921568627451
V12_noise_0.2,noise_0.2,0.2,0.8,0.34710254300084786,original,1,10,0.3517726558539253,25,1,0,74,26,0.9803921568627451
V12_noise_0.2,noise_0.2,0.2,0.8,0.34710254300084786,original,2,10,0.3517726558539253,25,1,0,74,26,0.9803921568627451
V12_noise_0.2,noise_0.2,0.2,0.8,0.34710254300084786,checked,0,10,0.35310865212135717,25,0,0,75,25,1.0
V12_noise_0.2,noise_0.2,0.2,0.8,0.34710254300084786,checked,1,10,0.35310865212135717,25,0,0,75,25,1.0
V12_noise_0.2,noise_0.2,0.2,0.8,0.34710254300084786,checked,2,10,0.35310865212135717,25,0,0,75,25,1.0
V12_overlap_0.75,overlap_0.75,0.01,0.98989898989899,0.33768402904009986,original,0,10,-0.00010439265472707574,0,2,25,73,2,0.0
V12_overlap_0.75,overlap_0.75,0.01,0.98989898989899,0.33768402904009986,original,1,10,-0.001435913356677318,25,73,0,2,98,0.4065040650406504
V12_overlap_0.75,overlap_0.75,0.01,0.98989898989899,0.33768402904009986,original,2,10,-0.001435913356677318,25,73,0,2,98,0.4065040650406504
V12_overlap_0.75,overlap_0.75,0.01,0.98989898989899,0.33768402904009986,checked,0,10,0.24378260305040494,25,72,0,3,97,0.4098360655737705
V12_overlap_0.75,overlap_0.75,0.01,0.98989898989899,0.33768402904009986,checked,1,10,0.2291218516531755,25,66,0,9,91,0.43103448275862066
V12_overlap_0.75,overlap_0.75,0.01,0.98989898989899,0.33768402904009986,checked,2,10,0.24378260305040494,25,72,0,3,97,0.4098360655737705
V12_overlap_0.75,overlap_0.75,0.025,0.9749494949494949,0.357417840287431,original,0,10,-0.0022785494427772523,25,73,0,2,98,0.4065040650406504
V12_overlap_0.75,overlap_0.75,0.025,0.9749494949494949,0.357417840287431,original,1,10,-0.0022785494427772523,25,73,0,2,98,0.4065040650406504
V12_overlap_0.75,overlap_0.75,0.025,0.9749494949494949,0.357417840287431,original,2,10,-0.0022785494427772523,25,73,0,2,98,0.4065040650406504
V12_overlap_0.75,overlap_0.75,0.025,0.9749494949494949,0.357417840287431,checked,0,10,0.19766801985285098,25,51,0,24,76,0.49504950495049505
V12_overlap_0.75,overlap_0.75,0.025,0.9749494949494949,0.357417840287431,checked,1,10,0.19766801985285098,25,51,0,24,76,0.49504950495049505
V12_overlap_0.75,overlap_0.75,0.025,0.9749494949494949,0.357417840287431,checked,2,10,0.19766801985285098,25,51,0,24,76,0.49504950495049505
V12_overlap_0.75,overlap_0.75,0.05,0.9498989898989899,0.382823342858151,original,0,10,0.06189516785886728,25,73,0,2,98,0.4065040650406504
V12_overlap_0.75,overlap_0.75,0.05,0.9498989898989899,0.382823342858151,original,1,10,-0.0032645686152459816,25,73,0,2,98,0.4065040650406504
V12_overlap_0.75,overlap_0.75,0.05,0.9498989898989899,0.382823342858151,original,2,10,0.06234166085286969,22,42,3,33,64,0.4943820224719101
V12_overlap_0.75,overlap_0.75,0.05,0.9498989898989899,0.382823342858151,checked,0,10,0.21162665626336571,25,14,0,61,39,0.78125
V12_overlap_0.75,overlap_0.75,0.05,0.9498989898989899,0.382823342858151,checked,1,10,0.21162665626336571,25,14,0,61,39,0.78125
V12_overlap_0.75,overlap_0.75,0.05,0.9498989898989899,0.382823342858151,checked,2,10,0.21162665626336571,25,14,0,61,39,0.78125
V12_overlap_0.75,overlap_0.75,0.075,0.9248484848484848,0.3991314301875049,original,0,10,0.049866363366239216,25,73,0,2,98,0.4065040650406504
V12_overlap_0.75,overlap_0.75,0.075,0.9248484848484848,0.3991314301875049,original,1,10,0.0241163268854335,25,72,0,3,97,0.4098360655737705
V12_overlap_0.75,overlap_0.75,0.075,0.9248484848484848,0.3991314301875049,original,2,10,-0.0040520504963352435,25,73,0,2,98,0.4065040650406504
V12_overlap_0.75,overlap_0.75,0.075,0.9248484848484848,0.3991314301875049,checked,0,10,0.22570498293720226,25,7,0,68,32,0.8771929824561403
V12_overlap_0.75,overlap_0.75,0.075,0.9248484848484848,0.3991314301875049,checked,1,10,0.22570498293720226,25,7,0,68,32,0.8771929824561403
V12_overlap_0.75,overlap_0.75,0.075,0.9248484848484848,0.3991314301875049,checked,2,10,0.22570498293720226,25,7,0,68,32,0.8771929824561403
V12_overlap_0.75,overlap_0.75,0.1,0.9,0.4155487641358857,original,0,10,0.1548609975739567,25,41,0,34,66,0.5494505494505495
V12_overlap_0.75,overlap_0.75,0.1,0.9,0.4155487641358857,original,1,10,0.1548609975739567,25,41,0,34,66,0.5494505494505495
V12_overlap_0.75,overlap_0.75,0.1,0.9,0.4155487641358857,original,2,10,0.1548609975739567,25,41,0,34,66,0.5494505494505495
V12_overlap_0.75,overlap_0.75,0.1,0.9,0.4155487641358857,checked,0,10,0.2286971355140161,25,23,0,52,48,0.684931506849315
V12_overlap_0.75,overlap_0.75,0.1,0.9,0.4155487641358857,checked,1,10,0.2290161748159123,25,15,0,60,40,0.7692307692307693
V12_overlap_0.75,overlap_0.75,0.1,0.9,0.4155487641358857,checked,2,10,0.2286971355140161,25,23,0,52,48,0.684931506849315
V12_overlap_0.75,overlap_0.75,0.125,0.8749494949494949,0.4316601452667662,original,0,10,0.05315066926002769,25,64,0,11,89,0.43859649122807015
V12_overlap_0.75,overlap_0.75,0.125,0.8749494949494949,0.4316601452667662,original,1,10,0.0376001900826053,25,73,0,2,98,0.4065040650406504
V12_overlap_0.75,overlap_0.75,0.125,0.8749494949494949,0.4316601452667662,original,2,10,0.05315066926002769,25,64,0,11,89,0.43859649122807015
V12_overlap_0.75,overlap_0.75,0.125,0.8749494949494949,0.4316601452667662,checked,0,10,0.21715108045667705,25,12,0,63,37,0.8064516129032258
V12_overlap_0.75,overlap_0.75,0.125,0.8749494949494949,0.4316601452667662,checked,1,10,0.21715108045667705,25,12,0,63,37,0.8064516129032258
V12_overlap_0.75,overlap_0.75,0.125,0.8749494949494949,0.4316601452667662,checked,2,10,0.21715108045667705,25,12,0,63,37,0.8064516129032258
V12_overlap_0.75,overlap_0.75,0.15,0.8498989898989899,0.44590492327720366,original,0,10,0.02109569530110608,25,67,0,8,92,0.42735042735042733
V12_overlap_0.75,overlap_0.75,0.15,0.8498989898989899,0.44590492327720366,original,1,10,0.039910959456902845,25,63,0,12,88,0.4424778761061947
V12_overlap_0.75,overlap_0.75,0.15,0.8498989898989899,0.44590492327720366,original,2,10,0.039910959456902845,25,63,0,12,88,0.4424778761061947
V12_overlap_0.75,overlap_0.75,0.15,0.8498989898989899,0.44590492327720366,checked,0,10,0.20777599790046467,25,9,0,66,34,0.847457627118644
V12_overlap_0.75,overlap_0.75,0.15,0.8498989898989899,0.44590492327720366,checked,1,10,0.20777599790046467,25,9,0,66,34,0.847457627118644
V12_overlap_0.75,overlap_0.75,0.15,0.8498989898989899,0.44590492327720366,checked,2,10,0.20777599790046467,25,9,0,66,34,0.847457627118644
V12_overlap_0.75,overlap_0.75,0.2,0.8,0.4722014148714389,original,0,10,0.028429634005989902,25,73,0,2,98,0.4065040650406504
V12_overlap_0.75,overlap_0.75,0.2,0.8,0.4722014148714389,original,1,10,0.028429634005989902,25,73,0,2,98,0.4065040650406504
V12_overlap_0.75,overlap_0.75,0.2,0.8,0.4722014148714389,original,2,10,0.028429634005989902,25,73,0,2,98,0.4065040650406504
V12_overlap_0.75,overlap_0.75,0.2,0.8,0.4722014148714389,checked,0,10,0.18525139540406238,24,23,1,52,47,0.6666666666666666
V12_overlap_0.75,overlap_0.75,0.2,0.8,0.4722014148714389,checked,1,10,0.18525139540406238,24,23,1,52,47,0.6666666666666666
V12_overlap_0.75,overlap_0.75,0.2,0.8,0.4722014148714389,checked,2,10,0.18525139540406238,24,23,1,52,47,0.6666666666666666
V13_baseline,baseline,0.01,0.98989898989899,0.30428599716316984,original,0,10,-0.001435913356677318,27,71,0,2,98,0.432
V13_baseline,baseline,0.01,0.98989898989899,0.30428599716316984,original,1,10,-0.001435913356677318,27,71,0,2,98,0.432
V13_baseline,baseline,0.01,0.98989898989899,0.30428599716316984,original,2,10,-0.001435913356677318,27,71,0,2,98,0.432
V13_baseline,baseline,0.01,0.98989898989899,0.30428599716316984,checked,0,10,0.18202912447042227,27,62,0,11,89,0.46551724137931033
V13_baseline,baseline,0.01,0.98989898989899,0.30428599716316984,checked,1,10,0.18202912447042227,27,62,0,11,89,0.46551724137931033
V13_baseline,baseline,0.01,0.98989898989899,0.30428599716316984,checked,2,10,0.18202912447042227,27,62,0,11,89,0.46551724137931033
V13_baseline,baseline,0.025,0.9749494949494949,0.3152375832588194,original,0,10,0.15964361632922403,27,57,0,16,84,0.4864864864864865
V13_baseline,baseline,0.025,0.9749494949494949,0.3152375832588194,original,1,10,0.10722600900615821,27,63,0,10,90,0.46153846153846156
V13_baseline,baseline,0.025,0.9749494949494949,0.3152375832588194,original,2,10,0.13955999542005051,27,54,0,19,81,0.5
V13_baseline,baseline,0.025,0.9749494949494949,0.3152375832588194,checked,0,10,0.20326708115832218,27,32,0,41,59,0.627906976744186
V13_baseline,baseline,0.025,0.9749494949494949,0.3152375832588194,checked,1,10,0.20326708115832218,27,32,0,41,59,0.627906976744186
V13_baseline,baseline,0.025,0.9749494949494949,0.3152375832588194,checked,2,10,0.20326708115832218,27,32,0,41,59,0.627906976744186
V13_baseline,baseline,0.05,0.9498989898989899,0.330090469527466,original,0,10,0.19121620548477444,27,44,0,29,71,0.5510204081632653
V13_baseline,baseline,0.05,0.9498989898989899,0.330090469527466,original,1,10,0.21818142868102133,27,10,0,63,37,0.84375
V13_baseline,baseline,0.05,0.9498989898989899,0.330090469527466,original,2,10,0.21818142868102133,27,10,0,63,37,0.84375
V13_baseline,baseline,0.05,0.9498989898989899,0.330090469527466,checked,0,10,0.22208593800807316,27,6,0,67,33,0.9
V13_baseline,baseline,0.05,0.9498989898989899,0.330090469527466,checked,1,10,0.22208593800807316,27,6,0,67,33,0.9
V13_baseline,baseline,0.05,0.9498989898989899,0.330090469527466,checked,2,10,0.22208593800807316,27,6,0,67,33,0.9
V13_baseline,baseline,0.075,0.9248484848484848,0.34379621255906345,original,0,10,0.268582955393998,27,2,0,71,29,0.9642857142857143
V13_baseline,baseline,0.075,0.9248484848484848,0.34379621255906345,original,1,10,0.268582955393998,27,2,0,71,29,0.9642857142857143
V13_baseline,baseline,0.075,0.9248484848484848,0.34379621255906345,original,2,10,0.268582955393998,27,2,0,71,29,0.9642857142857143
V13_baseline,baseline,0.075,0.9248484848484848,0.34379621255906345,checked,0,10,0.269059234432513,27,3,0,70,30,0.9473684210526315
V13_baseline,baseline,0.075,0.9248484848484848,0.34379621255906345,checked,1,10,0.269059234432513,27,3,0,70,30,0.9473684210526315
V13_baseline,baseline,0.075,0.9248484848484848,0.34379621255906345,checked,2,10,0.269059234432513,27,3,0,70,30,0.9473684210526315
V13_baseline,baseline,0.1,0.9,0.3587639053365057,original,0,10,0.3133265325211624,27,0,0,73,27,1.0
V13_baseline,baseline,0.1,0.9,0.3587639053365057,original,1,10,0.3133265325211624,27,0,0,73,27,1.0
V13_baseline,baseline,0.1,0.9,0.3587639053365057,original,2,10,0.3133265325211624,27,0,0,73,27,1.0
V13_baseline,baseline,0.1,0.9,0.3587639053365057,checked,0,10,0.3133265325211624,27,0,0,73,27,1.0
V13_baseline,baseline,0.1,0.9,0.3587639053365057,checked,1,10,0.3133265325211624,27,0,0,73,27,1.0
V13_baseline,baseline,0.1,0.9,0.3587639053365057,checked,2,10,0.3133265325211624,27,0,0,73,27,1.0
V13_baseline,baseline,0.125,0.8749494949494949,0.3733141287845762,original,0,10,0.3553609153721759,27,0,0,73,27,1.0
V13_baseline,baseline,0.125,0.8749494949494949,0.3733141287845762,original,1,10,0.3553609153721759,27,0,0,73,27,1.0
V13_baseline,baseline,0.125,0.8749494949494949,0.3733141287845762,original,2,10,0.3553609153721759,27,0,0,73,27,1.0
V13_baseline,baseline,0.125,0.8749494949494949,0.3733141287845762,checked,0,10,0.3553609153721759,27,0,0,73,27,1.0
V13_baseline,baseline,0.125,0.8749494949494949,0.3733141287845762,checked,1,10,0.3553609153721759,27,0,0,73,27,1.0
V13_baseline,baseline,0.125,0.8749494949494949,0.3733141287845762,checked,2,10,0.3553609153721759,27,0,0,73,27,1.0
V13_baseline,baseline,0.15,0.8498989898989899,0.38590122083860695,original,0,10,0.3931326479366674,27,1,0,72,28,0.9818181818181818
V13_baseline,baseline,0.15,0.8498989898989899,0.38590122083860695,original,1,10,0.3931326479366674,27,1,0,72,28,0.9818181818181818
V13_baseline,baseline,0.15,0.8498989898989899,0.38590122083860695,original,2,10,0.3931326479366674,27,1,0,72,28,0.9818181818181818
V13_baseline,baseline,0.15,0.8498989898989899,0.38590122083860695,checked,0,10,0.3950268158688647,27,0,0,73,27,1.0
V13_baseline,baseline,0.15,0.8498989898989899,0.38590122083860695,checked,1,10,0.3950268158688647,27,0,0,73,27,1.0
V13_baseline,baseline,0.15,0.8498989898989899,0.38590122083860695,checked,2,10,0.3950268158688647,27,0,0,73,27,1.0
V13_baseline,baseline,0.2,0.8,0.41353211571343473,original,0,10,0.46873594126649953,27,1,0,72,28,0.9818181818181818
V13_baseline,baseline,0.2,0.8,0.41353211571343473,original,1,10,0.46873594126649953,27,1,0,72,28,0.9818181818181818
V13_baseline,baseline,0.2,0.8,0.41353211571343473,original,2,10,0.46873594126649953,27,1,0,72,28,0.9818181818181818
V13_baseline,baseline,0.2,0.8,0.41353211571343473,checked,0,10,0.4699897987817438,27,0,0,73,27,1.0
V13_baseline,baseline,0.2,0.8,0.41353211571343473,checked,1,10,0.4699897987817438,27,0,0,73,27,1.0
V13_baseline,baseline,0.2,0.8,0.41353211571343473,checked,2,10,0.4699897987817438,27,0,0,73,27,1.0
V13_noise_0.1,noise_0.1,0.01,0.98989898989899,0.19303405981526087,original,0,10,0.1270732163140647,27,65,0,8,92,0.453781512605042
V13_noise_0.1,noise_0.1,0.01,0.98989898989899,0.19303405981526087,original,1,10,-0.001435913356677318,27,71,0,2,98,0.432
V13_noise_0.1,noise_0.1,0.01,0.98989898989899,0.19303405981526087,original,2,10,0.020565352981233333,1,1,26,72,2,0.06896551724137931
V13_noise_0.1,noise_0.1,0.01,0.98989898989899,0.19303405981526087,checked,0,10,0.2467805869660963,27,60,0,13,87,0.47368421052631576
V13_noise_0.1,noise_0.1,0.01,0.98989898989899,0.19303405981526087,checked,1,10,0.2467805869660963,27,60,0,13,87,0.47368421052631576
V13_noise_0.1,noise_0.1,0.01,0.98989898989899,0.19303405981526087,checked,2,10,0.2467805869660963,27,60,0,13,87,0.47368421052631576
V13_noise_0.1,noise_0.1,0.025,0.9749494949494949,0.23778528416400438,original,0,10,0.1665590306382329,27,60,0,13,87,0.47368421052631576
V13_noise_0.1,noise_0.1,0.025,0.9749494949494949,0.23778528416400438,original,1,10,0.1665590306382329,27,60,0,13,87,0.47368421052631576
V13_noise_0.1,noise_0.1,0.025,0.9749494949494949,0.23778528416400438,original,2,10,0.18731914550098294,27,60,0,13,87,0.47368421052631576
V13_noise_0.1,noise_0.1,0.025,0.9749494949494949,0.23778528416400438,checked,0,10,0.1924249901379858,27,46,0,27,73,0.54
V13_noise_0.1,noise_0.1,0.025,0.9749494949494949,0.23778528416400438,checked,1,10,0.1924249901379858,27,46,0,27,73,0.54
V13_noise_0.1,noise_0.1,0.025,0.9749494949494949,0.23778528416400438,checked,2,10,0.1924249901379858,27,46,0,27,73,0.54
V13_noise_0.1,noise_0.1,0.05,0.9498989898989899,0.28165854882751173,original,0,10,0.18153416271880976,27,45,0,28,72,0.5454545454545454
V13_noise_0.1,noise_0.1,0.05,0.9498989898989899,0.28165854882751173,original,1,10,0.22668062127369012,27,13,0,60,40,0.8059701492537313
V13_noise_0.1,noise_0.1,0.05,0.9498989898989899,0.28165854882751173,original,2,10,0.17266666525668445,27,67,0,6,94,0.4462809917355372
V13_noise_0.1,noise_0.1,0.05,0.9498989898989899,0.28165854882751173,checked,0,10,0.22889209877249098,27,12,0,61,39,0.8181818181818182
V13_noise_0.1,noise_0.1,0.05,0.9498989898989899,0.28165854882751173,checked,1,10,0.22889209877249098,27,12,0,61,39,0.8181818181818182
V13_noise_0.1,noise_0.1,0.05,0.9498989898989899,0.28165854882751173,checked,2,10,0.22889209877249098,27,12,0,61,39,0.8181818181818182
V13_noise_0.1,noise_0.1,0.075,0.9248484848484848,0.3107308412804652,original,0,10,0.268582955393998,27,2,0,71,29,0.9642857142857143
V13_noise_0.1,noise_0.1,0.075,0.9248484848484848,0.3107308412804652,original,1,10,0.268582955393998,27,2,0,71,29,0.9642857142857143
V13_noise_0.1,noise_0.1,0.075,0.9248484848484848,0.3107308412804652,original,2,10,0.268582955393998,27,2,0,71,29,0.9642857142857143
V13_noise_0.1,noise_0.1,0.075,0.9248484848484848,0.3107308412804652,checked,0,10,0.269059234432513,27,3,0,70,30,0.9473684210526315
V13_noise_0.1,noise_0.1,0.075,0.9248484848484848,0.3107308412804652,checked,1,10,0.269059234432513,27,3,0,70,30,0.9473684210526315
V13_noise_0.1,noise_0.1,0.075,0.9248484848484848,0.3107308412804652,checked,2,10,0.269059234432513,27,3,0,70,30,0.9473684210526315
V13_noise_0.1,noise_0.1,0.1,0.9,0.33451154867382116,original,0,10,0.3091218195386949,27,1,0,72,28,0.9818181818181818
V13_noise_0.1,noise_0.1,0.1,0.9,0.33451154867382116,original,1,10,0.3091218195386949,27,1,0,72,28,0.9818181818181818
V13_noise_0.1,noise_0.1,0.1,0.9,0.33451154867382116,original,2,10,0.3091218195386949,27,1,0,72,28,0.9818181818181818
V13_noise_0.1,noise_0.1,0.1,0.9,0.33451154867382116,checked,0,10,0.30927838610616026,27,0,0,73,27,1.0
V13_noise_0.1,noise_0.1,0.1,0.9,0.33451154867382116,checked,1,10,0.30927838610616026,27,0,0,73,27,1.0
V13_noise_0.1,noise_0.1,0.1,0.9,0.33451154867382116,checked,2,10,0.30927838610616026,27,0,0,73,27,1.0
V13_noise_0.1,noise_0.1,0.125,0.8749494949494949,0.3558566428498662,original,0,10,0.3475429243809737,27,1,0,72,28,0.9818181818181818
V13_noise_0.1,noise_0.1,0.125,0.8749494949494949,0.3558566428498662,original,1,10,0.3475429243809737,27,1,0,72,28,0.9818181818181818
V13_noise_0.1,noise_0.1,0.125,0.8749494949494949,0.3558566428498662,original,2,10,0.3475429243809737,27,1,0,72,28,0.9818181818181818
V13_noise_0.1,noise_0.1,0.125,0.8749494949494949,0.3558566428498662,checked,0,10,0.34801792016404964,27,0,0,73,27,1.0
V13_noise_0.1,noise_0.1,0.125,0.8749494949494949,0.3558566428498662,checked,1,10,0.34801792016404964,27,0,0,73,27,1.0
V13_noise_0.1,noise_0.1,0.125,0.8749494949494949,0.3558566428498662,checked,2,10,0.34801792016404964,27,0,0,73,27,1.0
V13_noise_0.1,noise_0.1,0.15,0.8498989898989899,0.3730882630037633,original,0,10,0.38520982266339104,27,1,0,72,28,0.9818181818181818
V13_noise_0.1,noise_0.1,0.15,0.8498989898989899,0.3730882630037633,original,1,10,0.38520982266339104,27,1,0,72,28,0.9818181818181818
V13_noise_0.1,noise_0.1,0.15,0.8498989898989899,0.3730882630037633,original,2,10,0.38520982266339104,27,1,0,72,28,0.9818181818181818
V13_noise_0.1,noise_0.1,0.15,0.8498989898989899,0.3730882630037633,checked,0,10,0.3859596672370713,27,0,0,73,27,1.0
V13_noise_0.1,noise_0.1,0.15,0.8498989898989899,0.3730882630037633,checked,1,10,0.3859596672370713,27,0,0,73,27,1.0
V13_noise_0.1,noise_0.1,0.15,0.8498989898989899,0.3730882630037633,checked,2,10,0.3859596672370713,27,0,0,73,27,1.0
V13_noise_0.1,noise_0.1,0.2,0.8,0.4082523503726507,original,0,10,0.4525656629994361,27,1,0,72,28,0.9818181818181818
V13_noise_0.1,noise_0.1,0.2,0.8,0.4082523503726507,original,1,10,0.4525656629994361,27,1,0,72,28,0.9818181818181818
V13_noise_0.1,noise_0.1,0.2,0.8,0.4082523503726507,original,2,10,0.4525656629994361,27,1,0,72,28,0.9818181818181818
V13_noise_0.1,noise_0.1,0.2,0.8,0.4082523503726507,checked,0,10,0.45784535953673744,27,0,0,73,27,1.0
V13_noise_0.1,noise_0.1,0.2,0.8,0.4082523503726507,checked,1,10,0.45784535953673744,27,0,0,73,27,1.0
V13_noise_0.1,noise_0.1,0.2,0.8,0.4082523503726507,checked,2,10,0.45784535953673744,27,0,0,73,27,1.0
V13_noise_0.2,noise_0.2,0.01,0.98989898989899,0.023869295973003243,original,0,10,0.031187247023423046,27,67,0,6,94,0.4462809917355372
V13_noise_0.2,noise_0.2,0.01,0.98989898989899,0.023869295973003243,original,1,10,-0.001435913356677318,27,71,0,2,98,0.432
V13_noise_0.2,noise_0.2,0.01,0.98989898989899,0.023869295973003243,original,2,10,-0.001435913356677318,27,71,0,2,98,0.432
V13_noise_0.2,noise_0.2,0.01,0.98989898989899,0.023869295973003243,checked,0,10,0.23485569615050583,27,61,0,12,88,0.46956521739130436
V13_noise_0.2,noise_0.2,0.01,0.98989898989899,0.023869295973003243,checked,1,10,0.23485569615050583,27,61,0,12,88,0.46956521739130436
V13_noise_0.2,noise_0.2,0.01,0.98989898989899,0.023869295973003243,checked,2,10,0.23365879341552578,27,57,0,16,84,0.4864864864864865
V13_noise_0.2,noise_0.2,0.025,0.9749494949494949,0.09859077294089305,original,0,10,0.17645356954831906,27,57,0,16,84,0.4864864864864865
V13_noise_0.2,noise_0.2,0.025,0.9749494949494949,0.09859077294089305,original,1,10,0.17052190345473162,27,59,0,14,86,0.4778761061946903
V13_noise_0.2,noise_0.2,0.025,0.9749494949494949,0.09859077294089305,original,2,10,-0.0022785494427772523,27,71,0,2,98,0.432
V13_noise_0.2,noise_0.2,0.025,0.9749494949494949,0.09859077294089305,checked,0,10,0.20214971086101605,27,45,0,28,72,0.5454545454545454
V13_noise_0.2,noise_0.2,0.025,0.9749494949494949,0.09859077294089305,checked,1,10,0.20214971086101605,27,45,0,28,72,0.5454545454545454
V13_noise_0.2,noise_0.2,0.025,0.9749494949494949,0.09859077294089305,checked,2,10,0.20214971086101605,27,45,0,28,72,0.5454545454545454
V13_noise_0.2,noise_0.2,0.05,0.9498989898989899,0.16947933458611736,original,0,10,0.15465976298077078,27,68,0,5,95,0.4426229508196721
V13_noise_0.2,noise_0.2,0.05,0.9498989898989899,0.16947933458611736,original,1,10,0.1980516281341272,27,33,0,40,60,0.6206896551724138
V13_noise_0.2,noise_0.2,0.05,0.9498989898989899,0.16947933458611736,original,2,10,0.15465976298077078,27,68,0,5,95,0.4426229508196721
V13_noise_0.2,noise_0.2,0.05,0.9498989898989899,0.16947933458611736,checked,0,10,0.21204969686402372,27,11,0,62,38,0.8307692307692308
V13_noise_0.2,noise_0.2,0.05,0.9498989898989899,0.16947933458611736,checked,1,10,0.21204969686402372,27,11,0,62,38,0.8307692307692308
V13_noise_0.2,noise_0.2,0.05,0.9498989898989899,0.16947933458611736,checked,2,10,0.21204969686402372,27,11,0,62,38,0.8307692307692308
V13_noise_0.2,noise_0.2,0.075,0.9248484848484848,0.2134155667441954,original,0,10,0.2479059380808975,27,8,0,65,35,0.8709677419354839
V13_noise_0.2,noise_0.2,0.075,0.9248484848484848,0.2134155667441954,original,1,10,0.2479059380808975,27,8,0,65,35,0.8709677419354839
V13_noise_0.2,noise_0.2,0.075,0.9248484848484848,0.2134155667441954,original,2,10,0.2479059380808975,27,8,0,65,35,0.8709677419354839
V13_noise_0.2,noise_0.2,0.075,0.9248484848484848,0.2134155667441954,checked,0,10,0.2481456753689417,27,4,0,69,31,0.9310344827586207
V13_noise_0.2,noise_0.2,0.075,0.9248484848484848,0.2134155667441954,checked,1,10,0.2481456753689417,27,4,0,69,31,0.9310344827586207
V13_noise_0.2,noise_0.2,0.075,0.9248484848484848,0.2134155667441954,checked,2,10,0.2481456753689417,27,4,0,69,31,0.9310344827586207
V13_noise_0.2,noise_0.2,0.1,0.9,0.25478879355892536,original,0,10,0.26838965012984184,27,7,0,66,34,0.8852459016393442
V13_noise_0.2,noise_0.2,0.1,0.9,0.25478879355892536,original,1,10,0.26838965012984184,27,7,0,66,34,0.8852459016393442
V13_noise_0.2,noise_0.2,0.1,0.9,0.25478879355892536,original,2,10,0.26838965012984184,27,7,0,66,34,0.8852459016393442
V13_noise_0.2,noise_0.2,0.1,0.9,0.25478879355892536,checked,0,10,0.26876477947403415,27,8,0,65,35,0.8709677419354839
V13_noise_0.2,noise_0.2,0.1,0.9,0.25478879355892536,checked,1,10,0.26876477947403415,27,8,0,65,35,0.8709677419354839
V13_noise_0.2,noise_0.2,0.1,0.9,0.25478879355892536,checked,2,10,0.26876477947403415,27,8,0,65,35,0.8709677419354839
V13_noise_0.2,noise_0.2,0.125,0.8749494949494949,0.2869524200170231,original,0,10,0.30151228384591666,27,0,0,73,27,1.0
V13_noise_0.2,noise_0.2,0.125,0.8749494949494949,0.2869524200170231,original,1,10,0.30151228384591666,27,0,0,73,27,1.0
V13_noise_0.2,noise_0.2,0.125,0.8749494949494949,0.2869524200170231,original,2,10,0.30151228384591666,27,0,0,73,27,1.0
V13_noise_0.2,noise_0.2,0.125,0.8749494949494949,0.2869524200170231,checked,0,10,0.3023235021721247,27,1,0,72,28,0.9818181818181818
V13_noise_0.2,noise_0.2,0.125,0.8749494949494949,0.2869524200170231,checked,1,10,0.3023235021721247,27,1,0,72,28,0.9818181818181818
V13_noise_0.2,noise_0.2,0.125,0.8749494949494949,0.2869524200170231,checked,2,10,0.3023235021721247,27,1,0,72,28,0.9818181818181818
V13_noise_0.2,noise_0.2,0.15,0.8498989898989899,0.3124028021676931,original,0,10,0.32702320113041417,27,0,0,73,27,1.0
V13_noise_0.2,noise_0.2,0.15,0.8498989898989899,0.3124028021676931,original,1,10,0.32702320113041417,27,0,0,73,27,1.0
V13_noise_0.2,noise_0.2,0.15,0.8498989898989899,0.3124028021676931,original,2,10,0.32702320113041417,27,0,0,73,27,1.0
V13_noise_0.2,noise_0.2,0.15,0.8498989898989899,0.3124028021676931,checked,0,10,0.32861821356855986,27,1,0,72,28,0.9818181818181818
V13_noise_0.2,noise_0.2,0.15,0.8498989898989899,0.3124028021676931,checked,1,10,0.32861821356855986,27,1,0,72,28,0.9818181818181818
V13_noise_0.2,noise_0.2,0.15,0.8498989898989899,0.3124028021676931,checked,2,10,0.32861821356855986,27,1,0,72,28,0.9818181818181818
V13_noise_0.2,noise_0.2,0.2,0.8,0.36438078794452317,original,0,10,0.36463977492227906,27,1,0,72,28,0.9818181818181818
V13_noise_0.2,noise_0.2,0.2,0.8,0.36438078794452317,original,1,10,0.36463977492227906,27,1,0,72,28,0.9818181818181818
V13_noise_0.2,noise_0.2,0.2,0.8,0.36438078794452317,original,2,10,0.36463977492227906,27,1,0,72,28,0.9818181818181818
V13_noise_0.2,noise_0.2,0.2,0.8,0.36438078794452317,checked,0,10,0.3657500285954397,27,0,0,73,27,1.0
V13_noise_0.2,noise_0.2,0.2,0.8,0.36438078794452317,checked,1,10,0.3657500285954397,27,0,0,73,27,1.0
V13_noise_0.2,noise_0.2,0.2,0.8,0.36438078794452317,checked,2,10,0.3657500285954397,27,0,0,73,27,1.0
V13_overlap_0.75,overlap_0.75,0.01,0.98989898989899,0.33717180790536927,original,0,10,0.04044953136057983,27,68,0,5,95,0.4426229508196721
V13_overlap_0.75,overlap_0.75,0.01,0.98989898989899,0.33717180790536927,original,1,10,0.04044953136057983,27,68,0,5,95,0.4426229508196721
V13_overlap_0.75,overlap_0.75,0.01,0.98989898989899,0.33717180790536927,original,2,10,0.031187247023423046,27,67,0,6,94,0.4462809917355372
V13_overlap_0.75,overlap_0.75,0.01,0.98989898989899,0.33717180790536927,checked,0,10,0.22447175294718252,27,63,0,10,90,0.46153846153846156
V13_overlap_0.75,overlap_0.75,0.01,0.98989898989899,0.33717180790536927,checked,1,10,0.22447175294718252,27,63,0,10,90,0.46153846153846156
V13_overlap_0.75,overlap_0.75,0.01,0.98989898989899,0.33717180790536927,checked,2,10,0.22447175294718252,27,63,0,10,90,0.46153846153846156
V13_overlap_0.75,overlap_0.75,0.025,0.9749494949494949,0.3598839278053439,original,0,10,-0.0022785494427772523,27,71,0,2,98,0.432
V13_overlap_0.75,overlap_0.75,0.025,0.9749494949494949,0.3598839278053439,original,1,10,-0.0022785494427772523,27,71,0,2,98,0.432
V13_overlap_0.75,overlap_0.75,0.025,0.9749494949494949,0.3598839278053439,original,2,10,-0.0022785494427772523,27,71,0,2,98,0.432
V13_overlap_0.75,overlap_0.75,0.025,0.9749494949494949,0.3598839278053439,checked,0,10,0.18767267012428476,27,43,0,30,70,0.5567010309278351
V13_overlap_0.75,overlap_0.75,0.025,0.9749494949494949,0.3598839278053439,checked,1,10,0.18767267012428476,27,43,0,30,70,0.5567010309278351
V13_overlap_0.75,overlap_0.75,0.025,0.9749494949494949,0.3598839278053439,checked,2,10,0.18767267012428476,27,43,0,30,70,0.5567010309278351
V13_overlap_0.75,overlap_0.75,0.05,0.9498989898989899,0.3870705160605384,original,0,10,0.18153416271880976,27,45,0,28,72,0.5454545454545454
V13_overlap_0.75,overlap_0.75,0.05,0.9498989898989899,0.3870705160605384,original,1,10,0.15234547554565592,27,62,0,11,89,0.46551724137931033
V13_overlap_0.75,overlap_0.75,0.05,0.9498989898989899,0.3870705160605384,original,2,10,0.17376989119343839,27,50,0,23,77,0.5192307692307693
V13_overlap_0.75,overlap_0.75,0.05,0.9498989898989899,0.3870705160605384,checked,0,10,0.2082013369251169,27,21,0,52,48,0.72
V13_overlap_0.75,overlap_0.75,0.05,0.9498989898989899,0.3870705160605384,checked,1,10,0.2082013369251169,27,21,0,52,48,0.72
V13_overlap_0.75,overlap_0.75,0.05,0.9498989898989899,0.3870705160605384,checked,2,10,0.2082013369251169,27,21,0,52,48,0.72
V13_overlap_0.75,overlap_0.75,0.075,0.9248484848484848,0.40426610860516354,original,0,10,0.13427796935347636,27,35,0,38,62,0.6067415730337079
V13_overlap_0.75,overlap_0.75,0.075,0.9248484848484848,0.40426610860516354,original,1,10,0.20235329033592503,27,12,0,61,39,0.8181818181818182
V13_overlap_0.75,overlap_0.75,0.075,0.9248484848484848,0.40426610860516354,original,2,10,0.13427796935347636,27,35,0,38,62,0.6067415730337079
V13_overlap_0.75,overlap_0.75,0.075,0.9248484848484848,0.40426610860516354,checked,0,10,0.21346525963835422,27,12,0,61,39,0.8181818181818182
V13_overlap_0.75,overlap_0.75,0.075,0.9248484848484848,0.40426610860516354,checked,1,10,0.21346525963835422,27,12,0,61,39,0.8181818181818182
V13_overlap_0.75,overlap_0.75,0.075,0.9248484848484848,0.40426610860516354,checked,2,10,0.21346525963835422,27,12,0,61,39,0.8181818181818182
V13_overlap_0.75,overlap_0.75,0.1,0.9,0.42051723856693224,original,0,10,0.10296613557434353,27,40,0,33,67,0.574468085106383
V13_overlap_0.75,overlap_0.75,0.1,0.9,0.42051723856693224,original,1,10,0.08686669034683803,27,52,0,21,79,0.5094339622641509
V13_overlap_0.75,overlap_0.75,0.1,0.9,0.42051723856693224,original,2,10,0.10095743145747453,27,49,0,24,76,0.5242718446601942
V13_overlap_0.75,overlap_0.75,0.1,0.9,0.42051723856693224,checked,0,10,0.1966111870511633,27,10,0,63,37,0.84375
V13_overlap_0.75,overlap_0.75,0.1,0.9,0.42051723856693224,checked,1,10,0.1966111870511633,27,10,0,63,37,0.84375
V13_overlap_0.75,overlap_0.75,0.1,0.9,0.42051723856693224,checked,2,10,0.1966111870511633,27,10,0,63,37,0.84375
V13_overlap_0.75,overlap_0.75,0.125,0.8749494949494949,0.4355563764937399,original,0,10,0.1477229237235315,27,24,0,49,51,0.6923076923076923
V13_overlap_0.75,overlap_0.75,0.125,0.8749494949494949,0.4355563764937399,original,1,10,0.13487571291310013,26,34,1,39,60,0.5977011494252874
V13_overlap_0.75,overlap_0.75,0.125,0.8749494949494949,0.4355563764937399,original,2,10,0.1477229237235315,27,24,0,49,51,0.6923076923076923
V13_overlap_0.75,overlap_0.75,0.125,0.8749494949494949,0.4355563764937399,checked,0,10,0.19332827228771005,26,22,1,51,48,0.6933333333333334
V13_overlap_0.75,overlap_0.75,0.125,0.8749494949494949,0.4355563764937399,checked,1,10,0.19332827228771005,26,22,1,51,48,0.6933333333333334
V13_overlap_0.75,overlap_0.75,0.125,0.8749494949494949,0.4355563764937399,checked,2,10,0.19332827228771005,26,22,1,51,48,0.6933333333333334
V13_overlap_0.75,overlap_0.75,0.15,0.8498989898989899,0.4521451705867097,original,0,10,0.059899455131242715,27,44,0,29,71,0.5510204081632653
V13_overlap_0.75,overlap_0.75,0.15,0.8498989898989899,0.4521451705867097,original,1,10,0.0995063426538786,27,36,0,37,63,0.6
V13_overlap_0.75,overlap_0.75,0.15,0.8498989898989899,0.4521451705867097,original,2,10,0.05467799865129824,26,43,1,30,69,0.5416666666666666
V13_overlap_0.75,overlap_0.75,0.15,0.8498989898989899,0.4521451705867097,checked,0,10,0.18266481705184598,26,8,1,65,34,0.8524590163934426
V13_overlap_0.75,overlap_0.75,0.15,0.8498989898989899,0.4521451705867097,checked,1,10,0.18266481705184598,26,8,1,65,34,0.8524590163934426
V13_overlap_0.75,overlap_0.75,0.15,0.8498989898989899,0.4521451705867097,checked,2,10,0.18266481705184598,26,8,1,65,34,0.8524590163934426
V13_overlap_0.75,overlap_0.75,0.2,0.8,0.4793368788704652,original,0,10,0.04154737120895614,22,47,5,26,69,0.4583333333333333
V13_overlap_0.75,overlap_0.75,0.2,0.8,0.4793368788704652,original,1,10,0.018377261547332317,26,68,1,5,94,0.4297520661157025
V13_overlap_0.75,overlap_0.75,0.2,0.8,0.4793368788704652,original,2,10,0.03447459523004403,27,64,0,9,91,0.4576271186440678
V13_overlap_0.75,overlap_0.75,0.2,0.8,0.4793368788704652,checked,0,10,0.16543479217889806,25,27,2,46,52,0.6329113924050633
V13_overlap_0.75,overlap_0.75,0.2,0.8,0.4793368788704652,checked,1,10,0.16515521133426486,26,23,1,50,49,0.6842105263157895
V13_overlap_0.75,overlap_0.75,0.2,0.8,0.4793368788704652,checked,2,10,0.16543479217889806,25,27,2,46,52,0.6329113924050633
V14_baseline,baseline,0.01,0.98989898989899,0.3061811534811158,original,0,10,0.019700954045609093,2,3,26,69,5,0.12121212121212122
V14_baseline,baseline,0.01,0.98989898989899,0.3061811534811158,original,1,10,-0.001435913356677318,28,70,0,2,98,0.4444444444444444
V14_baseline,baseline,0.01,0.98989898989899,0.3061811534811158,original,2,10,-0.001435913356677318,28,70,0,2,98,0.4444444444444444
V14_baseline,baseline,0.01,0.98989898989899,0.3061811534811158,checked,0,10,0.22873715385957105,28,68,0,4,96,0.45161290322580644
V14_baseline,baseline,0.01,0.98989898989899,0.3061811534811158,checked,1,10,0.22873715385957105,28,68,0,4,96,0.45161290322580644
V14_baseline,baseline,0.01,0.98989898989899,0.3061811534811158,checked,2,10,0.22873715385957105,28,68,0,4,96,0.45161290322580644
V14_baseline,baseline,0.025,0.9749494949494949,0.3159885418184765,original,0,10,-0.0022785494427772523,28,70,0,2,98,0.4444444444444444
V14_baseline,baseline,0.025,0.9749494949494949,0.3159885418184765,original,1,10,-0.0022785494427772523,28,70,0,2,98,0.4444444444444444
V14_baseline,baseline,0.025,0.9749494949494949,0.3159885418184765,original,2,10,-0.0022785494427772523,28,70,0,2,98,0.4444444444444444
V14_baseline,baseline,0.025,0.9749494949494949,0.3159885418184765,checked,0,10,0.1924249901379858,28,45,0,27,73,0.5544554455445545
V14_baseline,baseline,0.025,0.9749494949494949,0.3159885418184765,checked,1,10,0.1924249901379858,28,45,0,27,73,0.5544554455445545
V14_baseline,baseline,0.025,0.9749494949494949,0.3159885418184765,checked,2,10,0.1924249901379858,28,45,0,27,73,0.5544554455445545
V14_baseline,baseline,0.05,0.9498989898989899,0.33181299034077855,original,0,10,0.04573433142490149,28,63,0,9,91,0.47058823529411764
V14_baseline,baseline,0.05,0.9498989898989899,0.33181299034077855,original,1,10,0.04573433142490149,28,63,0,9,91,0.47058823529411764
V14_baseline,baseline,0.05,0.9498989898989899,0.33181299034077855,original,2,10,0.07571196037121547,28,51,0,21,79,0.5233644859813084
V14_baseline,baseline,0.05,0.9498989898989899,0.33181299034077855,checked,0,10,0.23412342212043538,28,7,0,65,35,0.8888888888888888
V14_baseline,baseline,0.05,0.9498989898989899,0.33181299034077855,checked,1,10,0.23412342212043538,28,7,0,65,35,0.8888888888888888
V14_baseline,baseline,0.05,0.9498989898989899,0.33181299034077855,checked,2,10,0.23412342212043538,28,7,0,65,35,0.8888888888888888
V14_baseline,baseline,0.075,0.9248484848484848,0.34693558934421914,original,0,10,0.2805078082589113,28,7,0,65,35,0.8888888888888888
V14_baseline,baseline,0.075,0.9248484848484848,0.34693558934421914,original,1,10,0.2805078082589113,28,7,0,65,35,0.8888888888888888
V14_baseline,baseline,0.075,0.9248484848484848,0.34693558934421914,original,2,10,0.2805078082589113,28,7,0,65,35,0.8888888888888888
V14_baseline,baseline,0.075,0.9248484848484848,0.34693558934421914,checked,0,10,0.28113157951426015,28,6,0,66,34,0.9032258064516129
V14_baseline,baseline,0.075,0.9248484848484848,0.34693558934421914,checked,1,10,0.28113157951426015,28,6,0,66,34,0.9032258064516129
V14_baseline,baseline,0.075,0.9248484848484848,0.34693558934421914,checked,2,10,0.28113157951426015,28,6,0,66,34,0.9032258064516129
V14_baseline,baseline,0.1,0.9,0.36266192912329315,original,0,10,0.32556035786933224,28,3,0,69,31,0.9491525423728814
V14_baseline,baseline,0.1,0.9,0.36266192912329315,original,1,10,0.32556035786933224,28,3,0,69,31,0.9491525423728814
V14_baseline,baseline,0.1,0.9,0.36266192912329315,original,2,10,0.32556035786933224,28,3,0,69,31,0.9491525423728814
V14_baseline,baseline,0.1,0.9,0.36266192912329315,checked,0,10,0.32588244195404936,28,4,0,68,32,0.9333333333333333
V14_baseline,baseline,0.1,0.9,0.36266192912329315,checked,1,10,0.32588244195404936,28,4,0,68,32,0.9333333333333333
V14_baseline,baseline,0.1,0.9,0.36266192912329315,checked,2,10,0.32588244195404936,28,4,0,68,32,0.9333333333333333
V14_baseline,baseline,0.125,0.8749494949494949,0.3771356223550977,original,0,10,0.3643123057787163,28,1,0,71,29,0.9824561403508771
V14_baseline,baseline,0.125,0.8749494949494949,0.3771356223550977,original,1,10,0.3643123057787163,28,1,0,71,29,0.9824561403508771
V14_baseline,baseline,0.125,0.8749494949494949,0.3771356223550977,original,2,10,0.3643123057787163,28,1,0,71,29,0.9824561403508771
V14_baseline,baseline,0.125,0.8749494949494949,0.3771356223550977,checked,0,10,0.36587512257375027,28,0,0,72,28,1.0
V14_baseline,baseline,0.125,0.8749494949494949,0.3771356223550977,checked,1,10,0.36587512257375027,28,0,0,72,28,1.0
V14_baseline,baseline,0.125,0.8749494949494949,0.3771356223550977,checked,2,10,0.36587512257375027,28,0,0,72,28,1.0
V14_baseline,baseline,0.15,0.8498989898989899,0.3904926101384073,original,0,10,0.4027185582591753,28,1,0,71,29,0.9824561403508771
V14_baseline,baseline,0.15,0.8498989898989899,0.3904926101384073,original,1,10,0.4027185582591753,28,1,0,71,29,0.9824561403508771
V14_baseline,baseline,0.15,0.8498989898989899,0.3904926101384073,original,2,10,0.4027185582591753,28,1,0,71,29,0.9824561403508771
V14_baseline,baseline,0.15,0.8498989898989899,0.3904926101384073,checked,0,10,0.40671463411942693,28,0,0,72,28,1.0
V14_baseline,baseline,0.15,0.8498989898989899,0.3904926101384073,checked,1,10,0.40671463411942693,28,0,0,72,28,1.0
V14_baseline,baseline,0.15,0.8498989898989899,0.3904926101384073,checked,2,10,0.40671463411942693,28,0,0,72,28,1.0
V14_baseline,baseline,0.2,0.8,0.41470948961907517,original,0,10,0.4787917869094255,28,1,0,71,29,0.9824561403508771
V14_baseline,baseline,0.2,0.8,0.41470948961907517,original,1,10,0.4787917869094255,28,1,0,71,29,0.9824561403508771
V14_baseline,baseline,0.2,0.8,0.41470948961907517,original,2,10,0.4787917869094255,28,1,0,71,29,0.9824561403508771
V14_baseline,baseline,0.2,0.8,0.41470948961907517,checked,0,10,0.4838955771418715,28,0,0,72,28,1.0
V14_baseline,baseline,0.2,0.8,0.41470948961907517,checked,1,10,0.4838955771418715,28,0,0,72,28,1.0
V14_baseline,baseline,0.2,0.8,0.41470948961907517,checked,2,10,0.4838955771418715,28,0,0,72,28,1.0
V14_noise_0.1,noise_0.1,0.01,0.98989898989899,0.1840079523904797,original,0,10,-0.001435913356677318,28,70,0,2,98,0.4444444444444444
V14_noise_0.1,noise_0.1,0.01,0.98989898989899,0.1840079523904797,original,1,10,-0.0024875775821447035,28,69,0,3,97,0.448
V14_noise_0.1,noise_0.1,0.01,0.98989898989899,0.1840079523904797,original,2,10,-0.001435913356677318,28,70,0,2,98,0.4444444444444444
V14_noise_0.1,noise_0.1,0.01,0.98989898989899,0.1840079523904797,checked,0,10,0.2078885166251568,28,64,0,8,92,0.4666666666666667
V14_noise_0.1,noise_0.1,0.01,0.98989898989899,0.1840079523904797,checked,1,10,0.2078885166251568,28,64,0,8,92,0.4666666666666667
V14_noise_0.1,noise_0.1,0.01,0.98989898989899,0.1840079523904797,checked,2,10,0.2078885166251568,28,64,0,8,92,0.4666666666666667
V14_noise_0.1,noise_0.1,0.025,0.9749494949494949,0.23462932057979785,original,0,10,-0.0022785494427772523,28,70,0,2,98,0.4444444444444444
V14_noise_0.1,noise_0.1,0.025,0.9749494949494949,0.23462932057979785,original,1,10,-0.0022785494427772523,28,70,0,2,98,0.4444444444444444
V14_noise_0.1,noise_0.1,0.025,0.9749494949494949,0.23462932057979785,original,2,10,0.025506417846731674,27,63,1,9,90,0.4576271186440678
V14_noise_0.1,noise_0.1,0.025,0.9749494949494949,0.23462932057979785,checked,0,10,0.19766801985285098,28,48,0,24,76,0.5384615384615384
V14_noise_0.1,noise_0.1,0.025,0.9749494949494949,0.23462932057979785,checked,1,10,0.19766801985285098,28,48,0,24,76,0.5384615384615384
V14_noise_0.1,noise_0.1,0.025,0.9749494949494949,0.23462932057979785,checked,2,10,0.19766801985285098,28,48,0,24,76,0.5384615384615384
V14_noise_0.1,noise_0.1,0.05,0.9498989898989899,0.28017033592081164,original,0,10,0.14263686704414824,28,39,0,33,67,0.5894736842105263
V14_noise_0.1,noise_0.1,0.05,0.9498989898989899,0.28017033592081164,original,1,10,0.14263686704414824,28,39,0,33,67,0.5894736842105263
V14_noise_0.1,noise_0.1,0.05,0.9498989898989899,0.28017033592081164,original,2,10,0.14263686704414824,28,39,0,33,67,0.5894736842105263
V14_noise_0.1,noise_0.1,0.05,0.9498989898989899,0.28017033592081164,checked,0,10,0.23848401127756053,28,11,0,61,39,0.835820895522388
V14_noise_0.1,noise_0.1,0.05,0.9498989898989899,0.28017033592081164,checked,1,10,0.23848401127756053,28,11,0,61,39,0.835820895522388
V14_noise_0.1,noise_0.1,0.05,0.9498989898989899,0.28017033592081164,checked,2,10,0.23848401127756053,28,11,0,61,39,0.835820895522388
V14_noise_0.1,noise_0.1,0.075,0.9248484848484848,0.30988618662536854,original,0,10,0.2751913209937016,28,2,0,70,30,0.9655172413793104
V14_noise_0.1,noise_0.1,0.075,0.9248484848484848,0.30988618662536854,original,1,10,0.046780915971695404,28,53,0,19,81,0.5137614678899083
V14_noise_0.1,noise_0.1,0.075,0.9248484848484848,0.30988618662536854,original,2,10,0.2751913209937016,28,2,0,70,30,0.9655172413793104
V14_noise_0.1,noise_0.1,0.075,0.9248484848484848,0.30988618662536854,checked,0,10,0.27576950240704406,28,3,0,69,31,0.9491525423728814
V14_noise_0.1,noise_0.1,0.075,0.9248484848484848,0.30988618662536854,checked,1,10,0.27576950240704406,28,3,0,69,31,0.9491525423728814
V14_noise_0.1,noise_0.1,0.075,0.9248484848484848,0.30988618662536854,checked,2,10,0.27576950240704406,28,3,0,69,31,0.9491525423728814
V14_noise_0.1,noise_0.1,0.1,0.9,0.3327731465868374,original,0,10,0.31726495840907387,28,2,0,70,30,0.9655172413793104
V14_noise_0.1,noise_0.1,0.1,0.9,0.3327731465868374,original,1,10,0.31726495840907387,28,2,0,70,30,0.9655172413793104
V14_noise_0.1,noise_0.1,0.1,0.9,0.3327731465868374,original,2,10,0.31726495840907387,28,2,0,70,30,0.9655172413793104
V14_noise_0.1,noise_0.1,0.1,0.9,0.3327731465868374,checked,0,10,0.3199020050500705,28,0,0,72,28,1.0
V14_noise_0.1,noise_0.1,0.1,0.9,0.3327731465868374,checked,1,10,0.3199020050500705,28,0,0,72,28,1.0
V14_noise_0.1,noise_0.1,0.1,0.9,0.3327731465868374,checked,2,10,0.3199020050500705,28,0,0,72,28,1.0
V14_noise_0.1,noise_0.1,0.125,0.8749494949494949,0.3524899988075194,original,0,10,0.3618693021059664,28,1,0,71,29,0.9824561403508771
V14_noise_0.1,noise_0.1,0.125,0.8749494949494949,0.3524899988075194,original,1,10,0.3618693021059664,28,1,0,71,29,0.9824561403508771
V14_noise_0.1,noise_0.1,0.125,0.8749494949494949,0.3524899988075194,original,2,10,0.3618693021059664,28,1,0,71,29,0.9824561403508771
V14_noise_0.1,noise_0.1,0.125,0.8749494949494949,0.3524899988075194,checked,0,10,0.36343082948138006,28,0,0,72,28,1.0
V14_noise_0.1,noise_0.1,0.125,0.8749494949494949,0.3524899988075194,checked,1,10,0.36343082948138006,28,0,0,72,28,1.0
V14_noise_0.1,noise_0.1,0.125,0.8749494949494949,0.3524899988075194,checked,2,10,0.36343082948138006,28,0,0,72,28,1.0
V14_noise_0.1,noise_0.1,0.15,0.8498989898989899,0.37102383566799474,original,0,10,0.39819361779938983,28,1,0,71,29,0.9824561403508771
V14_noise_0.1,noise_0.1,0.15,0.8498989898989899,0.37102383566799474,original,1,10,0.39819361779938983,28,1,0,71,29,0.9824561403508771
V14_noise_0.1,noise_0.1,0.15,0.8498989898989899,0.37102383566799474,original,2,10,0.39819361779938983,28,1,0,71,29,0.9824561403508771
V14_noise_0.1,noise_0.1,0.15,0.8498989898989899,0.37102383566799474,checked,0,10,0.39992364102804717,28,0,0,72,28,1.0
V14_noise_0.1,noise_0.1,0.15,0.8498989898989899,0.37102383566799474,checked,1,10,0.39992364102804717,28,0,0,72,28,1.0
V14_noise_0.1,noise_0.1,0.15,0.8498989898989899,0.37102383566799474,checked,2,10,0.39992364102804717,28,0,0,72,28,1.0
V14_noise_0.1,noise_0.1,0.2,0.8,0.40359655424940966,original,0,10,0.46465025733826093,28,1,0,71,29,0.9824561403508771
V14_noise_0.1,noise_0.1,0.2,0.8,0.40359655424940966,original,1,10,0.46465025733826093,28,1,0,71,29,0.9824561403508771
V14_noise_0.1,noise_0.1,0.2,0.8,0.40359655424940966,original,2,10,0.46465025733826093,28,1,0,71,29,0.9824561403508771
V14_noise_0.1,noise_0.1,0.2,0.8,0.40359655424940966,checked,0,10,0.4707572260498824,28,0,0,72,28,1.0
V14_noise_0.1,noise_0.1,0.2,0.8,0.40359655424940966,checked,1,10,0.4707572260498824,28,0,0,72,28,1.0
V14_noise_0.1,noise_0.1,0.2,0.8,0.40359655424940966,checked,2,10,0.4707572260498824,28,0,0,72,28,1.0
V14_noise_0.2,noise_0.2,0.01,1.0,0.0,original,0,10,0.0,15,37,13,35,52,0.375
V14_noise_0.2,noise_0.2,0.01,1.0,0.0,original,1,10,0.0,10,40,18,32,50,0.2564102564102564
V14_noise_0.2,noise_0.2,0.01,1.0,0.0,original,2,10,0.0,15,40,13,32,55,0.3614457831325301
V14_noise_0.2,noise_0.2,0.01,1.0,0.0,checked,0,10,0.0,15,36,13,36,51,0.379746835443038
V14_noise_0.2,noise_0.2,0.01,1.0,0.0,checked,1,10,0.0,10,41,18,31,51,0.25316455696202533
V14_noise_0.2,noise_0.2,0.01,1.0,0.0,checked,2,10,0.0,15,41,13,31,56,0.35714285714285715
V14_noise_0.2,noise_0.2,0.025,0.9749494949494949,0.08837720681388339,original,0,10,-0.0022785494427772523,28,70,0,2,98,0.4444444444444444
V14_noise_0.2,noise_0.2,0.025,0.9749494949494949,0.08837720681388339,original,1,10,0.11278442645389318,28,58,0,14,86,0.49122807017543857
V14_noise_0.2,noise_0.2,0.025,0.9749494949494949,0.08837720681388339,original,2,10,0.06636621342644494,28,62,0,10,90,0.4745762711864407
V14_noise_0.2,noise_0.2,0.025,0.9749494949494949,0.08837720681388339,checked,0,10,0.21846793349733712,28,46,0,26,74,0.5490196078431373
V14_noise_0.2,noise_0.2,0.025,0.9749494949494949,0.08837720681388339,checked,1,10,0.21846793349733712,28,46,0,26,74,0.5490196078431373
V14_noise_0.2,noise_0.2,0.025,0.9749494949494949,0.08837720681388339,checked,2,10,0.21846793349733712,28,46,0,26,74,0.5490196078431373
V14_noise_0.2,noise_0.2,0.05,0.9498989898989899,0.16813307808597266,original,0,10,0.08563811899650008,26,41,2,31,67,0.5473684210526316
V14_noise_0.2,noise_0.2,0.05,0.9498989898989899,0.16813307808597266,original,1,10,0.0676086589963361,28,59,0,13,87,0.48695652173913045
V14_noise_0.2,noise_0.2,0.05,0.9498989898989899,0.16813307808597266,original,2,10,0.007373733825837771,28,64,0,8,92,0.4666666666666667
V14_noise_0.2,noise_0.2,0.05,0.9498989898989899,0.16813307808597266,checked,0,10,0.20809648578813644,28,25,0,47,53,0.691358024691358
V14_noise_0.2,noise_0.2,0.05,0.9498989898989899,0.16813307808597266,checked,1,10,0.20809648578813644,28,25,0,47,53,0.691358024691358
V14_noise_0.2,noise_0.2,0.05,0.9498989898989899,0.16813307808597266,checked,2,10,0.20809648578813644,28,25,0,47,53,0.691358024691358
V14_noise_0.2,noise_0.2,0.075,0.9248484848484848,0.2137160425092591,original,0,10,0.09315000382220893,26,52,2,20,78,0.49056603773584906
V14_noise_0.2,noise_0.2,0.075,0.9248484848484848,0.2137160425092591,original,1,10,0.2379052097607872,28,24,0,48,52,0.7
V14_noise_0.2,noise_0.2,0.075,0.9248484848484848,0.2137160425092591,original,2,10,0.2413848345711261,28,22,0,50,50,0.717948717948718
V14_noise_0.2,noise_0.2,0.075,0.9248484848484848,0.2137160425092591,checked,0,10,0.24637175563689015,28,5,0,67,33,0.9180327868852459
V14_noise_0.2,noise_0.2,0.075,0.9248484848484848,0.2137160425092591,checked,1,10,0.24635346807242062,28,7,0,65,35,0.8888888888888888
V14_noise_0.2,noise_0.2,0.075,0.9248484848484848,0.2137160425092591,checked,2,10,0.24585235225578325,28,10,0,62,38,0.8484848484848485
V14_noise_0.2,noise_0.2,0.1,0.9,0.25300511444701146,original,0,10,0.2799454476487521,28,4,0,68,32,0.9333333333333333
V14_noise_0.2,noise_0.2,0.1,0.9,0.25300511444701146,original,1,10,0.2799454476487521,28,4,0,68,32,0.9333333333333333
V14_noise_0.2,noise_0.2,0.1,0.9,0.25300511444701146,original,2,10,0.2799454476487521,28,4,0,68,32,0.9333333333333333
V14_noise_0.2,noise_0.2,0.1,0.9,0.25300511444701146,checked,0,10,0.28351887894917793,28,0,0,72,28,1.0
V14_noise_0.2,noise_0.2,0.1,0.9,0.25300511444701146,checked,1,10,0.28351887894917793,28,0,0,72,28,1.0
V14_noise_0.2,noise_0.2,0.1,0.9,0.25300511444701146,checked,2,10,0.28351887894917793,28,0,0,72,28,1.0
V14_noise_0.2,noise_0.2,0.125,0.8749494949494949,0.2870173983845926,original,0,10,0.3182114072725311,28,0,0,72,28,1.0
V14_noise_0.2,noise_0.2,0.125,0.8749494949494949,0.2870173983845926,original,1,10,0.3182114072725311,28,0,0,72,28,1.0
V14_noise_0.2,noise_0.2,0.125,0.8749494949494949,0.2870173983845926,original,2,10,0.3182114072725311,28,0,0,72,28,1.0
V14_noise_0.2,noise_0.2,0.125,0.8749494949494949,0.2870173983845926,checked,0,10,0.3182114072725311,28,0,0,72,28,1.0
V14_noise_0.2,noise_0.2,0.125,0.8749494949494949,0.2870173983845926,checked,1,10,0.3182114072725311,28,0,0,72,28,1.0
V14_noise_0.2,noise_0.2,0.125,0.8749494949494949,0.2870173983845926,checked,2,10,0.3182114072725311,28,0,0,72,28,1.0
V14_noise_0.2,noise_0.2,0.15,0.8498989898989899,0.31193744788618455,original,0,10,0.3427630971670177,28,1,0,71,29,0.9824561403508771
V14_noise_0.2,noise_0.2,0.15,0.8498989898989899,0.31193744788618455,original,1,10,0.3427630971670177,28,1,0,71,29,0.9824561403508771
V14_noise_0.2,noise_0.2,0.15,0.8498989898989899,0.31193744788618455,original,2,10,0.3427630971670177,28,1,0,71,29,0.9824561403508771
V14_noise_0.2,noise_0.2,0.15,0.8498989898989899,0.31193744788618455,checked,0,10,0.343332031933216,28,0,0,72,28,1.0
V14_noise_0.2,noise_0.2,0.15,0.8498989898989899,0.31193744788618455,checked,1,10,0.343332031933216,28,0,0,72,28,1.0
V14_noise_0.2,noise_0.2,0.15,0.8498989898989899,0.31193744788618455,checked,2,10,0.343332031933216,28,0,0,72,28,1.0
V14_noise_0.2,noise_0.2,0.2,0.8,0.3545981661390097,original,0,10,0.3909122817171891,28,1,0,71,29,0.9824561403508771
V14_noise_0.2,noise_0.2,0.2,0.8,0.3545981661390097,original,1,10,0.3909122817171891,28,1,0,71,29,0.9824561403508771
V14_noise_0.2,noise_0.2,0.2,0.8,0.3545981661390097,original,2,10,0.3909122817171891,28,1,0,71,29,0.9824561403508771
V14_noise_0.2,noise_0.2,0.2,0.8,0.3545981661390097,checked,0,10,0.39293776188963997,28,0,0,72,28,1.0
V14_noise_0.2,noise_0.2,0.2,0.8,0.3545981661390097,checked,1,10,0.39293776188963997,28,0,0,72,28,1.0
V14_noise_0.2,noise_0.2,0.2,0.8,0.3545981661390097,checked,2,10,0.39293776188963997,28,0,0,72,28,1.0
V14_overlap_0.75,overlap_0.75,0.01,0.98989898989899,0.3396242912738694,original,0,10,-0.0024875775821447035,28,69,0,3,97,0.448
V14_overlap_0.75,overlap_0.75,0.01,0.98989898989899,0.3396242912738694,original,1,10,-0.001435913356677318,28,70,0,2,98,0.4444444444444444
V14_overlap_0.75,overlap_0.75,0.01,0.98989898989899,0.3396242912738694,original,2,10,-0.001435913356677318,28,70,0,2,98,0.4444444444444444
V14_overlap_0.75,overlap_0.75,0.01,0.98989898989899,0.3396242912738694,checked,0,10,0.20130279647317306,28,61,0,11,89,0.47863247863247865
V14_overlap_0.75,overlap_0.75,0.01,0.98989898989899,0.3396242912738694,checked,1,10,0.20130279647317306,28,61,0,11,89,0.47863247863247865
V14_overlap_0.75,overlap_0.75,0.01,0.98989898989899,0.3396242912738694,checked,2,10,0.20130279647317306,28,61,0,11,89,0.47863247863247865
V14_overlap_0.75,overlap_0.75,0.025,0.9749494949494949,0.3638199688358824,original,0,10,-0.00043016428546284734,0,2,28,70,2,0.0
V14_overlap_0.75,overlap_0.75,0.025,0.9749494949494949,0.3638199688358824,original,1,10,-0.0022785494427772523,28,70,0,2,98,0.4444444444444444
V14_overlap_0.75,overlap_0.75,0.025,0.9749494949494949,0.3638199688358824,original,2,10,-0.0022785494427772523,28,70,0,2,98,0.4444444444444444
V14_overlap_0.75,overlap_0.75,0.025,0.9749494949494949,0.3638199688358824,checked,0,10,0.22532756028326548,28,43,0,29,71,0.5656565656565656
V14_overlap_0.75,overlap_0.75,0.025,0.9749494949494949,0.3638199688358824,checked,1,10,0.22532756028326548,28,43,0,29,71,0.5656565656565656
V14_overlap_0.75,overlap_0.75,0.025,0.9749494949494949,0.3638199688358824,checked,2,10,0.22532756028326548,28,43,0,29,71,0.5656565656565656
V14_overlap_0.75,overlap_0.75,0.05,0.9498989898989899,0.38487225045505974,original,0,10,0.06189516785886728,28,70,0,2,98,0.4444444444444444
V14_overlap_0.75,overlap_0.75,0.05,0.9498989898989899,0.38487225045505974,original,1,10,-0.0032645686152459816,28,70,0,2,98,0.4444444444444444
V14_overlap_0.75,overlap_0.75,0.05,0.9498989898989899,0.38487225045505974,original,2,10,-0.0032645686152459816,28,70,0,2,98,0.4444444444444444
V14_overlap_0.75,overlap_0.75,0.05,0.9498989898989899,0.38487225045505974,checked,0,10,0.22525017245470552,28,6,0,66,34,0.9032258064516129
V14_overlap_0.75,overlap_0.75,0.05,0.9498989898989899,0.38487225045505974,checked,1,10,0.22525017245470552,28,6,0,66,34,0.9032258064516129
V14_overlap_0.75,overlap_0.75,0.05,0.9498989898989899,0.38487225045505974,checked,2,10,0.22525017245470552,28,6,0,66,34,0.9032258064516129
V14_overlap_0.75,overlap_0.75,0.075,0.9248484848484848,0.403384940142479,original,0,10,-0.0040520504963352435,28,70,0,2,98,0.4444444444444444
V14_overlap_0.75,overlap_0.75,0.075,0.9248484848484848,0.403384940142479,original,1,10,-0.0040520504963352435,28,70,0,2,98,0.4444444444444444
V14_overlap_0.75,overlap_0.75,0.075,0.9248484848484848,0.403384940142479,original,2,10,0.049866363366239216,28,70,0,2,98,0.4444444444444444
V14_overlap_0.75,overlap_0.75,0.075,0.9248484848484848,0.403384940142479,checked,0,10,0.23185477935787013,28,4,0,68,32,0.9333333333333333
V14_overlap_0.75,overlap_0.75,0.075,0.9248484848484848,0.403384940142479,checked,1,10,0.23185477935787013,28,4,0,68,32,0.9333333333333333
V14_overlap_0.75,overlap_0.75,0.075,0.9248484848484848,0.403384940142479,checked,2,10,0.23185477935787013,28,4,0,68,32,0.9333333333333333
V14_overlap_0.75,overlap_0.75,0.1,0.9,0.4208427032695417,original,0,10,0.14778182065916534,28,23,0,49,51,0.7088607594936709
V14_overlap_0.75,overlap_0.75,0.1,0.9,0.4208427032695417,original,1,10,0.14778182065916534,28,23,0,49,51,0.7088607594936709
V14_overlap_0.75,overlap_0.75,0.1,0.9,0.4208427032695417,original,2,10,0.14778182065916534,28,23,0,49,51,0.7088607594936709
V14_overlap_0.75,overlap_0.75,0.1,0.9,0.4208427032695417,checked,0,10,0.21692182708817984,28,7,0,65,35,0.8888888888888888
V14_overlap_0.75,overlap_0.75,0.1,0.9,0.4208427032695417,checked,1,10,0.21692182708817984,28,7,0,65,35,0.8888888888888888
V14_overlap_0.75,overlap_0.75,0.1,0.9,0.4208427032695417,checked,2,10,0.21692182708817984,28,7,0,65,35,0.8888888888888888
V14_overlap_0.75,overlap_0.75,0.125,0.8749494949494949,0.43420791631147443,original,0,10,0.22073371768023778,28,4,0,68,32,0.9333333333333333
V14_overlap_0.75,overlap_0.75,0.125,0.8749494949494949,0.43420791631147443,original,1,10,0.22073371768023778,28,4,0,68,32,0.9333333333333333
V14_overlap_0.75,overlap_0.75,0.125,0.8749494949494949,0.43420791631147443,original,2,10,0.22156179097552867,28,6,0,66,34,0.9032258064516129
V14_overlap_0.75,overlap_0.75,0.125,0.8749494949494949,0.43420791631147443,checked,0,10,0.2231844771613836,28,4,0,68,32,0.9333333333333333
V14_overlap_0.75,overlap_0.75,0.125,0.8749494949494949,0.43420791631147443,checked,1,10,0.2231844771613836,28,4,0,68,32,0.9333333333333333
V14_overlap_0.75,overlap_0.75,0.125,0.8749494949494949,0.43420791631147443,checked,2,10,0.2231844771613836,28,4,0,68,32,0.9333333333333333
V14_overlap_0.75,overlap_0.75,0.15,0.8498989898989899,0.44768178354895044,original,0,10,0.08132390703032666,27,51,1,21,78,0.5094339622641509
V14_overlap_0.75,overlap_0.75,0.15,0.8498989898989899,0.44768178354895044,original,1,10,0.10545828260538537,28,50,0,22,78,0.5283018867924528
V14_overlap_0.75,overlap_0.75,0.15,0.8498989898989899,0.44768178354895044,original,2,10,0.042187834358259665,28,65,0,7,93,0.4628099173553719
V14_overlap_0.75,overlap_0.75,0.15,0.8498989898989899,0.44768178354895044,checked,0,10,0.20777599790046467,27,7,1,65,34,0.8709677419354839
V14_overlap_0.75,overlap_0.75,0.15,0.8498989898989899,0.44768178354895044,checked,1,10,0.20777599790046467,27,7,1,65,34,0.8709677419354839
V14_overlap_0.75,overlap_0.75,0.15,0.8498989898989899,0.44768178354895044,checked,2,10,0.20777599790046467,27,7,1,65,34,0.8709677419354839
V14_overlap_0.75,overlap_0.75,0.2,0.8,0.47469974549255056,original,0,10,0.03567767117920003,27,43,1,29,70,0.5510204081632653
V14_overlap_0.75,overlap_0.75,0.2,0.8,0.47469974549255056,original,1,10,0.13029799712293605,26,25,2,47,51,0.6582278481012658
V14_overlap_0.75,overlap_0.75,0.2,0.8,0.47469974549255056,original,2,10,0.1524041018026225,26,20,2,52,46,0.7027027027027027
V14_overlap_0.75,overlap_0.75,0.2,0.8,0.47469974549255056,checked,0,10,0.19389099462942266,27,13,1,59,40,0.7941176470588235
V14_overlap_0.75,overlap_0.75,0.2,0.8,0.47469974549255056,checked,1,10,0.19389099462942266,27,13,1,59,40,0.7941176470588235
V14_overlap_0.75,overlap_0.75,0.2,0.8,0.47469974549255056,checked,2,10,0.19389099462942266,27,13,1,59,40,0.7941176470588235
V15_baseline,baseline,0.01,0.98989898989899,0.3057654207987947,original,0,10,-0.001435913356677318,23,75,1,1,98,0.3770491803278688
V15_baseline,baseline,0.01,0.98989898989899,0.3057654207987947,original,1,10,-0.001435913356677318,24,74,0,2,98,0.39344262295081966
V15_baseline,baseline,0.01,0.98989898989899,0.3057654207987947,original,2,10,-0.00010439265472707574,1,1,23,75,2,0.07692307692307693
V15_baseline,baseline,0.01,0.98989898989899,0.3057654207987947,checked,0,10,0.18202912447042227,24,65,0,11,89,0.4247787610619469
V15_baseline,baseline,0.01,0.98989898989899,0.3057654207987947,checked,1,10,0.18202912447042227,24,65,0,11,89,0.4247787610619469
V15_baseline,baseline,0.01,0.98989898989899,0.3057654207987947,checked,2,10,0.18202912447042227,24,65,0,11,89,0.4247787610619469
V15_baseline,baseline,0.025,0.9749494949494949,0.3129759446154294,original,0,10,-0.0022785494427772523,24,74,0,2,98,0.39344262295081966
V15_baseline,baseline,0.025,0.9749494949494949,0.3129759446154294,original,1,10,-0.0022785494427772523,24,74,0,2,98,0.39344262295081966
V15_baseline,baseline,0.025,0.9749494949494949,0.3129759446154294,original,2,10,0.006182609668082123,1,1,23,75,2,0.07692307692307693
V15_baseline,baseline,0.025,0.9749494949494949,0.3129759446154294,checked,0,10,0.21448403847290873,24,67,0,9,91,0.41739130434782606
V15_baseline,baseline,0.025,0.9749494949494949,0.3129759446154294,checked,1,10,0.21448403847290873,24,67,0,9,91,0.41739130434782606
V15_baseline,baseline,0.025,0.9749494949494949,0.3129759446154294,checked,2,10,0.21448403847290873,24,67,0,9,91,0.41739130434782606
V15_baseline,baseline,0.05,0.9498989898989899,0.3279399586504499,original,0,10,0.031972053645888086,24,73,0,3,97,0.39669421487603307
V15_baseline,baseline,0.05,0.9498989898989899,0.3279399586504499,original,1,10,0.06189516785886728,24,74,0,2,98,0.39344262295081966
V15_baseline,baseline,0.05,0.9498989898989899,0.3279399586504499,original,2,10,0.0938080630089844,24,68,0,8,92,0.41379310344827586
V15_baseline,baseline,0.05,0.9498989898989899,0.3279399586504499,checked,0,10,0.2047414469295238,24,3,0,73,27,0.9411764705882353
V15_baseline,baseline,0.05,0.9498989898989899,0.3279399586504499,checked,1,10,0.2045686744613278,24,18,0,58,42,0.7272727272727273
V15_baseline,baseline,0.05,0.9498989898989899,0.3279399586504499,checked,2,10,0.2047414469295238,24,3,0,73,27,0.9411764705882353
V15_baseline,baseline,0.075,0.9248484848484848,0.33878827833052805,original,0,10,0.25066297474894744,24,6,0,70,30,0.8888888888888888
V15_baseline,baseline,0.075,0.9248484848484848,0.33878827833052805,original,1,10,0.25066297474894744,24,6,0,70,30,0.8888888888888888
V15_baseline,baseline,0.075,0.9248484848484848,0.33878827833052805,original,2,10,0.25066297474894744,24,6,0,70,30,0.8888888888888888
V15_baseline,baseline,0.075,0.9248484848484848,0.33878827833052805,checked,0,10,0.25121498948428644,24,7,0,69,31,0.8727272727272727
V15_baseline,baseline,0.075,0.9248484848484848,0.33878827833052805,checked,1,10,0.25121498948428644,24,7,0,69,31,0.8727272727272727
V15_baseline,baseline,0.075,0.9248484848484848,0.33878827833052805,checked,2,10,0.25121498948428644,24,7,0,69,31,0.8727272727272727
V15_baseline,baseline,0.1,0.9,0.35216541884324154,original,0,10,0.28940306412337213,24,8,0,68,32,0.8571428571428571
V15_baseline,baseline,0.1,0.9,0.35216541884324154,original,1,10,0.290321012896626,24,6,0,70,30,0.8888888888888888
V15_baseline,baseline,0.1,0.9,0.35216541884324154,original,2,10,0.290321012896626,24,6,0,70,30,0.8888888888888888
V15_baseline,baseline,0.1,0.9,0.35216541884324154,checked,0,10,0.2904958619927679,24,7,0,69,31,0.8727272727272727
V15_baseline,baseline,0.1,0.9,0.35216541884324154,checked,1,10,0.2904958619927679,24,7,0,69,31,0.8727272727272727
V15_baseline,baseline,0.1,0.9,0.35216541884324154,checked,2,10,0.2904958619927679,24,7,0,69,31,0.8727272727272727
V15_baseline,baseline,0.125,0.8749494949494949,0.36407167960425896,original,0,10,0.32608115482480204,24,1,0,75,25,0.9795918367346939
V15_baseline,baseline,0.125,0.8749494949494949,0.36407167960425896,original,1,10,0.32608115482480204,24,1,0,75,25,0.9795918367346939
V15_baseline,baseline,0.125,0.8749494949494949,0.36407167960425896,original,2,10,0.32608115482480204,24,1,0,75,25,0.9795918367346939
V15_baseline,baseline,0.125,0.8749494949494949,0.36407167960425896,checked,0,10,0.3265726125615034,24,2,0,74,26,0.96
V15_baseline,baseline,0.125,0.8749494949494949,0.36407167960425896,checked,1,10,0.3265726125615034,24,2,0,74,26,0.96
V15_baseline,baseline,0.125,0.8749494949494949,0.36407167960425896,checked,2,10,0.3265726125615034,24,2,0,74,26,0.96
V15_baseline,baseline,0.15,0.8498989898989899,0.3767712014035834,original,0,10,0.361797606245254,24,1,0,75,25,0.9795918367346939
V15_baseline,baseline,0.15,0.8498989898989899,0.3767712014035834,original,1,10,0.361797606245254,24,1,0,75,25,0.9795918367346939
V15_baseline,baseline,0.15,0.8498989898989899,0.3767712014035834,original,2,10,0.361797606245254,24,1,0,75,25,0.9795918367346939
V15_baseline,baseline,0.15,0.8498989898989899,0.3767712014035834,checked,0,10,0.3618946547740038,24,2,0,74,26,0.96
V15_baseline,baseline,0.15,0.8498989898989899,0.3767712014035834,checked,1,10,0.3618946547740038,24,2,0,74,26,0.96
V15_baseline,baseline,0.15,0.8498989898989899,0.3767712014035834,checked,2,10,0.3618946547740038,24,2,0,74,26,0.96
V15_baseline,baseline,0.2,0.8,0.4028458867285153,original,0,10,0.4253585492412891,24,1,0,75,25,0.9795918367346939
V15_baseline,baseline,0.2,0.8,0.4028458867285153,original,1,10,0.4253585492412891,24,1,0,75,25,0.9795918367346939
V15_baseline,baseline,0.2,0.8,0.4028458867285153,original,2,10,0.4253585492412891,24,1,0,75,25,0.9795918367346939
V15_baseline,baseline,0.2,0.8,0.4028458867285153,checked,0,10,0.4291975376394761,24,0,0,76,24,1.0
V15_baseline,baseline,0.2,0.8,0.4028458867285153,checked,1,10,0.4291975376394761,24,0,0,76,24,1.0
V15_baseline,baseline,0.2,0.8,0.4028458867285153,checked,2,10,0.4291975376394761,24,0,0,76,24,1.0
V15_noise_0.1,noise_0.1,0.01,0.98989898989899,0.18458741624745367,original,0,10,-0.001435913356677318,23,75,1,1,98,0.3770491803278688
V15_noise_0.1,noise_0.1,0.01,0.98989898989899,0.18458741624745367,original,1,10,-0.001435913356677318,23,75,1,1,98,0.3770491803278688
V15_noise_0.1,noise_0.1,0.01,0.98989898989899,0.18458741624745367,original,2,10,-0.001435913356677318,24,74,0,2,98,0.39344262295081966
V15_noise_0.1,noise_0.1,0.01,0.98989898989899,0.18458741624745367,checked,0,10,0.18202912447042227,24,65,0,11,89,0.4247787610619469
V15_noise_0.1,noise_0.1,0.01,0.98989898989899,0.18458741624745367,checked,1,10,0.18202912447042227,24,65,0,11,89,0.4247787610619469
V15_noise_0.1,noise_0.1,0.01,0.98989898989899,0.18458741624745367,checked,2,10,0.18202912447042227,24,65,0,11,89,0.4247787610619469
V15_noise_0.1,noise_0.1,0.025,0.9749494949494949,0.2293021059073659,original,0,10,0.0886796742832764,24,74,0,2,98,0.39344262295081966
V15_noise_0.1,noise_0.1,0.025,0.9749494949494949,0.2293021059073659,original,1,10,-0.0022785494427772523,24,74,0,2,98,0.39344262295081966
V15_noise_0.1,noise_0.1,0.025,0.9749494949494949,0.2293021059073659,original,2,10,-0.0022785494427772523,24,74,0,2,98,0.39344262295081966
V15_noise_0.1,noise_0.1,0.025,0.9749494949494949,0.2293021059073659,checked,0,10,0.19674503891622327,24,56,0,20,80,0.46153846153846156
V15_noise_0.1,noise_0.1,0.025,0.9749494949494949,0.2293021059073659,checked,1,10,0.1924249901379858,24,49,0,27,73,0.4948453608247423
V15_noise_0.1,noise_0.1,0.025,0.9749494949494949,0.2293021059073659,checked,2,10,0.19674503891622327,24,56,0,20,80,0.46153846153846156
V15_noise_0.1,noise_0.1,0.05,0.9498989898989899,0.2692416688120998,original,0,10,0.13724328484933002,23,38,1,38,61,0.5411764705882353
V15_noise_0.1,noise_0.1,0.05,0.9498989898989899,0.2692416688120998,original,1,10,0.08576152419121869,24,62,0,14,86,0.43636363636363634
V15_noise_0.1,noise_0.1,0.05,0.9498989898989899,0.2692416688120998,original,2,10,0.06189516785886728,24,74,0,2,98,0.39344262295081966
V15_noise_0.1,noise_0.1,0.05,0.9498989898989899,0.2692416688120998,checked,0,10,0.22972617811895069,24,20,0,56,44,0.7058823529411765
V15_noise_0.1,noise_0.1,0.05,0.9498989898989899,0.2692416688120998,checked,1,10,0.22972617811895069,24,20,0,56,44,0.7058823529411765
V15_noise_0.1,noise_0.1,0.05,0.9498989898989899,0.2692416688120998,checked,2,10,0.22972617811895069,24,20,0,56,44,0.7058823529411765
V15_noise_0.1,noise_0.1,0.075,0.9248484848484848,0.3007121775951656,original,0,10,0.249809155479875,24,4,0,72,28,0.9230769230769231
V15_noise_0.1,noise_0.1,0.075,0.9248484848484848,0.3007121775951656,original,1,10,0.249809155479875,24,4,0,72,28,0.9230769230769231
V15_noise_0.1,noise_0.1,0.075,0.9248484848484848,0.3007121775951656,original,2,10,0.249809155479875,24,4,0,72,28,0.9230769230769231
V15_noise_0.1,noise_0.1,0.075,0.9248484848484848,0.3007121775951656,checked,0,10,0.2501919520850993,24,5,0,71,29,0.9056603773584906
V15_noise_0.1,noise_0.1,0.075,0.9248484848484848,0.3007121775951656,checked,1,10,0.2501919520850993,24,5,0,71,29,0.9056603773584906
V15_noise_0.1,noise_0.1,0.075,0.9248484848484848,0.3007121775951656,checked,2,10,0.2501919520850993,24,5,0,71,29,0.9056603773584906
V15_noise_0.1,noise_0.1,0.1,0.9,0.3248156254444282,original,0,10,0.28762661834538117,24,6,0,70,30,0.8888888888888888
V15_noise_0.1,noise_0.1,0.1,0.9,0.3248156254444282,original,1,10,0.28762661834538117,24,6,0,70,30,0.8888888888888888
V15_noise_0.1,noise_0.1,0.1,0.9,0.3248156254444282,original,2,10,0.28762661834538117,24,6,0,70,30,0.8888888888888888
V15_noise_0.1,noise_0.1,0.1,0.9,0.3248156254444282,checked,0,10,0.2890376540311498,24,3,0,73,27,0.9411764705882353
V15_noise_0.1,noise_0.1,0.1,0.9,0.3248156254444282,checked,1,10,0.2890376540311498,24,3,0,73,27,0.9411764705882353
V15_noise_0.1,noise_0.1,0.1,0.9,0.3248156254444282,checked,2,10,0.2890376540311498,24,3,0,73,27,0.9411764705882353
V15_noise_0.1,noise_0.1,0.125,0.8749494949494949,0.34381160441723857,original,0,10,0.32554428654964174,24,4,0,72,28,0.9230769230769231
V15_noise_0.1,noise_0.1,0.125,0.8749494949494949,0.34381160441723857,original,1,10,0.32554428654964174,24,4,0,72,28,0.9230769230769231
V15_noise_0.1,noise_0.1,0.125,0.8749494949494949,0.34381160441723857,original,2,10,0.32554428654964174,24,4,0,72,28,0.9230769230769231
V15_noise_0.1,noise_0.1,0.125,0.8749494949494949,0.34381160441723857,checked,0,10,0.32598893453967087,24,3,0,73,27,0.9411764705882353
V15_noise_0.1,noise_0.1,0.125,0.8749494949494949,0.34381160441723857,checked,1,10,0.32598893453967087,24,3,0,73,27,0.9411764705882353
V15_noise_0.1,noise_0.1,0.125,0.8749494949494949,0.34381160441723857,checked,2,10,0.32598893453967087,24,3,0,73,27,0.9411764705882353
V15_noise_0.1,noise_0.1,0.15,0.8498989898989899,0.36082008968126905,original,0,10,0.3607586830632144,24,2,0,74,26,0.96
V15_noise_0.1,noise_0.1,0.15,0.8498989898989899,0.36082008968126905,original,1,10,0.3607586830632144,24,2,0,74,26,0.96
V15_noise_0.1,noise_0.1,0.15,0.8498989898989899,0.36082008968126905,original,2,10,0.3607586830632144,24,2,0,74,26,0.96
V15_noise_0.1,noise_0.1,0.15,0.8498989898989899,0.36082008968126905,checked,0,10,0.3610250084996394,24,3,0,73,27,0.9411764705882353
V15_noise_0.1,noise_0.1,0.15,0.8498989898989899,0.36082008968126905,checked,1,10,0.3610250084996394,24,3,0,73,27,0.9411764705882353
V15_noise_0.1,noise_0.1,0.15,0.8498989898989899,0.36082008968126905,checked,2,10,0.3610250084996394,24,3,0,73,27,0.9411764705882353
V15_noise_0.1,noise_0.1,0.2,0.8,0.39430145008588446,original,0,10,0.41823531994777463,24,1,0,75,25,0.9795918367346939
V15_noise_0.1,noise_0.1,0.2,0.8,0.39430145008588446,original,1,10,0.41823531994777463,24,1,0,75,25,0.9795918367346939
V15_noise_0.1,noise_0.1,0.2,0.8,0.39430145008588446,original,2,10,0.41823531994777463,24,1,0,75,25,0.9795918367346939
V15_noise_0.1,noise_0.1,0.2,0.8,0.39430145008588446,checked,0,10,0.42204424534548485,24,0,0,76,24,1.0
V15_noise_0.1,noise_0.1,0.2,0.8,0.39430145008588446,checked,1,10,0.42204424534548485,24,0,0,76,24,1.0
V15_noise_0.1,noise_0.1,0.2,0.8,0.39430145008588446,checked,2,10,0.42204424534548485,24,0,0,76,24,1.0
V15_noise_0.2,noise_0.2,0.01,0.98989898989899,0.009374525413402744,original,0,10,-0.001435913356677318,24,74,0,2,98,0.39344262295081966
V15_noise_0.2,noise_0.2,0.01,0.98989898989899,0.009374525413402744,original,1,10,-0.00010439265472707574,1,1,23,75,2,0.07692307692307693
V15_noise_0.2,noise_0.2,0.01,0.98989898989899,0.009374525413402744,original,2,10,-0.001435913356677318,24,74,0,2,98,0.39344262295081966
V15_noise_0.2,noise_0.2,0.01,0.98989898989899,0.009374525413402744,checked,0,10,0.18202912447042227,24,65,0,11,89,0.4247787610619469
V15_noise_0.2,noise_0.2,0.01,0.98989898989899,0.009374525413402744,checked,1,10,0.18202912447042227,24,65,0,11,89,0.4247787610619469
V15_noise_0.2,noise_0.2,0.01,0.98989898989899,0.009374525413402744,checked,2,10,0.18202912447042227,24,65,0,11,89,0.4247787610619469
V15_noise_0.2,noise_0.2,0.025,0.9749494949494949,0.08486560107574775,original,0,10,-0.0022785494427772523,24,74,0,2,98,0.39344262295081966
V15_noise_0.2,noise_0.2,0.025,0.9749494949494949,0.08486560107574775,original,1,10,0.006182609668082123,0,2,24,74,2,0.0
V15_noise_0.2,noise_0.2,0.025,0.9749494949494949,0.08486560107574775,original,2,10,0.0886796742832764,24,74,0,2,98,0.39344262295081966
V15_noise_0.2,noise_0.2,0.025,0.9749494949494949,0.08486560107574775,checked,0,10,0.21863646762209699,24,62,0,14,86,0.43636363636363634
V15_noise_0.2,noise_0.2,0.025,0.9749494949494949,0.08486560107574775,checked,1,10,0.21863646762209699,24,62,0,14,86,0.43636363636363634
V15_noise_0.2,noise_0.2,0.025,0.9749494949494949,0.08486560107574775,checked,2,10,0.21863646762209699,24,62,0,14,86,0.43636363636363634
V15_noise_0.2,noise_0.2,0.05,0.9498989898989899,0.15396030529525745,original,0,10,-0.0032645686152459816,24,74,0,2,98,0.39344262295081966
V15_noise_0.2,noise_0.2,0.05,0.9498989898989899,0.15396030529525745,original,1,10,0.031972053645888086,24,73,0,3,97,0.39669421487603307
V15_noise_0.2,noise_0.2,0.05,0.9498989898989899,0.15396030529525745,original,2,10,0.031972053645888086,24,73,0,3,97,0.39669421487603307
V15_noise_0.2,noise_0.2,0.05,0.9498989898989899,0.15396030529525745,checked,0,10,0.21878471905047342,24,42,0,34,66,0.5333333333333333
V15_noise_0.2,noise_0.2,0.05,0.9498989898989899,0.15396030529525745,checked,1,10,0.21878471905047342,24,42,0,34,66,0.5333333333333333
V15_noise_0.2,noise_0.2,0.05,0.9498989898989899,0.15396030529525745,checked,2,10,0.21878471905047342,24,42,0,34,66,0.5333333333333333
V15_noise_0.2,noise_0.2,0.075,0.9248484848484848,0.20514248579730326,original,0,10,0.04084963940643654,24,62,0,14,86,0.43636363636363634
V15_noise_0.2,noise_0.2,0.075,0.9248484848484848,0.20514248579730326,original,1,10,0.012092754385383153,24,72,0,4,96,0.4
V15_noise_0.2,noise_0.2,0.075,0.9248484848484848,0.20514248579730326,original,2,10,0.05543872144928779,24,71,0,5,95,0.40336134453781514
V15_noise_0.2,noise_0.2,0.075,0.9248484848484848,0.20514248579730326,checked,0,10,0.23474022975943182,24,10,0,66,34,0.8275862068965517
V15_noise_0.2,noise_0.2,0.075,0.9248484848484848,0.20514248579730326,checked,1,10,0.23474022975943182,24,10,0,66,34,0.8275862068965517
V15_noise_0.2,noise_0.2,0.075,0.9248484848484848,0.20514248579730326,checked,2,10,0.23474022975943182,24,10,0,66,34,0.8275862068965517
V15_noise_0.2,noise_0.2,0.1,0.9,0.2372134965977816,original,0,10,0.2583280385639064,24,8,0,68,32,0.8571428571428571
V15_noise_0.2,noise_0.2,0.1,0.9,0.2372134965977816,original,1,10,0.2583280385639064,24,8,0,68,32,0.8571428571428571
V15_noise_0.2,noise_0.2,0.1,0.9,0.2372134965977816,original,2,10,0.2583280385639064,24,8,0,68,32,0.8571428571428571
V15_noise_0.2,noise_0.2,0.1,0.9,0.2372134965977816,checked,0,10,0.2585796160485752,24,9,0,67,33,0.8421052631578947
V15_noise_0.2,noise_0.2,0.1,0.9,0.2372134965977816,checked,1,10,0.2585796160485752,24,9,0,67,33,0.8421052631578947
V15_noise_0.2,noise_0.2,0.1,0.9,0.2372134965977816,checked,2,10,0.2585796160485752,24,9,0,67,33,0.8421052631578947
V15_noise_0.2,noise_0.2,0.125,0.8749494949494949,0.2719758575103146,original,0,10,0.2815470108869779,24,4,0,72,28,0.9230769230769231
V15_noise_0.2,noise_0.2,0.125,0.8749494949494949,0.2719758575103146,original,1,10,0.2815470108869779,24,4,0,72,28,0.9230769230769231
V15_noise_0.2,noise_0.2,0.125,0.8749494949494949,0.2719758575103146,original,2,10,0.2815470108869779,24,4,0,72,28,0.9230769230769231
V15_noise_0.2,noise_0.2,0.125,0.8749494949494949,0.2719758575103146,checked,0,10,0.2819309632909133,24,3,0,73,27,0.9411764705882353
V15_noise_0.2,noise_0.2,0.125,0.8749494949494949,0.2719758575103146,checked,1,10,0.2819309632909133,24,3,0,73,27,0.9411764705882353
V15_noise_0.2,noise_0.2,0.125,0.8749494949494949,0.2719758575103146,checked,2,10,0.2819309632909133,24,3,0,73,27,0.9411764705882353
V15_noise_0.2,noise_0.2,0.15,0.8498989898989899,0.29954327033223693,original,0,10,0.30595579559297736,24,1,0,75,25,0.9795918367346939
V15_noise_0.2,noise_0.2,0.15,0.8498989898989899,0.29954327033223693,original,1,10,0.30595579559297736,24,1,0,75,25,0.9795918367346939
V15_noise_0.2,noise_0.2,0.15,0.8498989898989899,0.29954327033223693,original,2,10,0.30595579559297736,24,1,0,75,25,0.9795918367346939
V15_noise_0.2,noise_0.2,0.15,0.8498989898989899,0.29954327033223693,checked,0,10,0.30623204094532325,24,2,0,74,26,0.96
V15_noise_0.2,noise_0.2,0.15,0.8498989898989899,0.29954327033223693,checked,1,10,0.30623204094532325,24,2,0,74,26,0.96
V15_noise_0.2,noise_0.2,0.15,0.8498989898989899,0.29954327033223693,checked,2,10,0.30623204094532325,24,2,0,74,26,0.96
V15_noise_0.2,noise_0.2,0.2,0.8,0.34625912093399597,original,0,10,0.35616146467572046,24,1,0,75,25,0.9795918367346939
V15_noise_0.2,noise_0.2,0.2,0.8,0.34625912093399597,original,1,10,0.35616146467572046,24,1,0,75,25,0.9795918367346939
V15_noise_0.2,noise_0.2,0.2,0.8,0.34625912093399597,original,2,10,0.35616146467572046,24,1,0,75,25,0.9795918367346939
V15_noise_0.2,noise_0.2,0.2,0.8,0.34625912093399597,checked,0,10,0.35664271580042184,24,0,0,76,24,1.0
V15_noise_0.2,noise_0.2,0.2,0.8,0.34625912093399597,checked,1,10,0.35664271580042184,24,0,0,76,24,1.0
V15_noise_0.2,noise_0.2,0.2,0.8,0.34625912093399597,checked,2,10,0.35664271580042184,24,0,0,76,24,1.0
V15_overlap_0.75,overlap_0.75,0.01,0.98989898989899,0.3359318585752336,original,0,10,-0.001435913356677318,24,74,0,2,98,0.39344262295081966
V15_overlap_0.75,overlap_0.75,0.01,0.98989898989899,0.3359318585752336,original,1,10,-0.001435913356677318,24,74,0,2,98,0.39344262295081966
V15_overlap_0.75,overlap_0.75,0.01,0.98989898989899,0.3359318585752336,original,2,10,-0.00010439265472707574,1,1,23,75,2,0.07692307692307693
V15_overlap_0.75,overlap_0.75,0.01,0.98989898989899,0.3359318585752336,checked,0,10,0.22447175294718252,24,66,0,10,90,0.42105263157894735
V15_overlap_0.75,overlap_0.75,0.01,0.98989898989899,0.3359318585752336,checked,1,10,0.214335330512386,24,63,0,13,87,0.43243243243243246
V15_overlap_0.75,overlap_0.75,0.01,0.98989898989899,0.3359318585752336,checked,2,10,0.21496923841142188,24,70,0,6,94,0.4067796610169492
V15_overlap_0.75,overlap_0.75,0.025,0.9749494949494949,0.3571196527985545,original,0,10,0.0886796742832764,24,74,0,2,98,0.39344262295081966
V15_overlap_0.75,overlap_0.75,0.025,0.9749494949494949,0.3571196527985545,original,1,10,0.0886796742832764,24,74,0,2,98,0.39344262295081966
V15_overlap_0.75,overlap_0.75,0.025,0.9749494949494949,0.3571196527985545,original,2,10,-0.0022785494427772523,24,74,0,2,98,0.39344262295081966
V15_overlap_0.75,overlap_0.75,0.025,0.9749494949494949,0.3571196527985545,checked,0,10,0.2077553665051486,24,42,0,34,66,0.5333333333333333
V15_overlap_0.75,overlap_0.75,0.025,0.9749494949494949,0.3571196527985545,checked,1,10,0.2077553665051486,24,42,0,34,66,0.5333333333333333
V15_overlap_0.75,overlap_0.75,0.025,0.9749494949494949,0.3571196527985545,checked,2,10,0.2077553665051486,24,42,0,34,66,0.5333333333333333
V15_overlap_0.75,overlap_0.75,0.05,0.9498989898989899,0.3825521281045719,original,0,10,-0.0032645686152459816,24,74,0,2,98,0.39344262295081966
V15_overlap_0.75,overlap_0.75,0.05,0.9498989898989899,0.3825521281045719,original,1,10,0.13728077355680515,24,50,0,26,74,0.4897959183673469
V15_overlap_0.75,overlap_0.75,0.05,0.9498989898989899,0.3825521281045719,original,2,10,-0.0032645686152459816,24,74,0,2,98,0.39344262295081966
V15_overlap_0.75,overlap_0.75,0.05,0.9498989898989899,0.3825521281045719,checked,0,10,0.21667741523316333,24,17,0,59,41,0.7384615384615385
V15_overlap_0.75,overlap_0.75,0.05,0.9498989898989899,0.3825521281045719,checked,1,10,0.21667741523316333,24,17,0,59,41,0.7384615384615385
V15_overlap_0.75,overlap_0.75,0.05,0.9498989898989899,0.3825521281045719,checked,2,10,0.21667741523316333,24,17,0,59,41,0.7384615384615385
V15_overlap_0.75,overlap_0.75,0.075,0.9248484848484848,0.40084705292795764,original,0,10,0.07368708410487199,22,47,2,29,69,0.4731182795698925
V15_overlap_0.75,overlap_0.75,0.075,0.9248484848484848,0.40084705292795764,original,1,10,0.01936996404816392,24,68,0,8,92,0.41379310344827586
V15_overlap_0.75,overlap_0.75,0.075,0.9248484848484848,0.40084705292795764,original,2,10,0.07368708410487199,22,47,2,29,69,0.4731182795698925
V15_overlap_0.75,overlap_0.75,0.075,0.9248484848484848,0.40084705292795764,checked,0,10,0.21544385108244307,24,22,0,54,46,0.6857142857142857
V15_overlap_0.75,overlap_0.75,0.075,0.9248484848484848,0.40084705292795764,checked,1,10,0.2151654781019069,24,24,0,52,48,0.6666666666666666
V15_overlap_0.75,overlap_0.75,0.075,0.9248484848484848,0.40084705292795764,checked,2,10,0.21544385108244307,24,22,0,54,46,0.6857142857142857
V15_overlap_0.75,overlap_0.75,0.1,0.9,0.41617303146724427,original,0,10,0.15962234563558703,23,41,1,35,64,0.5227272727272727
V15_overlap_0.75,overlap_0.75,0.1,0.9,0.41617303146724427,original,1,10,0.03505084307229466,22,63,2,13,85,0.4036697247706422
V15_overlap_0.75,overlap_0.75,0.1,0.9,0.41617303146724427,original,2,10,0.1719569983258205,23,33,1,43,56,0.575
V15_overlap_0.75,overlap_0.75,0.1,0.9,0.41617303146724427,checked,0,10,0.21382502432844225,24,20,0,56,44,0.7058823529411765
V15_overlap_0.75,overlap_0.75,0.1,0.9,0.41617303146724427,checked,1,10,0.2138371112880082,24,28,0,48,52,0.631578947368421
V15_overlap_0.75,overlap_0.75,0.1,0.9,0.41617303146724427,checked,2,10,0.21382502432844225,24,20,0,56,44,0.7058823529411765
V15_overlap_0.75,overlap_0.75,0.125,0.8749494949494949,0.4307367832040314,original,0,10,0.1633727281828535,24,36,0,40,60,0.5714285714285714
V15_overlap_0.75,overlap_0.75,0.125,0.8749494949494949,0.4307367832040314,original,1,10,0.13073341842203992,24,46,0,30,70,0.5106382978723404
V15_overlap_0.75,overlap_0.75,0.125,0.8749494949494949,0.4307367832040314,original,2,10,0.16740597591729695,24,46,0,30,70,0.5106382978723404
V15_overlap_0.75,overlap_0.75,0.125,0.8749494949494949,0.4307367832040314,checked,0,10,0.2116043572538568,24,34,0,42,58,0.5853658536585366
V15_overlap_0.75,overlap_0.75,0.125,0.8749494949494949,0.4307367832040314,checked,1,10,0.2116043572538568,24,34,0,42,58,0.5853658536585366
V15_overlap_0.75,overlap_0.75,0.125,0.8749494949494949,0.4307367832040314,checked,2,10,0.2116043572538568,24,34,0,42,58,0.5853658536585366
V15_overlap_0.75,overlap_0.75,0.15,0.8498989898989899,0.4464781107228892,original,0,10,0.11671728797736607,24,45,0,31,69,0.5161290322580645
V15_overlap_0.75,overlap_0.75,0.15,0.8498989898989899,0.4464781107228892,original,1,10,0.11239413265285543,23,51,1,25,74,0.46938775510204084
V15_overlap_0.75,overlap_0.75,0.15,0.8498989898989899,0.4464781107228892,original,2,10,0.09345255448009063,24,45,0,31,69,0.5161290322580645
V15_overlap_0.75,overlap_0.75,0.15,0.8498989898989899,0.4464781107228892,checked,0,10,0.19994417451597954,24,31,0,45,55,0.6075949367088608
V15_overlap_0.75,overlap_0.75,0.15,0.8498989898989899,0.4464781107228892,checked,1,10,0.19994417451597954,24,31,0,45,55,0.6075949367088608
V15_overlap_0.75,overlap_0.75,0.15,0.8498989898989899,0.4464781107228892,checked,2,10,0.19994417451597954,24,31,0,45,55,0.6075949367088608
V15_overlap_0.75,overlap_0.75,0.2,0.8,0.4750731502085803,original,0,10,0.13313251378124394,24,35,0,41,59,0.5783132530120482
V15_overlap_0.75,overlap_0.75,0.2,0.8,0.4750731502085803,original,1,10,0.13313251378124394,24,35,0,41,59,0.5783132530120482
V15_overlap_0.75,overlap_0.75,0.2,0.8,0.4750731502085803,original,2,10,0.03612172695262542,23,61,1,15,84,0.42592592592592593
V15_overlap_0.75,overlap_0.75,0.2,0.8,0.4750731502085803,checked,0,10,0.1830808080808081,24,31,0,45,55,0.6075949367088608
V15_overlap_0.75,overlap_0.75,0.2,0.8,0.4750731502085803,checked,1,10,0.1824838587373507,24,22,0,54,46,0.6857142857142857
V15_overlap_0.75,overlap_0.75,0.2,0.8,0.4750731502085803,checked,2,10,0.1830808080808081,24,31,0,45,55,0.6075949367088608
V16_baseline,baseline,0.01,0.98989898989899,0.3061141978484512,original,0,10,-0.001435913356677318,25,73,0,2,98,0.4065040650406504
V16_baseline,baseline,0.01,0.98989898989899,0.3061141978484512,original,1,10,-0.001435913356677318,25,73,0,2,98,0.4065040650406504
V16_baseline,baseline,0.01,0.98989898989899,0.3061141978484512,original,2,10,-0.001435913356677318,25,73,0,2,98,0.4065040650406504
V16_baseline,baseline,0.01,0.98989898989899,0.3061141978484512,checked,0,10,0.18202912447042227,25,64,0,11,89,0.43859649122807015
V16_baseline,baseline,0.01,0.98989898989899,0.3061141978484512,checked,1,10,0.18202912447042227,25,64,0,11,89,0.43859649122807015
V16_baseline,baseline,0.01,0.98989898989899,0.3061141978484512,checked,2,10,0.18202912447042227,25,64,0,11,89,0.43859649122807015
V16_baseline,baseline,0.025,0.9749494949494949,0.31530315069909165,original,0,10,0.02157773890716143,25,70,0,5,95,0.4166666666666667
V16_baseline,baseline,0.025,0.9749494949494949,0.31530315069909165,original,1,10,0.039619738768941024,25,67,0,8,92,0.42735042735042733
V16_baseline,baseline,0.025,0.9749494949494949,0.31530315069909165,original,2,10,0.02238316758716659,25,67,0,8,92,0.42735042735042733
V16_baseline,baseline,0.025,0.9749494949494949,0.31530315069909165,checked,0,10,0.19766801985285098,25,51,0,24,76,0.49504950495049505
V16_baseline,baseline,0.025,0.9749494949494949,0.31530315069909165,checked,1,10,0.19766801985285098,25,51,0,24,76,0.49504950495049505
V16_baseline,baseline,0.025,0.9749494949494949,0.31530315069909165,checked,2,10,0.19766801985285098,25,51,0,24,76,0.49504950495049505
V16_baseline,baseline,0.05,0.9498989898989899,0.3283709406851965,original,0,10,0.14283415666248156,25,38,0,37,63,0.5681818181818182
V16_baseline,baseline,0.05,0.9498989898989899,0.3283709406851965,original,1,10,0.18872674916077303,25,27,0,48,52,0.6493506493506493
V16_baseline,baseline,0.05,0.9498989898989899,0.3283709406851965,original,2,10,0.15430208478972793,25,28,0,47,53,0.6410256410256411
V16_baseline,baseline,0.05,0.9498989898989899,0.3283709406851965,checked,0,10,0.21546342126539356,25,14,0,61,39,0.78125
V16_baseline,baseline,0.05,0.9498989898989899,0.3283709406851965,checked,1,10,0.21546342126539356,25,14,0,61,39,0.78125
V16_baseline,baseline,0.05,0.9498989898989899,0.3283709406851965,checked,2,10,0.21546342126539356,25,14,0,61,39,0.78125
V16_baseline,baseline,0.075,0.9248484848484848,0.3417248507280888,original,0,10,0.2625750396123288,25,9,0,66,34,0.847457627118644
V16_baseline,baseline,0.075,0.9248484848484848,0.3417248507280888,original,1,10,0.2629271478713245,25,5,0,70,30,0.9090909090909091
V16_baseline,baseline,0.075,0.9248484848484848,0.3417248507280888,original,2,10,0.2625750396123288,25,9,0,66,34,0.847457627118644
V16_baseline,baseline,0.075,0.9248484848484848,0.3417248507280888,checked,0,10,0.2634922459456652,25,6,0,69,31,0.8928571428571429
V16_baseline,baseline,0.075,0.9248484848484848,0.3417248507280888,checked,1,10,0.2634922459456652,25,6,0,69,31,0.8928571428571429
V16_baseline,baseline,0.075,0.9248484848484848,0.3417248507280888,checked,2,10,0.2634922459456652,25,6,0,69,31,0.8928571428571429
V16_baseline,baseline,0.1,0.9,0.35431204143068407,original,0,10,0.2969941108383974,25,3,0,72,28,0.9433962264150944
V16_baseline,baseline,0.1,0.9,0.35431204143068407,original,1,10,0.2969941108383974,25,3,0,72,28,0.9433962264150944
V16_baseline,baseline,0.1,0.9,0.35431204143068407,original,2,10,0.2969941108383974,25,3,0,72,28,0.9433962264150944
V16_baseline,baseline,0.1,0.9,0.35431204143068407,checked,0,10,0.29713394686115396,25,2,0,73,27,0.9615384615384616
V16_baseline,baseline,0.1,0.9,0.35431204143068407,checked,1,10,0.29713394686115396,25,2,0,73,27,0.9615384615384616
V16_baseline,baseline,0.1,0.9,0.35431204143068407,checked,2,10,0.29713394686115396,25,2,0,73,27,0.9615384615384616
V16_baseline,baseline,0.125,0.8749494949494949,0.3672283031601492,original,0,10,0.3363855436663873,25,1,0,74,26,0.9803921568627451
V16_baseline,baseline,0.125,0.8749494949494949,0.3672283031601492,original,1,10,0.3363855436663873,25,1,0,74,26,0.9803921568627451
V16_baseline,baseline,0.125,0.8749494949494949,0.3672283031601492,original,2,10,0.3363855436663873,25,1,0,74,26,0.9803921568627451
V16_baseline,baseline,0.125,0.8749494949494949,0.3672283031601492,checked,0,10,0.3370034273518603,25,2,0,73,27,0.9615384615384616
V16_baseline,baseline,0.125,0.8749494949494949,0.3672283031601492,checked,1,10,0.3370034273518603,25,2,0,73,27,0.9615384615384616
V16_baseline,baseline,0.125,0.8749494949494949,0.3672283031601492,checked,2,10,0.3370034273518603,25,2,0,73,27,0.9615384615384616
V16_baseline,baseline,0.15,0.8498989898989899,0.3822793712185714,original,0,10,0.3720542653446517,25,0,0,75,25,1.0
V16_baseline,baseline,0.15,0.8498989898989899,0.3822793712185714,original,1,10,0.3720542653446517,25,0,0,75,25,1.0
V16_baseline,baseline,0.15,0.8498989898989899,0.3822793712185714,original,2,10,0.3720542653446517,25,0,0,75,25,1.0
V16_baseline,baseline,0.15,0.8498989898989899,0.3822793712185714,checked,0,10,0.3721184001711084,25,1,0,74,26,0.9803921568627451
V16_baseline,baseline,0.15,0.8498989898989899,0.3822793712185714,checked,1,10,0.3721184001711084,25,1,0,74,26,0.9803921568627451
V16_baseline,baseline,0.15,0.8498989898989899,0.3822793712185714,checked,2,10,0.3721184001711084,25,1,0,74,26,0.9803921568627451
V16_baseline,baseline,0.2,0.8,0.40506946724050524,original,0,10,0.43900578273811675,25,1,0,74,26,0.9803921568627451
V16_baseline,baseline,0.2,0.8,0.40506946724050524,original,1,10,0.43900578273811675,25,1,0,74,26,0.9803921568627451
V16_baseline,baseline,0.2,0.8,0.40506946724050524,original,2,10,0.43900578273811675,25,1,0,74,26,0.9803921568627451
V16_baseline,baseline,0.2,0.8,0.40506946724050524,checked,0,10,0.44265782038268114,25,0,0,75,25,1.0
V16_baseline,baseline,0.2,0.8,0.40506946724050524,checked,1,10,0.44265782038268114,25,0,0,75,25,1.0
V16_baseline,baseline,0.2,0.8,0.40506946724050524,checked,2,10,0.44265782038268114,25,0,0,75,25,1.0
V16_noise_0.1,noise_0.1,0.01,0.98989898989899,0.17144011609766524,original,0,10,0.05454501361266937,25,71,0,4,96,0.4132231404958678
V16_noise_0.1,noise_0.1,0.01,0.98989898989899,0.17144011609766524,original,1,10,-0.001435913356677318,25,73,0,2,98,0.4065040650406504
V16_noise_0.1,noise_0.1,0.01,0.98989898989899,0.17144011609766524,original,2,10,0.07960248262870519,25,72,0,3,97,0.4098360655737705
V16_noise_0.1,noise_0.1,0.01,0.98989898989899,0.17144011609766524,checked,0,10,0.23485569615050583,25,63,0,12,88,0.4424778761061947
V16_noise_0.1,noise_0.1,0.01,0.98989898989899,0.17144011609766524,checked,1,10,0.23485569615050583,25,63,0,12,88,0.4424778761061947
V16_noise_0.1,noise_0.1,0.01,0.98989898989899,0.17144011609766524,checked,2,10,0.23485569615050583,25,63,0,12,88,0.4424778761061947
V16_noise_0.1,noise_0.1,0.025,0.9749494949494949,0.2250526110708285,original,0,10,0.09277527276736264,25,66,0,9,91,0.43103448275862066
V16_noise_0.1,noise_0.1,0.025,0.9749494949494949,0.2250526110708285,original,1,10,0.0886796742832764,25,73,0,2,98,0.4065040650406504
V16_noise_0.1,noise_0.1,0.025,0.9749494949494949,0.2250526110708285,original,2,10,0.0886796742832764,25,73,0,2,98,0.4065040650406504
V16_noise_0.1,noise_0.1,0.025,0.9749494949494949,0.2250526110708285,checked,0,10,0.20356378108167958,25,54,0,21,79,0.4807692307692308
V16_noise_0.1,noise_0.1,0.025,0.9749494949494949,0.2250526110708285,checked,1,10,0.20356378108167958,25,54,0,21,79,0.4807692307692308
V16_noise_0.1,noise_0.1,0.025,0.9749494949494949,0.2250526110708285,checked,2,10,0.19766801985285098,25,51,0,24,76,0.49504950495049505
V16_noise_0.1,noise_0.1,0.05,0.9498989898989899,0.27118032253056656,original,0,10,0.21463528563065118,25,42,0,33,67,0.5434782608695652
V16_noise_0.1,noise_0.1,0.05,0.9498989898989899,0.27118032253056656,original,1,10,0.19063581276848354,25,42,0,33,67,0.5434782608695652
V16_noise_0.1,noise_0.1,0.05,0.9498989898989899,0.27118032253056656,original,2,10,0.17926265320984044,25,32,0,43,57,0.6097560975609756
V16_noise_0.1,noise_0.1,0.05,0.9498989898989899,0.27118032253056656,checked,0,10,0.22490933992213025,25,37,0,38,62,0.5747126436781609
V16_noise_0.1,noise_0.1,0.05,0.9498989898989899,0.27118032253056656,checked,1,10,0.22490933992213025,25,37,0,38,62,0.5747126436781609
V16_noise_0.1,noise_0.1,0.05,0.9498989898989899,0.27118032253056656,checked,2,10,0.22490933992213025,25,37,0,38,62,0.5747126436781609
V16_noise_0.1,noise_0.1,0.075,0.9248484848484848,0.2971744998438083,original,0,10,0.25679506131013596,25,5,0,70,30,0.9090909090909091
V16_noise_0.1,noise_0.1,0.075,0.9248484848484848,0.2971744998438083,original,1,10,0.25679506131013596,25,5,0,70,30,0.9090909090909091
V16_noise_0.1,noise_0.1,0.075,0.9248484848484848,0.2971744998438083,original,2,10,0.25679506131013596,25,5,0,70,30,0.9090909090909091
V16_noise_0.1,noise_0.1,0.075,0.9248484848484848,0.2971744998438083,checked,0,10,0.25735361771497584,25,6,0,69,31,0.8928571428571429
V16_noise_0.1,noise_0.1,0.075,0.9248484848484848,0.2971744998438083,checked,1,10,0.25735361771497584,25,6,0,69,31,0.8928571428571429
V16_noise_0.1,noise_0.1,0.075,0.9248484848484848,0.2971744998438083,checked,2,10,0.25735361771497584,25,6,0,69,31,0.8928571428571429
V16_noise_0.1,noise_0.1,0.1,0.9,0.3231863961855638,original,0,10,0.29578456472281994,25,2,0,73,27,0.9615384615384616
V16_noise_0.1,noise_0.1,0.1,0.9,0.3231863961855638,original,1,10,0.29578456472281994,25,2,0,73,27,0.9615384615384616
V16_noise_0.1,noise_0.1,0.1,0.9,0.3231863961855638,original,2,10,0.29578456472281994,25,2,0,73,27,0.9615384615384616
V16_noise_0.1,noise_0.1,0.1,0.9,0.3231863961855638,checked,0,10,0.29605165077441065,25,1,0,74,26,0.9803921568627451
V16_noise_0.1,noise_0.1,0.1,0.9,0.3231863961855638,checked,1,10,0.29605165077441065,25,1,0,74,26,0.9803921568627451
V16_noise_0.1,noise_0.1,0.1,0.9,0.3231863961855638,checked,2,10,0.29605165077441065,25,1,0,74,26,0.9803921568627451
V16_noise_0.1,noise_0.1,0.125,0.8749494949494949,0.34717417835631226,original,0,10,0.33469511179941797,25,0,0,75,25,1.0
V16_noise_0.1,noise_0.1,0.125,0.8749494949494949,0.34717417835631226,original,1,10,0.33469511179941797,25,0,0,75,25,1.0
V16_noise_0.1,noise_0.1,0.125,0.8749494949494949,0.34717417835631226,original,2,10,0.33469511179941797,25,0,0,75,25,1.0
V16_noise_0.1,noise_0.1,0.125,0.8749494949494949,0.34717417835631226,checked,0,10,0.33515892727827684,25,1,0,74,26,0.9803921568627451
V16_noise_0.1,noise_0.1,0.125,0.8749494949494949,0.34717417835631226,checked,1,10,0.33515892727827684,25,1,0,74,26,0.9803921568627451
V16_noise_0.1,noise_0.1,0.125,0.8749494949494949,0.34717417835631226,checked,2,10,0.33515892727827684,25,1,0,74,26,0.9803921568627451
V16_noise_0.1,noise_0.1,0.15,0.8498989898989899,0.3676685135420036,original,0,10,0.3720542653446517,25,0,0,75,25,1.0
V16_noise_0.1,noise_0.1,0.15,0.8498989898989899,0.3676685135420036,original,1,10,0.3720542653446517,25,0,0,75,25,1.0
V16_noise_0.1,noise_0.1,0.15,0.8498989898989899,0.3676685135420036,original,2,10,0.3720542653446517,25,0,0,75,25,1.0
V16_noise_0.1,noise_0.1,0.15,0.8498989898989899,0.3676685135420036,checked,0,10,0.3721184001711084,25,1,0,74,26,0.9803921568627451
V16_noise_0.1,noise_0.1,0.15,0.8498989898989899,0.3676685135420036,checked,1,10,0.3721184001711084,25,1,0,74,26,0.9803921568627451
V16_noise_0.1,noise_0.1,0.15,0.8498989898989899,0.3676685135420036,checked,2,10,0.3721184001711084,25,1,0,74,26,0.9803921568627451
V16_noise_0.1,noise_0.1,0.2,0.8,0.4015822627863706,original,0,10,0.4369771053687169,25,1,0,74,26,0.9803921568627451
V16_noise_0.1,noise_0.1,0.2,0.8,0.4015822627863706,original,1,10,0.4369771053687169,25,1,0,74,26,0.9803921568627451
V16_noise_0.1,noise_0.1,0.2,0.8,0.4015822627863706,original,2,10,0.4369771053687169,25,1,0,74,26,0.9803921568627451
V16_noise_0.1,noise_0.1,0.2,0.8,0.4015822627863706,checked,0,10,0.43858740364353005,25,0,0,75,25,1.0
V16_noise_0.1,noise_0.1,0.2,0.8,0.4015822627863706,checked,1,10,0.43858740364353005,25,0,0,75,25,1.0
V16_noise_0.1,noise_0.1,0.2,0.8,0.4015822627863706,checked,2,10,0.43858740364353005,25,0,0,75,25,1.0
V16_noise_0.2,noise_0.2,0.01,1.0,0.0,original,0,10,0.0,14,38,11,37,52,0.36363636363636365
V16_noise_0.2,noise_0.2,0.01,1.0,0.0,original,1,10,0.0,16,34,9,41,50,0.4266666666666667
V16_noise_0.2,noise_0.2,0.01,1.0,0.0,original,2,10,0.0,17,38,8,37,55,0.425
V16_noise_0.2,noise_0.2,0.01,1.0,0.0,checked,0,10,0.0,14,37,11,38,51,0.3684210526315789
V16_noise_0.2,noise_0.2,0.01,1.0,0.0,checked,1,10,0.0,16,35,9,40,51,0.42105263157894735
V16_noise_0.2,noise_0.2,0.01,1.0,0.0,checked,2,10,0.0,17,39,8,36,56,0.41975308641975306
V16_noise_0.2,noise_0.2,0.025,0.9749494949494949,0.07785951762209874,original,0,10,-0.0022785494427772523,25,73,0,2,98,0.4065040650406504
V16_noise_0.2,noise_0.2,0.025,0.9749494949494949,0.07785951762209874,original,1,10,-0.0022785494427772523,25,73,0,2,98,0.4065040650406504
V16_noise_0.2,noise_0.2,0.025,0.9749494949494949,0.07785951762209874,original,2,10,-0.0022785494427772523,25,73,0,2,98,0.4065040650406504
V16_noise_0.2,noise_0.2,0.025,0.9749494949494949,0.07785951762209874,checked,0,10,0.20356378108167958,25,54,0,21,79,0.4807692307692308
V16_noise_0.2,noise_0.2,0.025,0.9749494949494949,0.07785951762209874,checked,1,10,0.20356378108167958,25,54,0,21,79,0.4807692307692308
V16_noise_0.2,noise_0.2,0.025,0.9749494949494949,0.07785951762209874,checked,2,10,0.20356378108167958,25,54,0,21,79,0.4807692307692308
V16_noise_0.2,noise_0.2,0.05,0.9498989898989899,0.15663496765124493,original,0,10,0.13085134694461867,25,67,0,8,92,0.42735042735042733
V16_noise_0.2,noise_0.2,0.05,0.9498989898989899,0.15663496765124493,original,1,10,0.14835051835859,25,58,0,17,83,0.46296296296296297
V16_noise_0.2,noise_0.2,0.05,0.9498989898989899,0.15663496765124493,original,2,10,0.12902804037133764,25,39,0,36,64,0.5617977528089888
V16_noise_0.2,noise_0.2,0.05,0.9498989898989899,0.15663496765124493,checked,0,10,0.21686270863954268,25,22,0,53,47,0.6944444444444444
V16_noise_0.2,noise_0.2,0.05,0.9498989898989899,0.15663496765124493,checked,1,10,0.21801474703124055,25,18,0,57,43,0.7352941176470589
V16_noise_0.2,noise_0.2,0.05,0.9498989898989899,0.15663496765124493,checked,2,10,0.21801474703124055,25,18,0,57,43,0.7352941176470589
V16_noise_0.2,noise_0.2,0.075,0.9248484848484848,0.20259907241630778,original,0,10,0.24112104027026868,25,13,0,62,38,0.7936507936507936
V16_noise_0.2,noise_0.2,0.075,0.9248484848484848,0.20259907241630778,original,1,10,0.24112104027026868,25,13,0,62,38,0.7936507936507936
V16_noise_0.2,noise_0.2,0.075,0.9248484848484848,0.20259907241630778,original,2,10,0.24112104027026868,25,13,0,62,38,0.7936507936507936
V16_noise_0.2,noise_0.2,0.075,0.9248484848484848,0.20259907241630778,checked,0,10,0.24180631594888083,25,12,0,63,37,0.8064516129032258
V16_noise_0.2,noise_0.2,0.075,0.9248484848484848,0.20259907241630778,checked,1,10,0.24180631594888083,25,12,0,63,37,0.8064516129032258
V16_noise_0.2,noise_0.2,0.075,0.9248484848484848,0.20259907241630778,checked,2,10,0.24180631594888083,25,12,0,63,37,0.8064516129032258
V16_noise_0.2,noise_0.2,0.1,0.9,0.24037440765633553,original,0,10,0.26900261918241336,25,1,0,74,26,0.9803921568627451
V16_noise_0.2,noise_0.2,0.1,0.9,0.24037440765633553,original,1,10,0.2674475398178052,25,2,0,73,27,0.9615384615384616
V16_noise_0.2,noise_0.2,0.1,0.9,0.24037440765633553,original,2,10,0.26900261918241336,25,1,0,74,26,0.9803921568627451
V16_noise_0.2,noise_0.2,0.1,0.9,0.24037440765633553,checked,0,10,0.2693259075738305,25,0,0,75,25,1.0
V16_noise_0.2,noise_0.2,0.1,0.9,0.24037440765633553,checked,1,10,0.2693259075738305,25,0,0,75,25,1.0
V16_noise_0.2,noise_0.2,0.1,0.9,0.24037440765633553,checked,2,10,0.2693259075738305,25,0,0,75,25,1.0
V16_noise_0.2,noise_0.2,0.125,0.8749494949494949,0.278948812345135,original,0,10,0.29865706253356944,25,3,0,72,28,0.9433962264150944
V16_noise_0.2,noise_0.2,0.125,0.8749494949494949,0.278948812345135,original,1,10,0.29865706253356944,25,3,0,72,28,0.9433962264150944
V16_noise_0.2,noise_0.2,0.125,0.8749494949494949,0.278948812345135,original,2,10,0.29865706253356944,25,3,0,72,28,0.9433962264150944
V16_noise_0.2,noise_0.2,0.125,0.8749494949494949,0.278948812345135,checked,0,10,0.2990646187765412,25,2,0,73,27,0.9615384615384616
V16_noise_0.2,noise_0.2,0.125,0.8749494949494949,0.278948812345135,checked,1,10,0.2990646187765412,25,2,0,73,27,0.9615384615384616
V16_noise_0.2,noise_0.2,0.125,0.8749494949494949,0.278948812345135,checked,2,10,0.2990646187765412,25,2,0,73,27,0.9615384615384616
V16_noise_0.2,noise_0.2,0.15,0.8498989898989899,0.30682234327000313,original,0,10,0.3300874468719006,25,1,0,74,26,0.9803921568627451
V16_noise_0.2,noise_0.2,0.15,0.8498989898989899,0.30682234327000313,original,1,10,0.3300874468719006,25,1,0,74,26,0.9803921568627451
V16_noise_0.2,noise_0.2,0.15,0.8498989898989899,0.30682234327000313,original,2,10,0.3300874468719006,25,1,0,74,26,0.9803921568627451
V16_noise_0.2,noise_0.2,0.15,0.8498989898989899,0.30682234327000313,checked,0,10,0.3315567754463109,25,2,0,73,27,0.9615384615384616
V16_noise_0.2,noise_0.2,0.15,0.8498989898989899,0.30682234327000313,checked,1,10,0.3315567754463109,25,2,0,73,27,0.9615384615384616
V16_noise_0.2,noise_0.2,0.15,0.8498989898989899,0.30682234327000313,checked,2,10,0.3315567754463109,25,2,0,73,27,0.9615384615384616
V16_noise_0.2,noise_0.2,0.2,0.8,0.3544560484288594,original,0,10,0.3558300105927249,25,1,0,74,26,0.9803921568627451
V16_noise_0.2,noise_0.2,0.2,0.8,0.3544560484288594,original,1,10,0.3558300105927249,25,1,0,74,26,0.9803921568627451
V16_noise_0.2,noise_0.2,0.2,0.8,0.3544560484288594,original,2,10,0.3558300105927249,25,1,0,74,26,0.9803921568627451
V16_noise_0.2,noise_0.2,0.2,0.8,0.3544560484288594,checked,0,10,0.35717906886050826,25,0,0,75,25,1.0
V16_noise_0.2,noise_0.2,0.2,0.8,0.3544560484288594,checked,1,10,0.35717906886050826,25,0,0,75,25,1.0
V16_noise_0.2,noise_0.2,0.2,0.8,0.3544560484288594,checked,2,10,0.35717906886050826,25,0,0,75,25,1.0
V16_overlap_0.75,overlap_0.75,0.01,0.98989898989899,0.3380600385808476,original,0,10,-0.001435913356677318,25,73,0,2,98,0.4065040650406504
V16_overlap_0.75,overlap_0.75,0.01,0.98989898989899,0.3380600385808476,original,1,10,-0.001435913356677318,25,73,0,2,98,0.4065040650406504
V16_overlap_0.75,overlap_0.75,0.01,0.98989898989899,0.3380600385808476,original,2,10,-0.001435913356677318,25,73,0,2,98,0.4065040650406504
V16_overlap_0.75,overlap_0.75,0.01,0.98989898989899,0.3380600385808476,checked,0,10,0.18202912447042227,25,64,0,11,89,0.43859649122807015
V16_overlap_0.75,overlap_0.75,0.01,0.98989898989899,0.3380600385808476,checked,1,10,0.18202912447042227,25,64,0,11,89,0.43859649122807015
V16_overlap_0.75,overlap_0.75,0.01,0.98989898989899,0.3380600385808476,checked,2,10,0.18202912447042227,25,64,0,11,89,0.43859649122807015
V16_overlap_0.75,overlap_0.75,0.025,0.9749494949494949,0.3605951239336996,original,0,10,-0.0022785494427772523,25,73,0,2,98,0.4065040650406504
V16_overlap_0.75,overlap_0.75,0.025,0.9749494949494949,0.3605951239336996,original,1,10,0.10316151362042013,25,61,0,14,86,0.45045045045045046
V16_overlap_0.75,overlap_0.75,0.025,0.9749494949494949,0.3605951239336996,original,2,10,-0.0022785494427772523,25,73,0,2,98,0.4065040650406504
V16_overlap_0.75,overlap_0.75,0.025,0.9749494949494949,0.3605951239336996,checked,0,10,0.20593630360733228,25,45,0,30,70,0.5263157894736842
V16_overlap_0.75,overlap_0.75,0.025,0.9749494949494949,0.3605951239336996,checked,1,10,0.20593630360733228,25,45,0,30,70,0.5263157894736842
V16_overlap_0.75,overlap_0.75,0.025,0.9749494949494949,0.3605951239336996,checked,2,10,0.20593630360733228,25,45,0,30,70,0.5263157894736842
V16_overlap_0.75,overlap_0.75,0.05,0.9498989898989899,0.38418966370464747,original,0,10,0.1838432494729423,25,45,0,30,70,0.5263157894736842
V16_overlap_0.75,overlap_0.75,0.05,0.9498989898989899,0.38418966370464747,original,1,10,0.15647490270971712,25,59,0,16,84,0.45871559633027525
V16_overlap_0.75,overlap_0.75,0.05,0.9498989898989899,0.38418966370464747,original,2,10,0.19660060592849565,25,10,0,65,35,0.8333333333333334
V16_overlap_0.75,overlap_0.75,0.05,0.9498989898989899,0.38418966370464747,checked,0,10,0.20253284692460305,25,26,0,49,51,0.6578947368421053
V16_overlap_0.75,overlap_0.75,0.05,0.9498989898989899,0.38418966370464747,checked,1,10,0.20253284692460305,25,26,0,49,51,0.6578947368421053
V16_overlap_0.75,overlap_0.75,0.05,0.9498989898989899,0.38418966370464747,checked,2,10,0.20253284692460305,25,26,0,49,51,0.6578947368421053
V16_overlap_0.75,overlap_0.75,0.075,0.9248484848484848,0.4036287311945907,original,0,10,0.22142441465641752,25,12,0,63,37,0.8064516129032258
V16_overlap_0.75,overlap_0.75,0.075,0.9248484848484848,0.4036287311945907,original,1,10,0.22142441465641752,25,12,0,63,37,0.8064516129032258
V16_overlap_0.75,overlap_0.75,0.075,0.9248484848484848,0.4036287311945907,original,2,10,0.22142441465641752,25,12,0,63,37,0.8064516129032258
V16_overlap_0.75,overlap_0.75,0.075,0.9248484848484848,0.4036287311945907,checked,0,10,0.22219579232821018,25,13,0,62,38,0.7936507936507936
V16_overlap_0.75,overlap_0.75,0.075,0.9248484848484848,0.4036287311945907,checked,1,10,0.22219579232821018,25,13,0,62,38,0.7936507936507936
V16_overlap_0.75,overlap_0.75,0.075,0.9248484848484848,0.4036287311945907,checked,2,10,0.22219579232821018,25,13,0,62,38,0.7936507936507936
V16_overlap_0.75,overlap_0.75,0.1,0.9,0.41792142288456413,original,0,10,0.21388015387150355,25,8,0,67,33,0.8620689655172413
V16_overlap_0.75,overlap_0.75,0.1,0.9,0.41792142288456413,original,1,10,0.21675012250992287,25,9,0,66,34,0.847457627118644
V16_overlap_0.75,overlap_0.75,0.1,0.9,0.41792142288456413,original,2,10,0.20212236258167943,24,13,1,62,37,0.7741935483870968
V16_overlap_0.75,overlap_0.75,0.1,0.9,0.41792142288456413,checked,0,10,0.21692182708817984,25,10,0,65,35,0.8333333333333334
V16_overlap_0.75,overlap_0.75,0.1,0.9,0.41792142288456413,checked,1,10,0.21692182708817984,25,10,0,65,35,0.8333333333333334
V16_overlap_0.75,overlap_0.75,0.1,0.9,0.41792142288456413,checked,2,10,0.21692182708817984,25,10,0,65,35,0.8333333333333334
V16_overlap_0.75,overlap_0.75,0.125,0.8749494949494949,0.42997874151094995,original,0,10,0.18887384442534177,23,9,2,66,32,0.8070175438596491
V16_overlap_0.75,overlap_0.75,0.125,0.8749494949494949,0.42997874151094995,original,1,10,0.1602295546692143,24,24,1,51,48,0.6575342465753424
V16_overlap_0.75,overlap_0.75,0.125,0.8749494949494949,0.42997874151094995,original,2,10,0.18086925648395627,24,19,1,56,43,0.7058823529411765
V16_overlap_0.75,overlap_0.75,0.125,0.8749494949494949,0.42997874151094995,checked,0,10,0.1952539931927463,25,6,0,69,31,0.8928571428571429
V16_overlap_0.75,overlap_0.75,0.125,0.8749494949494949,0.42997874151094995,checked,1,10,0.1952539931927463,25,6,0,69,31,0.8928571428571429
V16_overlap_0.75,overlap_0.75,0.125,0.8749494949494949,0.42997874151094995,checked,2,10,0.1952539931927463,25,6,0,69,31,0.8928571428571429
V16_overlap_0.75,overlap_0.75,0.15,0.8498989898989899,0.44432519281218513,original,0,10,0.13885391512139814,25,26,0,49,51,0.6578947368421053
V16_overlap_0.75,overlap_0.75,0.15,0.8498989898989899,0.44432519281218513,original,1,10,0.1065222730040119,24,44,1,31,68,0.5161290322580645
V16_overlap_0.75,overlap_0.75,0.15,0.8498989898989899,0.44432519281218513,original,2,10,0.15956479150550107,21,10,4,65,31,0.75
V16_overlap_0.75,overlap_0.75,0.15,0.8498989898989899,0.44432519281218513,checked,0,10,0.17774045392520038,25,11,0,64,36,0.819672131147541
V16_overlap_0.75,overlap_0.75,0.15,0.8498989898989899,0.44432519281218513,checked,1,10,0.17774045392520038,25,11,0,64,36,0.819672131147541
V16_overlap_0.75,overlap_0.75,0.15,0.8498989898989899,0.44432519281218513,checked,2,10,0.17824707574887336,24,8,1,67,32,0.8421052631578947
V16_overlap_0.75,overlap_0.75,0.2,0.8,0.47011079562486024,original,0,10,0.13662525017243543,23,25,2,50,48,0.6301369863013698
V16_overlap_0.75,overlap_0.75,0.2,0.8,0.47011079562486024,original,1,10,0.1391461387308965,24,33,1,42,57,0.5853658536585366
V16_overlap_0.75,overlap_0.75,0.2,0.8,0.47011079562486024,original,2,10,0.15145102857178153,24,24,1,51,48,0.6575342465753424
V16_overlap_0.75,overlap_0.75,0.2,0.8,0.47011079562486024,checked,0,10,0.17456453032843505,24,29,1,46,53,0.6153846153846154
V16_overlap_0.75,overlap_0.75,0.2,0.8,0.47011079562486024,checked,1,10,0.17456453032843505,24,29,1,46,53,0.6153846153846154
V16_overlap_0.75,overlap_0.75,0.2,0.8,0.47011079562486024,checked,2,10,0.17456453032843505,24,29,1,46,53,0.6153846153846154
V17_baseline,baseline,0.01,0.98989898989899,0.305250795705726,original,0,10,-0.001435913356677318,25,73,0,2,98,0.4065040650406504
V17_baseline,baseline,0.01,0.98989898989899,0.305250795705726,original,1,10,-0.001435913356677318,25,73,0,2,98,0.4065040650406504
V17_baseline,baseline,0.01,0.98989898989899,0.305250795705726,original,2,10,0.031187247023423046,25,69,0,6,94,0.42016806722689076
V17_baseline,baseline,0.01,0.98989898989899,0.305250795705726,checked,0,10,0.2031856384435694,25,65,0,10,90,0.43478260869565216
V17_baseline,baseline,0.01,0.98989898989899,0.305250795705726,checked,1,10,0.2031856384435694,25,65,0,10,90,0.43478260869565216
V17_baseline,baseline,0.01,0.98989898989899,0.305250795705726,checked,2,10,0.2031856384435694,25,65,0,10,90,0.43478260869565216
V17_baseline,baseline,0.025,0.9749494949494949,0.313909081578759,original,0,10,0.0886796742832764,25,73,0,2,98,0.4065040650406504
V17_baseline,baseline,0.025,0.9749494949494949,0.313909081578759,original,1,10,0.0886796742832764,25,73,0,2,98,0.4065040650406504
V17_baseline,baseline,0.025,0.9749494949494949,0.313909081578759,original,2,10,0.0886796742832764,25,73,0,2,98,0.4065040650406504
V17_baseline,baseline,0.025,0.9749494949494949,0.313909081578759,checked,0,10,0.20367746739813833,25,41,0,34,66,0.5494505494505495
V17_baseline,baseline,0.025,0.9749494949494949,0.313909081578759,checked,1,10,0.21030407040296092,25,58,0,17,83,0.46296296296296297
V17_baseline,baseline,0.025,0.9749494949494949,0.313909081578759,checked,2,10,0.20367746739813833,25,41,0,34,66,0.5494505494505495
V17_baseline,baseline,0.05,0.9498989898989899,0.325171001125379,original,0,10,0.06189516785886728,25,73,0,2,98,0.4065040650406504
V17_baseline,baseline,0.05,0.9498989898989899,0.325171001125379,original,1,10,0.06189516785886728,25,73,0,2,98,0.4065040650406504
V17_baseline,baseline,0.05,0.9498989898989899,0.325171001125379,original,2,10,0.06189516785886728,25,73,0,2,98,0.4065040650406504
V17_baseline,baseline,0.05,0.9498989898989899,0.325171001125379,checked,0,10,0.22002662479146082,25,32,0,43,57,0.6097560975609756
V17_baseline,baseline,0.05,0.9498989898989899,0.325171001125379,checked,1,10,0.22002662479146082,25,32,0,43,57,0.6097560975609756
V17_baseline,baseline,0.05,0.9498989898989899,0.325171001125379,checked,2,10,0.22002662479146082,25,32,0,43,57,0.6097560975609756
V17_baseline,baseline,0.075,0.9248484848484848,0.33958941235963175,original,0,10,0.25747611802055104,25,3,0,72,28,0.9433962264150944
V17_baseline,baseline,0.075,0.9248484848484848,0.33958941235963175,original,1,10,0.25747611802055104,25,3,0,72,28,0.9433962264150944
V17_baseline,baseline,0.075,0.9248484848484848,0.33958941235963175,original,2,10,0.25747611802055104,25,3,0,72,28,0.9433962264150944
V17_baseline,baseline,0.075,0.9248484848484848,0.33958941235963175,checked,0,10,0.25785487013047376,25,4,0,71,29,0.9259259259259259
V17_baseline,baseline,0.075,0.9248484848484848,0.33958941235963175,checked,1,10,0.25785487013047376,25,4,0,71,29,0.9259259259259259
V17_baseline,baseline,0.075,0.9248484848484848,0.33958941235963175,checked,2,10,0.25785487013047376,25,4,0,71,29,0.9259259259259259
V17_baseline,baseline,0.1,0.9,0.35368484980978054,original,0,10,0.29605165077441065,25,1,0,74,26,0.9803921568627451
V17_baseline,baseline,0.1,0.9,0.35368484980978054,original,1,10,0.29605165077441065,25,1,0,74,26,0.9803921568627451
V17_baseline,baseline,0.1,0.9,0.35368484980978054,original,2,10,0.29605165077441065,25,1,0,74,26,0.9803921568627451
V17_baseline,baseline,0.1,0.9,0.35368484980978054,checked,0,10,0.29605165077441065,25,1,0,74,26,0.9803921568627451
V17_baseline,baseline,0.1,0.9,0.35368484980978054,checked,1,10,0.29605165077441065,25,1,0,74,26,0.9803921568627451
V17_baseline,baseline,0.1,0.9,0.35368484980978054,checked,2,10,0.29605165077441065,25,1,0,74,26,0.9803921568627451
V17_baseline,baseline,0.125,0.8749494949494949,0.367414545566213,original,0,10,0.33393231089016634,25,1,0,74,26,0.9803921568627451
V17_baseline,baseline,0.125,0.8749494949494949,0.367414545566213,original,1,10,0.33393231089016634,25,1,0,74,26,0.9803921568627451
V17_baseline,baseline,0.125,0.8749494949494949,0.367414545566213,original,2,10,0.33393231089016634,25,1,0,74,26,0.9803921568627451
V17_baseline,baseline,0.125,0.8749494949494949,0.367414545566213,checked,0,10,0.33469511179941797,25,0,0,75,25,1.0
V17_baseline,baseline,0.125,0.8749494949494949,0.367414545566213,checked,1,10,0.33469511179941797,25,0,0,75,25,1.0
V17_baseline,baseline,0.125,0.8749494949494949,0.367414545566213,checked,2,10,0.33469511179941797,25,0,0,75,25,1.0
V17_baseline,baseline,0.15,0.8498989898989899,0.3800403995131384,original,0,10,0.3698464567495296,25,1,0,74,26,0.9803921568627451
V17_baseline,baseline,0.15,0.8498989898989899,0.3800403995131384,original,1,10,0.3698464567495296,25,1,0,74,26,0.9803921568627451
V17_baseline,baseline,0.15,0.8498989898989899,0.3800403995131384,original,2,10,0.3698464567495296,25,1,0,74,26,0.9803921568627451
V17_baseline,baseline,0.15,0.8498989898989899,0.3800403995131384,checked,0,10,0.3720542653446517,25,0,0,75,25,1.0
V17_baseline,baseline,0.15,0.8498989898989899,0.3800403995131384,checked,1,10,0.3720542653446517,25,0,0,75,25,1.0
V17_baseline,baseline,0.15,0.8498989898989899,0.3800403995131384,checked,2,10,0.3720542653446517,25,0,0,75,25,1.0
V17_baseline,baseline,0.2,0.8,0.40743358430704113,original,0,10,0.4369771053687169,25,1,0,74,26,0.9803921568627451
V17_baseline,baseline,0.2,0.8,0.40743358430704113,original,1,10,0.4369771053687169,25,1,0,74,26,0.9803921568627451
V17_baseline,baseline,0.2,0.8,0.40743358430704113,original,2,10,0.4369771053687169,25,1,0,74,26,0.9803921568627451
V17_baseline,baseline,0.2,0.8,0.40743358430704113,checked,0,10,0.44265782038268114,25,0,0,75,25,1.0
V17_baseline,baseline,0.2,0.8,0.40743358430704113,checked,1,10,0.44265782038268114,25,0,0,75,25,1.0
V17_baseline,baseline,0.2,0.8,0.40743358430704113,checked,2,10,0.44265782038268114,25,0,0,75,25,1.0
V17_noise_0.1,noise_0.1,0.01,0.98989898989899,0.17674516048576697,original,0,10,-0.001435913356677318,25,73,0,2,98,0.4065040650406504
V17_noise_0.1,noise_0.1,0.01,0.98989898989899,0.17674516048576697,original,1,10,-0.001435913356677318,25,73,0,2,98,0.4065040650406504
V17_noise_0.1,noise_0.1,0.01,0.98989898989899,0.17674516048576697,original,2,10,0.031187247023423046,25,69,0,6,94,0.42016806722689076
V17_noise_0.1,noise_0.1,0.01,0.98989898989899,0.17674516048576697,checked,0,10,0.23985014047867467,25,64,0,11,89,0.43859649122807015
V17_noise_0.1,noise_0.1,0.01,0.98989898989899,0.17674516048576697,checked,1,10,0.23985014047867467,25,64,0,11,89,0.43859649122807015
V17_noise_0.1,noise_0.1,0.01,0.98989898989899,0.17674516048576697,checked,2,10,0.24207630611875253,25,68,0,7,93,0.423728813559322
V17_noise_0.1,noise_0.1,0.025,0.9749494949494949,0.22284813174131116,original,0,10,-0.0022785494427772523,25,73,0,2,98,0.4065040650406504
V17_noise_0.1,noise_0.1,0.025,0.9749494949494949,0.22284813174131116,original,1,10,0.005146596405392156,25,67,0,8,92,0.42735042735042733
V17_noise_0.1,noise_0.1,0.025,0.9749494949494949,0.22284813174131116,original,2,10,0.005146596405392156,25,67,0,8,92,0.42735042735042733
V17_noise_0.1,noise_0.1,0.025,0.9749494949494949,0.22284813174131116,checked,0,10,0.1981875649396645,25,38,0,37,63,0.5681818181818182
V17_noise_0.1,noise_0.1,0.025,0.9749494949494949,0.22284813174131116,checked,1,10,0.1981875649396645,25,38,0,37,63,0.5681818181818182
V17_noise_0.1,noise_0.1,0.025,0.9749494949494949,0.22284813174131116,checked,2,10,0.1981875649396645,25,38,0,37,63,0.5681818181818182
V17_noise_0.1,noise_0.1,0.05,0.9498989898989899,0.2711453090297659,original,0,10,0.21348587321486853,25,10,0,65,35,0.8333333333333334
V17_noise_0.1,noise_0.1,0.05,0.9498989898989899,0.2711453090297659,original,1,10,0.11528313246067033,25,47,0,28,72,0.5154639175257731
V17_noise_0.1,noise_0.1,0.05,0.9498989898989899,0.2711453090297659,original,2,10,0.18792358541373325,25,28,0,47,53,0.6410256410256411
V17_noise_0.1,noise_0.1,0.05,0.9498989898989899,0.2711453090297659,checked,0,10,0.21801474703124055,25,18,0,57,43,0.7352941176470589
V17_noise_0.1,noise_0.1,0.05,0.9498989898989899,0.2711453090297659,checked,1,10,0.21801474703124055,25,18,0,57,43,0.7352941176470589
V17_noise_0.1,noise_0.1,0.05,0.9498989898989899,0.2711453090297659,checked,2,10,0.21801474703124055,25,18,0,57,43,0.7352941176470589
V17_noise_0.1,noise_0.1,0.075,0.9248484848484848,0.3053225057320028,original,0,10,0.2524203643516579,25,1,0,74,26,0.9803921568627451
V17_noise_0.1,noise_0.1,0.075,0.9248484848484848,0.3053225057320028,original,1,10,0.2523665046706444,25,0,0,75,25,1.0
V17_noise_0.1,noise_0.1,0.075,0.9248484848484848,0.3053225057320028,original,2,10,0.2524203643516579,25,1,0,74,26,0.9803921568627451
V17_noise_0.1,noise_0.1,0.075,0.9248484848484848,0.3053225057320028,checked,0,10,0.2525938364396451,25,2,0,73,27,0.9615384615384616
V17_noise_0.1,noise_0.1,0.075,0.9248484848484848,0.3053225057320028,checked,1,10,0.2525938364396451,25,2,0,73,27,0.9615384615384616
V17_noise_0.1,noise_0.1,0.075,0.9248484848484848,0.3053225057320028,checked,2,10,0.2525938364396451,25,2,0,73,27,0.9615384615384616
V17_noise_0.1,noise_0.1,0.1,0.9,0.32867928530641355,original,0,10,0.2951052135884541,25,0,0,75,25,1.0
V17_noise_0.1,noise_0.1,0.1,0.9,0.32867928530641355,original,1,10,0.2951052135884541,25,0,0,75,25,1.0
V17_noise_0.1,noise_0.1,0.1,0.9,0.32867928530641355,original,2,10,0.2951052135884541,25,0,0,75,25,1.0
V17_noise_0.1,noise_0.1,0.1,0.9,0.32867928530641355,checked,0,10,0.29605165077441065,25,1,0,74,26,0.9803921568627451
V17_noise_0.1,noise_0.1,0.1,0.9,0.32867928530641355,checked,1,10,0.29605165077441065,25,1,0,74,26,0.9803921568627451
V17_noise_0.1,noise_0.1,0.1,0.9,0.32867928530641355,checked,2,10,0.29605165077441065,25,1,0,74,26,0.9803921568627451
V17_noise_0.1,noise_0.1,0.125,0.8749494949494949,0.34799587738808474,original,0,10,0.33270569450205584,25,1,0,74,26,0.9803921568627451
V17_noise_0.1,noise_0.1,0.125,0.8749494949494949,0.34799587738808474,original,1,10,0.33270569450205584,25,1,0,74,26,0.9803921568627451
V17_noise_0.1,noise_0.1,0.125,0.8749494949494949,0.34799587738808474,original,2,10,0.33270569450205584,25,1,0,74,26,0.9803921568627451
V17_noise_0.1,noise_0.1,0.125,0.8749494949494949,0.34799587738808474,checked,0,10,0.33346454651733,25,0,0,75,25,1.0
V17_noise_0.1,noise_0.1,0.125,0.8749494949494949,0.34799587738808474,checked,1,10,0.33346454651733,25,0,0,75,25,1.0
V17_noise_0.1,noise_0.1,0.125,0.8749494949494949,0.34799587738808474,checked,2,10,0.33346454651733,25,0,0,75,25,1.0
V17_noise_0.1,noise_0.1,0.15,0.8498989898989899,0.3672130659411022,original,0,10,0.3697750077670078,25,0,0,75,25,1.0
V17_noise_0.1,noise_0.1,0.15,0.8498989898989899,0.3672130659411022,original,1,10,0.3697750077670078,25,0,0,75,25,1.0
V17_noise_0.1,noise_0.1,0.15,0.8498989898989899,0.3672130659411022,original,2,10,0.3697750077670078,25,0,0,75,25,1.0
V17_noise_0.1,noise_0.1,0.15,0.8498989898989899,0.3672130659411022,checked,0,10,0.3698464567495296,25,1,0,74,26,0.9803921568627451
V17_noise_0.1,noise_0.1,0.15,0.8498989898989899,0.3672130659411022,checked,1,10,0.3698464567495296,25,1,0,74,26,0.9803921568627451
V17_noise_0.1,noise_0.1,0.15,0.8498989898989899,0.3672130659411022,checked,2,10,0.3698464567495296,25,1,0,74,26,0.9803921568627451
V17_noise_0.1,noise_0.1,0.2,0.8,0.3983484111644799,original,0,10,0.43291975062991733,25,1,0,74,26,0.9803921568627451
V17_noise_0.1,noise_0.1,0.2,0.8,0.3983484111644799,original,1,10,0.43291975062991733,25,1,0,74,26,0.9803921568627451
V17_noise_0.1,noise_0.1,0.2,0.8,0.3983484111644799,original,2,10,0.43291975062991733,25,1,0,74,26,0.9803921568627451
V17_noise_0.1,noise_0.1,0.2,0.8,0.3983484111644799,checked,0,10,0.43858740364353005,25,0,0,75,25,1.0
V17_noise_0.1,noise_0.1,0.2,0.8,0.3983484111644799,checked,1,10,0.43858740364353005,25,0,0,75,25,1.0
V17_noise_0.1,noise_0.1,0.2,0.8,0.3983484111644799,checked,2,10,0.43858740364353005,25,0,0,75,25,1.0
V17_noise_0.2,noise_0.2,0.01,1.0,0.0,original,0,10,0.0,17,35,8,40,52,0.44155844155844154
V17_noise_0.2,noise_0.2,0.01,1.0,0.0,original,1,10,0.0,8,42,17,33,50,0.21333333333333335
V17_noise_0.2,noise_0.2,0.01,1.0,0.0,original,2,10,0.0,16,39,9,36,55,0.4
V17_noise_0.2,noise_0.2,0.01,1.0,0.0,checked,0,10,0.0,17,34,8,41,51,0.4473684210526316
V17_noise_0.2,noise_0.2,0.01,1.0,0.0,checked,1,10,0.0,8,43,17,32,51,0.21052631578947367
V17_noise_0.2,noise_0.2,0.01,1.0,0.0,checked,2,10,0.0,16,40,9,35,56,0.3950617283950617
V17_noise_0.2,noise_0.2,0.025,0.9749494949494949,0.08617136767740273,original,0,10,-0.0022785494427772523,25,73,0,2,98,0.4065040650406504
V17_noise_0.2,noise_0.2,0.025,0.9749494949494949,0.08617136767740273,original,1,10,0.04857800826460914,25,72,0,3,97,0.4098360655737705
V17_noise_0.2,noise_0.2,0.025,0.9749494949494949,0.08617136767740273,original,2,10,0.0740928811324899,25,67,0,8,92,0.42735042735042733
V17_noise_0.2,noise_0.2,0.025,0.9749494949494949,0.08617136767740273,checked,0,10,0.19766801985285098,25,51,0,24,76,0.49504950495049505
V17_noise_0.2,noise_0.2,0.025,0.9749494949494949,0.08617136767740273,checked,1,10,0.19766801985285098,25,51,0,24,76,0.49504950495049505
V17_noise_0.2,noise_0.2,0.025,0.9749494949494949,0.08617136767740273,checked,2,10,0.19766801985285098,25,51,0,24,76,0.49504950495049505
V17_noise_0.2,noise_0.2,0.05,0.9498989898989899,0.16071093698622516,original,0,10,0.04276018056748178,24,57,1,18,81,0.4528301886792453
V17_noise_0.2,noise_0.2,0.05,0.9498989898989899,0.16071093698622516,original,1,10,0.08187386139293268,25,60,0,15,85,0.45454545454545453
V17_noise_0.2,noise_0.2,0.05,0.9498989898989899,0.16071093698622516,original,2,10,0.08576152419121869,25,61,0,14,86,0.45045045045045046
V17_noise_0.2,noise_0.2,0.05,0.9498989898989899,0.16071093698622516,checked,0,10,0.20935481570040224,25,20,0,55,45,0.7142857142857143
V17_noise_0.2,noise_0.2,0.05,0.9498989898989899,0.16071093698622516,checked,1,10,0.20906046433446857,25,26,0,49,51,0.6578947368421053
V17_noise_0.2,noise_0.2,0.05,0.9498989898989899,0.16071093698622516,checked,2,10,0.20935481570040224,25,20,0,55,45,0.7142857142857143
V17_noise_0.2,noise_0.2,0.075,0.9248484848484848,0.20822303951756374,original,0,10,0.2386649314490495,25,8,0,67,33,0.8620689655172413
V17_noise_0.2,noise_0.2,0.075,0.9248484848484848,0.20822303951756374,original,1,10,0.2386649314490495,25,8,0,67,33,0.8620689655172413
V17_noise_0.2,noise_0.2,0.075,0.9248484848484848,0.20822303951756374,original,2,10,0.2386649314490495,25,8,0,67,33,0.8620689655172413
V17_noise_0.2,noise_0.2,0.075,0.9248484848484848,0.20822303951756374,checked,0,10,0.23937936473491464,25,9,0,66,34,0.847457627118644
V17_noise_0.2,noise_0.2,0.075,0.9248484848484848,0.20822303951756374,checked,1,10,0.23937936473491464,25,9,0,66,34,0.847457627118644
V17_noise_0.2,noise_0.2,0.075,0.9248484848484848,0.20822303951756374,checked,2,10,0.23937936473491464,25,9,0,66,34,0.847457627118644
V17_noise_0.2,noise_0.2,0.1,0.9,0.24829649384758887,original,0,10,0.2647242646598005,25,5,0,70,30,0.9090909090909091
V17_noise_0.2,noise_0.2,0.1,0.9,0.24829649384758887,original,1,10,0.2647242646598005,25,5,0,70,30,0.9090909090909091
V17_noise_0.2,noise_0.2,0.1,0.9,0.24829649384758887,original,2,10,0.2647242646598005,25,5,0,70,30,0.9090909090909091
V17_noise_0.2,noise_0.2,0.1,0.9,0.24829649384758887,checked,0,10,0.26487180731374005,25,6,0,69,31,0.8928571428571429
V17_noise_0.2,noise_0.2,0.1,0.9,0.24829649384758887,checked,1,10,0.26487180731374005,25,6,0,69,31,0.8928571428571429
V17_noise_0.2,noise_0.2,0.1,0.9,0.24829649384758887,checked,2,10,0.26487180731374005,25,6,0,69,31,0.8928571428571429
V17_noise_0.2,noise_0.2,0.125,0.8749494949494949,0.2769915205469069,original,0,10,0.28805012596435187,25,2,0,73,27,0.9615384615384616
V17_noise_0.2,noise_0.2,0.125,0.8749494949494949,0.2769915205469069,original,1,10,0.28805012596435187,25,2,0,73,27,0.9615384615384616
V17_noise_0.2,noise_0.2,0.125,0.8749494949494949,0.2769915205469069,original,2,10,0.28805012596435187,25,2,0,73,27,0.9615384615384616
V17_noise_0.2,noise_0.2,0.125,0.8749494949494949,0.2769915205469069,checked,0,10,0.2885475045300782,25,1,0,74,26,0.9803921568627451
V17_noise_0.2,noise_0.2,0.125,0.8749494949494949,0.2769915205469069,checked,1,10,0.2885475045300782,25,1,0,74,26,0.9803921568627451
V17_noise_0.2,noise_0.2,0.125,0.8749494949494949,0.2769915205469069,checked,2,10,0.2885475045300782,25,1,0,74,26,0.9803921568627451
V17_noise_0.2,noise_0.2,0.15,0.8498989898989899,0.2992847967403323,original,0,10,0.31051431074826524,25,0,0,75,25,1.0
V17_noise_0.2,noise_0.2,0.15,0.8498989898989899,0.2992847967403323,original,1,10,0.31051431074826524,25,0,0,75,25,1.0
V17_noise_0.2,noise_0.2,0.15,0.8498989898989899,0.2992847967403323,original,2,10,0.31051431074826524,25,0,0,75,25,1.0
V17_noise_0.2,noise_0.2,0.15,0.8498989898989899,0.2992847967403323,checked,0,10,0.31077592778848084,25,1,0,74,26,0.9803921568627451
V17_noise_0.2,noise_0.2,0.15,0.8498989898989899,0.2992847967403323,checked,1,10,0.31077592778848084,25,1,0,74,26,0.9803921568627451
V17_noise_0.2,noise_0.2,0.15,0.8498989898989899,0.2992847967403323,checked,2,10,0.31077592778848084,25,1,0,74,26,0.9803921568627451
V17_noise_0.2,noise_0.2,0.2,0.8,0.34802556863803374,original,0,10,0.33858625295282657,25,1,0,74,26,0.9803921568627451
V17_noise_0.2,noise_0.2,0.2,0.8,0.34802556863803374,original,1,10,0.33858625295282657,25,1,0,74,26,0.9803921568627451
V17_noise_0.2,noise_0.2,0.2,0.8,0.34802556863803374,original,2,10,0.33858625295282657,25,1,0,74,26,0.9803921568627451
V17_noise_0.2,noise_0.2,0.2,0.8,0.34802556863803374,checked,0,10,0.3429326102734794,25,0,0,75,25,1.0
V17_noise_0.2,noise_0.2,0.2,0.8,0.34802556863803374,checked,1,10,0.3429326102734794,25,0,0,75,25,1.0
V17_noise_0.2,noise_0.2,0.2,0.8,0.34802556863803374,checked,2,10,0.3429326102734794,25,0,0,75,25,1.0
V17_overlap_0.75,overlap_0.75,0.01,0.98989898989899,0.33374597001850476,original,0,10,-0.001435913356677318,25,73,0,2,98,0.4065040650406504
V17_overlap_0.75,overlap_0.75,0.01,0.98989898989899,0.33374597001850476,original,1,10,-0.001435913356677318,25,73,0,2,98,0.4065040650406504
V17_overlap_0.75,overlap_0.75,0.01,0.98989898989899,0.33374597001850476,original,2,10,-0.001435913356677318,25,73,0,2,98,0.4065040650406504
V17_overlap_0.75,overlap_0.75,0.01,0.98989898989899,0.33374597001850476,checked,0,10,0.24378260305040494,25,72,0,3,97,0.4098360655737705
V17_overlap_0.75,overlap_0.75,0.01,0.98989898989899,0.33374597001850476,checked,1,10,0.24378260305040494,25,72,0,3,97,0.4098360655737705
V17_overlap_0.75,overlap_0.75,0.01,0.98989898989899,0.33374597001850476,checked,2,10,0.24378260305040494,25,72,0,3,97,0.4098360655737705
V17_overlap_0.75,overlap_0.75,0.025,0.9749494949494949,0.35710519328917756,original,0,10,-0.0022785494427772523,25,73,0,2,98,0.4065040650406504
V17_overlap_0.75,overlap_0.75,0.025,0.9749494949494949,0.35710519328917756,original,1,10,-0.0022785494427772523,25,73,0,2,98,0.4065040650406504
V17_overlap_0.75,overlap_0.75,0.025,0.9749494949494949,0.35710519328917756,original,2,10,0.10875571382943813,25,69,0,6,94,0.42016806722689076
V17_overlap_0.75,overlap_0.75,0.025,0.9749494949494949,0.35710519328917756,checked,0,10,0.20051051183653137,25,43,0,32,68,0.5376344086021505
V17_overlap_0.75,overlap_0.75,0.025,0.9749494949494949,0.35710519328917756,checked,1,10,0.20051051183653137,25,43,0,32,68,0.5376344086021505
V17_overlap_0.75,overlap_0.75,0.025,0.9749494949494949,0.35710519328917756,checked,2,10,0.20051051183653137,25,43,0,32,68,0.5376344086021505
V17_overlap_0.75,overlap_0.75,0.05,0.9498989898989899,0.3836438337623044,original,0,10,0.14863673525969015,25,42,0,33,67,0.5434782608695652
V17_overlap_0.75,overlap_0.75,0.05,0.9498989898989899,0.3836438337623044,original,1,10,0.16700126173885368,25,43,0,32,68,0.5376344086021505
V17_overlap_0.75,overlap_0.75,0.05,0.9498989898989899,0.3836438337623044,original,2,10,0.10836017240491587,25,55,0,20,80,0.47619047619047616
V17_overlap_0.75,overlap_0.75,0.05,0.9498989898989899,0.3836438337623044,checked,0,10,0.22404979440539494,25,27,0,48,52,0.6493506493506493
V17_overlap_0.75,overlap_0.75,0.05,0.9498989898989899,0.3836438337623044,checked,1,10,0.2248223861540044,25,32,0,43,57,0.6097560975609756
V17_overlap_0.75,overlap_0.75,0.05,0.9498989898989899,0.3836438337623044,checked,2,10,0.2248223861540044,25,32,0,43,57,0.6097560975609756
V17_overlap_0.75,overlap_0.75,0.075,0.9248484848484848,0.40132359125160183,original,0,10,0.12944958089324812,25,43,0,32,68,0.5376344086021505
V17_overlap_0.75,overlap_0.75,0.075,0.9248484848484848,0.40132359125160183,original,1,10,0.21375354099007277,25,21,0,54,46,0.704225352112676
V17_overlap_0.75,overlap_0.75,0.075,0.9248484848484848,0.40132359125160183,original,2,10,0.18130798142436738,25,29,0,46,54,0.6329113924050633
V17_overlap_0.75,overlap_0.75,0.075,0.9248484848484848,0.40132359125160183,checked,0,10,0.23159598041502966,25,11,0,64,36,0.819672131147541
V17_overlap_0.75,overlap_0.75,0.075,0.9248484848484848,0.40132359125160183,checked,1,10,0.23159598041502966,25,11,0,64,36,0.819672131147541
V17_overlap_0.75,overlap_0.75,0.075,0.9248484848484848,0.40132359125160183,checked,2,10,0.23159598041502966,25,11,0,64,36,0.819672131147541
V17_overlap_0.75,overlap_0.75,0.1,0.9,0.4171775640867397,original,0,10,0.19219257354642577,25,18,0,57,43,0.7352941176470589
V17_overlap_0.75,overlap_0.75,0.1,0.9,0.4171775640867397,original,1,10,0.19261337299919556,25,22,0,53,47,0.6944444444444444
V17_overlap_0.75,overlap_0.75,0.1,0.9,0.4171775640867397,original,2,10,0.19261337299919556,25,22,0,53,47,0.6944444444444444
V17_overlap_0.75,overlap_0.75,0.1,0.9,0.4171775640867397,checked,0,10,0.21419325064681907,25,10,0,65,35,0.8333333333333334
V17_overlap_0.75,overlap_0.75,0.1,0.9,0.4171775640867397,checked,1,10,0.21419325064681907,25,10,0,65,35,0.8333333333333334
V17_overlap_0.75,overlap_0.75,0.1,0.9,0.4171775640867397,checked,2,10,0.21419325064681907,25,10,0,65,35,0.8333333333333334
V17_overlap_0.75,overlap_0.75,0.125,0.8749494949494949,0.42927328068757237,original,0,10,0.14688439687545066,25,30,0,45,55,0.625
V17_overlap_0.75,overlap_0.75,0.125,0.8749494949494949,0.42927328068757237,original,1,10,0.18943555225506728,25,15,0,60,40,0.7692307692307693
V17_overlap_0.75,overlap_0.75,0.125,0.8749494949494949,0.42927328068757237,original,2,10,0.15855555616532838,24,30,1,45,54,0.6075949367088608
V17_overlap_0.75,overlap_0.75,0.125,0.8749494949494949,0.42927328068757237,checked,0,10,0.20235302157164392,24,8,1,67,32,0.8421052631578947
V17_overlap_0.75,overlap_0.75,0.125,0.8749494949494949,0.42927328068757237,checked,1,10,0.20235302157164392,24,8,1,67,32,0.8421052631578947
V17_overlap_0.75,overlap_0.75,0.125,0.8749494949494949,0.42927328068757237,checked,2,10,0.20235302157164392,24,8,1,67,32,0.8421052631578947
V17_overlap_0.75,overlap_0.75,0.15,0.8498989898989899,0.4424844654994627,original,0,10,0.1914350638871334,25,20,0,55,45,0.7142857142857143
V17_overlap_0.75,overlap_0.75,0.15,0.8498989898989899,0.4424844654994627,original,1,10,0.18081325472305576,25,14,0,61,39,0.78125
V17_overlap_0.75,overlap_0.75,0.15,0.8498989898989899,0.4424844654994627,original,2,10,0.18464762905830714,24,12,1,63,36,0.7868852459016393
V17_overlap_0.75,overlap_0.75,0.15,0.8498989898989899,0.4424844654994627,checked,0,10,0.20298484137803469,24,4,1,71,28,0.9056603773584906
V17_overlap_0.75,overlap_0.75,0.15,0.8498989898989899,0.4424844654994627,checked,1,10,0.20298484137803469,24,4,1,71,28,0.9056603773584906
V17_overlap_0.75,overlap_0.75,0.15,0.8498989898989899,0.4424844654994627,checked,2,10,0.20298484137803469,24,4,1,71,28,0.9056603773584906
V17_overlap_0.75,overlap_0.75,0.2,0.8,0.46867674096916984,original,0,10,0.10961354560790293,25,41,0,34,66,0.5494505494505495
V17_overlap_0.75,overlap_0.75,0.2,0.8,0.46867674096916984,original,1,10,0.14097816082153738,22,29,3,46,51,0.5789473684210527
V17_overlap_0.75,overlap_0.75,0.2,0.8,0.46867674096916984,original,2,10,0.14453821538773784,23,28,2,47,51,0.6052631578947368
V17_overlap_0.75,overlap_0.75,0.2,0.8,0.46867674096916984,checked,0,10,0.17961722887717482,25,22,0,53,47,0.6944444444444444
V17_overlap_0.75,overlap_0.75,0.2,0.8,0.46867674096916984,checked,1,10,0.17961722887717482,25,22,0,53,47,0.6944444444444444
V17_overlap_0.75,overlap_0.75,0.2,0.8,0.46867674096916984,checked,2,10,0.1790606911991617,25,25,0,50,50,0.6666666666666666
V18_baseline,baseline,0.01,0.98989898989899,0.3049614232087243,original,0,10,-0.001435913356677318,24,74,0,2,98,0.39344262295081966
V18_baseline,baseline,0.01,0.98989898989899,0.3049614232087243,original,1,10,0.04673684177999406,18,48,6,28,66,0.4
V18_baseline,baseline,0.01,0.98989898989899,0.3049614232087243,original,2,10,-0.0024875775821447035,24,73,0,3,97,0.39669421487603307
V18_baseline,baseline,0.01,0.98989898989899,0.3049614232087243,checked,0,10,0.2078885166251568,24,68,0,8,92,0.41379310344827586
V18_baseline,baseline,0.01,0.98989898989899,0.3049614232087243,checked,1,10,0.2078885166251568,24,68,0,8,92,0.41379310344827586
V18_baseline,baseline,0.01,0.98989898989899,0.3049614232087243,checked,2,10,0.2078885166251568,24,68,0,8,92,0.41379310344827586
V18_baseline,baseline,0.025,0.9749494949494949,0.31085265916970284,original,0,10,-0.0022785494427772523,23,75,1,1,98,0.3770491803278688
V18_baseline,baseline,0.025,0.9749494949494949,0.31085265916970284,original,1,10,-0.0022785494427772523,24,74,0,2,98,0.39344262295081966
V18_baseline,baseline,0.025,0.9749494949494949,0.31085265916970284,original,2,10,0.0886796742832764,24,74,0,2,98,0.39344262295081966
V18_baseline,baseline,0.025,0.9749494949494949,0.31085265916970284,checked,0,10,0.20356378108167958,24,55,0,21,79,0.46601941747572817
V18_baseline,baseline,0.025,0.9749494949494949,0.31085265916970284,checked,1,10,0.20356378108167958,24,55,0,21,79,0.46601941747572817
V18_baseline,baseline,0.025,0.9749494949494949,0.31085265916970284,checked,2,10,0.20356378108167958,24,55,0,21,79,0.46601941747572817
V18_baseline,baseline,0.05,0.9498989898989899,0.32667114031974975,original,0,10,-0.0032645686152459816,24,74,0,2,98,0.39344262295081966
V18_baseline,baseline,0.05,0.9498989898989899,0.32667114031974975,original,1,10,0.1124332836916666,24,51,0,25,75,0.48484848484848486
V18_baseline,baseline,0.05,0.9498989898989899,0.32667114031974975,original,2,10,0.12480529308021877,24,54,0,22,78,0.47058823529411764
V18_baseline,baseline,0.05,0.9498989898989899,0.32667114031974975,checked,0,10,0.19876768588153515,24,22,0,54,46,0.6857142857142857
V18_baseline,baseline,0.05,0.9498989898989899,0.32667114031974975,checked,1,10,0.19876768588153515,24,22,0,54,46,0.6857142857142857
V18_baseline,baseline,0.05,0.9498989898989899,0.32667114031974975,checked,2,10,0.19876768588153515,24,22,0,54,46,0.6857142857142857
V18_baseline,baseline,0.075,0.9248484848484848,0.34213177171385034,original,0,10,0.2483885917317031,24,15,0,61,39,0.7619047619047619
V18_baseline,baseline,0.075,0.9248484848484848,0.34213177171385034,original,1,10,0.2483885917317031,24,15,0,61,39,0.7619047619047619
V18_baseline,baseline,0.075,0.9248484848484848,0.34213177171385034,original,2,10,0.24719224219731326,24,12,0,64,36,0.8
V18_baseline,baseline,0.075,0.9248484848484848,0.34213177171385034,checked,0,10,0.24900656024612633,24,14,0,62,38,0.7741935483870968
V18_baseline,baseline,0.075,0.9248484848484848,0.34213177171385034,checked,1,10,0.24900656024612633,24,14,0,62,38,0.7741935483870968
V18_baseline,baseline,0.075,0.9248484848484848,0.34213177171385034,checked,2,10,0.24900656024612633,24,14,0,62,38,0.7741935483870968
V18_baseline,baseline,0.1,0.9,0.3555988712198242,original,0,10,0.2856075745304349,24,1,0,75,25,0.9795918367346939
V18_baseline,baseline,0.1,0.9,0.3555988712198242,original,1,10,0.2856075745304349,24,1,0,75,25,0.9795918367346939
V18_baseline,baseline,0.1,0.9,0.3555988712198242,original,2,10,0.2856075745304349,24,1,0,75,25,0.9795918367346939
V18_baseline,baseline,0.1,0.9,0.3555988712198242,checked,0,10,0.28613169175965075,24,0,0,76,24,1.0
V18_baseline,baseline,0.1,0.9,0.3555988712198242,checked,1,10,0.28613169175965075,24,0,0,76,24,1.0
V18_baseline,baseline,0.1,0.9,0.3555988712198242,checked,2,10,0.28613169175965075,24,0,0,76,24,1.0
V18_baseline,baseline,0.125,0.8749494949494949,0.36893353005378066,original,0,10,0.32115889369645007,24,1,0,75,25,0.9795918367346939
V18_baseline,baseline,0.125,0.8749494949494949,0.36893353005378066,original,1,10,0.32115889369645007,24,1,0,75,25,0.9795918367346939
V18_baseline,baseline,0.125,0.8749494949494949,0.36893353005378066,original,2,10,0.32115889369645007,24,1,0,75,25,0.9795918367346939
V18_baseline,baseline,0.125,0.8749494949494949,0.36893353005378066,checked,0,10,0.3245177453774399,24,0,0,76,24,1.0
V18_baseline,baseline,0.125,0.8749494949494949,0.36893353005378066,checked,1,10,0.3245177453774399,24,0,0,76,24,1.0
V18_baseline,baseline,0.125,0.8749494949494949,0.36893353005378066,checked,2,10,0.3245177453774399,24,0,0,76,24,1.0
V18_baseline,baseline,0.15,0.8498989898989899,0.3820058523783135,original,0,10,0.35837871987878805,24,1,0,75,25,0.9795918367346939
V18_baseline,baseline,0.15,0.8498989898989899,0.3820058523783135,original,1,10,0.35837871987878805,24,1,0,75,25,0.9795918367346939
V18_baseline,baseline,0.15,0.8498989898989899,0.3820058523783135,original,2,10,0.35837871987878805,24,1,0,75,25,0.9795918367346939
V18_baseline,baseline,0.15,0.8498989898989899,0.3820058523783135,checked,0,10,0.3607408865297806,24,0,0,76,24,1.0
V18_baseline,baseline,0.15,0.8498989898989899,0.3820058523783135,checked,1,10,0.3607408865297806,24,0,0,76,24,1.0
V18_baseline,baseline,0.15,0.8498989898989899,0.3820058523783135,checked,2,10,0.3607408865297806,24,0,0,76,24,1.0
V18_baseline,baseline,0.2,0.8,0.4067396700149541,original,0,10,0.4253585492412891,24,1,0,75,25,0.9795918367346939
V18_baseline,baseline,0.2,0.8,0.4067396700149541,original,1,10,0.4253585492412891,24,1,0,75,25,0.9795918367346939
V18_baseline,baseline,0.2,0.8,0.4067396700149541,original,2,10,0.4253585492412891,24,1,0,75,25,0.9795918367346939
V18_baseline,baseline,0.2,0.8,0.4067396700149541,checked,0,10,0.4291975376394761,24,0,0,76,24,1.0
V18_baseline,baseline,0.2,0.8,0.4067396700149541,checked,1,10,0.4291975376394761,24,0,0,76,24,1.0
V18_baseline,baseline,0.2,0.8,0.4067396700149541,checked,2,10,0.4291975376394761,24,0,0,76,24,1.0
V18_noise_0.1,noise_0.1,0.01,0.98989898989899,0.17991400003726332,original,0,10,0.05454501361266937,24,72,0,4,96,0.4
V18_noise_0.1,noise_0.1,0.01,0.98989898989899,0.17991400003726332,original,1,10,-0.001435913356677318,24,74,0,2,98,0.39344262295081966
V18_noise_0.1,noise_0.1,0.01,0.98989898989899,0.17991400003726332,original,2,10,0.019319482565941907,24,68,0,8,92,0.41379310344827586
V18_noise_0.1,noise_0.1,0.01,0.98989898989899,0.17991400003726332,checked,0,10,0.22873715385957105,24,72,0,4,96,0.4
V18_noise_0.1,noise_0.1,0.01,0.98989898989899,0.17991400003726332,checked,1,10,0.22873715385957105,24,72,0,4,96,0.4
V18_noise_0.1,noise_0.1,0.01,0.98989898989899,0.17991400003726332,checked,2,10,0.22873715385957105,24,72,0,4,96,0.4
V18_noise_0.1,noise_0.1,0.025,0.9749494949494949,0.22697764246984015,original,0,10,-0.0022785494427772523,24,74,0,2,98,0.39344262295081966
V18_noise_0.1,noise_0.1,0.025,0.9749494949494949,0.22697764246984015,original,1,10,-0.0022785494427772523,23,75,1,1,98,0.3770491803278688
V18_noise_0.1,noise_0.1,0.025,0.9749494949494949,0.22697764246984015,original,2,10,-0.0022785494427772523,24,74,0,2,98,0.39344262295081966
V18_noise_0.1,noise_0.1,0.025,0.9749494949494949,0.22697764246984015,checked,0,10,0.1891086843141106,24,57,0,19,81,0.45714285714285713
V18_noise_0.1,noise_0.1,0.025,0.9749494949494949,0.22697764246984015,checked,1,10,0.1891086843141106,24,57,0,19,81,0.45714285714285713
V18_noise_0.1,noise_0.1,0.025,0.9749494949494949,0.22697764246984015,checked,2,10,0.1891086843141106,24,57,0,19,81,0.45714285714285713
V18_noise_0.1,noise_0.1,0.05,0.9498989898989899,0.267802431633726,original,0,10,0.21405223978749682,24,19,0,57,43,0.7164179104477612
V18_noise_0.1,noise_0.1,0.05,0.9498989898989899,0.267802431633726,original,1,10,0.21060257462003915,24,13,0,63,37,0.7868852459016393
V18_noise_0.1,noise_0.1,0.05,0.9498989898989899,0.267802431633726,original,2,10,0.2148590867794739,24,12,0,64,36,0.8
V18_noise_0.1,noise_0.1,0.05,0.9498989898989899,0.267802431633726,checked,0,10,0.21862460181141213,24,17,0,59,41,0.7384615384615385
V18_noise_0.1,noise_0.1,0.05,0.9498989898989899,0.267802431633726,checked,1,10,0.21862460181141213,24,17,0,59,41,0.7384615384615385
V18_noise_0.1,noise_0.1,0.05,0.9498989898989899,0.267802431633726,checked,2,10,0.21862460181141213,24,17,0,59,41,0.7384615384615385
V18_noise_0.1,noise_0.1,0.075,0.9248484848484848,0.2958283049893203,original,0,10,0.24780336227668834,24,2,0,74,26,0.96
V18_noise_0.1,noise_0.1,0.075,0.9248484848484848,0.2958283049893203,original,1,10,0.2467423704636046,24,4,0,72,28,0.9230769230769231
V18_noise_0.1,noise_0.1,0.075,0.9248484848484848,0.2958283049893203,original,2,10,0.2467423704636046,24,4,0,72,28,0.9230769230769231
V18_noise_0.1,noise_0.1,0.075,0.9248484848484848,0.2958283049893203,checked,0,10,0.24798731282978817,24,3,0,73,27,0.9411764705882353
V18_noise_0.1,noise_0.1,0.075,0.9248484848484848,0.2958283049893203,checked,1,10,0.24798731282978817,24,3,0,73,27,0.9411764705882353
V18_noise_0.1,noise_0.1,0.075,0.9248484848484848,0.2958283049893203,checked,2,10,0.24798731282978817,24,3,0,73,27,0.9411764705882353
V18_noise_0.1,noise_0.1,0.1,0.9,0.325415988831546,original,0,10,0.2879369412968114,24,2,0,74,26,0.96
V18_noise_0.1,noise_0.1,0.1,0.9,0.325415988831546,original,1,10,0.2879369412968114,24,2,0,74,26,0.96
V18_noise_0.1,noise_0.1,0.1,0.9,0.325415988831546,original,2,10,0.2879369412968114,24,2,0,74,26,0.96
V18_noise_0.1,noise_0.1,0.1,0.9,0.325415988831546,checked,0,10,0.2883211856898689,24,1,0,75,25,0.9795918367346939
V18_noise_0.1,noise_0.1,0.1,0.9,0.325415988831546,checked,1,10,0.2883211856898689,24,1,0,75,25,0.9795918367346939
V18_noise_0.1,noise_0.1,0.1,0.9,0.325415988831546,checked,2,10,0.2883211856898689,24,1,0,75,25,0.9795918367346939
V18_noise_0.1,noise_0.1,0.125,0.8749494949494949,0.3506653437219339,original,0,10,0.32411937978528244,24,2,0,74,26,0.96
V18_noise_0.1,noise_0.1,0.125,0.8749494949494949,0.3506653437219339,original,1,10,0.32411937978528244,24,2,0,74,26,0.96
V18_noise_0.1,noise_0.1,0.125,0.8749494949494949,0.3506653437219339,original,2,10,0.32411937978528244,24,2,0,74,26,0.96
V18_noise_0.1,noise_0.1,0.125,0.8749494949494949,0.3506653437219339,checked,0,10,0.32608115482480204,24,1,0,75,25,0.9795918367346939
V18_noise_0.1,noise_0.1,0.125,0.8749494949494949,0.3506653437219339,checked,1,10,0.32608115482480204,24,1,0,75,25,0.9795918367346939
V18_noise_0.1,noise_0.1,0.125,0.8749494949494949,0.3506653437219339,checked,2,10,0.32608115482480204,24,1,0,75,25,0.9795918367346939
V18_noise_0.1,noise_0.1,0.15,0.8498989898989899,0.36896467163223823,original,0,10,0.3560994623011441,24,1,0,75,25,0.9795918367346939
V18_noise_0.1,noise_0.1,0.15,0.8498989898989899,0.36896467163223823,original,1,10,0.3560994623011441,24,1,0,75,25,0.9795918367346939
V18_noise_0.1,noise_0.1,0.15,0.8498989898989899,0.36896467163223823,original,2,10,0.3560994623011441,24,1,0,75,25,0.9795918367346939
V18_noise_0.1,noise_0.1,0.15,0.8498989898989899,0.36896467163223823,checked,0,10,0.35845200953391776,24,0,0,76,24,1.0
V18_noise_0.1,noise_0.1,0.15,0.8498989898989899,0.36896467163223823,checked,1,10,0.35845200953391776,24,0,0,76,24,1.0
V18_noise_0.1,noise_0.1,0.15,0.8498989898989899,0.36896467163223823,checked,2,10,0.35845200953391776,24,0,0,76,24,1.0
V18_noise_0.1,noise_0.1,0.2,0.8,0.4003474018293692,original,0,10,0.4223057366869257,24,1,0,75,25,0.9795918367346939
V18_noise_0.1,noise_0.1,0.2,0.8,0.4003474018293692,original,1,10,0.4223057366869257,24,1,0,75,25,0.9795918367346939
V18_noise_0.1,noise_0.1,0.2,0.8,0.4003474018293692,original,2,10,0.4223057366869257,24,1,0,75,25,0.9795918367346939
V18_noise_0.1,noise_0.1,0.2,0.8,0.4003474018293692,checked,0,10,0.42510994204290964,24,0,0,76,24,1.0
V18_noise_0.1,noise_0.1,0.2,0.8,0.4003474018293692,checked,1,10,0.42510994204290964,24,0,0,76,24,1.0
V18_noise_0.1,noise_0.1,0.2,0.8,0.4003474018293692,checked,2,10,0.42510994204290964,24,0,0,76,24,1.0
V18_noise_0.2,noise_0.2,0.01,0.98989898989899,0.009830267982956884,original,0,10,0.05454501361266937,24,72,0,4,96,0.4
V18_noise_0.2,noise_0.2,0.01,0.98989898989899,0.009830267982956884,original,1,10,-0.0024875775821447035,24,73,0,3,97,0.39669421487603307
V18_noise_0.2,noise_0.2,0.01,0.98989898989899,0.009830267982956884,original,2,10,-0.001435913356677318,23,75,1,1,98,0.3770491803278688
V18_noise_0.2,noise_0.2,0.01,0.98989898989899,0.009830267982956884,checked,0,10,0.22873715385957105,24,72,0,4,96,0.4
V18_noise_0.2,noise_0.2,0.01,0.98989898989899,0.009830267982956884,checked,1,10,0.22873715385957105,24,72,0,4,96,0.4
V18_noise_0.2,noise_0.2,0.01,0.98989898989899,0.009830267982956884,checked,2,10,0.22873715385957105,24,72,0,4,96,0.4
V18_noise_0.2,noise_0.2,0.025,0.9749494949494949,0.08548605638267992,original,0,10,-0.0022785494427772523,24,74,0,2,98,0.39344262295081966
V18_noise_0.2,noise_0.2,0.025,0.9749494949494949,0.08548605638267992,original,1,10,0.006182609668082123,1,1,23,75,2,0.07692307692307693
V18_noise_0.2,noise_0.2,0.025,0.9749494949494949,0.08548605638267992,original,2,10,-0.0022785494427772523,24,74,0,2,98,0.39344262295081966
V18_noise_0.2,noise_0.2,0.025,0.9749494949494949,0.08548605638267992,checked,0,10,0.1972822587564036,24,48,0,28,72,0.5
V18_noise_0.2,noise_0.2,0.025,0.9749494949494949,0.08548605638267992,checked,1,10,0.1972822587564036,24,48,0,28,72,0.5
V18_noise_0.2,noise_0.2,0.025,0.9749494949494949,0.08548605638267992,checked,2,10,0.1972822587564036,24,48,0,28,72,0.5
V18_noise_0.2,noise_0.2,0.05,0.9498989898989899,0.15258531623647048,original,0,10,0.10648965799313961,24,53,0,23,77,0.4752475247524752
V18_noise_0.2,noise_0.2,0.05,0.9498989898989899,0.15258531623647048,original,1,10,0.14849693229181202,24,44,0,32,68,0.5217391304347826
V18_noise_0.2,noise_0.2,0.05,0.9498989898989899,0.15258531623647048,original,2,10,0.14581106489143772,24,49,0,27,73,0.4948453608247423
V18_noise_0.2,noise_0.2,0.05,0.9498989898989899,0.15258531623647048,checked,0,10,0.20304710918542176,24,17,0,59,41,0.7384615384615385
V18_noise_0.2,noise_0.2,0.05,0.9498989898989899,0.15258531623647048,checked,1,10,0.20304710918542176,24,17,0,59,41,0.7384615384615385
V18_noise_0.2,noise_0.2,0.05,0.9498989898989899,0.15258531623647048,checked,2,10,0.20302372055905693,24,13,0,63,37,0.7868852459016393
V18_noise_0.2,noise_0.2,0.075,0.9248484848484848,0.201011087813547,original,0,10,0.2307336934250847,24,6,0,70,30,0.8888888888888888
V18_noise_0.2,noise_0.2,0.075,0.9248484848484848,0.201011087813547,original,1,10,0.2307336934250847,24,6,0,70,30,0.8888888888888888
V18_noise_0.2,noise_0.2,0.075,0.9248484848484848,0.201011087813547,original,2,10,0.2307336934250847,24,6,0,70,30,0.8888888888888888
V18_noise_0.2,noise_0.2,0.075,0.9248484848484848,0.201011087813547,checked,0,10,0.23180094877620055,24,5,0,71,29,0.9056603773584906
V18_noise_0.2,noise_0.2,0.075,0.9248484848484848,0.201011087813547,checked,1,10,0.23180094877620055,24,5,0,71,29,0.9056603773584906
V18_noise_0.2,noise_0.2,0.075,0.9248484848484848,0.201011087813547,checked,2,10,0.23180094877620055,24,5,0,71,29,0.9056603773584906
V18_noise_0.2,noise_0.2,0.1,0.9,0.23833566977378112,original,0,10,0.2527732002272149,24,2,0,74,26,0.96
V18_noise_0.2,noise_0.2,0.1,0.9,0.23833566977378112,original,1,10,0.2527732002272149,24,2,0,74,26,0.96
V18_noise_0.2,noise_0.2,0.1,0.9,0.23833566977378112,original,2,10,0.2527732002272149,24,2,0,74,26,0.96
V18_noise_0.2,noise_0.2,0.1,0.9,0.23833566977378112,checked,0,10,0.25304424061722613,24,1,0,75,25,0.9795918367346939
V18_noise_0.2,noise_0.2,0.1,0.9,0.23833566977378112,checked,1,10,0.25304424061722613,24,1,0,75,25,0.9795918367346939
V18_noise_0.2,noise_0.2,0.1,0.9,0.23833566977378112,checked,2,10,0.25304424061722613,24,1,0,75,25,0.9795918367346939
V18_noise_0.2,noise_0.2,0.125,0.8749494949494949,0.27113952584478673,original,0,10,0.27014825870842085,24,2,0,74,26,0.96
V18_noise_0.2,noise_0.2,0.125,0.8749494949494949,0.27113952584478673,original,1,10,0.27014825870842085,24,2,0,74,26,0.96
V18_noise_0.2,noise_0.2,0.125,0.8749494949494949,0.27113952584478673,original,2,10,0.27014825870842085,24,2,0,74,26,0.96
V18_noise_0.2,noise_0.2,0.125,0.8749494949494949,0.27113952584478673,checked,0,10,0.2709164704787239,24,3,0,73,27,0.9411764705882353
V18_noise_0.2,noise_0.2,0.125,0.8749494949494949,0.27113952584478673,checked,1,10,0.2709164704787239,24,3,0,73,27,0.9411764705882353
V18_noise_0.2,noise_0.2,0.125,0.8749494949494949,0.27113952584478673,checked,2,10,0.2709164704787239,24,3,0,73,27,0.9411764705882353
V18_noise_0.2,noise_0.2,0.15,0.8498989898989899,0.3040770218981584,original,0,10,0.2934198789159357,24,1,0,75,25,0.9795918367346939
V18_noise_0.2,noise_0.2,0.15,0.8498989898989899,0.3040770218981584,original,1,10,0.2934198789159357,24,1,0,75,25,0.9795918367346939
V18_noise_0.2,noise_0.2,0.15,0.8498989898989899,0.3040770218981584,original,2,10,0.2934198789159357,24,1,0,75,25,0.9795918367346939
V18_noise_0.2,noise_0.2,0.15,0.8498989898989899,0.3040770218981584,checked,0,10,0.2943634536497575,24,0,0,76,24,1.0
V18_noise_0.2,noise_0.2,0.15,0.8498989898989899,0.3040770218981584,checked,1,10,0.2943634536497575,24,0,0,76,24,1.0
V18_noise_0.2,noise_0.2,0.15,0.8498989898989899,0.3040770218981584,checked,2,10,0.2943634536497575,24,0,0,76,24,1.0
V18_noise_0.2,noise_0.2,0.2,0.8,0.3518147301244582,original,0,10,0.3378445893495406,24,1,0,75,25,0.9795918367346939
V18_noise_0.2,noise_0.2,0.2,0.8,0.3518147301244582,original,1,10,0.3378445893495406,24,1,0,75,25,0.9795918367346939
V18_noise_0.2,noise_0.2,0.2,0.8,0.3518147301244582,original,2,10,0.3378445893495406,24,1,0,75,25,0.9795918367346939
V18_noise_0.2,noise_0.2,0.2,0.8,0.3518147301244582,checked,0,10,0.34029233341415605,24,0,0,76,24,1.0
V18_noise_0.2,noise_0.2,0.2,0.8,0.3518147301244582,checked,1,10,0.34029233341415605,24,0,0,76,24,1.0
V18_noise_0.2,noise_0.2,0.2,0.8,0.3518147301244582,checked,2,10,0.34029233341415605,24,0,0,76,24,1.0
V18_overlap_0.75,overlap_0.75,0.01,0.98989898989899,0.33784417280860446,original,0,10,-0.00010439265472707574,0,2,24,74,2,0.0
V18_overlap_0.75,overlap_0.75,0.01,0.98989898989899,0.33784417280860446,original,1,10,-0.0024875775821447035,24,73,0,3,97,0.39669421487603307
V18_overlap_0.75,overlap_0.75,0.01,0.98989898989899,0.33784417280860446,original,2,10,0.022873204596667494,19,50,5,26,69,0.40860215053763443
V18_overlap_0.75,overlap_0.75,0.01,0.98989898989899,0.33784417280860446,checked,0,10,0.2073871062512591,24,60,0,16,84,0.4444444444444444
V18_overlap_0.75,overlap_0.75,0.01,0.98989898989899,0.33784417280860446,checked,1,10,0.2073871062512591,24,60,0,16,84,0.4444444444444444
V18_overlap_0.75,overlap_0.75,0.01,0.98989898989899,0.33784417280860446,checked,2,10,0.2073871062512591,24,60,0,16,84,0.4444444444444444
V18_overlap_0.75,overlap_0.75,0.025,0.9749494949494949,0.35727777729065385,original,0,10,-0.0022785494427772523,24,74,0,2,98,0.39344262295081966
V18_overlap_0.75,overlap_0.75,0.025,0.9749494949494949,0.35727777729065385,original,1,10,0.0886796742832764,24,74,0,2,98,0.39344262295081966
V18_overlap_0.75,overlap_0.75,0.025,0.9749494949494949,0.35727777729065385,original,2,10,-0.0022785494427772523,23,75,1,1,98,0.3770491803278688
V18_overlap_0.75,overlap_0.75,0.025,0.9749494949494949,0.35727777729065385,checked,0,10,0.18894560016558473,24,66,0,10,90,0.42105263157894735
V18_overlap_0.75,overlap_0.75,0.025,0.9749494949494949,0.35727777729065385,checked,1,10,0.18976772912167775,24,62,0,14,86,0.43636363636363634
V18_overlap_0.75,overlap_0.75,0.025,0.9749494949494949,0.35727777729065385,checked,2,10,0.18894560016558473,24,66,0,10,90,0.42105263157894735
V18_overlap_0.75,overlap_0.75,0.05,0.9498989898989899,0.3808291045806501,original,0,10,-0.0032645686152459816,24,74,0,2,98,0.39344262295081966
V18_overlap_0.75,overlap_0.75,0.05,0.9498989898989899,0.3808291045806501,original,1,10,0.06189516785886728,24,74,0,2,98,0.39344262295081966
V18_overlap_0.75,overlap_0.75,0.05,0.9498989898989899,0.3808291045806501,original,2,10,0.04522902804035145,24,72,0,4,96,0.4
V18_overlap_0.75,overlap_0.75,0.05,0.9498989898989899,0.3808291045806501,checked,0,10,0.2053214548772915,24,9,0,67,33,0.8421052631578947
V18_overlap_0.75,overlap_0.75,0.05,0.9498989898989899,0.3808291045806501,checked,1,10,0.2053214548772915,24,9,0,67,33,0.8421052631578947
V18_overlap_0.75,overlap_0.75,0.05,0.9498989898989899,0.3808291045806501,checked,2,10,0.20527961332377362,24,30,0,46,54,0.6153846153846154
V18_overlap_0.75,overlap_0.75,0.075,0.9248484848484848,0.3969633056184939,original,0,10,0.0819180619404789,24,58,0,18,82,0.4528301886792453
V18_overlap_0.75,overlap_0.75,0.075,0.9248484848484848,0.3969633056184939,original,1,10,0.16266114499863787,24,50,0,26,74,0.4897959183673469
V18_overlap_0.75,overlap_0.75,0.075,0.9248484848484848,0.3969633056184939,original,2,10,-0.0040520504963352435,24,74,0,2,98,0.39344262295081966
V18_overlap_0.75,overlap_0.75,0.075,0.9248484848484848,0.3969633056184939,checked,0,10,0.223897411602963,24,20,0,56,44,0.7058823529411765
V18_overlap_0.75,overlap_0.75,0.075,0.9248484848484848,0.3969633056184939,checked,1,10,0.223897411602963,24,20,0,56,44,0.7058823529411765
V18_overlap_0.75,overlap_0.75,0.075,0.9248484848484848,0.3969633056184939,checked,2,10,0.223897411602963,24,20,0,56,44,0.7058823529411765
V18_overlap_0.75,overlap_0.75,0.1,0.9,0.41373546066973427,original,0,10,0.21501180160692737,24,24,0,52,48,0.6666666666666666
V18_overlap_0.75,overlap_0.75,0.1,0.9,0.41373546066973427,original,1,10,0.2323113335686529,24,18,0,58,42,0.7272727272727273
V18_overlap_0.75,overlap_0.75,0.1,0.9,0.41373546066973427,original,2,10,0.23167692758561595,24,23,0,53,47,0.676056338028169
V18_overlap_0.75,overlap_0.75,0.1,0.9,0.41373546066973427,checked,0,10,0.23541429173527711,24,19,0,57,43,0.7164179104477612
V18_overlap_0.75,overlap_0.75,0.1,0.9,0.41373546066973427,checked,1,10,0.23541429173527711,24,19,0,57,43,0.7164179104477612
V18_overlap_0.75,overlap_0.75,0.1,0.9,0.41373546066973427,checked,2,10,0.23541429173527711,24,19,0,57,43,0.7164179104477612
V18_overlap_0.75,overlap_0.75,0.125,0.8749494949494949,0.42882757675681327,original,0,10,0.20240279320652663,24,20,0,56,44,0.7058823529411765
V18_overlap_0.75,overlap_0.75,0.125,0.8749494949494949,0.42882757675681327,original,1,10,0.1935181897202663,23,26,1,50,49,0.6301369863013698
V18_overlap_0.75,overlap_0.75,0.125,0.8749494949494949,0.42882757675681327,original,2,10,0.1768990435189666,24,37,0,39,61,0.5647058823529412
V18_overlap_0.75,overlap_0.75,0.125,0.8749494949494949,0.42882757675681327,checked,0,10,0.21115500064166054,24,7,0,69,31,0.8727272727272727
V18_overlap_0.75,overlap_0.75,0.125,0.8749494949494949,0.42882757675681327,checked,1,10,0.21115500064166054,24,7,0,69,31,0.8727272727272727
V18_overlap_0.75,overlap_0.75,0.125,0.8749494949494949,0.42882757675681327,checked,2,10,0.21115500064166054,24,7,0,69,31,0.8727272727272727
V18_overlap_0.75,overlap_0.75,0.15,0.8498989898989899,0.4427810954947619,original,0,10,0.1145424625243458,23,35,1,41,58,0.5609756097560976
V18_overlap_0.75,overlap_0.75,0.15,0.8498989898989899,0.4427810954947619,original,1,10,0.07226728801314036,22,49,2,27,71,0.4631578947368421
V18_overlap_0.75,overlap_0.75,0.15,0.8498989898989899,0.4427810954947619,original,2,10,0.1145424625243458,23,35,1,41,58,0.5609756097560976
V18_overlap_0.75,overlap_0.75,0.15,0.8498989898989899,0.4427810954947619,checked,0,10,0.19867395183469838,23,9,1,67,32,0.8214285714285714
V18_overlap_0.75,overlap_0.75,0.15,0.8498989898989899,0.4427810954947619,checked,1,10,0.19867395183469838,23,9,1,67,32,0.8214285714285714
V18_overlap_0.75,overlap_0.75,0.15,0.8498989898989899,0.4427810954947619,checked,2,10,0.19867395183469838,23,9,1,67,32,0.8214285714285714
V18_overlap_0.75,overlap_0.75,0.2,0.8,0.4719933215814439,original,0,10,0.11111111111111113,22,33,2,43,55,0.5569620253164557
V18_overlap_0.75,overlap_0.75,0.2,0.8,0.4719933215814439,original,1,10,0.09723784482268254,23,54,1,22,77,0.45544554455445546
V18_overlap_0.75,overlap_0.75,0.2,0.8,0.4719933215814439,original,2,10,0.08018463724323512,23,56,1,20,79,0.44660194174757284
V18_overlap_0.75,overlap_0.75,0.2,0.8,0.4719933215814439,checked,0,10,0.1824838587373507,23,23,1,53,46,0.6571428571428571
V18_overlap_0.75,overlap_0.75,0.2,0.8,0.4719933215814439,checked,1,10,0.1824838587373507,23,23,1,53,46,0.6571428571428571
V18_overlap_0.75,overlap_0.75,0.2,0.8,0.4719933215814439,checked,2,10,0.1824838587373507,23,23,1,53,46,0.6571428571428571
V19_baseline,baseline,0.01,0.98989898989899,0.3056185222032355,original,0,10,-0.001435913356677318,28,70,0,2,98,0.4444444444444444
V19_baseline,baseline,0.01,0.98989898989899,0.3056185222032355,original,1,10,-0.001435913356677318,28,70,0,2,98,0.4444444444444444
V19_baseline,baseline,0.01,0.98989898989899,0.3056185222032355,original,2,10,-0.017354130883661636,0,3,28,69,3,0.0
V19_baseline,baseline,0.01,0.98989898989899,0.3056185222032355,checked,0,10,0.22873715385957105,28,68,0,4,96,0.45161290322580644
V19_baseline,baseline,0.01,0.98989898989899,0.3056185222032355,checked,1,10,0.22873715385957105,28,68,0,4,96,0.45161290322580644
V19_baseline,baseline,0.01,0.98989898989899,0.3056185222032355,checked,2,10,0.22873715385957105,28,68,0,4,96,0.45161290322580644
V19_baseline,baseline,0.025,0.9749494949494949,0.3147603220660427,original,0,10,0.006182609668082123,1,1,27,71,2,0.06666666666666667
V19_baseline,baseline,0.025,0.9749494949494949,0.3147603220660427,original,1,10,-0.0022785494427772523,28,70,0,2,98,0.4444444444444444
V19_baseline,baseline,0.025,0.9749494949494949,0.3147603220660427,original,2,10,-0.0022785494427772523,28,70,0,2,98,0.4444444444444444
V19_baseline,baseline,0.025,0.9749494949494949,0.3147603220660427,checked,0,10,0.21456943452623617,28,48,0,24,76,0.5384615384615384
V19_baseline,baseline,0.025,0.9749494949494949,0.3147603220660427,checked,1,10,0.21456943452623617,28,48,0,24,76,0.5384615384615384
V19_baseline,baseline,0.025,0.9749494949494949,0.3147603220660427,checked,2,10,0.21456943452623617,28,48,0,24,76,0.5384615384615384
V19_baseline,baseline,0.05,0.9498989898989899,0.3289832564431844,original,0,10,0.06189516785886728,28,70,0,2,98,0.4444444444444444
V19_baseline,baseline,0.05,0.9498989898989899,0.3289832564431844,original,1,10,0.03749740441909884,28,61,0,11,89,0.47863247863247865
V19_baseline,baseline,0.05,0.9498989898989899,0.3289832564431844,original,2,10,-0.0032645686152459816,28,70,0,2,98,0.4444444444444444
V19_baseline,baseline,0.05,0.9498989898989899,0.3289832564431844,checked,0,10,0.24020557827188785,28,12,0,60,40,0.8235294117647058
V19_baseline,baseline,0.05,0.9498989898989899,0.3289832564431844,checked,1,10,0.24020557827188785,28,12,0,60,40,0.8235294117647058
V19_baseline,baseline,0.05,0.9498989898989899,0.3289832564431844,checked,2,10,0.24020557827188785,28,12,0,60,40,0.8235294117647058
V19_baseline,baseline,0.075,0.9248484848484848,0.34283310462999667,original,0,10,0.2767243426339987,28,2,0,70,30,0.9655172413793104
V19_baseline,baseline,0.075,0.9248484848484848,0.34283310462999667,original,1,10,0.2767243426339987,28,2,0,70,30,0.9655172413793104
V19_baseline,baseline,0.075,0.9248484848484848,0.34283310462999667,original,2,10,0.2767243426339987,28,2,0,70,30,0.9655172413793104
V19_baseline,baseline,0.075,0.9248484848484848,0.34283310462999667,checked,0,10,0.2773041594647164,28,3,0,69,31,0.9491525423728814
V19_baseline,baseline,0.075,0.9248484848484848,0.34283310462999667,checked,1,10,0.2773041594647164,28,3,0,69,31,0.9491525423728814
V19_baseline,baseline,0.075,0.9248484848484848,0.34283310462999667,checked,2,10,0.2773041594647164,28,3,0,69,31,0.9491525423728814
V19_baseline,baseline,0.1,0.9,0.35790765942374625,original,0,10,0.32256155545656084,28,1,0,71,29,0.9824561403508771
V19_baseline,baseline,0.1,0.9,0.35790765942374625,original,1,10,0.32256155545656084,28,1,0,71,29,0.9824561403508771
V19_baseline,baseline,0.1,0.9,0.35790765942374625,original,2,10,0.32256155545656084,28,1,0,71,29,0.9824561403508771
V19_baseline,baseline,0.1,0.9,0.35790765942374625,checked,0,10,0.3225970514279144,28,0,0,72,28,1.0
V19_baseline,baseline,0.1,0.9,0.35790765942374625,checked,1,10,0.3225970514279144,28,0,0,72,28,1.0
V19_baseline,baseline,0.1,0.9,0.35790765942374625,checked,2,10,0.3225970514279144,28,0,0,72,28,1.0
V19_baseline,baseline,0.125,0.8749494949494949,0.37267198554431613,original,0,10,0.3655338076150913,28,1,0,71,29,0.9824561403508771
V19_baseline,baseline,0.125,0.8749494949494949,0.37267198554431613,original,1,10,0.3655338076150913,28,1,0,71,29,0.9824561403508771
V19_baseline,baseline,0.125,0.8749494949494949,0.37267198554431613,original,2,10,0.3655338076150913,28,1,0,71,29,0.9824561403508771
V19_baseline,baseline,0.125,0.8749494949494949,0.37267198554431613,checked,0,10,0.36587512257375027,28,0,0,72,28,1.0
V19_baseline,baseline,0.125,0.8749494949494949,0.37267198554431613,checked,1,10,0.36587512257375027,28,0,0,72,28,1.0
V19_baseline,baseline,0.125,0.8749494949494949,0.37267198554431613,checked,2,10,0.36587512257375027,28,0,0,72,28,1.0
V19_baseline,baseline,0.15,0.8498989898989899,0.3854738518028997,original,0,10,0.40384979337412164,28,1,0,71,29,0.9824561403508771
V19_baseline,baseline,0.15,0.8498989898989899,0.3854738518028997,original,1,10,0.40384979337412164,28,1,0,71,29,0.9824561403508771
V19_baseline,baseline,0.15,0.8498989898989899,0.3854738518028997,original,2,10,0.40384979337412164,28,1,0,71,29,0.9824561403508771
V19_baseline,baseline,0.15,0.8498989898989899,0.3854738518028997,checked,0,10,0.40671463411942693,28,0,0,72,28,1.0
V19_baseline,baseline,0.15,0.8498989898989899,0.3854738518028997,checked,1,10,0.40671463411942693,28,0,0,72,28,1.0
V19_baseline,baseline,0.15,0.8498989898989899,0.3854738518028997,checked,2,10,0.40671463411942693,28,0,0,72,28,1.0
V19_baseline,baseline,0.2,0.8,0.41746247757575194,original,0,10,0.4787917869094255,28,1,0,71,29,0.9824561403508771
V19_baseline,baseline,0.2,0.8,0.41746247757575194,original,1,10,0.4787917869094255,28,1,0,71,29,0.9824561403508771
V19_baseline,baseline,0.2,0.8,0.41746247757575194,original,2,10,0.4787917869094255,28,1,0,71,29,0.9824561403508771
V19_baseline,baseline,0.2,0.8,0.41746247757575194,checked,0,10,0.4838955771418715,28,0,0,72,28,1.0
V19_baseline,baseline,0.2,0.8,0.41746247757575194,checked,1,10,0.4838955771418715,28,0,0,72,28,1.0
V19_baseline,baseline,0.2,0.8,0.41746247757575194,checked,2,10,0.4838955771418715,28,0,0,72,28,1.0
V19_noise_0.1,noise_0.1,0.01,0.98989898989899,0.18742186448898224,original,0,10,0.024490209957544556,28,65,0,7,93,0.4628099173553719
V19_noise_0.1,noise_0.1,0.01,0.98989898989899,0.18742186448898224,original,1,10,-0.001435913356677318,28,70,0,2,98,0.4444444444444444
V19_noise_0.1,noise_0.1,0.01,0.98989898989899,0.18742186448898224,original,2,10,0.14071950894597335,28,70,0,2,98,0.4444444444444444
V19_noise_0.1,noise_0.1,0.01,0.98989898989899,0.18742186448898224,checked,0,10,0.24378260305040494,28,69,0,3,97,0.448
V19_noise_0.1,noise_0.1,0.01,0.98989898989899,0.18742186448898224,checked,1,10,0.24378260305040494,28,69,0,3,97,0.448
V19_noise_0.1,noise_0.1,0.01,0.98989898989899,0.18742186448898224,checked,2,10,0.24378260305040494,28,69,0,3,97,0.448
V19_noise_0.1,noise_0.1,0.025,0.9749494949494949,0.23232770277283735,original,0,10,0.011886485986827254,28,62,0,10,90,0.4745762711864407
V19_noise_0.1,noise_0.1,0.025,0.9749494949494949,0.23232770277283735,original,1,10,-0.0022785494427772523,28,70,0,2,98,0.4444444444444444
V19_noise_0.1,noise_0.1,0.025,0.9749494949494949,0.23232770277283735,original,2,10,-0.0022785494427772523,28,70,0,2,98,0.4444444444444444
V19_noise_0.1,noise_0.1,0.025,0.9749494949494949,0.23232770277283735,checked,0,10,0.20641848316115224,28,36,0,36,64,0.6086956521739131
V19_noise_0.1,noise_0.1,0.025,0.9749494949494949,0.23232770277283735,checked,1,10,0.20641848316115224,28,36,0,36,64,0.6086956521739131
V19_noise_0.1,noise_0.1,0.025,0.9749494949494949,0.23232770277283735,checked,2,10,0.20641848316115224,28,36,0,36,64,0.6086956521739131
V19_noise_0.1,noise_0.1,0.05,0.9498989898989899,0.2762623283404979,original,0,10,0.20285312357482874,28,18,0,54,46,0.7567567567567568
V19_noise_0.1,noise_0.1,0.05,0.9498989898989899,0.2762623283404979,original,1,10,0.20285312357482874,28,18,0,54,46,0.7567567567567568
V19_noise_0.1,noise_0.1,0.05,0.9498989898989899,0.2762623283404979,original,2,10,0.21686270863954268,28,19,0,53,47,0.7466666666666667
V19_noise_0.1,noise_0.1,0.05,0.9498989898989899,0.2762623283404979,checked,0,10,0.24254426771087972,28,10,0,62,38,0.8484848484848485
V19_noise_0.1,noise_0.1,0.05,0.9498989898989899,0.2762623283404979,checked,1,10,0.24254426771087972,28,10,0,62,38,0.8484848484848485
V19_noise_0.1,noise_0.1,0.05,0.9498989898989899,0.2762623283404979,checked,2,10,0.24254426771087972,28,10,0,62,38,0.8484848484848485
V19_noise_0.1,noise_0.1,0.075,0.9248484848484848,0.310056600019218,original,0,10,0.27883881652238873,28,3,0,69,31,0.9491525423728814
V19_noise_0.1,noise_0.1,0.075,0.9248484848484848,0.310056600019218,original,1,10,0.27883881652238873,28,3,0,69,31,0.9491525423728814
V19_noise_0.1,noise_0.1,0.075,0.9248484848484848,0.310056600019218,original,2,10,0.27883881652238873,28,3,0,69,31,0.9491525423728814
V19_noise_0.1,noise_0.1,0.075,0.9248484848484848,0.310056600019218,checked,0,10,0.279790385914593,28,2,0,70,30,0.9655172413793104
V19_noise_0.1,noise_0.1,0.075,0.9248484848484848,0.310056600019218,checked,1,10,0.279790385914593,28,2,0,70,30,0.9655172413793104
V19_noise_0.1,noise_0.1,0.075,0.9248484848484848,0.310056600019218,checked,2,10,0.279790385914593,28,2,0,70,30,0.9655172413793104
V19_noise_0.1,noise_0.1,0.1,0.9,0.336090000755592,original,0,10,0.3225970514279144,28,0,0,72,28,1.0
V19_noise_0.1,noise_0.1,0.1,0.9,0.336090000755592,original,1,10,0.3225970514279144,28,0,0,72,28,1.0
V19_noise_0.1,noise_0.1,0.1,0.9,0.336090000755592,original,2,10,0.3225970514279144,28,0,0,72,28,1.0
V19_noise_0.1,noise_0.1,0.1,0.9,0.336090000755592,checked,0,10,0.32390836779667176,28,1,0,71,29,0.9824561403508771
V19_noise_0.1,noise_0.1,0.1,0.9,0.336090000755592,checked,1,10,0.32390836779667176,28,1,0,71,29,0.9824561403508771
V19_noise_0.1,noise_0.1,0.1,0.9,0.336090000755592,checked,2,10,0.32390836779667176,28,1,0,71,29,0.9824561403508771
V19_noise_0.1,noise_0.1,0.125,0.8749494949494949,0.35564289748369826,original,0,10,0.3630908039423414,28,1,0,71,29,0.9824561403508771
V19_noise_0.1,noise_0.1,0.125,0.8749494949494949,0.35564289748369826,original,1,10,0.3630908039423414,28,1,0,71,29,0.9824561403508771
V19_noise_0.1,noise_0.1,0.125,0.8749494949494949,0.35564289748369826,original,2,10,0.3630908039423414,28,1,0,71,29,0.9824561403508771
V19_noise_0.1,noise_0.1,0.125,0.8749494949494949,0.35564289748369826,checked,0,10,0.3646529760275652,28,0,0,72,28,1.0
V19_noise_0.1,noise_0.1,0.125,0.8749494949494949,0.35564289748369826,checked,1,10,0.3646529760275652,28,0,0,72,28,1.0
V19_noise_0.1,noise_0.1,0.125,0.8749494949494949,0.35564289748369826,checked,2,10,0.3646529760275652,28,0,0,72,28,1.0
V19_noise_0.1,noise_0.1,0.15,0.8498989898989899,0.3733903282447735,original,0,10,0.39932485291433617,28,1,0,71,29,0.9824561403508771
V19_noise_0.1,noise_0.1,0.15,0.8498989898989899,0.3733903282447735,original,1,10,0.39932485291433617,28,1,0,71,29,0.9824561403508771
V19_noise_0.1,noise_0.1,0.15,0.8498989898989899,0.3733903282447735,original,2,10,0.39932485291433617,28,1,0,71,29,0.9824561403508771
V19_noise_0.1,noise_0.1,0.15,0.8498989898989899,0.3733903282447735,checked,0,10,0.40331913757373705,28,0,0,72,28,1.0
V19_noise_0.1,noise_0.1,0.15,0.8498989898989899,0.3733903282447735,checked,1,10,0.40331913757373705,28,0,0,72,28,1.0
V19_noise_0.1,noise_0.1,0.15,0.8498989898989899,0.3733903282447735,checked,2,10,0.40331913757373705,28,0,0,72,28,1.0
V19_noise_0.1,noise_0.1,0.2,0.8,0.407522826370521,original,0,10,0.4676805851035105,28,1,0,71,29,0.9824561403508771
V19_noise_0.1,noise_0.1,0.2,0.8,0.407522826370521,original,1,10,0.4676805851035105,28,1,0,71,29,0.9824561403508771
V19_noise_0.1,noise_0.1,0.2,0.8,0.407522826370521,original,2,10,0.4676805851035105,28,1,0,71,29,0.9824561403508771
V19_noise_0.1,noise_0.1,0.2,0.8,0.407522826370521,checked,0,10,0.47176786844157387,28,0,0,72,28,1.0
V19_noise_0.1,noise_0.1,0.2,0.8,0.407522826370521,checked,1,10,0.47176786844157387,28,0,0,72,28,1.0
V19_noise_0.1,noise_0.1,0.2,0.8,0.407522826370521,checked,2,10,0.47176786844157387,28,0,0,72,28,1.0
V19_noise_0.2,noise_0.2,0.01,1.0,0.0,original,0,10,0.0,18,34,10,38,52,0.45
V19_noise_0.2,noise_0.2,0.01,1.0,0.0,original,1,10,0.0,11,39,17,33,50,0.28205128205128205
V19_noise_0.2,noise_0.2,0.01,1.0,0.0,original,2,10,0.0,11,44,17,28,55,0.26506024096385544
V19_noise_0.2,noise_0.2,0.01,1.0,0.0,checked,0,10,0.0,17,34,11,38,51,0.43037974683544306
V19_noise_0.2,noise_0.2,0.01,1.0,0.0,checked,1,10,0.0,12,39,16,33,51,0.3037974683544304
V19_noise_0.2,noise_0.2,0.01,1.0,0.0,checked,2,10,0.0,12,44,16,28,56,0.2857142857142857
V19_noise_0.2,noise_0.2,0.025,0.9749494949494949,0.0909935784193147,original,0,10,0.08166702872926955,28,61,0,11,89,0.47863247863247865
V19_noise_0.2,noise_0.2,0.025,0.9749494949494949,0.0909935784193147,original,1,10,0.029315092407212254,28,65,0,7,93,0.4628099173553719
V19_noise_0.2,noise_0.2,0.025,0.9749494949494949,0.0909935784193147,original,2,10,-0.0022785494427772523,28,70,0,2,98,0.4444444444444444
V19_noise_0.2,noise_0.2,0.025,0.9749494949494949,0.0909935784193147,checked,0,10,0.20051051183653137,28,40,0,32,68,0.5833333333333334
V19_noise_0.2,noise_0.2,0.025,0.9749494949494949,0.0909935784193147,checked,1,10,0.20051051183653137,28,40,0,32,68,0.5833333333333334
V19_noise_0.2,noise_0.2,0.025,0.9749494949494949,0.0909935784193147,checked,2,10,0.20051051183653137,28,40,0,32,68,0.5833333333333334
V19_noise_0.2,noise_0.2,0.05,0.9498989898989899,0.16095202864382066,original,0,10,0.22429157162415478,28,23,0,49,51,0.7088607594936709
V19_noise_0.2,noise_0.2,0.05,0.9498989898989899,0.16095202864382066,original,1,10,0.1186373941819806,28,39,0,33,67,0.5894736842105263
V19_noise_0.2,noise_0.2,0.05,0.9498989898989899,0.16095202864382066,original,2,10,0.10724357266555361,28,50,0,22,78,0.5283018867924528
V19_noise_0.2,noise_0.2,0.05,0.9498989898989899,0.16095202864382066,checked,0,10,0.23108058776704804,28,21,0,51,49,0.7272727272727273
V19_noise_0.2,noise_0.2,0.05,0.9498989898989899,0.16095202864382066,checked,1,10,0.23108058776704804,28,21,0,51,49,0.7272727272727273
V19_noise_0.2,noise_0.2,0.05,0.9498989898989899,0.16095202864382066,checked,2,10,0.23108058776704804,28,21,0,51,49,0.7272727272727273
V19_noise_0.2,noise_0.2,0.075,0.9248484848484848,0.21240534541669112,original,0,10,0.254990373088455,28,8,0,64,36,0.875
V19_noise_0.2,noise_0.2,0.075,0.9248484848484848,0.21240534541669112,original,1,10,0.254990373088455,28,8,0,64,36,0.875
V19_noise_0.2,noise_0.2,0.075,0.9248484848484848,0.21240534541669112,original,2,10,0.254990373088455,28,8,0,64,36,0.875
V19_noise_0.2,noise_0.2,0.075,0.9248484848484848,0.21240534541669112,checked,0,10,0.25566828812328174,28,7,0,65,35,0.8888888888888888
V19_noise_0.2,noise_0.2,0.075,0.9248484848484848,0.21240534541669112,checked,1,10,0.25566828812328174,28,7,0,65,35,0.8888888888888888
V19_noise_0.2,noise_0.2,0.075,0.9248484848484848,0.21240534541669112,checked,2,10,0.25566828812328174,28,7,0,65,35,0.8888888888888888
V19_noise_0.2,noise_0.2,0.1,0.9,0.24872305801479075,original,0,10,0.2729636140544857,28,3,0,69,31,0.9491525423728814
V19_noise_0.2,noise_0.2,0.1,0.9,0.24872305801479075,original,1,10,0.2729636140544857,28,3,0,69,31,0.9491525423728814
V19_noise_0.2,noise_0.2,0.1,0.9,0.24872305801479075,original,2,10,0.2729636140544857,28,3,0,69,31,0.9491525423728814
V19_noise_0.2,noise_0.2,0.1,0.9,0.24872305801479075,checked,0,10,0.2731900073097378,28,4,0,68,32,0.9333333333333333
V19_noise_0.2,noise_0.2,0.1,0.9,0.24872305801479075,checked,1,10,0.2731900073097378,28,4,0,68,32,0.9333333333333333
V19_noise_0.2,noise_0.2,0.1,0.9,0.24872305801479075,checked,2,10,0.2731900073097378,28,4,0,68,32,0.9333333333333333
V19_noise_0.2,noise_0.2,0.125,0.8749494949494949,0.2849836768215219,original,0,10,0.29799896440111506,28,3,0,69,31,0.9491525423728814
V19_noise_0.2,noise_0.2,0.125,0.8749494949494949,0.2849836768215219,original,1,10,0.29799896440111506,28,3,0,69,31,0.9491525423728814
V19_noise_0.2,noise_0.2,0.125,0.8749494949494949,0.2849836768215219,original,2,10,0.29799896440111506,28,3,0,69,31,0.9491525423728814
V19_noise_0.2,noise_0.2,0.125,0.8749494949494949,0.2849836768215219,checked,0,10,0.2981353359903112,28,2,0,70,30,0.9655172413793104
V19_noise_0.2,noise_0.2,0.125,0.8749494949494949,0.2849836768215219,checked,1,10,0.2981353359903112,28,2,0,70,30,0.9655172413793104
V19_noise_0.2,noise_0.2,0.125,0.8749494949494949,0.2849836768215219,checked,2,10,0.2981353359903112,28,2,0,70,30,0.9655172413793104
V19_noise_0.2,noise_0.2,0.15,0.8498989898989899,0.3112272396328849,original,0,10,0.31448221929335846,28,1,0,71,29,0.9824561403508771
V19_noise_0.2,noise_0.2,0.15,0.8498989898989899,0.3112272396328849,original,1,10,0.31448221929335846,28,1,0,71,29,0.9824561403508771
V19_noise_0.2,noise_0.2,0.15,0.8498989898989899,0.3112272396328849,original,2,10,0.31448221929335846,28,1,0,71,29,0.9824561403508771
V19_noise_0.2,noise_0.2,0.15,0.8498989898989899,0.3112272396328849,checked,0,10,0.3150362273858004,28,0,0,72,28,1.0
V19_noise_0.2,noise_0.2,0.15,0.8498989898989899,0.3112272396328849,checked,1,10,0.3150362273858004,28,0,0,72,28,1.0
V19_noise_0.2,noise_0.2,0.15,0.8498989898989899,0.3112272396328849,checked,2,10,0.3150362273858004,28,0,0,72,28,1.0
V19_noise_0.2,noise_0.2,0.2,0.8,0.35523200666901084,original,0,10,0.36464944108502656,28,1,0,71,29,0.9824561403508771
V19_noise_0.2,noise_0.2,0.2,0.8,0.35523200666901084,original,1,10,0.36464944108502656,28,1,0,71,29,0.9824561403508771
V19_noise_0.2,noise_0.2,0.2,0.8,0.35523200666901084,original,2,10,0.36464944108502656,28,1,0,71,29,0.9824561403508771
V19_noise_0.2,noise_0.2,0.2,0.8,0.35523200666901084,checked,0,10,0.36868234448904486,28,0,0,72,28,1.0
V19_noise_0.2,noise_0.2,0.2,0.8,0.35523200666901084,checked,1,10,0.36868234448904486,28,0,0,72,28,1.0
V19_noise_0.2,noise_0.2,0.2,0.8,0.35523200666901084,checked,2,10,0.36868234448904486,28,0,0,72,28,1.0
V19_overlap_0.75,overlap_0.75,0.01,0.98989898989899,0.3400683926406126,original,0,10,0.07960248262870519,28,69,0,3,97,0.448
V19_overlap_0.75,overlap_0.75,0.01,0.98989898989899,0.3400683926406126,original,1,10,0.14071950894597335,28,70,0,2,98,0.4444444444444444
V19_overlap_0.75,overlap_0.75,0.01,0.98989898989899,0.3400683926406126,original,2,10,0.14071950894597335,28,70,0,2,98,0.4444444444444444
V19_overlap_0.75,overlap_0.75,0.01,0.98989898989899,0.3400683926406126,checked,0,10,0.2457578674507957,28,62,0,10,90,0.4745762711864407
V19_overlap_0.75,overlap_0.75,0.01,0.98989898989899,0.3400683926406126,checked,1,10,0.2457578674507957,28,62,0,10,90,0.4745762711864407
V19_overlap_0.75,overlap_0.75,0.01,0.98989898989899,0.3400683926406126,checked,2,10,0.2457578674507957,28,62,0,10,90,0.4745762711864407
V19_overlap_0.75,overlap_0.75,0.025,0.9749494949494949,0.3669267295586875,original,0,10,0.0391263497066361,28,62,0,10,90,0.4745762711864407
V19_overlap_0.75,overlap_0.75,0.025,0.9749494949494949,0.3669267295586875,original,1,10,0.0886796742832764,28,70,0,2,98,0.4444444444444444
V19_overlap_0.75,overlap_0.75,0.025,0.9749494949494949,0.3669267295586875,original,2,10,-0.0022785494427772523,28,70,0,2,98,0.4444444444444444
V19_overlap_0.75,overlap_0.75,0.025,0.9749494949494949,0.3669267295586875,checked,0,10,0.2081125315950836,28,33,0,39,61,0.6292134831460674
V19_overlap_0.75,overlap_0.75,0.025,0.9749494949494949,0.3669267295586875,checked,1,10,0.2081125315950836,28,33,0,39,61,0.6292134831460674
V19_overlap_0.75,overlap_0.75,0.025,0.9749494949494949,0.3669267295586875,checked,2,10,0.2081125315950836,28,33,0,39,61,0.6292134831460674
V19_overlap_0.75,overlap_0.75,0.05,0.9498989898989899,0.39087858366532807,original,0,10,0.03786481488382961,28,59,0,13,87,0.48695652173913045
V19_overlap_0.75,overlap_0.75,0.05,0.9498989898989899,0.39087858366532807,original,1,10,0.10644222040504103,28,58,0,14,86,0.49122807017543857
V19_overlap_0.75,overlap_0.75,0.05,0.9498989898989899,0.39087858366532807,original,2,10,0.03786481488382961,28,59,0,13,87,0.48695652173913045
V19_overlap_0.75,overlap_0.75,0.05,0.9498989898989899,0.39087858366532807,checked,0,10,0.22197085571151248,28,9,0,63,37,0.8615384615384616
V19_overlap_0.75,overlap_0.75,0.05,0.9498989898989899,0.39087858366532807,checked,1,10,0.22197085571151248,28,9,0,63,37,0.8615384615384616
V19_overlap_0.75,overlap_0.75,0.05,0.9498989898989899,0.39087858366532807,checked,2,10,0.22197085571151248,28,9,0,63,37,0.8615384615384616
V19_overlap_0.75,overlap_0.75,0.075,0.9248484848484848,0.4090823014243791,original,0,10,-0.0040520504963352435,28,70,0,2,98,0.4444444444444444
V19_overlap_0.75,overlap_0.75,0.075,0.9248484848484848,0.4090823014243791,original,1,10,0.08174742419019476,27,48,1,24,75,0.5242718446601942
V19_overlap_0.75,overlap_0.75,0.075,0.9248484848484848,0.4090823014243791,original,2,10,0.029711358677848625,28,63,0,9,91,0.47058823529411764
V19_overlap_0.75,overlap_0.75,0.075,0.9248484848484848,0.4090823014243791,checked,0,10,0.2166401080104768,28,11,0,61,39,0.835820895522388
V19_overlap_0.75,overlap_0.75,0.075,0.9248484848484848,0.4090823014243791,checked,1,10,0.2166401080104768,28,11,0,61,39,0.835820895522388
V19_overlap_0.75,overlap_0.75,0.075,0.9248484848484848,0.4090823014243791,checked,2,10,0.2166401080104768,28,11,0,61,39,0.835820895522388
V19_overlap_0.75,overlap_0.75,0.1,0.9,0.42498698417007075,original,0,10,0.04264445100898216,28,70,0,2,98,0.4444444444444444
V19_overlap_0.75,overlap_0.75,0.1,0.9,0.42498698417007075,original,1,10,0.1354668021335366,27,48,1,24,75,0.5242718446601942
V19_overlap_0.75,overlap_0.75,0.1,0.9,0.42498698417007075,original,2,10,-0.0005012848732846524,26,60,2,12,86,0.45614035087719296
V19_overlap_0.75,overlap_0.75,0.1,0.9,0.42498698417007075,checked,0,10,0.2107510811189377,27,13,1,59,40,0.7941176470588235
V19_overlap_0.75,overlap_0.75,0.1,0.9,0.42498698417007075,checked,1,10,0.2107510811189377,27,13,1,59,40,0.7941176470588235
V19_overlap_0.75,overlap_0.75,0.1,0.9,0.42498698417007075,checked,2,10,0.2107510811189377,27,13,1,59,40,0.7941176470588235
V19_overlap_0.75,overlap_0.75,0.125,0.8749494949494949,0.43984826781253666,original,0,10,0.21243589767347193,27,9,1,63,36,0.84375
V19_overlap_0.75,overlap_0.75,0.125,0.8749494949494949,0.43984826781253666,original,1,10,0.21243589767347193,27,9,1,63,36,0.84375
V19_overlap_0.75,overlap_0.75,0.125,0.8749494949494949,0.43984826781253666,original,2,10,0.07096428906024566,27,56,1,16,83,0.4864864864864865
V19_overlap_0.75,overlap_0.75,0.125,0.8749494949494949,0.43984826781253666,checked,0,10,0.2126945115894943,26,9,2,63,35,0.8253968253968254
V19_overlap_0.75,overlap_0.75,0.125,0.8749494949494949,0.43984826781253666,checked,1,10,0.2126945115894943,26,9,2,63,35,0.8253968253968254
V19_overlap_0.75,overlap_0.75,0.125,0.8749494949494949,0.43984826781253666,checked,2,10,0.2126945115894943,26,9,2,63,35,0.8253968253968254
V19_overlap_0.75,overlap_0.75,0.15,0.8498989898989899,0.4552587683568308,original,0,10,0.012633285077161783,28,69,0,3,97,0.448
V19_overlap_0.75,overlap_0.75,0.15,0.8498989898989899,0.4552587683568308,original,1,10,0.012633285077161783,28,69,0,3,97,0.448
V19_overlap_0.75,overlap_0.75,0.15,0.8498989898989899,0.4552587683568308,original,2,10,0.06949898541342091,28,60,0,12,88,0.4827586206896552
V19_overlap_0.75,overlap_0.75,0.15,0.8498989898989899,0.4552587683568308,checked,0,10,0.2069786785573236,25,12,3,60,37,0.7692307692307693
V19_overlap_0.75,overlap_0.75,0.15,0.8498989898989899,0.4552587683568308,checked,1,10,0.2069786785573236,25,12,3,60,37,0.7692307692307693
V19_overlap_0.75,overlap_0.75,0.15,0.8498989898989899,0.4552587683568308,checked,2,10,0.2069786785573236,25,12,3,60,37,0.7692307692307693
V19_overlap_0.75,overlap_0.75,0.2,0.8,0.48132569639762607,original,0,10,0.18471675567171006,25,31,3,41,56,0.5952380952380952
V19_overlap_0.75,overlap_0.75,0.2,0.8,0.48132569639762607,original,1,10,0.153629818162333,26,37,2,35,63,0.5714285714285714
V19_overlap_0.75,overlap_0.75,0.2,0.8,0.48132569639762607,original,2,10,0.19268126109216843,27,33,1,39,60,0.6136363636363636
V19_overlap_0.75,overlap_0.75,0.2,0.8,0.48132569639762607,checked,0,10,0.20306853659076982,23,9,5,63,32,0.7666666666666667
V19_overlap_0.75,overlap_0.75,0.2,0.8,0.48132569639762607,checked,1,10,0.20306853659076982,23,9,5,63,32,0.7666666666666667
V19_overlap_0.75,overlap_0.75,0.2,0.8,0.48132569639762607,checked,2,10,0.20306853659076982,23,9,5,63,32,0.7666666666666667
V20_baseline,baseline,0.01,0.98989898989899,0.30577970611162075,original,0,10,-0.001435913356677318,28,70,0,2,98,0.4444444444444444
V20_baseline,baseline,0.01,0.98989898989899,0.30577970611162075,original,1,10,-0.001435913356677318,28,70,0,2,98,0.4444444444444444
V20_baseline,baseline,0.01,0.98989898989899,0.30577970611162075,original,2,10,-0.001435913356677318,28,70,0,2,98,0.4444444444444444
V20_baseline,baseline,0.01,0.98989898989899,0.30577970611162075,checked,0,10,0.25912381248142546,28,61,0,11,89,0.47863247863247865
V20_baseline,baseline,0.01,0.98989898989899,0.30577970611162075,checked,1,10,0.2654216439841582,28,67,0,5,95,0.45528455284552843
V20_baseline,baseline,0.01,0.98989898989899,0.30577970611162075,checked,2,10,0.2617653834992182,28,64,0,8,92,0.4666666666666667
V20_baseline,baseline,0.025,0.9749494949494949,0.31431996270705254,original,0,10,0.12084594086606264,28,62,0,10,90,0.4745762711864407
V20_baseline,baseline,0.025,0.9749494949494949,0.31431996270705254,original,1,10,0.07998614528634936,28,62,0,10,90,0.4745762711864407
V20_baseline,baseline,0.025,0.9749494949494949,0.31431996270705254,original,2,10,0.11866383704622029,28,61,0,11,89,0.47863247863247865
V20_baseline,baseline,0.025,0.9749494949494949,0.31431996270705254,checked,0,10,0.20356378108167958,28,51,0,21,79,0.5233644859813084
V20_baseline,baseline,0.025,0.9749494949494949,0.31431996270705254,checked,1,10,0.20356378108167958,28,51,0,21,79,0.5233644859813084
V20_baseline,baseline,0.025,0.9749494949494949,0.31431996270705254,checked,2,10,0.20356378108167958,28,51,0,21,79,0.5233644859813084
V20_baseline,baseline,0.05,0.9498989898989899,0.32889638631156204,original,0,10,0.12043481418979368,28,57,0,15,85,0.49557522123893805
V20_baseline,baseline,0.05,0.9498989898989899,0.32889638631156204,original,1,10,0.1965746931665011,28,31,0,41,59,0.6436781609195402
V20_baseline,baseline,0.05,0.9498989898989899,0.32889638631156204,original,2,10,0.12583703953213507,28,37,0,35,65,0.6021505376344086
V20_baseline,baseline,0.05,0.9498989898989899,0.32889638631156204,checked,0,10,0.23412342212043538,28,7,0,65,35,0.8888888888888888
V20_baseline,baseline,0.05,0.9498989898989899,0.32889638631156204,checked,1,10,0.23412342212043538,28,7,0,65,35,0.8888888888888888
V20_baseline,baseline,0.05,0.9498989898989899,0.32889638631156204,checked,2,10,0.23412342212043538,28,7,0,65,35,0.8888888888888888
V20_baseline,baseline,0.075,0.9248484848484848,0.34462756479958495,original,0,10,0.27958520118909924,28,6,0,66,34,0.9032258064516129
V20_baseline,baseline,0.075,0.9248484848484848,0.34462756479958495,original,1,10,0.27958520118909924,28,6,0,66,34,0.9032258064516129
V20_baseline,baseline,0.075,0.9248484848484848,0.34462756479958495,original,2,10,0.27958520118909924,28,6,0,66,34,0.9032258064516129
V20_baseline,baseline,0.075,0.9248484848484848,0.34462756479958495,checked,0,10,0.280281782063389,28,5,0,67,33,0.9180327868852459
V20_baseline,baseline,0.075,0.9248484848484848,0.34462756479958495,checked,1,10,0.280281782063389,28,5,0,67,33,0.9180327868852459
V20_baseline,baseline,0.075,0.9248484848484848,0.34462756479958495,checked,2,10,0.280281782063389,28,5,0,67,33,0.9180327868852459
V20_baseline,baseline,0.1,0.9,0.35933723469951606,original,0,10,0.32669533933843065,28,2,0,70,30,0.9655172413793104
V20_baseline,baseline,0.1,0.9,0.35933723469951606,original,1,10,0.32669533933843065,28,2,0,70,30,0.9655172413793104
V20_baseline,baseline,0.1,0.9,0.35933723469951606,original,2,10,0.32669533933843065,28,2,0,70,30,0.9655172413793104
V20_baseline,baseline,0.1,0.9,0.35933723469951606,checked,0,10,0.3269089923261232,28,3,0,69,31,0.9491525423728814
V20_baseline,baseline,0.1,0.9,0.35933723469951606,checked,1,10,0.3269089923261232,28,3,0,69,31,0.9491525423728814
V20_baseline,baseline,0.1,0.9,0.35933723469951606,checked,2,10,0.3269089923261232,28,3,0,69,31,0.9491525423728814
V20_baseline,baseline,0.125,0.8749494949494949,0.3730716698715042,original,0,10,0.3665589895601992,28,2,0,70,30,0.9655172413793104
V20_baseline,baseline,0.125,0.8749494949494949,0.3730716698715042,original,1,10,0.3665589895601992,28,2,0,70,30,0.9655172413793104
V20_baseline,baseline,0.125,0.8749494949494949,0.3730716698715042,original,2,10,0.3665589895601992,28,2,0,70,30,0.9655172413793104
V20_baseline,baseline,0.125,0.8749494949494949,0.3730716698715042,checked,0,10,0.36675530945146634,28,1,0,71,29,0.9824561403508771
V20_baseline,baseline,0.125,0.8749494949494949,0.3730716698715042,checked,1,10,0.36675530945146634,28,1,0,71,29,0.9824561403508771
V20_baseline,baseline,0.125,0.8749494949494949,0.3730716698715042,checked,2,10,0.36675530945146634,28,1,0,71,29,0.9824561403508771
V20_baseline,baseline,0.15,0.8498989898989899,0.3891456909456138,original,0,10,0.40671463411942693,28,0,0,72,28,1.0
V20_baseline,baseline,0.15,0.8498989898989899,0.3891456909456138,original,1,10,0.40671463411942693,28,0,0,72,28,1.0
V20_baseline,baseline,0.15,0.8498989898989899,0.3891456909456138,original,2,10,0.40671463411942693,28,0,0,72,28,1.0
V20_baseline,baseline,0.15,0.8498989898989899,0.3891456909456138,checked,0,10,0.40837473383390716,28,1,0,71,29,0.9824561403508771
V20_baseline,baseline,0.15,0.8498989898989899,0.3891456909456138,checked,1,10,0.40837473383390716,28,1,0,71,29,0.9824561403508771
V20_baseline,baseline,0.15,0.8498989898989899,0.3891456909456138,checked,2,10,0.40837473383390716,28,1,0,71,29,0.9824561403508771
V20_baseline,baseline,0.2,0.8,0.41795131053509393,original,0,10,0.47980189616450863,28,1,0,71,29,0.9824561403508771
V20_baseline,baseline,0.2,0.8,0.41795131053509393,original,1,10,0.47980189616450863,28,1,0,71,29,0.9824561403508771
V20_baseline,baseline,0.2,0.8,0.41795131053509393,original,2,10,0.47980189616450863,28,1,0,71,29,0.9824561403508771
V20_baseline,baseline,0.2,0.8,0.41795131053509393,checked,0,10,0.4838955771418715,28,0,0,72,28,1.0
V20_baseline,baseline,0.2,0.8,0.41795131053509393,checked,1,10,0.4838955771418715,28,0,0,72,28,1.0
V20_baseline,baseline,0.2,0.8,0.41795131053509393,checked,2,10,0.4838955771418715,28,0,0,72,28,1.0
V20_noise_0.1,noise_0.1,0.01,0.98989898989899,0.186253708078127,original,0,10,0.031187247023423046,28,66,0,6,94,0.45901639344262296
V20_noise_0.1,noise_0.1,0.01,0.98989898989899,0.186253708078127,original,1,10,-0.001435913356677318,28,70,0,2,98,0.4444444444444444
V20_noise_0.1,noise_0.1,0.01,0.98989898989899,0.186253708078127,original,2,10,-0.001435913356677318,28,70,0,2,98,0.4444444444444444
V20_noise_0.1,noise_0.1,0.01,0.98989898989899,0.186253708078127,checked,0,10,0.21496923841142188,28,66,0,6,94,0.45901639344262296
V20_noise_0.1,noise_0.1,0.01,0.98989898989899,0.186253708078127,checked,1,10,0.21496923841142188,28,66,0,6,94,0.45901639344262296
V20_noise_0.1,noise_0.1,0.01,0.98989898989899,0.186253708078127,checked,2,10,0.21496923841142188,28,66,0,6,94,0.45901639344262296
V20_noise_0.1,noise_0.1,0.025,0.9749494949494949,0.23835576759092206,original,0,10,0.06933475929028596,28,61,0,11,89,0.47863247863247865
V20_noise_0.1,noise_0.1,0.025,0.9749494949494949,0.23835576759092206,original,1,10,-0.0022785494427772523,28,70,0,2,98,0.4444444444444444
V20_noise_0.1,noise_0.1,0.025,0.9749494949494949,0.23835576759092206,original,2,10,0.11676121045303377,28,41,0,31,69,0.5773195876288659
V20_noise_0.1,noise_0.1,0.025,0.9749494949494949,0.23835576759092206,checked,0,10,0.1924249901379858,28,45,0,27,73,0.5544554455445545
V20_noise_0.1,noise_0.1,0.025,0.9749494949494949,0.23835576759092206,checked,1,10,0.19235014909277748,28,43,0,29,71,0.5656565656565656
V20_noise_0.1,noise_0.1,0.025,0.9749494949494949,0.23835576759092206,checked,2,10,0.1924249901379858,28,45,0,27,73,0.5544554455445545
V20_noise_0.1,noise_0.1,0.05,0.9498989898989899,0.28044084633281074,original,0,10,0.21137561507974972,28,17,0,55,45,0.7671232876712328
V20_noise_0.1,noise_0.1,0.05,0.9498989898989899,0.28044084633281074,original,1,10,0.22457485012862444,28,4,0,68,32,0.9333333333333333
V20_noise_0.1,noise_0.1,0.05,0.9498989898989899,0.28044084633281074,original,2,10,0.05404066747093165,28,60,0,12,88,0.4827586206896552
V20_noise_0.1,noise_0.1,0.05,0.9498989898989899,0.28044084633281074,checked,0,10,0.22643283836229866,28,4,0,68,32,0.9333333333333333
V20_noise_0.1,noise_0.1,0.05,0.9498989898989899,0.28044084633281074,checked,1,10,0.22643283836229866,28,4,0,68,32,0.9333333333333333
V20_noise_0.1,noise_0.1,0.05,0.9498989898989899,0.28044084633281074,checked,2,10,0.22643283836229866,28,4,0,68,32,0.9333333333333333
V20_noise_0.1,noise_0.1,0.075,0.9248484848484848,0.3099347680907632,original,0,10,0.27777845704844734,28,1,0,71,29,0.9824561403508771
V20_noise_0.1,noise_0.1,0.075,0.9248484848484848,0.3099347680907632,original,1,10,0.27777845704844734,28,1,0,71,29,0.9824561403508771
V20_noise_0.1,noise_0.1,0.075,0.9248484848484848,0.3099347680907632,original,2,10,0.27777845704844734,28,1,0,71,29,0.9824561403508771
V20_noise_0.1,noise_0.1,0.075,0.9248484848484848,0.3099347680907632,checked,0,10,0.2782573642742958,28,2,0,70,30,0.9655172413793104
V20_noise_0.1,noise_0.1,0.075,0.9248484848484848,0.3099347680907632,checked,1,10,0.2782573642742958,28,2,0,70,30,0.9655172413793104
V20_noise_0.1,noise_0.1,0.075,0.9248484848484848,0.3099347680907632,checked,2,10,0.2782573642742958,28,2,0,70,30,0.9655172413793104
V20_noise_0.1,noise_0.1,0.1,0.9,0.3344585707367299,original,0,10,0.3199020050500705,28,0,0,72,28,1.0
V20_noise_0.1,noise_0.1,0.1,0.9,0.3344585707367299,original,1,10,0.3199020050500705,28,0,0,72,28,1.0
V20_noise_0.1,noise_0.1,0.1,0.9,0.3344585707367299,original,2,10,0.3199020050500705,28,0,0,72,28,1.0
V20_noise_0.1,noise_0.1,0.1,0.9,0.3344585707367299,checked,0,10,0.3199593529603187,28,2,0,70,30,0.9655172413793104
V20_noise_0.1,noise_0.1,0.1,0.9,0.3344585707367299,checked,1,10,0.3199593529603187,28,2,0,70,30,0.9655172413793104
V20_noise_0.1,noise_0.1,0.1,0.9,0.3344585707367299,checked,2,10,0.3199593529603187,28,2,0,70,30,0.9655172413793104
V20_noise_0.1,noise_0.1,0.125,0.8749494949494949,0.3549361826689639,original,0,10,0.3630908039423414,28,1,0,71,29,0.9824561403508771
V20_noise_0.1,noise_0.1,0.125,0.8749494949494949,0.3549361826689639,original,1,10,0.3630908039423414,28,1,0,71,29,0.9824561403508771
V20_noise_0.1,noise_0.1,0.125,0.8749494949494949,0.3549361826689639,original,2,10,0.3630908039423414,28,1,0,71,29,0.9824561403508771
V20_noise_0.1,noise_0.1,0.125,0.8749494949494949,0.3549361826689639,checked,0,10,0.36343082948138006,28,0,0,72,28,1.0
V20_noise_0.1,noise_0.1,0.125,0.8749494949494949,0.3549361826689639,checked,1,10,0.36343082948138006,28,0,0,72,28,1.0
V20_noise_0.1,noise_0.1,0.125,0.8749494949494949,0.3549361826689639,checked,2,10,0.36343082948138006,28,0,0,72,28,1.0
V20_noise_0.1,noise_0.1,0.15,0.8498989898989899,0.3747928873340543,original,0,10,0.40158732314422896,28,1,0,71,29,0.9824561403508771
V20_noise_0.1,noise_0.1,0.15,0.8498989898989899,0.3747928873340543,original,1,10,0.40158732314422896,28,1,0,71,29,0.9824561403508771
V20_noise_0.1,noise_0.1,0.15,0.8498989898989899,0.3747928873340543,original,2,10,0.40158732314422896,28,1,0,71,29,0.9824561403508771
V20_noise_0.1,noise_0.1,0.15,0.8498989898989899,0.3747928873340543,checked,0,10,0.40218730539184044,28,0,0,72,28,1.0
V20_noise_0.1,noise_0.1,0.15,0.8498989898989899,0.3747928873340543,checked,1,10,0.40218730539184044,28,0,0,72,28,1.0
V20_noise_0.1,noise_0.1,0.15,0.8498989898989899,0.3747928873340543,checked,2,10,0.40218730539184044,28,0,0,72,28,1.0
V20_noise_0.1,noise_0.1,0.2,0.8,0.4096353581955018,original,0,10,0.46970080361367683,28,1,0,71,29,0.9824561403508771
V20_noise_0.1,noise_0.1,0.2,0.8,0.4096353581955018,original,1,10,0.46970080361367683,28,1,0,71,29,0.9824561403508771
V20_noise_0.1,noise_0.1,0.2,0.8,0.4096353581955018,original,2,10,0.46970080361367683,28,1,0,71,29,0.9824561403508771
V20_noise_0.1,noise_0.1,0.2,0.8,0.4096353581955018,checked,0,10,0.47479979561664826,28,0,0,72,28,1.0
V20_noise_0.1,noise_0.1,0.2,0.8,0.4096353581955018,checked,1,10,0.47479979561664826,28,0,0,72,28,1.0
V20_noise_0.1,noise_0.1,0.2,0.8,0.4096353581955018,checked,2,10,0.47479979561664826,28,0,0,72,28,1.0
V20_noise_0.2,noise_0.2,0.01,0.98989898989899,0.0064583702509363496,original,0,10,-0.001435913356677318,28,70,0,2,98,0.4444444444444444
V20_noise_0.2,noise_0.2,0.01,0.98989898989899,0.0064583702509363496,original,1,10,-0.001435913356677318,28,70,0,2,98,0.4444444444444444
V20_noise_0.2,noise_0.2,0.01,0.98989898989899,0.0064583702509363496,original,2,10,-0.001435913356677318,28,70,0,2,98,0.4444444444444444
V20_noise_0.2,noise_0.2,0.01,0.98989898989899,0.0064583702509363496,checked,0,10,0.22680499983187224,28,58,0,14,86,0.49122807017543857
V20_noise_0.2,noise_0.2,0.01,0.98989898989899,0.0064583702509363496,checked,1,10,0.22680499983187224,28,58,0,14,86,0.49122807017543857
V20_noise_0.2,noise_0.2,0.01,0.98989898989899,0.0064583702509363496,checked,2,10,0.22680499983187224,28,58,0,14,86,0.49122807017543857
V20_noise_0.2,noise_0.2,0.025,0.9749494949494949,0.0980542067880611,original,0,10,0.0886796742832764,28,70,0,2,98,0.4444444444444444
V20_noise_0.2,noise_0.2,0.025,0.9749494949494949,0.0980542067880611,original,1,10,-0.0022785494427772523,28,70,0,2,98,0.4444444444444444
V20_noise_0.2,noise_0.2,0.025,0.9749494949494949,0.0980542067880611,original,2,10,-0.0022785494427772523,28,70,0,2,98,0.4444444444444444
V20_noise_0.2,noise_0.2,0.025,0.9749494949494949,0.0980542067880611,checked,0,10,0.1924249901379858,28,45,0,27,73,0.5544554455445545
V20_noise_0.2,noise_0.2,0.025,0.9749494949494949,0.0980542067880611,checked,1,10,0.1924249901379858,28,45,0,27,73,0.5544554455445545
V20_noise_0.2,noise_0.2,0.025,0.9749494949494949,0.0980542067880611,checked,2,10,0.1924249901379858,28,45,0,27,73,0.5544554455445545
V20_noise_0.2,noise_0.2,0.05,0.9498989898989899,0.16873546727641747,original,0,10,0.209204719922698,28,8,0,64,36,0.875
V20_noise_0.2,noise_0.2,0.05,0.9498989898989899,0.16873546727641747,original,1,10,0.14274138882118367,27,29,1,43,56,0.6428571428571429
V20_noise_0.2,noise_0.2,0.05,0.9498989898989899,0.16873546727641747,original,2,10,0.12347084207813198,28,36,0,36,64,0.6086956521739131
V20_noise_0.2,noise_0.2,0.05,0.9498989898989899,0.16873546727641747,checked,0,10,0.21964383519781297,28,6,0,66,34,0.9032258064516129
V20_noise_0.2,noise_0.2,0.05,0.9498989898989899,0.16873546727641747,checked,1,10,0.21964383519781297,28,6,0,66,34,0.9032258064516129
V20_noise_0.2,noise_0.2,0.05,0.9498989898989899,0.16873546727641747,checked,2,10,0.21964383519781297,28,6,0,66,34,0.9032258064516129
V20_noise_0.2,noise_0.2,0.075,0.9248484848484848,0.21978856629290133,original,0,10,0.2426169230940389,28,4,0,68,32,0.9333333333333333
V20_noise_0.2,noise_0.2,0.075,0.9248484848484848,0.21978856629290133,original,1,10,0.2426169230940389,28,4,0,68,32,0.9333333333333333
V20_noise_0.2,noise_0.2,0.075,0.9248484848484848,0.21978856629290133,original,2,10,0.2426169230940389,28,4,0,68,32,0.9333333333333333
V20_noise_0.2,noise_0.2,0.075,0.9248484848484848,0.21978856629290133,checked,0,10,0.24415437219920588,28,4,0,68,32,0.9333333333333333
V20_noise_0.2,noise_0.2,0.075,0.9248484848484848,0.21978856629290133,checked,1,10,0.24415437219920588,28,4,0,68,32,0.9333333333333333
V20_noise_0.2,noise_0.2,0.075,0.9248484848484848,0.21978856629290133,checked,2,10,0.24415437219920588,28,4,0,68,32,0.9333333333333333
V20_noise_0.2,noise_0.2,0.1,0.9,0.25512734342467347,original,0,10,0.282171355760256,28,0,0,72,28,1.0
V20_noise_0.2,noise_0.2,0.1,0.9,0.25512734342467347,original,1,10,0.282171355760256,28,0,0,72,28,1.0
V20_noise_0.2,noise_0.2,0.1,0.9,0.25512734342467347,original,2,10,0.282171355760256,28,0,0,72,28,1.0
V20_noise_0.2,noise_0.2,0.1,0.9,0.25512734342467347,checked,0,10,0.282171355760256,28,0,0,72,28,1.0
V20_noise_0.2,noise_0.2,0.1,0.9,0.25512734342467347,checked,1,10,0.282171355760256,28,0,0,72,28,1.0
V20_noise_0.2,noise_0.2,0.1,0.9,0.25512734342467347,checked,2,10,0.282171355760256,28,0,0,72,28,1.0
V20_noise_0.2,noise_0.2,0.125,0.8749494949494949,0.28452599467553646,original,0,10,0.31524124938278325,28,2,0,70,30,0.9655172413793104
V20_noise_0.2,noise_0.2,0.125,0.8749494949494949,0.28452599467553646,original,1,10,0.31524124938278325,28,2,0,70,30,0.9655172413793104
V20_noise_0.2,noise_0.2,0.125,0.8749494949494949,0.28452599467553646,original,2,10,0.31524124938278325,28,2,0,70,30,0.9655172413793104
V20_noise_0.2,noise_0.2,0.125,0.8749494949494949,0.28452599467553646,checked,0,10,0.3154522323237174,28,1,0,71,29,0.9824561403508771
V20_noise_0.2,noise_0.2,0.125,0.8749494949494949,0.28452599467553646,checked,1,10,0.3154522323237174,28,1,0,71,29,0.9824561403508771
V20_noise_0.2,noise_0.2,0.125,0.8749494949494949,0.28452599467553646,checked,2,10,0.3154522323237174,28,1,0,71,29,0.9824561403508771
V20_noise_0.2,noise_0.2,0.15,0.8498989898989899,0.31090265100548936,original,0,10,0.33823815670723223,28,1,0,71,29,0.9824561403508771
V20_noise_0.2,noise_0.2,0.15,0.8498989898989899,0.31090265100548936,original,1,10,0.33823815670723223,28,1,0,71,29,0.9824561403508771
V20_noise_0.2,noise_0.2,0.15,0.8498989898989899,0.31090265100548936,original,2,10,0.33823815670723223,28,1,0,71,29,0.9824561403508771
V20_noise_0.2,noise_0.2,0.15,0.8498989898989899,0.31090265100548936,checked,0,10,0.33890860946360146,28,2,0,70,30,0.9655172413793104
V20_noise_0.2,noise_0.2,0.15,0.8498989898989899,0.31090265100548936,checked,1,10,0.33890860946360146,28,2,0,70,30,0.9655172413793104
V20_noise_0.2,noise_0.2,0.15,0.8498989898989899,0.31090265100548936,checked,2,10,0.33890860946360146,28,2,0,70,30,0.9655172413793104
V20_noise_0.2,noise_0.2,0.2,0.8,0.36272640098598097,original,0,10,0.38283133797272534,28,0,0,72,28,1.0
V20_noise_0.2,noise_0.2,0.2,0.8,0.36272640098598097,original,1,10,0.38283133797272534,28,0,0,72,28,1.0
V20_noise_0.2,noise_0.2,0.2,0.8,0.36272640098598097,original,2,10,0.38283133797272534,28,0,0,72,28,1.0
V20_noise_0.2,noise_0.2,0.2,0.8,0.36272640098598097,checked,0,10,0.3828314076765237,28,1,0,71,29,0.9824561403508771
V20_noise_0.2,noise_0.2,0.2,0.8,0.36272640098598097,checked,1,10,0.3828314076765237,28,1,0,71,29,0.9824561403508771
V20_noise_0.2,noise_0.2,0.2,0.8,0.36272640098598097,checked,2,10,0.3828314076765237,28,1,0,71,29,0.9824561403508771
V20_overlap_0.75,overlap_0.75,0.01,0.98989898989899,0.3384935023137304,original,0,10,-0.001435913356677318,28,70,0,2,98,0.4444444444444444
V20_overlap_0.75,overlap_0.75,0.01,0.98989898989899,0.3384935023137304,original,1,10,-0.001435913356677318,28,70,0,2,98,0.4444444444444444
V20_overlap_0.75,overlap_0.75,0.01,0.98989898989899,0.3384935023137304,original,2,10,0.031187247023423046,28,66,0,6,94,0.45901639344262296
V20_overlap_0.75,overlap_0.75,0.01,0.98989898989899,0.3384935023137304,checked,0,10,0.2670439819544088,28,62,0,10,90,0.4745762711864407
V20_overlap_0.75,overlap_0.75,0.01,0.98989898989899,0.3384935023137304,checked,1,10,0.2670439819544088,28,62,0,10,90,0.4745762711864407
V20_overlap_0.75,overlap_0.75,0.01,0.98989898989899,0.3384935023137304,checked,2,10,0.2670439819544088,28,62,0,10,90,0.4745762711864407
V20_overlap_0.75,overlap_0.75,0.025,0.9749494949494949,0.3616204094911077,original,0,10,-0.0022785494427772523,28,70,0,2,98,0.4444444444444444
V20_overlap_0.75,overlap_0.75,0.025,0.9749494949494949,0.3616204094911077,original,1,10,-0.0022785494427772523,28,70,0,2,98,0.4444444444444444
V20_overlap_0.75,overlap_0.75,0.025,0.9749494949494949,0.3616204094911077,original,2,10,0.0886796742832764,28,70,0,2,98,0.4444444444444444
V20_overlap_0.75,overlap_0.75,0.025,0.9749494949494949,0.3616204094911077,checked,0,10,0.19766801985285098,28,48,0,24,76,0.5384615384615384
V20_overlap_0.75,overlap_0.75,0.025,0.9749494949494949,0.3616204094911077,checked,1,10,0.19766801985285098,28,48,0,24,76,0.5384615384615384
V20_overlap_0.75,overlap_0.75,0.025,0.9749494949494949,0.3616204094911077,checked,2,10,0.19766801985285098,28,48,0,24,76,0.5384615384615384
V20_overlap_0.75,overlap_0.75,0.05,0.9498989898989899,0.3847258283552315,original,0,10,0.2077898912613379,28,11,0,61,39,0.835820895522388
V20_overlap_0.75,overlap_0.75,0.05,0.9498989898989899,0.3847258283552315,original,1,10,0.20542711741937938,28,12,0,60,40,0.8235294117647058
V20_overlap_0.75,overlap_0.75,0.05,0.9498989898989899,0.3847258283552315,original,2,10,0.1294052976252881,28,34,0,38,62,0.6222222222222222
V20_overlap_0.75,overlap_0.75,0.05,0.9498989898989899,0.3847258283552315,checked,0,10,0.22576028274200358,28,9,0,63,37,0.8615384615384616
V20_overlap_0.75,overlap_0.75,0.05,0.9498989898989899,0.3847258283552315,checked,1,10,0.22576028274200358,28,9,0,63,37,0.8615384615384616
V20_overlap_0.75,overlap_0.75,0.05,0.9498989898989899,0.3847258283552315,checked,2,10,0.22576028274200358,28,9,0,63,37,0.8615384615384616
V20_overlap_0.75,overlap_0.75,0.075,0.9248484848484848,0.40264766979579686,original,0,10,0.22416753383203533,28,4,0,68,32,0.9333333333333333
V20_overlap_0.75,overlap_0.75,0.075,0.9248484848484848,0.40264766979579686,original,1,10,0.22416753383203533,28,4,0,68,32,0.9333333333333333
V20_overlap_0.75,overlap_0.75,0.075,0.9248484848484848,0.40264766979579686,original,2,10,0.22416753383203533,28,4,0,68,32,0.9333333333333333
V20_overlap_0.75,overlap_0.75,0.075,0.9248484848484848,0.40264766979579686,checked,0,10,0.2251258195038564,28,3,0,69,31,0.9491525423728814
V20_overlap_0.75,overlap_0.75,0.075,0.9248484848484848,0.40264766979579686,checked,1,10,0.2251258195038564,28,3,0,69,31,0.9491525423728814
V20_overlap_0.75,overlap_0.75,0.075,0.9248484848484848,0.40264766979579686,checked,2,10,0.2251258195038564,28,3,0,69,31,0.9491525423728814
V20_overlap_0.75,overlap_0.75,0.1,0.9,0.4181620178660088,original,0,10,0.22278927082111497,28,9,0,63,37,0.8615384615384616
V20_overlap_0.75,overlap_0.75,0.1,0.9,0.4181620178660088,original,1,10,0.22278927082111497,28,9,0,63,37,0.8615384615384616
V20_overlap_0.75,overlap_0.75,0.1,0.9,0.4181620178660088,original,2,10,0.22278927082111497,28,9,0,63,37,0.8615384615384616
V20_overlap_0.75,overlap_0.75,0.1,0.9,0.4181620178660088,checked,0,10,0.22299713657386352,28,10,0,62,38,0.8484848484848485
V20_overlap_0.75,overlap_0.75,0.1,0.9,0.4181620178660088,checked,1,10,0.22299713657386352,28,10,0,62,38,0.8484848484848485
V20_overlap_0.75,overlap_0.75,0.1,0.9,0.4181620178660088,checked,2,10,0.22299713657386352,28,10,0,62,38,0.8484848484848485
V20_overlap_0.75,overlap_0.75,0.125,0.8749494949494949,0.4317379946796126,original,0,10,0.03567115561787494,28,61,0,11,89,0.47863247863247865
V20_overlap_0.75,overlap_0.75,0.125,0.8749494949494949,0.4317379946796126,original,1,10,0.03567115561787494,28,61,0,11,89,0.47863247863247865
V20_overlap_0.75,overlap_0.75,0.125,0.8749494949494949,0.4317379946796126,original,2,10,0.03567115561787494,28,61,0,11,89,0.47863247863247865
V20_overlap_0.75,overlap_0.75,0.125,0.8749494949494949,0.4317379946796126,checked,0,10,0.214651878886191,28,9,0,63,37,0.8615384615384616
V20_overlap_0.75,overlap_0.75,0.125,0.8749494949494949,0.4317379946796126,checked,1,10,0.214651878886191,28,9,0,63,37,0.8615384615384616
V20_overlap_0.75,overlap_0.75,0.125,0.8749494949494949,0.4317379946796126,checked,2,10,0.214651878886191,28,9,0,63,37,0.8615384615384616
V20_overlap_0.75,overlap_0.75,0.15,0.8498989898989899,0.4453774575470385,original,0,10,0.11873618962574542,24,24,4,48,48,0.631578947368421
V20_overlap_0.75,overlap_0.75,0.15,0.8498989898989899,0.4453774575470385,original,1,10,0.11873618962574542,24,24,4,48,48,0.631578947368421
V20_overlap_0.75,overlap_0.75,0.15,0.8498989898989899,0.4453774575470385,original,2,10,0.046744281341932,26,61,2,11,87,0.45217391304347826
V20_overlap_0.75,overlap_0.75,0.15,0.8498989898989899,0.4453774575470385,checked,0,10,0.19656957718864237,28,15,0,57,43,0.7887323943661971
V20_overlap_0.75,overlap_0.75,0.15,0.8498989898989899,0.4453774575470385,checked,1,10,0.19656957718864237,28,15,0,57,43,0.7887323943661971
V20_overlap_0.75,overlap_0.75,0.15,0.8498989898989899,0.4453774575470385,checked,2,10,0.19656957718864237,28,15,0,57,43,0.7887323943661971
V20_overlap_0.75,overlap_0.75,0.2,0.8,0.47145024065177693,original,0,10,0.192986009732908,26,4,2,68,30,0.896551724137931
V20_overlap_0.75,overlap_0.75,0.2,0.8,0.47145024065177693,original,1,10,0.1866931573889093,27,14,1,58,41,0.782608695652174
V20_overlap_0.75,overlap_0.75,0.2,0.8,0.47145024065177693,original,2,10,0.15970424870780542,25,18,3,54,43,0.704225352112676
V20_overlap_0.75,overlap_0.75,0.2,0.8,0.47145024065177693,checked,0,10,0.19298959076678276,26,5,2,67,31,0.8813559322033898
V20_overlap_0.75,overlap_0.75,0.2,0.8,0.47145024065177693,checked,1,10,0.19298959076678276,26,5,2,67,31,0.8813559322033898
V20_overlap_0.75,overlap_0.75,0.2,0.8,0.47145024065177693,checked,2,10,0.19298959076678276,26,5,2,67,31,0.8813559322033898
