input,condition,variant,input_kind,rule,parameter,Q,best_one_flip,tp,fp,fn,tn,n_core,f1
V01_baseline,baseline,independent_categorical,weighted,direct_optimized_labels,,0.8456081706658359,0.8277710483683404,25,0,0,75,25,1.0
V01_baseline,baseline,independent_categorical,binary_adaptive,direct_optimized_labels,,0.9278288512365047,0.9043263748787175,25,0,0,75,25,1.0
V01_baseline,baseline,independent_continuous,weighted,max_normalized_score_cutoff,0.3,0.8909261225225403,,25,75,0,0,100,0.4
V01_baseline,baseline,independent_continuous,weighted,max_normalized_score_cutoff,0.4,0.8909261225225403,,25,75,0,0,100,0.4
V01_baseline,baseline,independent_continuous,weighted,max_normalized_score_cutoff,0.5,0.8909261225225403,,25,75,0,0,100,0.4
V01_baseline,baseline,independent_continuous,weighted,max_normalized_score_cutoff,0.6,0.8909261225225403,,25,75,0,0,100,0.4
V01_baseline,baseline,independent_continuous,weighted,max_normalized_score_cutoff,0.7,0.8909261225225403,,25,75,0,0,100,0.4
V01_baseline,baseline,independent_continuous,weighted,max_normalized_score_cutoff,0.8,0.8909261225225403,,25,75,0,0,100,0.4
V01_baseline,baseline,independent_continuous,weighted,max_normalized_score_cutoff,0.9,0.8909261225225403,,25,75,0,0,100,0.4
V01_baseline,baseline,independent_continuous,weighted,top_fraction,0.1,0.8909261225225403,,10,0,15,75,10,0.5714285714285714
V01_baseline,baseline,independent_continuous,weighted,top_fraction,0.2,0.8909261225225403,,20,0,5,75,20,0.8888888888888888
V01_baseline,baseline,independent_continuous,weighted,top_fraction,0.28,0.8909261225225403,,25,3,0,72,28,0.9433962264150944
V01_baseline,baseline,independent_continuous,weighted,top_fraction,0.4,0.8909261225225403,,25,15,0,60,40,0.7692307692307693
V01_noise_0.1,noise_0.1,independent_categorical,weighted,direct_optimized_labels,,0.7251200361821385,0.7111258607374812,25,0,0,75,25,1.0
V01_noise_0.1,noise_0.1,independent_categorical,binary_adaptive,direct_optimized_labels,,0.7032162867311865,0.6887248053161529,25,0,0,75,25,1.0
V01_noise_0.1,noise_0.1,independent_continuous,weighted,max_normalized_score_cutoff,0.3,0.7666645399046086,,25,75,0,0,100,0.4
V01_noise_0.1,noise_0.1,independent_continuous,weighted,max_normalized_score_cutoff,0.4,0.7666645399046086,,25,75,0,0,100,0.4
V01_noise_0.1,noise_0.1,independent_continuous,weighted,max_normalized_score_cutoff,0.5,0.7666645399046086,,25,75,0,0,100,0.4
V01_noise_0.1,noise_0.1,independent_continuous,weighted,max_normalized_score_cutoff,0.6,0.7666645399046086,,25,75,0,0,100,0.4
V01_noise_0.1,noise_0.1,independent_continuous,weighted,max_normalized_score_cutoff,0.7,0.7666645399046086,,25,75,0,0,100,0.4
V01_noise_0.1,noise_0.1,independent_continuous,weighted,max_normalized_score_cutoff,0.8,0.7666645399046086,,25,75,0,0,100,0.4
V01_noise_0.1,noise_0.1,independent_continuous,weighted,max_normalized_score_cutoff,0.9,0.7666645399046086,,25,75,0,0,100,0.4
V01_noise_0.1,noise_0.1,independent_continuous,weighted,top_fraction,0.1,0.7666645399046086,,10,0,15,75,10,0.5714285714285714
V01_noise_0.1,noise_0.1,independent_continuous,weighted,top_fraction,0.2,0.7666645399046086,,20,0,5,75,20,0.8888888888888888
V01_noise_0.1,noise_0.1,independent_continuous,weighted,top_fraction,0.28,0.7666645399046086,,25,3,0,72,28,0.9433962264150944
V01_noise_0.1,noise_0.1,independent_continuous,weighted,top_fraction,0.4,0.7666645399046086,,25,15,0,60,40,0.7692307692307693
V01_noise_0.2,noise_0.2,independent_categorical,weighted,direct_optimized_labels,,0.5326679432430218,0.5252419214019196,25,0,0,75,25,1.0
V01_noise_0.2,noise_0.2,independent_categorical,binary_adaptive,direct_optimized_labels,,0.4530715196628642,0.44865395844990497,25,0,0,75,25,1.0
V01_noise_0.2,noise_0.2,independent_continuous,weighted,max_normalized_score_cutoff,0.3,0.5673766156425029,,25,75,0,0,100,0.4
V01_noise_0.2,noise_0.2,independent_continuous,weighted,max_normalized_score_cutoff,0.4,0.5673766156425029,,25,75,0,0,100,0.4
V01_noise_0.2,noise_0.2,independent_continuous,weighted,max_normalized_score_cutoff,0.5,0.5673766156425029,,25,75,0,0,100,0.4
V01_noise_0.2,noise_0.2,independent_continuous,weighted,max_normalized_score_cutoff,0.6,0.5673766156425029,,25,75,0,0,100,0.4
V01_noise_0.2,noise_0.2,independent_continuous,weighted,max_normalized_score_cutoff,0.7,0.5673766156425029,,25,75,0,0,100,0.4
V01_noise_0.2,noise_0.2,independent_continuous,weighted,max_normalized_score_cutoff,0.8,0.5673766156425029,,25,75,0,0,100,0.4
V01_noise_0.2,noise_0.2,independent_continuous,weighted,max_normalized_score_cutoff,0.9,0.5673766156425029,,25,75,0,0,100,0.4
V01_noise_0.2,noise_0.2,independent_continuous,weighted,top_fraction,0.1,0.5673766156425029,,10,0,15,75,10,0.5714285714285714
V01_noise_0.2,noise_0.2,independent_continuous,weighted,top_fraction,0.2,0.5673766156425029,,20,0,5,75,20,0.8888888888888888
V01_noise_0.2,noise_0.2,independent_continuous,weighted,top_fraction,0.28,0.5673766156425029,,25,3,0,72,28,0.9433962264150944
V01_noise_0.2,noise_0.2,independent_continuous,weighted,top_fraction,0.4,0.5673766156425029,,25,15,0,60,40,0.7692307692307693
V01_overlap_0.75,overlap_0.75,independent_categorical,weighted,direct_optimized_labels,,0.21440641968998891,0.2141762449298788,21,0,4,75,21,0.9130434782608695
V01_overlap_0.75,overlap_0.75,independent_categorical,binary_adaptive,direct_optimized_labels,,0.16149286761809223,0.1611611922356783,21,37,4,38,58,0.5060240963855421
V01_overlap_0.75,overlap_0.75,independent_continuous,weighted,max_normalized_score_cutoff,0.3,0.27047663642722686,,25,75,0,0,100,0.4
V01_overlap_0.75,overlap_0.75,independent_continuous,weighted,max_normalized_score_cutoff,0.4,0.27047663642722686,,25,75,0,0,100,0.4
V01_overlap_0.75,overlap_0.75,independent_continuous,weighted,max_normalized_score_cutoff,0.5,0.27047663642722686,,25,75,0,0,100,0.4
V01_overlap_0.75,overlap_0.75,independent_continuous,weighted,max_normalized_score_cutoff,0.6,0.27047663642722686,,25,70,0,5,95,0.4166666666666667
V01_overlap_0.75,overlap_0.75,independent_continuous,weighted,max_normalized_score_cutoff,0.7,0.27047663642722686,,25,25,0,50,50,0.6666666666666666
V01_overlap_0.75,overlap_0.75,independent_continuous,weighted,max_normalized_score_cutoff,0.8,0.27047663642722686,,21,2,4,73,23,0.875
V01_overlap_0.75,overlap_0.75,independent_continuous,weighted,max_normalized_score_cutoff,0.9,0.27047663642722686,,8,0,17,75,8,0.48484848484848486
V01_overlap_0.75,overlap_0.75,independent_continuous,weighted,top_fraction,0.1,0.27047663642722686,,10,0,15,75,10,0.5714285714285714
V01_overlap_0.75,overlap_0.75,independent_continuous,weighted,top_fraction,0.2,0.27047663642722686,,19,1,6,74,20,0.8444444444444444
V01_overlap_0.75,overlap_0.75,independent_continuous,weighted,top_fraction,0.28,0.27047663642722686,,25,3,0,72,28,0.9433962264150944
V01_overlap_0.75,overlap_0.75,independent_continuous,weighted,top_fraction,0.4,0.27047663642722686,,25,15,0,60,40,0.7692307692307693
V02_baseline,baseline,independent_categorical,weighted,direct_optimized_labels,,0.8444093042905851,0.8281913426328696,27,0,0,73,27,1.0
V02_baseline,baseline,independent_categorical,binary_adaptive,direct_optimized_labels,,0.9279038865167277,0.9076518457821862,27,0,0,73,27,1.0
V02_baseline,baseline,independent_continuous,weighted,max_normalized_score_cutoff,0.3,0.8960661485207796,,27,73,0,0,100,0.4251968503937008
V02_baseline,baseline,independent_continuous,weighted,max_normalized_score_cutoff,0.4,0.8960661485207796,,27,73,0,0,100,0.4251968503937008
V02_baseline,baseline,independent_continuous,weighted,max_normalized_score_cutoff,0.5,0.8960661485207796,,27,73,0,0,100,0.4251968503937008
V02_baseline,baseline,independent_continuous,weighted,max_normalized_score_cutoff,0.6,0.8960661485207796,,27,73,0,0,100,0.4251968503937008
V02_baseline,baseline,independent_continuous,weighted,max_normalized_score_cutoff,0.7,0.8960661485207796,,27,73,0,0,100,0.4251968503937008
V02_baseline,baseline,independent_continuous,weighted,max_normalized_score_cutoff,0.8,0.8960661485207796,,27,73,0,0,100,0.4251968503937008
V02_baseline,baseline,independent_continuous,weighted,max_normalized_score_cutoff,0.9,0.8960661485207796,,27,73,0,0,100,0.4251968503937008
V02_baseline,baseline,independent_continuous,weighted,top_fraction,0.1,0.8960661485207796,,10,0,17,73,10,0.5405405405405406
V02_baseline,baseline,independent_continuous,weighted,top_fraction,0.2,0.8960661485207796,,20,0,7,73,20,0.851063829787234
V02_baseline,baseline,independent_continuous,weighted,top_fraction,0.28,0.8960661485207796,,27,1,0,72,28,0.9818181818181818
V02_baseline,baseline,independent_continuous,weighted,top_fraction,0.4,0.8960661485207796,,27,13,0,60,40,0.8059701492537313
V02_noise_0.1,noise_0.1,independent_categorical,weighted,direct_optimized_labels,,0.7279920387799415,0.7151181816113292,27,0,0,73,27,1.0
V02_noise_0.1,noise_0.1,independent_categorical,binary_adaptive,direct_optimized_labels,,0.7100958365236407,0.6959931317883643,27,0,0,73,27,1.0
V02_noise_0.1,noise_0.1,independent_continuous,weighted,max_normalized_score_cutoff,0.3,0.768651038995953,,27,73,0,0,100,0.4251968503937008
V02_noise_0.1,noise_0.1,independent_continuous,weighted,max_normalized_score_cutoff,0.4,0.768651038995953,,27,73,0,0,100,0.4251968503937008
V02_noise_0.1,noise_0.1,independent_continuous,weighted,max_normalized_score_cutoff,0.5,0.768651038995953,,27,73,0,0,100,0.4251968503937008
V02_noise_0.1,noise_0.1,independent_continuous,weighted,max_normalized_score_cutoff,0.6,0.768651038995953,,27,73,0,0,100,0.4251968503937008
V02_noise_0.1,noise_0.1,independent_continuous,weighted,max_normalized_score_cutoff,0.7,0.768651038995953,,27,73,0,0,100,0.4251968503937008
V02_noise_0.1,noise_0.1,independent_continuous,weighted,max_normalized_score_cutoff,0.8,0.768651038995953,,27,73,0,0,100,0.4251968503937008
V02_noise_0.1,noise_0.1,independent_continuous,weighted,max_normalized_score_cutoff,0.9,0.768651038995953,,27,73,0,0,100,0.4251968503937008
V02_noise_0.1,noise_0.1,independent_continuous,weighted,top_fraction,0.1,0.768651038995953,,10,0,17,73,10,0.5405405405405406
V02_noise_0.1,noise_0.1,independent_continuous,weighted,top_fraction,0.2,0.768651038995953,,20,0,7,73,20,0.851063829787234
V02_noise_0.1,noise_0.1,independent_continuous,weighted,top_fraction,0.28,0.768651038995953,,27,1,0,72,28,0.9818181818181818
V02_noise_0.1,noise_0.1,independent_continuous,weighted,top_fraction,0.4,0.768651038995953,,27,13,0,60,40,0.8059701492537313
V02_noise_0.2,noise_0.2,independent_categorical,weighted,direct_optimized_labels,,0.5419581396588768,0.534205482875598,27,0,0,73,27,1.0
V02_noise_0.2,noise_0.2,independent_categorical,binary_adaptive,direct_optimized_labels,,0.47407392023859796,0.46778223062721014,27,0,0,73,27,1.0
V02_noise_0.2,noise_0.2,independent_continuous,weighted,max_normalized_score_cutoff,0.3,0.5723456164708326,,27,73,0,0,100,0.4251968503937008
V02_noise_0.2,noise_0.2,independent_continuous,weighted,max_normalized_score_cutoff,0.4,0.5723456164708326,,27,73,0,0,100,0.4251968503937008
V02_noise_0.2,noise_0.2,independent_continuous,weighted,max_normalized_score_cutoff,0.5,0.5723456164708326,,27,73,0,0,100,0.4251968503937008
V02_noise_0.2,noise_0.2,independent_continuous,weighted,max_normalized_score_cutoff,0.6,0.5723456164708326,,27,73,0,0,100,0.4251968503937008
V02_noise_0.2,noise_0.2,independent_continuous,weighted,max_normalized_score_cutoff,0.7,0.5723456164708326,,27,73,0,0,100,0.4251968503937008
V02_noise_0.2,noise_0.2,independent_continuous,weighted,max_normalized_score_cutoff,0.8,0.5723456164708326,,27,73,0,0,100,0.4251968503937008
V02_noise_0.2,noise_0.2,independent_continuous,weighted,max_normalized_score_cutoff,0.9,0.5723456164708326,,27,73,0,0,100,0.4251968503937008
V02_noise_0.2,noise_0.2,independent_continuous,weighted,top_fraction,0.1,0.5723456164708326,,10,0,17,73,10,0.5405405405405406
V02_noise_0.2,noise_0.2,independent_continuous,weighted,top_fraction,0.2,0.5723456164708326,,20,0,7,73,20,0.851063829787234
V02_noise_0.2,noise_0.2,independent_continuous,weighted,top_fraction,0.28,0.5723456164708326,,27,1,0,72,28,0.9818181818181818
V02_noise_0.2,noise_0.2,independent_continuous,weighted,top_fraction,0.4,0.5723456164708326,,27,13,0,60,40,0.8059701492537313
V02_overlap_0.75,overlap_0.75,independent_categorical,weighted,direct_optimized_labels,,0.21815612976633972,0.21798965915145008,25,2,2,71,27,0.9259259259259259
V02_overlap_0.75,overlap_0.75,independent_categorical,binary_adaptive,direct_optimized_labels,,0.16370618091987968,0.16367494683579498,23,12,4,61,35,0.7419354838709677
V02_overlap_0.75,overlap_0.75,independent_continuous,weighted,max_normalized_score_cutoff,0.3,0.265606240643548,,27,73,0,0,100,0.4251968503937008
V02_overlap_0.75,overlap_0.75,independent_continuous,weighted,max_normalized_score_cutoff,0.4,0.265606240643548,,27,73,0,0,100,0.4251968503937008
V02_overlap_0.75,overlap_0.75,independent_continuous,weighted,max_normalized_score_cutoff,0.5,0.265606240643548,,27,73,0,0,100,0.4251968503937008
V02_overlap_0.75,overlap_0.75,independent_continuous,weighted,max_normalized_score_cutoff,0.6,0.265606240643548,,27,73,0,0,100,0.4251968503937008
V02_overlap_0.75,overlap_0.75,independent_continuous,weighted,max_normalized_score_cutoff,0.7,0.265606240643548,,27,73,0,0,100,0.4251968503937008
V02_overlap_0.75,overlap_0.75,independent_continuous,weighted,max_normalized_score_cutoff,0.8,0.265606240643548,,27,73,0,0,100,0.4251968503937008
V02_overlap_0.75,overlap_0.75,independent_continuous,weighted,max_normalized_score_cutoff,0.9,0.265606240643548,,27,73,0,0,100,0.4251968503937008
V02_overlap_0.75,overlap_0.75,independent_continuous,weighted,top_fraction,0.1,0.265606240643548,,10,0,17,73,10,0.5405405405405406
V02_overlap_0.75,overlap_0.75,independent_continuous,weighted,top_fraction,0.2,0.265606240643548,,20,0,7,73,20,0.851063829787234
V02_overlap_0.75,overlap_0.75,independent_continuous,weighted,top_fraction,0.28,0.265606240643548,,27,1,0,72,28,0.9818181818181818
V02_overlap_0.75,overlap_0.75,independent_continuous,weighted,top_fraction,0.4,0.265606240643548,,27,13,0,60,40,0.8059701492537313
V03_baseline,baseline,independent_categorical,weighted,direct_optimized_labels,,0.8453373987611419,0.8269243765579831,25,0,0,75,25,1.0
V03_baseline,baseline,independent_categorical,binary_adaptive,direct_optimized_labels,,0.9270777724629817,0.9051788569347097,25,0,0,75,25,1.0
V03_baseline,baseline,independent_continuous,weighted,max_normalized_score_cutoff,0.3,0.889417865236951,,25,75,0,0,100,0.4
V03_baseline,baseline,independent_continuous,weighted,max_normalized_score_cutoff,0.4,0.889417865236951,,25,75,0,0,100,0.4
V03_baseline,baseline,independent_continuous,weighted,max_normalized_score_cutoff,0.5,0.889417865236951,,25,75,0,0,100,0.4
V03_baseline,baseline,independent_continuous,weighted,max_normalized_score_cutoff,0.6,0.889417865236951,,25,75,0,0,100,0.4
V03_baseline,baseline,independent_continuous,weighted,max_normalized_score_cutoff,0.7,0.889417865236951,,25,75,0,0,100,0.4
V03_baseline,baseline,independent_continuous,weighted,max_normalized_score_cutoff,0.8,0.889417865236951,,25,75,0,0,100,0.4
V03_baseline,baseline,independent_continuous,weighted,max_normalized_score_cutoff,0.9,0.889417865236951,,25,75,0,0,100,0.4
V03_baseline,baseline,independent_continuous,weighted,top_fraction,0.1,0.889417865236951,,10,0,15,75,10,0.5714285714285714
V03_baseline,baseline,independent_continuous,weighted,top_fraction,0.2,0.889417865236951,,20,0,5,75,20,0.8888888888888888
V03_baseline,baseline,independent_continuous,weighted,top_fraction,0.28,0.889417865236951,,25,3,0,72,28,0.9433962264150944
V03_baseline,baseline,independent_continuous,weighted,top_fraction,0.4,0.889417865236951,,25,15,0,60,40,0.7692307692307693
V03_noise_0.1,noise_0.1,independent_categorical,weighted,direct_optimized_labels,,0.7291484700462287,0.7150827284727022,25,0,0,75,25,1.0
V03_noise_0.1,noise_0.1,independent_categorical,binary_adaptive,direct_optimized_labels,,0.7026272828433521,0.6874508741351606,25,0,0,75,25,1.0
V03_noise_0.1,noise_0.1,independent_continuous,weighted,max_normalized_score_cutoff,0.3,0.7626809168244395,,25,75,0,0,100,0.4
V03_noise_0.1,noise_0.1,independent_continuous,weighted,max_normalized_score_cutoff,0.4,0.7626809168244395,,25,75,0,0,100,0.4
V03_noise_0.1,noise_0.1,independent_continuous,weighted,max_normalized_score_cutoff,0.5,0.7626809168244395,,25,75,0,0,100,0.4
V03_noise_0.1,noise_0.1,independent_continuous,weighted,max_normalized_score_cutoff,0.6,0.7626809168244395,,25,75,0,0,100,0.4
V03_noise_0.1,noise_0.1,independent_continuous,weighted,max_normalized_score_cutoff,0.7,0.7626809168244395,,25,75,0,0,100,0.4
V03_noise_0.1,noise_0.1,independent_continuous,weighted,max_normalized_score_cutoff,0.8,0.7626809168244395,,25,75,0,0,100,0.4
V03_noise_0.1,noise_0.1,independent_continuous,weighted,max_normalized_score_cutoff,0.9,0.7626809168244395,,25,75,0,0,100,0.4
V03_noise_0.1,noise_0.1,independent_continuous,weighted,top_fraction,0.1,0.7626809168244395,,10,0,15,75,10,0.5714285714285714
V03_noise_0.1,noise_0.1,independent_continuous,weighted,top_fraction,0.2,0.7626809168244395,,20,0,5,75,20,0.8888888888888888
V03_noise_0.1,noise_0.1,independent_continuous,weighted,top_fraction,0.28,0.7626809168244395,,25,3,0,72,28,0.9433962264150944
V03_noise_0.1,noise_0.1,independent_continuous,weighted,top_fraction,0.4,0.7626809168244395,,25,15,0,60,40,0.7692307692307693
V03_noise_0.2,noise_0.2,independent_categorical,weighted,direct_optimized_labels,,0.548869090784425,0.5403898814695204,25,0,0,75,25,1.0
V03_noise_0.2,noise_0.2,independent_categorical,binary_adaptive,direct_optimized_labels,,0.47104604728450095,0.4644748779529929,25,0,0,75,25,1.0
V03_noise_0.2,noise_0.2,independent_continuous,weighted,max_normalized_score_cutoff,0.3,0.5731700240135332,,25,75,0,0,100,0.4
V03_noise_0.2,noise_0.2,independent_continuous,weighted,max_normalized_score_cutoff,0.4,0.5731700240135332,,25,75,0,0,100,0.4
V03_noise_0.2,noise_0.2,independent_continuous,weighted,max_normalized_score_cutoff,0.5,0.5731700240135332,,25,75,0,0,100,0.4
V03_noise_0.2,noise_0.2,independent_continuous,weighted,max_normalized_score_cutoff,0.6,0.5731700240135332,,25,75,0,0,100,0.4
V03_noise_0.2,noise_0.2,independent_continuous,weighted,max_normalized_score_cutoff,0.7,0.5731700240135332,,25,75,0,0,100,0.4
V03_noise_0.2,noise_0.2,independent_continuous,weighted,max_normalized_score_cutoff,0.8,0.5731700240135332,,25,75,0,0,100,0.4
V03_noise_0.2,noise_0.2,independent_continuous,weighted,max_normalized_score_cutoff,0.9,0.5731700240135332,,25,75,0,0,100,0.4
V03_noise_0.2,noise_0.2,independent_continuous,weighted,top_fraction,0.1,0.5731700240135332,,10,0,15,75,10,0.5714285714285714
V03_noise_0.2,noise_0.2,independent_continuous,weighted,top_fraction,0.2,0.5731700240135332,,20,0,5,75,20,0.8888888888888888
V03_noise_0.2,noise_0.2,independent_continuous,weighted,top_fraction,0.28,0.5731700240135332,,25,3,0,72,28,0.9433962264150944
V03_noise_0.2,noise_0.2,independent_continuous,weighted,top_fraction,0.4,0.5731700240135332,,25,15,0,60,40,0.7692307692307693
V03_overlap_0.75,overlap_0.75,independent_categorical,weighted,direct_optimized_labels,,0.22677696046919524,0.22674340396960857,24,2,1,73,26,0.9411764705882353
V03_overlap_0.75,overlap_0.75,independent_categorical,binary_adaptive,direct_optimized_labels,,0.17676552239519047,0.17637630597356352,23,24,2,51,47,0.6388888888888888
V03_overlap_0.75,overlap_0.75,independent_continuous,weighted,max_normalized_score_cutoff,0.3,0.2731470304058196,,25,75,0,0,100,0.4
V03_overlap_0.75,overlap_0.75,independent_continuous,weighted,max_normalized_score_cutoff,0.4,0.2731470304058196,,25,75,0,0,100,0.4
V03_overlap_0.75,overlap_0.75,independent_continuous,weighted,max_normalized_score_cutoff,0.5,0.2731470304058196,,25,75,0,0,100,0.4
V03_overlap_0.75,overlap_0.75,independent_continuous,weighted,max_normalized_score_cutoff,0.6,0.2731470304058196,,25,75,0,0,100,0.4
V03_overlap_0.75,overlap_0.75,independent_continuous,weighted,max_normalized_score_cutoff,0.7,0.2731470304058196,,25,75,0,0,100,0.4
V03_overlap_0.75,overlap_0.75,independent_continuous,weighted,max_normalized_score_cutoff,0.8,0.2731470304058196,,25,75,0,0,100,0.4
V03_overlap_0.75,overlap_0.75,independent_continuous,weighted,max_normalized_score_cutoff,0.9,0.2731470304058196,,25,75,0,0,100,0.4
V03_overlap_0.75,overlap_0.75,independent_continuous,weighted,top_fraction,0.1,0.2731470304058196,,10,0,15,75,10,0.5714285714285714
V03_overlap_0.75,overlap_0.75,independent_continuous,weighted,top_fraction,0.2,0.2731470304058196,,20,0,5,75,20,0.8888888888888888
V03_overlap_0.75,overlap_0.75,independent_continuous,weighted,top_fraction,0.28,0.2731470304058196,,25,3,0,72,28,0.9433962264150944
V03_overlap_0.75,overlap_0.75,independent_continuous,weighted,top_fraction,0.4,0.2731470304058196,,25,15,0,60,40,0.7692307692307693
V04_baseline,baseline,independent_categorical,weighted,direct_optimized_labels,,0.842241257029798,0.8263744390235468,28,0,0,72,28,1.0
V04_baseline,baseline,independent_categorical,binary_adaptive,direct_optimized_labels,,0.9369986279121447,0.9149595935294873,28,0,0,72,28,1.0
V04_baseline,baseline,independent_continuous,weighted,max_normalized_score_cutoff,0.3,0.8974716998786701,,28,72,0,0,100,0.4375
V04_baseline,baseline,independent_continuous,weighted,max_normalized_score_cutoff,0.4,0.8974716998786701,,28,72,0,0,100,0.4375
V04_baseline,baseline,independent_continuous,weighted,max_normalized_score_cutoff,0.5,0.8974716998786701,,28,72,0,0,100,0.4375
V04_baseline,baseline,independent_continuous,weighted,max_normalized_score_cutoff,0.6,0.8974716998786701,,28,72,0,0,100,0.4375
V04_baseline,baseline,independent_continuous,weighted,max_normalized_score_cutoff,0.7,0.8974716998786701,,28,72,0,0,100,0.4375
V04_baseline,baseline,independent_continuous,weighted,max_normalized_score_cutoff,0.8,0.8974716998786701,,28,72,0,0,100,0.4375
V04_baseline,baseline,independent_continuous,weighted,max_normalized_score_cutoff,0.9,0.8974716998786701,,28,72,0,0,100,0.4375
V04_baseline,baseline,independent_continuous,weighted,top_fraction,0.1,0.8974716998786701,,10,0,18,72,10,0.5263157894736842
V04_baseline,baseline,independent_continuous,weighted,top_fraction,0.2,0.8974716998786701,,20,0,8,72,20,0.8333333333333334
V04_baseline,baseline,independent_continuous,weighted,top_fraction,0.28,0.8974716998786701,,28,0,0,72,28,1.0
V04_baseline,baseline,independent_continuous,weighted,top_fraction,0.4,0.8974716998786701,,28,12,0,60,40,0.8235294117647058
V04_noise_0.1,noise_0.1,independent_categorical,weighted,direct_optimized_labels,,0.7233409305513252,0.7128737200804888,28,0,0,72,28,1.0
V04_noise_0.1,noise_0.1,independent_categorical,binary_adaptive,direct_optimized_labels,,0.6904448845472634,0.6787920894544758,28,0,0,72,28,1.0
V04_noise_0.1,noise_0.1,independent_continuous,weighted,max_normalized_score_cutoff,0.3,0.7725712897932345,,28,72,0,0,100,0.4375
V04_noise_0.1,noise_0.1,independent_continuous,weighted,max_normalized_score_cutoff,0.4,0.7725712897932345,,28,72,0,0,100,0.4375
V04_noise_0.1,noise_0.1,independent_continuous,weighted,max_normalized_score_cutoff,0.5,0.7725712897932345,,28,72,0,0,100,0.4375
V04_noise_0.1,noise_0.1,independent_continuous,weighted,max_normalized_score_cutoff,0.6,0.7725712897932345,,28,72,0,0,100,0.4375
V04_noise_0.1,noise_0.1,independent_continuous,weighted,max_normalized_score_cutoff,0.7,0.7725712897932345,,28,72,0,0,100,0.4375
V04_noise_0.1,noise_0.1,independent_continuous,weighted,max_normalized_score_cutoff,0.8,0.7725712897932345,,28,72,0,0,100,0.4375
V04_noise_0.1,noise_0.1,independent_continuous,weighted,max_normalized_score_cutoff,0.9,0.7725712897932345,,28,72,0,0,100,0.4375
V04_noise_0.1,noise_0.1,independent_continuous,weighted,top_fraction,0.1,0.7725712897932345,,10,0,18,72,10,0.5263157894736842
V04_noise_0.1,noise_0.1,independent_continuous,weighted,top_fraction,0.2,0.7725712897932345,,20,0,8,72,20,0.8333333333333334
V04_noise_0.1,noise_0.1,independent_continuous,weighted,top_fraction,0.28,0.7725712897932345,,28,0,0,72,28,1.0
V04_noise_0.1,noise_0.1,independent_continuous,weighted,top_fraction,0.4,0.7725712897932345,,28,12,0,60,40,0.8235294117647058
V04_noise_0.2,noise_0.2,independent_categorical,weighted,direct_optimized_labels,,0.5388244636624641,0.5346316626182936,28,0,0,72,28,1.0
V04_noise_0.2,noise_0.2,independent_categorical,binary_adaptive,direct_optimized_labels,,0.47426480973564195,0.4699215983357998,28,0,0,72,28,1.0
V04_noise_0.2,noise_0.2,independent_continuous,weighted,max_normalized_score_cutoff,0.3,0.5790743553256831,,28,72,0,0,100,0.4375
V04_noise_0.2,noise_0.2,independent_continuous,weighted,max_normalized_score_cutoff,0.4,0.5790743553256831,,28,72,0,0,100,0.4375
V04_noise_0.2,noise_0.2,independent_continuous,weighted,max_normalized_score_cutoff,0.5,0.5790743553256831,,28,72,0,0,100,0.4375
V04_noise_0.2,noise_0.2,independent_continuous,weighted,max_normalized_score_cutoff,0.6,0.5790743553256831,,28,72,0,0,100,0.4375
V04_noise_0.2,noise_0.2,independent_continuous,weighted,max_normalized_score_cutoff,0.7,0.5790743553256831,,28,72,0,0,100,0.4375
V04_noise_0.2,noise_0.2,independent_continuous,weighted,max_normalized_score_cutoff,0.8,0.5790743553256831,,28,72,0,0,100,0.4375
V04_noise_0.2,noise_0.2,independent_continuous,weighted,max_normalized_score_cutoff,0.9,0.5790743553256831,,28,72,0,0,100,0.4375
V04_noise_0.2,noise_0.2,independent_continuous,weighted,top_fraction,0.1,0.5790743553256831,,10,0,18,72,10,0.5263157894736842
V04_noise_0.2,noise_0.2,independent_continuous,weighted,top_fraction,0.2,0.5790743553256831,,20,0,8,72,20,0.8333333333333334
V04_noise_0.2,noise_0.2,independent_continuous,weighted,top_fraction,0.28,0.5790743553256831,,28,0,0,72,28,1.0
V04_noise_0.2,noise_0.2,independent_continuous,weighted,top_fraction,0.4,0.5790743553256831,,28,12,0,60,40,0.8235294117647058
V04_overlap_0.75,overlap_0.75,independent_categorical,weighted,direct_optimized_labels,,0.215837857978903,0.2155922731400065,25,7,3,65,32,0.8333333333333334
V04_overlap_0.75,overlap_0.75,independent_categorical,binary_adaptive,direct_optimized_labels,,0.1596566553095912,0.15962502707103682,24,20,4,52,44,0.6666666666666666
V04_overlap_0.75,overlap_0.75,independent_continuous,weighted,max_normalized_score_cutoff,0.3,0.25970136982880165,,28,72,0,0,100,0.4375
V04_overlap_0.75,overlap_0.75,independent_continuous,weighted,max_normalized_score_cutoff,0.4,0.25970136982880165,,28,72,0,0,100,0.4375
V04_overlap_0.75,overlap_0.75,independent_continuous,weighted,max_normalized_score_cutoff,0.5,0.25970136982880165,,28,72,0,0,100,0.4375
V04_overlap_0.75,overlap_0.75,independent_continuous,weighted,max_normalized_score_cutoff,0.6,0.25970136982880165,,28,72,0,0,100,0.4375
V04_overlap_0.75,overlap_0.75,independent_continuous,weighted,max_normalized_score_cutoff,0.7,0.25970136982880165,,28,72,0,0,100,0.4375
V04_overlap_0.75,overlap_0.75,independent_continuous,weighted,max_normalized_score_cutoff,0.8,0.25970136982880165,,28,72,0,0,100,0.4375
V04_overlap_0.75,overlap_0.75,independent_continuous,weighted,max_normalized_score_cutoff,0.9,0.25970136982880165,,28,72,0,0,100,0.4375
V04_overlap_0.75,overlap_0.75,independent_continuous,weighted,top_fraction,0.1,0.25970136982880165,,10,0,18,72,10,0.5263157894736842
V04_overlap_0.75,overlap_0.75,independent_continuous,weighted,top_fraction,0.2,0.25970136982880165,,20,0,8,72,20,0.8333333333333334
V04_overlap_0.75,overlap_0.75,independent_continuous,weighted,top_fraction,0.28,0.25970136982880165,,26,2,2,70,28,0.9285714285714286
V04_overlap_0.75,overlap_0.75,independent_continuous,weighted,top_fraction,0.4,0.25970136982880165,,27,13,1,59,40,0.7941176470588235
V05_baseline,baseline,independent_categorical,weighted,direct_optimized_labels,,0.8400650849436085,0.8209530901790396,24,0,0,76,24,1.0
V05_baseline,baseline,independent_categorical,binary_adaptive,direct_optimized_labels,,0.890918814551066,0.8724245313271975,24,0,0,76,24,1.0
V05_baseline,baseline,independent_continuous,weighted,max_normalized_score_cutoff,0.3,0.8836544998947875,,24,76,0,0,100,0.3870967741935484
V05_baseline,baseline,independent_continuous,weighted,max_normalized_score_cutoff,0.4,0.8836544998947875,,24,76,0,0,100,0.3870967741935484
V05_baseline,baseline,independent_continuous,weighted,max_normalized_score_cutoff,0.5,0.8836544998947875,,24,76,0,0,100,0.3870967741935484
V05_baseline,baseline,independent_continuous,weighted,max_normalized_score_cutoff,0.6,0.8836544998947875,,24,76,0,0,100,0.3870967741935484
V05_baseline,baseline,independent_continuous,weighted,max_normalized_score_cutoff,0.7,0.8836544998947875,,24,76,0,0,100,0.3870967741935484
V05_baseline,baseline,independent_continuous,weighted,max_normalized_score_cutoff,0.8,0.8836544998947875,,24,76,0,0,100,0.3870967741935484
V05_baseline,baseline,independent_continuous,weighted,max_normalized_score_cutoff,0.9,0.8836544998947875,,24,76,0,0,100,0.3870967741935484
V05_baseline,baseline,independent_continuous,weighted,top_fraction,0.1,0.8836544998947875,,10,0,14,76,10,0.5882352941176471
V05_baseline,baseline,independent_continuous,weighted,top_fraction,0.2,0.8836544998947875,,20,0,4,76,20,0.9090909090909091
V05_baseline,baseline,independent_continuous,weighted,top_fraction,0.28,0.8836544998947875,,24,4,0,72,28,0.9230769230769231
V05_baseline,baseline,independent_continuous,weighted,top_fraction,0.4,0.8836544998947875,,24,16,0,60,40,0.75
V05_noise_0.1,noise_0.1,independent_categorical,weighted,direct_optimized_labels,,0.7192667808897308,0.7052441407892711,24,0,0,76,24,1.0
V05_noise_0.1,noise_0.1,independent_categorical,binary_adaptive,direct_optimized_labels,,0.6909188286956653,0.6768153311213101,24,0,0,76,24,1.0
V05_noise_0.1,noise_0.1,independent_continuous,weighted,max_normalized_score_cutoff,0.3,0.7545122783215906,,24,76,0,0,100,0.3870967741935484
V05_noise_0.1,noise_0.1,independent_continuous,weighted,max_normalized_score_cutoff,0.4,0.7545122783215906,,24,76,0,0,100,0.3870967741935484
V05_noise_0.1,noise_0.1,independent_continuous,weighted,max_normalized_score_cutoff,0.5,0.7545122783215906,,24,76,0,0,100,0.3870967741935484
V05_noise_0.1,noise_0.1,independent_continuous,weighted,max_normalized_score_cutoff,0.6,0.7545122783215906,,24,76,0,0,100,0.3870967741935484
V05_noise_0.1,noise_0.1,independent_continuous,weighted,max_normalized_score_cutoff,0.7,0.7545122783215906,,24,76,0,0,100,0.3870967741935484
V05_noise_0.1,noise_0.1,independent_continuous,weighted,max_normalized_score_cutoff,0.8,0.7545122783215906,,24,76,0,0,100,0.3870967741935484
V05_noise_0.1,noise_0.1,independent_continuous,weighted,max_normalized_score_cutoff,0.9,0.7545122783215906,,24,76,0,0,100,0.3870967741935484
V05_noise_0.1,noise_0.1,independent_continuous,weighted,top_fraction,0.1,0.7545122783215906,,10,0,14,76,10,0.5882352941176471
V05_noise_0.1,noise_0.1,independent_continuous,weighted,top_fraction,0.2,0.7545122783215906,,20,0,4,76,20,0.9090909090909091
V05_noise_0.1,noise_0.1,independent_continuous,weighted,top_fraction,0.28,0.7545122783215906,,24,4,0,72,28,0.9230769230769231
V05_noise_0.1,noise_0.1,independent_continuous,weighted,top_fraction,0.4,0.7545122783215906,,24,16,0,60,40,0.75
V05_noise_0.2,noise_0.2,independent_categorical,weighted,direct_optimized_labels,,0.5311037829721803,0.5236918825699024,24,0,0,76,24,1.0
V05_noise_0.2,noise_0.2,independent_categorical,binary_adaptive,direct_optimized_labels,,0.47023275040352536,0.4644432281194044,24,0,0,76,24,1.0
V05_noise_0.2,noise_0.2,independent_continuous,weighted,max_normalized_score_cutoff,0.3,0.5595987497866141,,24,76,0,0,100,0.3870967741935484
V05_noise_0.2,noise_0.2,independent_continuous,weighted,max_normalized_score_cutoff,0.4,0.5595987497866141,,24,76,0,0,100,0.3870967741935484
V05_noise_0.2,noise_0.2,independent_continuous,weighted,max_normalized_score_cutoff,0.5,0.5595987497866141,,24,76,0,0,100,0.3870967741935484
V05_noise_0.2,noise_0.2,independent_continuous,weighted,max_normalized_score_cutoff,0.6,0.5595987497866141,,24,76,0,0,100,0.3870967741935484
V05_noise_0.2,noise_0.2,independent_continuous,weighted,max_normalized_score_cutoff,0.7,0.5595987497866141,,24,76,0,0,100,0.3870967741935484
V05_noise_0.2,noise_0.2,independent_continuous,weighted,max_normalized_score_cutoff,0.8,0.5595987497866141,,24,76,0,0,100,0.3870967741935484
V05_noise_0.2,noise_0.2,independent_continuous,weighted,max_normalized_score_cutoff,0.9,0.5595987497866141,,24,76,0,0,100,0.3870967741935484
V05_noise_0.2,noise_0.2,independent_continuous,weighted,top_fraction,0.1,0.5595987497866141,,10,0,14,76,10,0.5882352941176471
V05_noise_0.2,noise_0.2,independent_continuous,weighted,top_fraction,0.2,0.5595987497866141,,20,0,4,76,20,0.9090909090909091
V05_noise_0.2,noise_0.2,independent_continuous,weighted,top_fraction,0.28,0.5595987497866141,,24,4,0,72,28,0.9230769230769231
V05_noise_0.2,noise_0.2,independent_continuous,weighted,top_fraction,0.4,0.5595987497866141,,24,16,0,60,40,0.75
V05_overlap_0.75,overlap_0.75,independent_categorical,weighted,direct_optimized_labels,,0.23576981677175285,0.23565459766356273,23,4,1,72,27,0.9019607843137255
V05_overlap_0.75,overlap_0.75,independent_categorical,binary_adaptive,direct_optimized_labels,,0.17082297995313778,0.1702828250307547,22,16,2,60,38,0.7096774193548387
V05_overlap_0.75,overlap_0.75,independent_continuous,weighted,max_normalized_score_cutoff,0.3,0.27505987470100746,,24,76,0,0,100,0.3870967741935484
V05_overlap_0.75,overlap_0.75,independent_continuous,weighted,max_normalized_score_cutoff,0.4,0.27505987470100746,,24,76,0,0,100,0.3870967741935484
V05_overlap_0.75,overlap_0.75,independent_continuous,weighted,max_normalized_score_cutoff,0.5,0.27505987470100746,,24,76,0,0,100,0.3870967741935484
V05_overlap_0.75,overlap_0.75,independent_continuous,weighted,max_normalized_score_cutoff,0.6,0.27505987470100746,,24,76,0,0,100,0.3870967741935484
V05_overlap_0.75,overlap_0.75,independent_continuous,weighted,max_normalized_score_cutoff,0.7,0.27505987470100746,,24,76,0,0,100,0.3870967741935484
V05_overlap_0.75,overlap_0.75,independent_continuous,weighted,max_normalized_score_cutoff,0.8,0.27505987470100746,,24,76,0,0,100,0.3870967741935484
V05_overlap_0.75,overlap_0.75,independent_continuous,weighted,max_normalized_score_cutoff,0.9,0.27505987470100746,,24,76,0,0,100,0.3870967741935484
V05_overlap_0.75,overlap_0.75,independent_continuous,weighted,top_fraction,0.1,0.27505987470100746,,10,0,14,76,10,0.5882352941176471
V05_overlap_0.75,overlap_0.75,independent_continuous,weighted,top_fraction,0.2,0.27505987470100746,,20,0,4,76,20,0.9090909090909091
V05_overlap_0.75,overlap_0.75,independent_continuous,weighted,top_fraction,0.28,0.27505987470100746,,24,4,0,72,28,0.9230769230769231
V05_overlap_0.75,overlap_0.75,independent_continuous,weighted,top_fraction,0.4,0.27505987470100746,,24,16,0,60,40,0.75
V06_baseline,baseline,independent_categorical,weighted,direct_optimized_labels,,0.8422431436917854,0.8239721496281789,25,0,0,75,25,1.0
V06_baseline,baseline,independent_categorical,binary_adaptive,direct_optimized_labels,,0.9103510110953383,0.8887841818418275,25,0,0,75,25,1.0
V06_baseline,baseline,independent_continuous,weighted,max_normalized_score_cutoff,0.3,0.8872127803432606,,25,75,0,0,100,0.4
V06_baseline,baseline,independent_continuous,weighted,max_normalized_score_cutoff,0.4,0.8872127803432606,,25,75,0,0,100,0.4
V06_baseline,baseline,independent_continuous,weighted,max_normalized_score_cutoff,0.5,0.8872127803432606,,25,75,0,0,100,0.4
V06_baseline,baseline,independent_continuous,weighted,max_normalized_score_cutoff,0.6,0.8872127803432606,,25,75,0,0,100,0.4
V06_baseline,baseline,independent_continuous,weighted,max_normalized_score_cutoff,0.7,0.8872127803432606,,25,75,0,0,100,0.4
V06_baseline,baseline,independent_continuous,weighted,max_normalized_score_cutoff,0.8,0.8872127803432606,,25,75,0,0,100,0.4
V06_baseline,baseline,independent_continuous,weighted,max_normalized_score_cutoff,0.9,0.8872127803432606,,25,75,0,0,100,0.4
V06_baseline,baseline,independent_continuous,weighted,top_fraction,0.1,0.8872127803432606,,10,0,15,75,10,0.5714285714285714
V06_baseline,baseline,independent_continuous,weighted,top_fraction,0.2,0.8872127803432606,,20,0,5,75,20,0.8888888888888888
V06_baseline,baseline,independent_continuous,weighted,top_fraction,0.28,0.8872127803432606,,25,3,0,72,28,0.9433962264150944
V06_baseline,baseline,independent_continuous,weighted,top_fraction,0.4,0.8872127803432606,,25,15,0,60,40,0.7692307692307693
V06_noise_0.1,noise_0.1,independent_categorical,weighted,direct_optimized_labels,,0.7204256322332442,0.7068172549054632,25,0,0,75,25,1.0
V06_noise_0.1,noise_0.1,independent_categorical,binary_adaptive,direct_optimized_labels,,0.6967799764948428,0.6837985050727399,25,0,0,75,25,1.0
V06_noise_0.1,noise_0.1,independent_continuous,weighted,max_normalized_score_cutoff,0.3,0.7548823044237639,,25,75,0,0,100,0.4
V06_noise_0.1,noise_0.1,independent_continuous,weighted,max_normalized_score_cutoff,0.4,0.7548823044237639,,25,75,0,0,100,0.4
V06_noise_0.1,noise_0.1,independent_continuous,weighted,max_normalized_score_cutoff,0.5,0.7548823044237639,,25,75,0,0,100,0.4
V06_noise_0.1,noise_0.1,independent_continuous,weighted,max_normalized_score_cutoff,0.6,0.7548823044237639,,25,75,0,0,100,0.4
V06_noise_0.1,noise_0.1,independent_continuous,weighted,max_normalized_score_cutoff,0.7,0.7548823044237639,,25,75,0,0,100,0.4
V06_noise_0.1,noise_0.1,independent_continuous,weighted,max_normalized_score_cutoff,0.8,0.7548823044237639,,25,75,0,0,100,0.4
V06_noise_0.1,noise_0.1,independent_continuous,weighted,max_normalized_score_cutoff,0.9,0.7548823044237639,,25,75,0,0,100,0.4
V06_noise_0.1,noise_0.1,independent_continuous,weighted,top_fraction,0.1,0.7548823044237639,,10,0,15,75,10,0.5714285714285714
V06_noise_0.1,noise_0.1,independent_continuous,weighted,top_fraction,0.2,0.7548823044237639,,20,0,5,75,20,0.8888888888888888
V06_noise_0.1,noise_0.1,independent_continuous,weighted,top_fraction,0.28,0.7548823044237639,,25,3,0,72,28,0.9433962264150944
V06_noise_0.1,noise_0.1,independent_continuous,weighted,top_fraction,0.4,0.7548823044237639,,25,15,0,60,40,0.7692307692307693
V06_noise_0.2,noise_0.2,independent_categorical,weighted,direct_optimized_labels,,0.5316045606229416,0.5233617559248623,25,0,0,75,25,1.0
V06_noise_0.2,noise_0.2,independent_categorical,binary_adaptive,direct_optimized_labels,,0.4675923351040152,0.46135254987084257,25,0,0,75,25,1.0
V06_noise_0.2,noise_0.2,independent_continuous,weighted,max_normalized_score_cutoff,0.3,0.5582766397456465,,25,75,0,0,100,0.4
V06_noise_0.2,noise_0.2,independent_continuous,weighted,max_normalized_score_cutoff,0.4,0.5582766397456465,,25,75,0,0,100,0.4
V06_noise_0.2,noise_0.2,independent_continuous,weighted,max_normalized_score_cutoff,0.5,0.5582766397456465,,25,75,0,0,100,0.4
V06_noise_0.2,noise_0.2,independent_continuous,weighted,max_normalized_score_cutoff,0.6,0.5582766397456465,,25,75,0,0,100,0.4
V06_noise_0.2,noise_0.2,independent_continuous,weighted,max_normalized_score_cutoff,0.7,0.5582766397456465,,25,75,0,0,100,0.4
V06_noise_0.2,noise_0.2,independent_continuous,weighted,max_normalized_score_cutoff,0.8,0.5582766397456465,,25,75,0,0,100,0.4
V06_noise_0.2,noise_0.2,independent_continuous,weighted,max_normalized_score_cutoff,0.9,0.5582766397456465,,25,75,0,0,100,0.4
V06_noise_0.2,noise_0.2,independent_continuous,weighted,top_fraction,0.1,0.5582766397456465,,10,0,15,75,10,0.5714285714285714
V06_noise_0.2,noise_0.2,independent_continuous,weighted,top_fraction,0.2,0.5582766397456465,,20,0,5,75,20,0.8888888888888888
V06_noise_0.2,noise_0.2,independent_continuous,weighted,top_fraction,0.28,0.5582766397456465,,25,3,0,72,28,0.9433962264150944
V06_noise_0.2,noise_0.2,independent_continuous,weighted,top_fraction,0.4,0.5582766397456465,,25,15,0,60,40,0.7692307692307693
V06_overlap_0.75,overlap_0.75,independent_categorical,weighted,direct_optimized_labels,,0.21484790367793788,0.21456074175626458,23,1,2,74,24,0.9387755102040817
V06_overlap_0.75,overlap_0.75,independent_categorical,binary_adaptive,direct_optimized_labels,,0.1496322833434422,0.14962972909075278,22,11,3,64,33,0.7586206896551724
V06_overlap_0.75,overlap_0.75,independent_continuous,weighted,max_normalized_score_cutoff,0.3,0.24370376677411024,,25,75,0,0,100,0.4
V06_overlap_0.75,overlap_0.75,independent_continuous,weighted,max_normalized_score_cutoff,0.4,0.24370376677411024,,25,75,0,0,100,0.4
V06_overlap_0.75,overlap_0.75,independent_continuous,weighted,max_normalized_score_cutoff,0.5,0.24370376677411024,,25,75,0,0,100,0.4
V06_overlap_0.75,overlap_0.75,independent_continuous,weighted,max_normalized_score_cutoff,0.6,0.24370376677411024,,25,75,0,0,100,0.4
V06_overlap_0.75,overlap_0.75,independent_continuous,weighted,max_normalized_score_cutoff,0.7,0.24370376677411024,,25,75,0,0,100,0.4
V06_overlap_0.75,overlap_0.75,independent_continuous,weighted,max_normalized_score_cutoff,0.8,0.24370376677411024,,25,75,0,0,100,0.4
V06_overlap_0.75,overlap_0.75,independent_continuous,weighted,max_normalized_score_cutoff,0.9,0.24370376677411024,,25,75,0,0,100,0.4
V06_overlap_0.75,overlap_0.75,independent_continuous,weighted,top_fraction,0.1,0.24370376677411024,,10,0,15,75,10,0.5714285714285714
V06_overlap_0.75,overlap_0.75,independent_continuous,weighted,top_fraction,0.2,0.24370376677411024,,20,0,5,75,20,0.8888888888888888
V06_overlap_0.75,overlap_0.75,independent_continuous,weighted,top_fraction,0.28,0.24370376677411024,,25,3,0,72,28,0.9433962264150944
V06_overlap_0.75,overlap_0.75,independent_continuous,weighted,top_fraction,0.4,0.24370376677411024,,25,15,0,60,40,0.7692307692307693
V07_baseline,baseline,independent_categorical,weighted,direct_optimized_labels,,0.8436043491660175,0.8243730394164731,24,0,0,76,24,1.0
V07_baseline,baseline,independent_categorical,binary_adaptive,direct_optimized_labels,,0.9251460406371258,0.9002797859712078,24,0,0,76,24,1.0
V07_baseline,baseline,independent_continuous,weighted,max_normalized_score_cutoff,0.3,0.8853556374991413,,24,76,0,0,100,0.3870967741935484
V07_baseline,baseline,independent_continuous,weighted,max_normalized_score_cutoff,0.4,0.8853556374991413,,24,76,0,0,100,0.3870967741935484
V07_baseline,baseline,independent_continuous,weighted,max_normalized_score_cutoff,0.5,0.8853556374991413,,24,76,0,0,100,0.3870967741935484
V07_baseline,baseline,independent_continuous,weighted,max_normalized_score_cutoff,0.6,0.8853556374991413,,24,76,0,0,100,0.3870967741935484
V07_baseline,baseline,independent_continuous,weighted,max_normalized_score_cutoff,0.7,0.8853556374991413,,24,76,0,0,100,0.3870967741935484
V07_baseline,baseline,independent_continuous,weighted,max_normalized_score_cutoff,0.8,0.8853556374991413,,24,76,0,0,100,0.3870967741935484
V07_baseline,baseline,independent_continuous,weighted,max_normalized_score_cutoff,0.9,0.8853556374991413,,24,76,0,0,100,0.3870967741935484
V07_baseline,baseline,independent_continuous,weighted,top_fraction,0.1,0.8853556374991413,,10,0,14,76,10,0.5882352941176471
V07_baseline,baseline,independent_continuous,weighted,top_fraction,0.2,0.8853556374991413,,20,0,4,76,20,0.9090909090909091
V07_baseline,baseline,independent_continuous,weighted,top_fraction,0.28,0.8853556374991413,,24,4,0,72,28,0.9230769230769231
V07_baseline,baseline,independent_continuous,weighted,top_fraction,0.4,0.8853556374991413,,24,16,0,60,40,0.75
V07_noise_0.1,noise_0.1,independent_categorical,weighted,direct_optimized_labels,,0.7220480786933998,0.7066187625109338,24,0,0,76,24,1.0
V07_noise_0.1,noise_0.1,independent_categorical,binary_adaptive,direct_optimized_labels,,0.6920503067419876,0.6766504033717462,24,0,0,76,24,1.0
V07_noise_0.1,noise_0.1,independent_continuous,weighted,max_normalized_score_cutoff,0.3,0.755872353944634,,24,76,0,0,100,0.3870967741935484
V07_noise_0.1,noise_0.1,independent_continuous,weighted,max_normalized_score_cutoff,0.4,0.755872353944634,,24,76,0,0,100,0.3870967741935484
V07_noise_0.1,noise_0.1,independent_continuous,weighted,max_normalized_score_cutoff,0.5,0.755872353944634,,24,76,0,0,100,0.3870967741935484
V07_noise_0.1,noise_0.1,independent_continuous,weighted,max_normalized_score_cutoff,0.6,0.755872353944634,,24,76,0,0,100,0.3870967741935484
V07_noise_0.1,noise_0.1,independent_continuous,weighted,max_normalized_score_cutoff,0.7,0.755872353944634,,24,76,0,0,100,0.3870967741935484
V07_noise_0.1,noise_0.1,independent_continuous,weighted,max_normalized_score_cutoff,0.8,0.755872353944634,,24,76,0,0,100,0.3870967741935484
V07_noise_0.1,noise_0.1,independent_continuous,weighted,max_normalized_score_cutoff,0.9,0.755872353944634,,24,76,0,0,100,0.3870967741935484
V07_noise_0.1,noise_0.1,independent_continuous,weighted,top_fraction,0.1,0.755872353944634,,10,0,14,76,10,0.5882352941176471
V07_noise_0.1,noise_0.1,independent_continuous,weighted,top_fraction,0.2,0.755872353944634,,20,0,4,76,20,0.9090909090909091
V07_noise_0.1,noise_0.1,independent_continuous,weighted,top_fraction,0.28,0.755872353944634,,24,4,0,72,28,0.9230769230769231
V07_noise_0.1,noise_0.1,independent_continuous,weighted,top_fraction,0.4,0.755872353944634,,24,16,0,60,40,0.75
V07_noise_0.2,noise_0.2,independent_categorical,weighted,direct_optimized_labels,,0.5370726274478007,0.5289278857335327,24,0,0,76,24,1.0
V07_noise_0.2,noise_0.2,independent_categorical,binary_adaptive,direct_optimized_labels,,0.4652188227683856,0.45829254023073485,24,0,0,76,24,1.0
V07_noise_0.2,noise_0.2,independent_continuous,weighted,max_normalized_score_cutoff,0.3,0.5645670502714464,,24,76,0,0,100,0.3870967741935484
V07_noise_0.2,noise_0.2,independent_continuous,weighted,max_normalized_score_cutoff,0.4,0.5645670502714464,,24,76,0,0,100,0.3870967741935484
V07_noise_0.2,noise_0.2,independent_continuous,weighted,max_normalized_score_cutoff,0.5,0.5645670502714464,,24,76,0,0,100,0.3870967741935484
V07_noise_0.2,noise_0.2,independent_continuous,weighted,max_normalized_score_cutoff,0.6,0.5645670502714464,,24,76,0,0,100,0.3870967741935484
V07_noise_0.2,noise_0.2,independent_continuous,weighted,max_normalized_score_cutoff,0.7,0.5645670502714464,,24,76,0,0,100,0.3870967741935484
V07_noise_0.2,noise_0.2,independent_continuous,weighted,max_normalized_score_cutoff,0.8,0.5645670502714464,,24,76,0,0,100,0.3870967741935484
V07_noise_0.2,noise_0.2,independent_continuous,weighted,max_normalized_score_cutoff,0.9,0.5645670502714464,,24,76,0,0,100,0.3870967741935484
V07_noise_0.2,noise_0.2,independent_continuous,weighted,top_fraction,0.1,0.5645670502714464,,10,0,14,76,10,0.5882352941176471
V07_noise_0.2,noise_0.2,independent_continuous,weighted,top_fraction,0.2,0.5645670502714464,,20,0,4,76,20,0.9090909090909091
V07_noise_0.2,noise_0.2,independent_continuous,weighted,top_fraction,0.28,0.5645670502714464,,24,4,0,72,28,0.9230769230769231
V07_noise_0.2,noise_0.2,independent_continuous,weighted,top_fraction,0.4,0.5645670502714464,,24,16,0,60,40,0.75
V07_overlap_0.75,overlap_0.75,independent_categorical,weighted,direct_optimized_labels,,0.23411484701054777,0.23372803652426685,23,1,1,75,24,0.9583333333333334
V07_overlap_0.75,overlap_0.75,independent_categorical,binary_adaptive,direct_optimized_labels,,0.16428892696491654,0.16428604802818722,21,6,3,70,27,0.8235294117647058
V07_overlap_0.75,overlap_0.75,independent_continuous,weighted,max_normalized_score_cutoff,0.3,0.26743654688281493,,24,76,0,0,100,0.3870967741935484
V07_overlap_0.75,overlap_0.75,independent_continuous,weighted,max_normalized_score_cutoff,0.4,0.26743654688281493,,24,76,0,0,100,0.3870967741935484
V07_overlap_0.75,overlap_0.75,independent_continuous,weighted,max_normalized_score_cutoff,0.5,0.26743654688281493,,24,76,0,0,100,0.3870967741935484
V07_overlap_0.75,overlap_0.75,independent_continuous,weighted,max_normalized_score_cutoff,0.6,0.26743654688281493,,24,76,0,0,100,0.3870967741935484
V07_overlap_0.75,overlap_0.75,independent_continuous,weighted,max_normalized_score_cutoff,0.7,0.26743654688281493,,24,76,0,0,100,0.3870967741935484
V07_overlap_0.75,overlap_0.75,independent_continuous,weighted,max_normalized_score_cutoff,0.8,0.26743654688281493,,24,76,0,0,100,0.3870967741935484
V07_overlap_0.75,overlap_0.75,independent_continuous,weighted,max_normalized_score_cutoff,0.9,0.26743654688281493,,24,76,0,0,100,0.3870967741935484
V07_overlap_0.75,overlap_0.75,independent_continuous,weighted,top_fraction,0.1,0.26743654688281493,,10,0,14,76,10,0.5882352941176471
V07_overlap_0.75,overlap_0.75,independent_continuous,weighted,top_fraction,0.2,0.26743654688281493,,20,0,4,76,20,0.9090909090909091
V07_overlap_0.75,overlap_0.75,independent_continuous,weighted,top_fraction,0.28,0.26743654688281493,,24,4,0,72,28,0.9230769230769231
V07_overlap_0.75,overlap_0.75,independent_continuous,weighted,top_fraction,0.4,0.26743654688281493,,24,16,0,60,40,0.75
V08_baseline,baseline,independent_categorical,weighted,direct_optimized_labels,,0.8449760568281496,0.8282730360977479,26,0,0,74,26,1.0
V08_baseline,baseline,independent_categorical,binary_adaptive,direct_optimized_labels,,0.9202746243012652,0.8969808257948145,26,0,0,74,26,1.0
V08_baseline,baseline,independent_continuous,weighted,max_normalized_score_cutoff,0.3,0.8934306774331522,,26,74,0,0,100,0.4126984126984127
V08_baseline,baseline,independent_continuous,weighted,max_normalized_score_cutoff,0.4,0.8934306774331522,,26,74,0,0,100,0.4126984126984127
V08_baseline,baseline,independent_continuous,weighted,max_normalized_score_cutoff,0.5,0.8934306774331522,,26,74,0,0,100,0.4126984126984127
V08_baseline,baseline,independent_continuous,weighted,max_normalized_score_cutoff,0.6,0.8934306774331522,,26,74,0,0,100,0.4126984126984127
V08_baseline,baseline,independent_continuous,weighted,max_normalized_score_cutoff,0.7,0.8934306774331522,,26,74,0,0,100,0.4126984126984127
V08_baseline,baseline,independent_continuous,weighted,max_normalized_score_cutoff,0.8,0.8934306774331522,,26,74,0,0,100,0.4126984126984127
V08_baseline,baseline,independent_continuous,weighted,max_normalized_score_cutoff,0.9,0.8934306774331522,,26,74,0,0,100,0.4126984126984127
V08_baseline,baseline,independent_continuous,weighted,top_fraction,0.1,0.8934306774331522,,10,0,16,74,10,0.5555555555555556
V08_baseline,baseline,independent_continuous,weighted,top_fraction,0.2,0.8934306774331522,,20,0,6,74,20,0.8695652173913043
V08_baseline,baseline,independent_continuous,weighted,top_fraction,0.28,0.8934306774331522,,26,2,0,72,28,0.9629629629629629
V08_baseline,baseline,independent_continuous,weighted,top_fraction,0.4,0.8934306774331522,,26,14,0,60,40,0.7878787878787878
V08_noise_0.1,noise_0.1,independent_categorical,weighted,direct_optimized_labels,,0.7276532182097184,0.7168607669857741,26,0,0,74,26,1.0
V08_noise_0.1,noise_0.1,independent_categorical,binary_adaptive,direct_optimized_labels,,0.6982281167250709,0.6839278548188367,26,0,0,74,26,1.0
V08_noise_0.1,noise_0.1,independent_continuous,weighted,max_normalized_score_cutoff,0.3,0.7687698871073028,,26,74,0,0,100,0.4126984126984127
V08_noise_0.1,noise_0.1,independent_continuous,weighted,max_normalized_score_cutoff,0.4,0.7687698871073028,,26,74,0,0,100,0.4126984126984127
V08_noise_0.1,noise_0.1,independent_continuous,weighted,max_normalized_score_cutoff,0.5,0.7687698871073028,,26,74,0,0,100,0.4126984126984127
V08_noise_0.1,noise_0.1,independent_continuous,weighted,max_normalized_score_cutoff,0.6,0.7687698871073028,,26,74,0,0,100,0.4126984126984127
V08_noise_0.1,noise_0.1,independent_continuous,weighted,max_normalized_score_cutoff,0.7,0.7687698871073028,,26,74,0,0,100,0.4126984126984127
V08_noise_0.1,noise_0.1,independent_continuous,weighted,max_normalized_score_cutoff,0.8,0.7687698871073028,,26,74,0,0,100,0.4126984126984127
V08_noise_0.1,noise_0.1,independent_continuous,weighted,max_normalized_score_cutoff,0.9,0.7687698871073028,,26,74,0,0,100,0.4126984126984127
V08_noise_0.1,noise_0.1,independent_continuous,weighted,top_fraction,0.1,0.7687698871073028,,10,0,16,74,10,0.5555555555555556
V08_noise_0.1,noise_0.1,independent_continuous,weighted,top_fraction,0.2,0.7687698871073028,,20,0,6,74,20,0.8695652173913043
V08_noise_0.1,noise_0.1,independent_continuous,weighted,top_fraction,0.28,0.7687698871073028,,26,2,0,72,28,0.9629629629629629
V08_noise_0.1,noise_0.1,independent_continuous,weighted,top_fraction,0.4,0.7687698871073028,,26,14,0,60,40,0.7878787878787878
V08_noise_0.2,noise_0.2,independent_categorical,weighted,direct_optimized_labels,,0.5445367179124936,0.5388544855381274,26,0,0,74,26,1.0
V08_noise_0.2,noise_0.2,independent_categorical,binary_adaptive,direct_optimized_labels,,0.46723664954031224,0.4615201871820248,26,0,0,74,26,1.0
V08_noise_0.2,noise_0.2,independent_continuous,weighted,max_normalized_score_cutoff,0.3,0.5774843731824849,,26,74,0,0,100,0.4126984126984127
V08_noise_0.2,noise_0.2,independent_continuous,weighted,max_normalized_score_cutoff,0.4,0.5774843731824849,,26,74,0,0,100,0.4126984126984127
V08_noise_0.2,noise_0.2,independent_continuous,weighted,max_normalized_score_cutoff,0.5,0.5774843731824849,,26,74,0,0,100,0.4126984126984127
V08_noise_0.2,noise_0.2,independent_continuous,weighted,max_normalized_score_cutoff,0.6,0.5774843731824849,,26,74,0,0,100,0.4126984126984127
V08_noise_0.2,noise_0.2,independent_continuous,weighted,max_normalized_score_cutoff,0.7,0.5774843731824849,,26,74,0,0,100,0.4126984126984127
V08_noise_0.2,noise_0.2,independent_continuous,weighted,max_normalized_score_cutoff,0.8,0.5774843731824849,,26,74,0,0,100,0.4126984126984127
V08_noise_0.2,noise_0.2,independent_continuous,weighted,max_normalized_score_cutoff,0.9,0.5774843731824849,,26,74,0,0,100,0.4126984126984127
V08_noise_0.2,noise_0.2,independent_continuous,weighted,top_fraction,0.1,0.5774843731824849,,10,0,16,74,10,0.5555555555555556
V08_noise_0.2,noise_0.2,independent_continuous,weighted,top_fraction,0.2,0.5774843731824849,,20,0,6,74,20,0.8695652173913043
V08_noise_0.2,noise_0.2,independent_continuous,weighted,top_fraction,0.28,0.5774843731824849,,26,2,0,72,28,0.9629629629629629
V08_noise_0.2,noise_0.2,independent_continuous,weighted,top_fraction,0.4,0.5774843731824849,,26,14,0,60,40,0.7878787878787878
V08_overlap_0.75,overlap_0.75,independent_categorical,weighted,direct_optimized_labels,,0.2371784404995455,0.2369516831222468,24,1,2,73,25,0.9411764705882353
V08_overlap_0.75,overlap_0.75,independent_categorical,binary_adaptive,direct_optimized_labels,,0.1522552866183727,0.1517609862159057,24,25,2,49,49,0.64
V08_overlap_0.75,overlap_0.75,independent_continuous,weighted,max_normalized_score_cutoff,0.3,0.27699599454312973,,26,74,0,0,100,0.4126984126984127
V08_overlap_0.75,overlap_0.75,independent_continuous,weighted,max_normalized_score_cutoff,0.4,0.27699599454312973,,26,74,0,0,100,0.4126984126984127
V08_overlap_0.75,overlap_0.75,independent_continuous,weighted,max_normalized_score_cutoff,0.5,0.27699599454312973,,26,74,0,0,100,0.4126984126984127
V08_overlap_0.75,overlap_0.75,independent_continuous,weighted,max_normalized_score_cutoff,0.6,0.27699599454312973,,26,74,0,0,100,0.4126984126984127
V08_overlap_0.75,overlap_0.75,independent_continuous,weighted,max_normalized_score_cutoff,0.7,0.27699599454312973,,26,74,0,0,100,0.4126984126984127
V08_overlap_0.75,overlap_0.75,independent_continuous,weighted,max_normalized_score_cutoff,0.8,0.27699599454312973,,26,74,0,0,100,0.4126984126984127
V08_overlap_0.75,overlap_0.75,independent_continuous,weighted,max_normalized_score_cutoff,0.9,0.27699599454312973,,26,74,0,0,100,0.4126984126984127
V08_overlap_0.75,overlap_0.75,independent_continuous,weighted,top_fraction,0.1,0.27699599454312973,,10,0,16,74,10,0.5555555555555556
V08_overlap_0.75,overlap_0.75,independent_continuous,weighted,top_fraction,0.2,0.27699599454312973,,20,0,6,74,20,0.8695652173913043
V08_overlap_0.75,overlap_0.75,independent_continuous,weighted,top_fraction,0.28,0.27699599454312973,,26,2,0,72,28,0.9629629629629629
V08_overlap_0.75,overlap_0.75,independent_continuous,weighted,top_fraction,0.4,0.27699599454312973,,26,14,0,60,40,0.7878787878787878
V09_baseline,baseline,independent_categorical,weighted,direct_optimized_labels,,0.8423239984170606,0.8250098779680854,27,0,0,73,27,1.0
V09_baseline,baseline,independent_categorical,binary_adaptive,direct_optimized_labels,,0.932037563632,0.9102930120547353,27,0,0,73,27,1.0
V09_baseline,baseline,independent_continuous,weighted,max_normalized_score_cutoff,0.3,0.893989121336019,,27,73,0,0,100,0.4251968503937008
V09_baseline,baseline,independent_continuous,weighted,max_normalized_score_cutoff,0.4,0.893989121336019,,27,73,0,0,100,0.4251968503937008
V09_baseline,baseline,independent_continuous,weighted,max_normalized_score_cutoff,0.5,0.893989121336019,,27,73,0,0,100,0.4251968503937008
V09_baseline,baseline,independent_continuous,weighted,max_normalized_score_cutoff,0.6,0.893989121336019,,27,73,0,0,100,0.4251968503937008
V09_baseline,baseline,independent_continuous,weighted,max_normalized_score_cutoff,0.7,0.893989121336019,,27,73,0,0,100,0.4251968503937008
V09_baseline,baseline,independent_continuous,weighted,max_normalized_score_cutoff,0.8,0.893989121336019,,27,73,0,0,100,0.4251968503937008
V09_baseline,baseline,independent_continuous,weighted,max_normalized_score_cutoff,0.9,0.893989121336019,,27,73,0,0,100,0.4251968503937008
V09_baseline,baseline,independent_continuous,weighted,top_fraction,0.1,0.893989121336019,,10,0,17,73,10,0.5405405405405406
V09_baseline,baseline,independent_continuous,weighted,top_fraction,0.2,0.893989121336019,,20,0,7,73,20,0.851063829787234
V09_baseline,baseline,independent_continuous,weighted,top_fraction,0.28,0.893989121336019,,27,1,0,72,28,0.9818181818181818
V09_baseline,baseline,independent_continuous,weighted,top_fraction,0.4,0.893989121336019,,27,13,0,60,40,0.8059701492537313
V09_noise_0.1,noise_0.1,independent_categorical,weighted,direct_optimized_labels,,0.730542849592112,0.7182032889873545,27,0,0,73,27,1.0
V09_noise_0.1,noise_0.1,independent_categorical,binary_adaptive,direct_optimized_labels,,0.7064231068843377,0.6909530250258062,27,0,0,73,27,1.0
V09_noise_0.1,noise_0.1,independent_continuous,weighted,max_normalized_score_cutoff,0.3,0.7724472215977901,,27,73,0,0,100,0.4251968503937008
V09_noise_0.1,noise_0.1,independent_continuous,weighted,max_normalized_score_cutoff,0.4,0.7724472215977901,,27,73,0,0,100,0.4251968503937008
V09_noise_0.1,noise_0.1,independent_continuous,weighted,max_normalized_score_cutoff,0.5,0.7724472215977901,,27,73,0,0,100,0.4251968503937008
V09_noise_0.1,noise_0.1,independent_continuous,weighted,max_normalized_score_cutoff,0.6,0.7724472215977901,,27,73,0,0,100,0.4251968503937008
V09_noise_0.1,noise_0.1,independent_continuous,weighted,max_normalized_score_cutoff,0.7,0.7724472215977901,,27,73,0,0,100,0.4251968503937008
V09_noise_0.1,noise_0.1,independent_continuous,weighted,max_normalized_score_cutoff,0.8,0.7724472215977901,,27,73,0,0,100,0.4251968503937008
V09_noise_0.1,noise_0.1,independent_continuous,weighted,max_normalized_score_cutoff,0.9,0.7724472215977901,,27,73,0,0,100,0.4251968503937008
V09_noise_0.1,noise_0.1,independent_continuous,weighted,top_fraction,0.1,0.7724472215977901,,10,0,17,73,10,0.5405405405405406
V09_noise_0.1,noise_0.1,independent_continuous,weighted,top_fraction,0.2,0.7724472215977901,,20,0,7,73,20,0.851063829787234
V09_noise_0.1,noise_0.1,independent_continuous,weighted,top_fraction,0.28,0.7724472215977901,,27,1,0,72,28,0.9818181818181818
V09_noise_0.1,noise_0.1,independent_continuous,weighted,top_fraction,0.4,0.7724472215977901,,27,13,0,60,40,0.8059701492537313
V09_noise_0.2,noise_0.2,independent_categorical,weighted,direct_optimized_labels,,0.549046652023189,0.5423085730151582,27,0,0,73,27,1.0
V09_noise_0.2,noise_0.2,independent_categorical,binary_adaptive,direct_optimized_labels,,0.48779747351942404,0.48190216412444076,27,0,0,73,27,1.0
V09_noise_0.2,noise_0.2,independent_continuous,weighted,max_normalized_score_cutoff,0.3,0.5809052658301526,,27,73,0,0,100,0.4251968503937008
V09_noise_0.2,noise_0.2,independent_continuous,weighted,max_normalized_score_cutoff,0.4,0.5809052658301526,,27,73,0,0,100,0.4251968503937008
V09_noise_0.2,noise_0.2,independent_continuous,weighted,max_normalized_score_cutoff,0.5,0.5809052658301526,,27,73,0,0,100,0.4251968503937008
V09_noise_0.2,noise_0.2,independent_continuous,weighted,max_normalized_score_cutoff,0.6,0.5809052658301526,,27,73,0,0,100,0.4251968503937008
V09_noise_0.2,noise_0.2,independent_continuous,weighted,max_normalized_score_cutoff,0.7,0.5809052658301526,,27,73,0,0,100,0.4251968503937008
V09_noise_0.2,noise_0.2,independent_continuous,weighted,max_normalized_score_cutoff,0.8,0.5809052658301526,,27,73,0,0,100,0.4251968503937008
V09_noise_0.2,noise_0.2,independent_continuous,weighted,max_normalized_score_cutoff,0.9,0.5809052658301526,,27,73,0,0,100,0.4251968503937008
V09_noise_0.2,noise_0.2,independent_continuous,weighted,top_fraction,0.1,0.5809052658301526,,10,0,17,73,10,0.5405405405405406
V09_noise_0.2,noise_0.2,independent_continuous,weighted,top_fraction,0.2,0.5809052658301526,,20,0,7,73,20,0.851063829787234
V09_noise_0.2,noise_0.2,independent_continuous,weighted,top_fraction,0.28,0.5809052658301526,,27,1,0,72,28,0.9818181818181818
V09_noise_0.2,noise_0.2,independent_continuous,weighted,top_fraction,0.4,0.5809052658301526,,27,13,0,60,40,0.8059701492537313
V09_overlap_0.75,overlap_0.75,independent_categorical,weighted,direct_optimized_labels,,0.23275847446993062,0.23232816021187472,26,3,1,70,29,0.9285714285714286
V09_overlap_0.75,overlap_0.75,independent_categorical,binary_adaptive,direct_optimized_labels,,0.16807420136977902,0.1680542618447025,22,19,5,54,41,0.6470588235294118
V09_overlap_0.75,overlap_0.75,independent_continuous,weighted,max_normalized_score_cutoff,0.3,0.27665997829597616,,27,73,0,0,100,0.4251968503937008
V09_overlap_0.75,overlap_0.75,independent_continuous,weighted,max_normalized_score_cutoff,0.4,0.27665997829597616,,27,73,0,0,100,0.4251968503937008
V09_overlap_0.75,overlap_0.75,independent_continuous,weighted,max_normalized_score_cutoff,0.5,0.27665997829597616,,27,73,0,0,100,0.4251968503937008
V09_overlap_0.75,overlap_0.75,independent_continuous,weighted,max_normalized_score_cutoff,0.6,0.27665997829597616,,27,73,0,0,100,0.4251968503937008
V09_overlap_0.75,overlap_0.75,independent_continuous,weighted,max_normalized_score_cutoff,0.7,0.27665997829597616,,27,73,0,0,100,0.4251968503937008
V09_overlap_0.75,overlap_0.75,independent_continuous,weighted,max_normalized_score_cutoff,0.8,0.27665997829597616,,27,73,0,0,100,0.4251968503937008
V09_overlap_0.75,overlap_0.75,independent_continuous,weighted,max_normalized_score_cutoff,0.9,0.27665997829597616,,27,73,0,0,100,0.4251968503937008
V09_overlap_0.75,overlap_0.75,independent_continuous,weighted,top_fraction,0.1,0.27665997829597616,,10,0,17,73,10,0.5405405405405406
V09_overlap_0.75,overlap_0.75,independent_continuous,weighted,top_fraction,0.2,0.27665997829597616,,20,0,7,73,20,0.851063829787234
V09_overlap_0.75,overlap_0.75,independent_continuous,weighted,top_fraction,0.28,0.27665997829597616,,26,2,1,71,28,0.9454545454545454
V09_overlap_0.75,overlap_0.75,independent_continuous,weighted,top_fraction,0.4,0.27665997829597616,,27,13,0,60,40,0.8059701492537313
V10_baseline,baseline,independent_categorical,weighted,direct_optimized_labels,,0.8433510927515528,0.827737443899811,28,0,0,72,28,1.0
V10_baseline,baseline,independent_categorical,binary_adaptive,direct_optimized_labels,,0.9369986279121447,0.9141510836529813,28,0,0,72,28,1.0
V10_baseline,baseline,independent_continuous,weighted,max_normalized_score_cutoff,0.3,0.8981517371847589,,28,72,0,0,100,0.4375
V10_baseline,baseline,independent_continuous,weighted,max_normalized_score_cutoff,0.4,0.8981517371847589,,28,72,0,0,100,0.4375
V10_baseline,baseline,independent_continuous,weighted,max_normalized_score_cutoff,0.5,0.8981517371847589,,28,72,0,0,100,0.4375
V10_baseline,baseline,independent_continuous,weighted,max_normalized_score_cutoff,0.6,0.8981517371847589,,28,72,0,0,100,0.4375
V10_baseline,baseline,independent_continuous,weighted,max_normalized_score_cutoff,0.7,0.8981517371847589,,28,72,0,0,100,0.4375
V10_baseline,baseline,independent_continuous,weighted,max_normalized_score_cutoff,0.8,0.8981517371847589,,28,72,0,0,100,0.4375
V10_baseline,baseline,independent_continuous,weighted,max_normalized_score_cutoff,0.9,0.8981517371847589,,28,72,0,0,100,0.4375
V10_baseline,baseline,independent_continuous,weighted,top_fraction,0.1,0.8981517371847589,,10,0,18,72,10,0.5263157894736842
V10_baseline,baseline,independent_continuous,weighted,top_fraction,0.2,0.8981517371847589,,20,0,8,72,20,0.8333333333333334
V10_baseline,baseline,independent_continuous,weighted,top_fraction,0.28,0.8981517371847589,,28,0,0,72,28,1.0
V10_baseline,baseline,independent_continuous,weighted,top_fraction,0.4,0.8981517371847589,,28,12,0,60,40,0.8235294117647058
V10_noise_0.1,noise_0.1,independent_categorical,weighted,direct_optimized_labels,,0.7335599400299778,0.7216356524864356,28,0,0,72,28,1.0
V10_noise_0.1,noise_0.1,independent_categorical,binary_adaptive,direct_optimized_labels,,0.7160628766389496,0.7033929069788537,28,0,0,72,28,1.0
V10_noise_0.1,noise_0.1,independent_continuous,weighted,max_normalized_score_cutoff,0.3,0.7773043296951071,,28,72,0,0,100,0.4375
V10_noise_0.1,noise_0.1,independent_continuous,weighted,max_normalized_score_cutoff,0.4,0.7773043296951071,,28,72,0,0,100,0.4375
V10_noise_0.1,noise_0.1,independent_continuous,weighted,max_normalized_score_cutoff,0.5,0.7773043296951071,,28,72,0,0,100,0.4375
V10_noise_0.1,noise_0.1,independent_continuous,weighted,max_normalized_score_cutoff,0.6,0.7773043296951071,,28,72,0,0,100,0.4375
V10_noise_0.1,noise_0.1,independent_continuous,weighted,max_normalized_score_cutoff,0.7,0.7773043296951071,,28,72,0,0,100,0.4375
V10_noise_0.1,noise_0.1,independent_continuous,weighted,max_normalized_score_cutoff,0.8,0.7773043296951071,,28,72,0,0,100,0.4375
V10_noise_0.1,noise_0.1,independent_continuous,weighted,max_normalized_score_cutoff,0.9,0.7773043296951071,,28,72,0,0,100,0.4375
V10_noise_0.1,noise_0.1,independent_continuous,weighted,top_fraction,0.1,0.7773043296951071,,10,0,18,72,10,0.5263157894736842
V10_noise_0.1,noise_0.1,independent_continuous,weighted,top_fraction,0.2,0.7773043296951071,,20,0,8,72,20,0.8333333333333334
V10_noise_0.1,noise_0.1,independent_continuous,weighted,top_fraction,0.28,0.7773043296951071,,28,0,0,72,28,1.0
V10_noise_0.1,noise_0.1,independent_continuous,weighted,top_fraction,0.4,0.7773043296951071,,28,12,0,60,40,0.8235294117647058
V10_noise_0.2,noise_0.2,independent_categorical,weighted,direct_optimized_labels,,0.5568252467358655,0.5498847042625554,28,0,0,72,28,1.0
V10_noise_0.2,noise_0.2,independent_categorical,binary_adaptive,direct_optimized_labels,,0.49323805883862837,0.4894254368636829,28,0,0,72,28,1.0
V10_noise_0.2,noise_0.2,independent_continuous,weighted,max_normalized_score_cutoff,0.3,0.5898548677989042,,28,72,0,0,100,0.4375
V10_noise_0.2,noise_0.2,independent_continuous,weighted,max_normalized_score_cutoff,0.4,0.5898548677989042,,28,72,0,0,100,0.4375
V10_noise_0.2,noise_0.2,independent_continuous,weighted,max_normalized_score_cutoff,0.5,0.5898548677989042,,28,72,0,0,100,0.4375
V10_noise_0.2,noise_0.2,independent_continuous,weighted,max_normalized_score_cutoff,0.6,0.5898548677989042,,28,72,0,0,100,0.4375
V10_noise_0.2,noise_0.2,independent_continuous,weighted,max_normalized_score_cutoff,0.7,0.5898548677989042,,28,72,0,0,100,0.4375
V10_noise_0.2,noise_0.2,independent_continuous,weighted,max_normalized_score_cutoff,0.8,0.5898548677989042,,28,72,0,0,100,0.4375
V10_noise_0.2,noise_0.2,independent_continuous,weighted,max_normalized_score_cutoff,0.9,0.5898548677989042,,28,72,0,0,100,0.4375
V10_noise_0.2,noise_0.2,independent_continuous,weighted,top_fraction,0.1,0.5898548677989042,,10,0,18,72,10,0.5263157894736842
V10_noise_0.2,noise_0.2,independent_continuous,weighted,top_fraction,0.2,0.5898548677989042,,20,0,8,72,20,0.8333333333333334
V10_noise_0.2,noise_0.2,independent_continuous,weighted,top_fraction,0.28,0.5898548677989042,,28,0,0,72,28,1.0
V10_noise_0.2,noise_0.2,independent_continuous,weighted,top_fraction,0.4,0.5898548677989042,,28,12,0,60,40,0.8235294117647058
V10_overlap_0.75,overlap_0.75,independent_categorical,weighted,direct_optimized_labels,,0.22528774496232684,0.22463048418388978,25,1,3,71,26,0.9259259259259259
V10_overlap_0.75,overlap_0.75,independent_categorical,binary_adaptive,direct_optimized_labels,,0.15647512563488755,0.15642423931705005,20,14,8,58,34,0.6451612903225806
V10_overlap_0.75,overlap_0.75,independent_continuous,weighted,max_normalized_score_cutoff,0.3,0.2706773194448146,,28,72,0,0,100,0.4375
V10_overlap_0.75,overlap_0.75,independent_continuous,weighted,max_normalized_score_cutoff,0.4,0.2706773194448146,,28,72,0,0,100,0.4375
V10_overlap_0.75,overlap_0.75,independent_continuous,weighted,max_normalized_score_cutoff,0.5,0.2706773194448146,,28,72,0,0,100,0.4375
V10_overlap_0.75,overlap_0.75,independent_continuous,weighted,max_normalized_score_cutoff,0.6,0.2706773194448146,,28,72,0,0,100,0.4375
V10_overlap_0.75,overlap_0.75,independent_continuous,weighted,max_normalized_score_cutoff,0.7,0.2706773194448146,,28,72,0,0,100,0.4375
V10_overlap_0.75,overlap_0.75,independent_continuous,weighted,max_normalized_score_cutoff,0.8,0.2706773194448146,,28,72,0,0,100,0.4375
V10_overlap_0.75,overlap_0.75,independent_continuous,weighted,max_normalized_score_cutoff,0.9,0.2706773194448146,,28,72,0,0,100,0.4375
V10_overlap_0.75,overlap_0.75,independent_continuous,weighted,top_fraction,0.1,0.2706773194448146,,10,0,18,72,10,0.5263157894736842
V10_overlap_0.75,overlap_0.75,independent_continuous,weighted,top_fraction,0.2,0.2706773194448146,,20,0,8,72,20,0.8333333333333334
V10_overlap_0.75,overlap_0.75,independent_continuous,weighted,top_fraction,0.28,0.2706773194448146,,26,2,2,70,28,0.9285714285714286
V10_overlap_0.75,overlap_0.75,independent_continuous,weighted,top_fraction,0.4,0.2706773194448146,,28,12,0,60,40,0.8235294117647058
V11_baseline,baseline,independent_categorical,weighted,direct_optimized_labels,,0.8454615050271641,0.8291415112103966,28,0,0,72,28,1.0
V11_baseline,baseline,independent_categorical,binary_adaptive,direct_optimized_labels,,0.9515050442767097,0.929098822178387,28,0,0,72,28,1.0
V11_baseline,baseline,independent_continuous,weighted,max_normalized_score_cutoff,0.3,0.8968760028411931,,28,72,0,0,100,0.4375
V11_baseline,baseline,independent_continuous,weighted,max_normalized_score_cutoff,0.4,0.8968760028411931,,28,72,0,0,100,0.4375
V11_baseline,baseline,independent_continuous,weighted,max_normalized_score_cutoff,0.5,0.8968760028411931,,28,72,0,0,100,0.4375
V11_baseline,baseline,independent_continuous,weighted,max_normalized_score_cutoff,0.6,0.8968760028411931,,28,72,0,0,100,0.4375
V11_baseline,baseline,independent_continuous,weighted,max_normalized_score_cutoff,0.7,0.8968760028411931,,28,72,0,0,100,0.4375
V11_baseline,baseline,independent_continuous,weighted,max_normalized_score_cutoff,0.8,0.8968760028411931,,28,72,0,0,100,0.4375
V11_baseline,baseline,independent_continuous,weighted,max_normalized_score_cutoff,0.9,0.8968760028411931,,28,72,0,0,100,0.4375
V11_baseline,baseline,independent_continuous,weighted,top_fraction,0.1,0.8968760028411931,,10,0,18,72,10,0.5263157894736842
V11_baseline,baseline,independent_continuous,weighted,top_fraction,0.2,0.8968760028411931,,20,0,8,72,20,0.8333333333333334
V11_baseline,baseline,independent_continuous,weighted,top_fraction,0.28,0.8968760028411931,,28,0,0,72,28,1.0
V11_baseline,baseline,independent_continuous,weighted,top_fraction,0.4,0.8968760028411931,,28,12,0,60,40,0.8235294117647058
V11_noise_0.1,noise_0.1,independent_categorical,weighted,direct_optimized_labels,,0.730571637608277,0.7191865091049461,28,0,0,72,28,1.0
V11_noise_0.1,noise_0.1,independent_categorical,binary_adaptive,direct_optimized_labels,,0.7094923374202592,0.6946862594269916,28,0,0,72,28,1.0
V11_noise_0.1,noise_0.1,independent_continuous,weighted,max_normalized_score_cutoff,0.3,0.7748159523217434,,28,72,0,0,100,0.4375
V11_noise_0.1,noise_0.1,independent_continuous,weighted,max_normalized_score_cutoff,0.4,0.7748159523217434,,28,72,0,0,100,0.4375
V11_noise_0.1,noise_0.1,independent_continuous,weighted,max_normalized_score_cutoff,0.5,0.7748159523217434,,28,72,0,0,100,0.4375
V11_noise_0.1,noise_0.1,independent_continuous,weighted,max_normalized_score_cutoff,0.6,0.7748159523217434,,28,72,0,0,100,0.4375
V11_noise_0.1,noise_0.1,independent_continuous,weighted,max_normalized_score_cutoff,0.7,0.7748159523217434,,28,72,0,0,100,0.4375
V11_noise_0.1,noise_0.1,independent_continuous,weighted,max_normalized_score_cutoff,0.8,0.7748159523217434,,28,72,0,0,100,0.4375
V11_noise_0.1,noise_0.1,independent_continuous,weighted,max_normalized_score_cutoff,0.9,0.7748159523217434,,28,72,0,0,100,0.4375
V11_noise_0.1,noise_0.1,independent_continuous,weighted,top_fraction,0.1,0.7748159523217434,,10,0,18,72,10,0.5263157894736842
V11_noise_0.1,noise_0.1,independent_continuous,weighted,top_fraction,0.2,0.7748159523217434,,20,0,8,72,20,0.8333333333333334
V11_noise_0.1,noise_0.1,independent_continuous,weighted,top_fraction,0.28,0.7748159523217434,,28,0,0,72,28,1.0
V11_noise_0.1,noise_0.1,independent_continuous,weighted,top_fraction,0.4,0.7748159523217434,,28,12,0,60,40,0.8235294117647058
V11_noise_0.2,noise_0.2,independent_categorical,weighted,direct_optimized_labels,,0.5459853659932702,0.540645829275978,28,0,0,72,28,1.0
V11_noise_0.2,noise_0.2,independent_categorical,binary_adaptive,direct_optimized_labels,,0.4690094693348469,0.46410695786825423,28,0,0,72,28,1.0
V11_noise_0.2,noise_0.2,independent_continuous,weighted,max_normalized_score_cutoff,0.3,0.580775357000046,,28,72,0,0,100,0.4375
V11_noise_0.2,noise_0.2,independent_continuous,weighted,max_normalized_score_cutoff,0.4,0.580775357000046,,28,72,0,0,100,0.4375
V11_noise_0.2,noise_0.2,independent_continuous,weighted,max_normalized_score_cutoff,0.5,0.580775357000046,,28,72,0,0,100,0.4375
V11_noise_0.2,noise_0.2,independent_continuous,weighted,max_normalized_score_cutoff,0.6,0.580775357000046,,28,72,0,0,100,0.4375
V11_noise_0.2,noise_0.2,independent_continuous,weighted,max_normalized_score_cutoff,0.7,0.580775357000046,,28,72,0,0,100,0.4375
V11_noise_0.2,noise_0.2,independent_continuous,weighted,max_normalized_score_cutoff,0.8,0.580775357000046,,28,72,0,0,100,0.4375
V11_noise_0.2,noise_0.2,independent_continuous,weighted,max_normalized_score_cutoff,0.9,0.580775357000046,,28,72,0,0,100,0.4375
V11_noise_0.2,noise_0.2,independent_continuous,weighted,top_fraction,0.1,0.580775357000046,,10,0,18,72,10,0.5263157894736842
V11_noise_0.2,noise_0.2,independent_continuous,weighted,top_fraction,0.2,0.580775357000046,,20,0,8,72,20,0.8333333333333334
V11_noise_0.2,noise_0.2,independent_continuous,weighted,top_fraction,0.28,0.580775357000046,,28,0,0,72,28,1.0
V11_noise_0.2,noise_0.2,independent_continuous,weighted,top_fraction,0.4,0.580775357000046,,28,12,0,60,40,0.8235294117647058
V11_overlap_0.75,overlap_0.75,independent_categorical,weighted,direct_optimized_labels,,0.2342116379562232,0.2341869802950992,25,3,3,69,28,0.8928571428571429
V11_overlap_0.75,overlap_0.75,independent_categorical,binary_adaptive,direct_optimized_labels,,0.1630054987321821,0.16241403804847535,27,16,1,56,43,0.7605633802816901
V11_overlap_0.75,overlap_0.75,independent_continuous,weighted,max_normalized_score_cutoff,0.3,0.2872497010405041,,28,72,0,0,100,0.4375
V11_overlap_0.75,overlap_0.75,independent_continuous,weighted,max_normalized_score_cutoff,0.4,0.2872497010405041,,28,72,0,0,100,0.4375
V11_overlap_0.75,overlap_0.75,independent_continuous,weighted,max_normalized_score_cutoff,0.5,0.2872497010405041,,28,72,0,0,100,0.4375
V11_overlap_0.75,overlap_0.75,independent_continuous,weighted,max_normalized_score_cutoff,0.6,0.2872497010405041,,28,72,0,0,100,0.4375
V11_overlap_0.75,overlap_0.75,independent_continuous,weighted,max_normalized_score_cutoff,0.7,0.2872497010405041,,28,72,0,0,100,0.4375
V11_overlap_0.75,overlap_0.75,independent_continuous,weighted,max_normalized_score_cutoff,0.8,0.2872497010405041,,28,72,0,0,100,0.4375
V11_overlap_0.75,overlap_0.75,independent_continuous,weighted,max_normalized_score_cutoff,0.9,0.2872497010405041,,28,72,0,0,100,0.4375
V11_overlap_0.75,overlap_0.75,independent_continuous,weighted,top_fraction,0.1,0.2872497010405041,,10,0,18,72,10,0.5263157894736842
V11_overlap_0.75,overlap_0.75,independent_continuous,weighted,top_fraction,0.2,0.2872497010405041,,20,0,8,72,20,0.8333333333333334
V11_overlap_0.75,overlap_0.75,independent_continuous,weighted,top_fraction,0.28,0.2872497010405041,,27,1,1,71,28,0.9642857142857143
V11_overlap_0.75,overlap_0.75,independent_continuous,weighted,top_fraction,0.4,0.2872497010405041,,28,12,0,60,40,0.8235294117647058
V12_baseline,baseline,independent_categorical,weighted,direct_optimized_labels,,0.8409708911960606,0.8234709076095591,25,0,0,75,25,1.0
V12_baseline,baseline,independent_categorical,binary_adaptive,direct_optimized_labels,,0.9285805955909254,0.9042868160406227,25,0,0,75,25,1.0
V12_baseline,baseline,independent_continuous,weighted,max_normalized_score_cutoff,0.3,0.8875884396914095,,25,75,0,0,100,0.4
V12_baseline,baseline,independent_continuous,weighted,max_normalized_score_cutoff,0.4,0.8875884396914095,,25,75,0,0,100,0.4
V12_baseline,baseline,independent_continuous,weighted,max_normalized_score_cutoff,0.5,0.8875884396914095,,25,75,0,0,100,0.4
V12_baseline,baseline,independent_continuous,weighted,max_normalized_score_cutoff,0.6,0.8875884396914095,,25,75,0,0,100,0.4
V12_baseline,baseline,independent_continuous,weighted,max_normalized_score_cutoff,0.7,0.8875884396914095,,25,75,0,0,100,0.4
V12_baseline,baseline,independent_continuous,weighted,max_normalized_score_cutoff,0.8,0.8875884396914095,,25,75,0,0,100,0.4
V12_baseline,baseline,independent_continuous,weighted,max_normalized_score_cutoff,0.9,0.8875884396914095,,25,75,0,0,100,0.4
V12_baseline,baseline,independent_continuous,weighted,top_fraction,0.1,0.8875884396914095,,10,0,15,75,10,0.5714285714285714
V12_baseline,baseline,independent_continuous,weighted,top_fraction,0.2,0.8875884396914095,,20,0,5,75,20,0.8888888888888888
V12_baseline,baseline,independent_continuous,weighted,top_fraction,0.28,0.8875884396914095,,25,3,0,72,28,0.9433962264150944
V12_baseline,baseline,independent_continuous,weighted,top_fraction,0.4,0.8875884396914095,,25,15,0,60,40,0.7692307692307693
V12_noise_0.1,noise_0.1,independent_categorical,weighted,direct_optimized_labels,,0.7196113331065441,0.7058614451942703,25,0,0,75,25,1.0
V12_noise_0.1,noise_0.1,independent_categorical,binary_adaptive,direct_optimized_labels,,0.6896616636250436,0.6768746250798937,25,0,0,75,25,1.0
V12_noise_0.1,noise_0.1,independent_continuous,weighted,max_normalized_score_cutoff,0.3,0.7603326258121486,,25,75,0,0,100,0.4
V12_noise_0.1,noise_0.1,independent_continuous,weighted,max_normalized_score_cutoff,0.4,0.7603326258121486,,25,75,0,0,100,0.4
V12_noise_0.1,noise_0.1,independent_continuous,weighted,max_normalized_score_cutoff,0.5,0.7603326258121486,,25,75,0,0,100,0.4
V12_noise_0.1,noise_0.1,independent_continuous,weighted,max_normalized_score_cutoff,0.6,0.7603326258121486,,25,75,0,0,100,0.4
V12_noise_0.1,noise_0.1,independent_continuous,weighted,max_normalized_score_cutoff,0.7,0.7603326258121486,,25,75,0,0,100,0.4
V12_noise_0.1,noise_0.1,independent_continuous,weighted,max_normalized_score_cutoff,0.8,0.7603326258121486,,25,75,0,0,100,0.4
V12_noise_0.1,noise_0.1,independent_continuous,weighted,max_normalized_score_cutoff,0.9,0.7603326258121486,,25,75,0,0,100,0.4
V12_noise_0.1,noise_0.1,independent_continuous,weighted,top_fraction,0.1,0.7603326258121486,,10,0,15,75,10,0.5714285714285714
V12_noise_0.1,noise_0.1,independent_continuous,weighted,top_fraction,0.2,0.7603326258121486,,20,0,5,75,20,0.8888888888888888
V12_noise_0.1,noise_0.1,independent_continuous,weighted,top_fraction,0.28,0.7603326258121486,,25,3,0,72,28,0.9433962264150944
V12_noise_0.1,noise_0.1,independent_continuous,weighted,top_fraction,0.4,0.7603326258121486,,25,15,0,60,40,0.7692307692307693
V12_noise_0.2,noise_0.2,independent_categorical,weighted,direct_optimized_labels,,0.5389339665178822,0.5297734238936184,25,0,0,75,25,1.0
V12_noise_0.2,noise_0.2,independent_categorical,binary_adaptive,direct_optimized_labels,,0.4630043414594042,0.45660120033799145,25,0,0,75,25,1.0
V12_noise_0.2,noise_0.2,independent_continuous,weighted,max_normalized_score_cutoff,0.3,0.5734276469172924,,25,75,0,0,100,0.4
V12_noise_0.2,noise_0.2,independent_continuous,weighted,max_normalized_score_cutoff,0.4,0.5734276469172924,,25,75,0,0,100,0.4
V12_noise_0.2,noise_0.2,independent_continuous,weighted,max_normalized_score_cutoff,0.5,0.5734276469172924,,25,75,0,0,100,0.4
V12_noise_0.2,noise_0.2,independent_continuous,weighted,max_normalized_score_cutoff,0.6,0.5734276469172924,,25,75,0,0,100,0.4
V12_noise_0.2,noise_0.2,independent_continuous,weighted,max_normalized_score_cutoff,0.7,0.5734276469172924,,25,75,0,0,100,0.4
V12_noise_0.2,noise_0.2,independent_continuous,weighted,max_normalized_score_cutoff,0.8,0.5734276469172924,,25,75,0,0,100,0.4
V12_noise_0.2,noise_0.2,independent_continuous,weighted,max_normalized_score_cutoff,0.9,0.5734276469172924,,25,75,0,0,100,0.4
V12_noise_0.2,noise_0.2,independent_continuous,weighted,top_fraction,0.1,0.5734276469172924,,10,0,15,75,10,0.5714285714285714
V12_noise_0.2,noise_0.2,independent_continuous,weighted,top_fraction,0.2,0.5734276469172924,,20,0,5,75,20,0.8888888888888888
V12_noise_0.2,noise_0.2,independent_continuous,weighted,top_fraction,0.28,0.5734276469172924,,25,3,0,72,28,0.9433962264150944
V12_noise_0.2,noise_0.2,independent_continuous,weighted,top_fraction,0.4,0.5734276469172924,,25,15,0,60,40,0.7692307692307693
V12_overlap_0.75,overlap_0.75,independent_categorical,weighted,direct_optimized_labels,,0.22196683275302392,0.2219069124891838,25,2,0,73,27,0.9615384615384616
V12_overlap_0.75,overlap_0.75,independent_categorical,binary_adaptive,direct_optimized_labels,,0.16134931491899604,0.1611764147909101,23,33,2,42,56,0.5679012345679012
V12_overlap_0.75,overlap_0.75,independent_continuous,weighted,max_normalized_score_cutoff,0.3,0.2672936122271538,,25,75,0,0,100,0.4
V12_overlap_0.75,overlap_0.75,independent_continuous,weighted,max_normalized_score_cutoff,0.4,0.2672936122271538,,25,75,0,0,100,0.4
V12_overlap_0.75,overlap_0.75,independent_continuous,weighted,max_normalized_score_cutoff,0.5,0.2672936122271538,,25,75,0,0,100,0.4
V12_overlap_0.75,overlap_0.75,independent_continuous,weighted,max_normalized_score_cutoff,0.6,0.2672936122271538,,25,75,0,0,100,0.4
V12_overlap_0.75,overlap_0.75,independent_continuous,weighted,max_normalized_score_cutoff,0.7,0.2672936122271538,,25,75,0,0,100,0.4
V12_overlap_0.75,overlap_0.75,independent_continuous,weighted,max_normalized_score_cutoff,0.8,0.2672936122271538,,25,75,0,0,100,0.4
V12_overlap_0.75,overlap_0.75,independent_continuous,weighted,max_normalized_score_cutoff,0.9,0.2672936122271538,,25,75,0,0,100,0.4
V12_overlap_0.75,overlap_0.75,independent_continuous,weighted,top_fraction,0.1,0.2672936122271538,,10,0,15,75,10,0.5714285714285714
V12_overlap_0.75,overlap_0.75,independent_continuous,weighted,top_fraction,0.2,0.2672936122271538,,20,0,5,75,20,0.8888888888888888
V12_overlap_0.75,overlap_0.75,independent_continuous,weighted,top_fraction,0.28,0.2672936122271538,,25,3,0,72,28,0.9433962264150944
V12_overlap_0.75,overlap_0.75,independent_continuous,weighted,top_fraction,0.4,0.2672936122271538,,25,15,0,60,40,0.7692307692307693
V13_baseline,baseline,independent_categorical,weighted,direct_optimized_labels,,0.8426489886548724,0.8250906141527203,27,0,0,73,27,1.0
V13_baseline,baseline,independent_categorical,binary_adaptive,direct_optimized_labels,,0.9305323266598018,0.9079339430462795,27,0,0,73,27,1.0
V13_baseline,baseline,independent_continuous,weighted,max_normalized_score_cutoff,0.3,0.8918345437255522,,27,73,0,0,100,0.4251968503937008
V13_baseline,baseline,independent_continuous,weighted,max_normalized_score_cutoff,0.4,0.8918345437255522,,27,73,0,0,100,0.4251968503937008
V13_baseline,baseline,independent_continuous,weighted,max_normalized_score_cutoff,0.5,0.8918345437255522,,27,73,0,0,100,0.4251968503937008
V13_baseline,baseline,independent_continuous,weighted,max_normalized_score_cutoff,0.6,0.8918345437255522,,27,73,0,0,100,0.4251968503937008
V13_baseline,baseline,independent_continuous,weighted,max_normalized_score_cutoff,0.7,0.8918345437255522,,27,73,0,0,100,0.4251968503937008
V13_baseline,baseline,independent_continuous,weighted,max_normalized_score_cutoff,0.8,0.8918345437255522,,27,73,0,0,100,0.4251968503937008
V13_baseline,baseline,independent_continuous,weighted,max_normalized_score_cutoff,0.9,0.8918345437255522,,27,73,0,0,100,0.4251968503937008
V13_baseline,baseline,independent_continuous,weighted,top_fraction,0.1,0.8918345437255522,,10,0,17,73,10,0.5405405405405406
V13_baseline,baseline,independent_continuous,weighted,top_fraction,0.2,0.8918345437255522,,20,0,7,73,20,0.851063829787234
V13_baseline,baseline,independent_continuous,weighted,top_fraction,0.28,0.8918345437255522,,27,1,0,72,28,0.9818181818181818
V13_baseline,baseline,independent_continuous,weighted,top_fraction,0.4,0.8918345437255522,,27,13,0,60,40,0.8059701492537313
V13_noise_0.1,noise_0.1,independent_categorical,weighted,direct_optimized_labels,,0.7209115198378435,0.708942221287361,27,0,0,73,27,1.0
V13_noise_0.1,noise_0.1,independent_categorical,binary_adaptive,direct_optimized_labels,,0.7003790399194885,0.6873417062769249,27,0,0,73,27,1.0
V13_noise_0.1,noise_0.1,independent_continuous,weighted,max_normalized_score_cutoff,0.3,0.7584879007551323,,27,73,0,0,100,0.4251968503937008
V13_noise_0.1,noise_0.1,independent_continuous,weighted,max_normalized_score_cutoff,0.4,0.7584879007551323,,27,73,0,0,100,0.4251968503937008
V13_noise_0.1,noise_0.1,independent_continuous,weighted,max_normalized_score_cutoff,0.5,0.7584879007551323,,27,73,0,0,100,0.4251968503937008
V13_noise_0.1,noise_0.1,independent_continuous,weighted,max_normalized_score_cutoff,0.6,0.7584879007551323,,27,73,0,0,100,0.4251968503937008
V13_noise_0.1,noise_0.1,independent_continuous,weighted,max_normalized_score_cutoff,0.7,0.7584879007551323,,27,73,0,0,100,0.4251968503937008
V13_noise_0.1,noise_0.1,independent_continuous,weighted,max_normalized_score_cutoff,0.8,0.7584879007551323,,27,73,0,0,100,0.4251968503937008
V13_noise_0.1,noise_0.1,independent_continuous,weighted,max_normalized_score_cutoff,0.9,0.7584879007551323,,27,73,0,0,100,0.4251968503937008
V13_noise_0.1,noise_0.1,independent_continuous,weighted,top_fraction,0.1,0.7584879007551323,,10,0,17,73,10,0.5405405405405406
V13_noise_0.1,noise_0.1,independent_continuous,weighted,top_fraction,0.2,0.7584879007551323,,20,0,7,73,20,0.851063829787234
V13_noise_0.1,noise_0.1,independent_continuous,weighted,top_fraction,0.28,0.7584879007551323,,27,1,0,72,28,0.9818181818181818
V13_noise_0.1,noise_0.1,independent_continuous,weighted,top_fraction,0.4,0.7584879007551323,,27,13,0,60,40,0.8059701492537313
V13_noise_0.2,noise_0.2,independent_categorical,weighted,direct_optimized_labels,,0.531638355450461,0.5257327823802832,27,0,0,73,27,1.0
V13_noise_0.2,noise_0.2,independent_categorical,binary_adaptive,direct_optimized_labels,,0.47950323968785935,0.4729806897201073,27,0,0,73,27,1.0
V13_noise_0.2,noise_0.2,independent_continuous,weighted,max_normalized_score_cutoff,0.3,0.5604153728335248,,27,73,0,0,100,0.4251968503937008
V13_noise_0.2,noise_0.2,independent_continuous,weighted,max_normalized_score_cutoff,0.4,0.5604153728335248,,27,73,0,0,100,0.4251968503937008
V13_noise_0.2,noise_0.2,independent_continuous,weighted,max_normalized_score_cutoff,0.5,0.5604153728335248,,27,73,0,0,100,0.4251968503937008
V13_noise_0.2,noise_0.2,independent_continuous,weighted,max_normalized_score_cutoff,0.6,0.5604153728335248,,27,73,0,0,100,0.4251968503937008
V13_noise_0.2,noise_0.2,independent_continuous,weighted,max_normalized_score_cutoff,0.7,0.5604153728335248,,27,73,0,0,100,0.4251968503937008
V13_noise_0.2,noise_0.2,independent_continuous,weighted,max_normalized_score_cutoff,0.8,0.5604153728335248,,27,73,0,0,100,0.4251968503937008
V13_noise_0.2,noise_0.2,independent_continuous,weighted,max_normalized_score_cutoff,0.9,0.5604153728335248,,27,73,0,0,100,0.4251968503937008
V13_noise_0.2,noise_0.2,independent_continuous,weighted,top_fraction,0.1,0.5604153728335248,,10,0,17,73,10,0.5405405405405406
V13_noise_0.2,noise_0.2,independent_continuous,weighted,top_fraction,0.2,0.5604153728335248,,20,0,7,73,20,0.851063829787234
V13_noise_0.2,noise_0.2,independent_continuous,weighted,top_fraction,0.28,0.5604153728335248,,27,1,0,72,28,0.9818181818181818
V13_noise_0.2,noise_0.2,independent_continuous,weighted,top_fraction,0.4,0.5604153728335248,,27,13,0,60,40,0.8059701492537313
V13_overlap_0.75,overlap_0.75,independent_categorical,weighted,direct_optimized_labels,,0.2106394745177332,0.21052379436685403,25,3,2,70,28,0.9090909090909091
V13_overlap_0.75,overlap_0.75,independent_categorical,binary_adaptive,direct_optimized_labels,,0.1641816593434272,0.164108638209603,23,22,4,51,45,0.6388888888888888
V13_overlap_0.75,overlap_0.75,independent_continuous,weighted,max_normalized_score_cutoff,0.3,0.2513479169842407,,27,73,0,0,100,0.4251968503937008
V13_overlap_0.75,overlap_0.75,independent_continuous,weighted,max_normalized_score_cutoff,0.4,0.2513479169842407,,27,73,0,0,100,0.4251968503937008
V13_overlap_0.75,overlap_0.75,independent_continuous,weighted,max_normalized_score_cutoff,0.5,0.2513479169842407,,27,73,0,0,100,0.4251968503937008
V13_overlap_0.75,overlap_0.75,independent_continuous,weighted,max_normalized_score_cutoff,0.6,0.2513479169842407,,27,73,0,0,100,0.4251968503937008
V13_overlap_0.75,overlap_0.75,independent_continuous,weighted,max_normalized_score_cutoff,0.7,0.2513479169842407,,27,73,0,0,100,0.4251968503937008
V13_overlap_0.75,overlap_0.75,independent_continuous,weighted,max_normalized_score_cutoff,0.8,0.2513479169842407,,27,73,0,0,100,0.4251968503937008
V13_overlap_0.75,overlap_0.75,independent_continuous,weighted,max_normalized_score_cutoff,0.9,0.2513479169842407,,27,73,0,0,100,0.4251968503937008
V13_overlap_0.75,overlap_0.75,independent_continuous,weighted,top_fraction,0.1,0.2513479169842407,,10,0,17,73,10,0.5405405405405406
V13_overlap_0.75,overlap_0.75,independent_continuous,weighted,top_fraction,0.2,0.2513479169842407,,20,0,7,73,20,0.851063829787234
V13_overlap_0.75,overlap_0.75,independent_continuous,weighted,top_fraction,0.28,0.2513479169842407,,25,3,2,70,28,0.9090909090909091
V13_overlap_0.75,overlap_0.75,independent_continuous,weighted,top_fraction,0.4,0.2513479169842407,,27,13,0,60,40,0.8059701492537313
V14_baseline,baseline,independent_categorical,weighted,direct_optimized_labels,,0.8463757260770501,0.8301332843466094,28,0,0,72,28,1.0
V14_baseline,baseline,independent_categorical,binary_adaptive,direct_optimized_labels,,0.9511205620958951,0.9270863795215736,28,0,0,72,28,1.0
V14_baseline,baseline,independent_continuous,weighted,max_normalized_score_cutoff,0.3,0.8978619912903749,,28,72,0,0,100,0.4375
V14_baseline,baseline,independent_continuous,weighted,max_normalized_score_cutoff,0.4,0.8978619912903749,,28,72,0,0,100,0.4375
V14_baseline,baseline,independent_continuous,weighted,max_normalized_score_cutoff,0.5,0.8978619912903749,,28,72,0,0,100,0.4375
V14_baseline,baseline,independent_continuous,weighted,max_normalized_score_cutoff,0.6,0.8978619912903749,,28,72,0,0,100,0.4375
V14_baseline,baseline,independent_continuous,weighted,max_normalized_score_cutoff,0.7,0.8978619912903749,,28,72,0,0,100,0.4375
V14_baseline,baseline,independent_continuous,weighted,max_normalized_score_cutoff,0.8,0.8978619912903749,,28,72,0,0,100,0.4375
V14_baseline,baseline,independent_continuous,weighted,max_normalized_score_cutoff,0.9,0.8978619912903749,,28,72,0,0,100,0.4375
V14_baseline,baseline,independent_continuous,weighted,top_fraction,0.1,0.8978619912903749,,10,0,18,72,10,0.5263157894736842
V14_baseline,baseline,independent_continuous,weighted,top_fraction,0.2,0.8978619912903749,,20,0,8,72,20,0.8333333333333334
V14_baseline,baseline,independent_continuous,weighted,top_fraction,0.28,0.8978619912903749,,28,0,0,72,28,1.0
V14_baseline,baseline,independent_continuous,weighted,top_fraction,0.4,0.8978619912903749,,28,12,0,60,40,0.8235294117647058
V14_noise_0.1,noise_0.1,independent_categorical,weighted,direct_optimized_labels,,0.7346878696216337,0.7218308704777042,28,0,0,72,28,1.0
V14_noise_0.1,noise_0.1,independent_categorical,binary_adaptive,direct_optimized_labels,,0.7162426876253394,0.7012849115794805,28,0,0,72,28,1.0
V14_noise_0.1,noise_0.1,independent_continuous,weighted,max_normalized_score_cutoff,0.3,0.769765862863889,,28,72,0,0,100,0.4375
V14_noise_0.1,noise_0.1,independent_continuous,weighted,max_normalized_score_cutoff,0.4,0.769765862863889,,28,72,0,0,100,0.4375
V14_noise_0.1,noise_0.1,independent_continuous,weighted,max_normalized_score_cutoff,0.5,0.769765862863889,,28,72,0,0,100,0.4375
V14_noise_0.1,noise_0.1,independent_continuous,weighted,max_normalized_score_cutoff,0.6,0.769765862863889,,28,72,0,0,100,0.4375
V14_noise_0.1,noise_0.1,independent_continuous,weighted,max_normalized_score_cutoff,0.7,0.769765862863889,,28,72,0,0,100,0.4375
V14_noise_0.1,noise_0.1,independent_continuous,weighted,max_normalized_score_cutoff,0.8,0.769765862863889,,28,72,0,0,100,0.4375
V14_noise_0.1,noise_0.1,independent_continuous,weighted,max_normalized_score_cutoff,0.9,0.769765862863889,,28,72,0,0,100,0.4375
V14_noise_0.1,noise_0.1,independent_continuous,weighted,top_fraction,0.1,0.769765862863889,,10,0,18,72,10,0.5263157894736842
V14_noise_0.1,noise_0.1,independent_continuous,weighted,top_fraction,0.2,0.769765862863889,,20,0,8,72,20,0.8333333333333334
V14_noise_0.1,noise_0.1,independent_continuous,weighted,top_fraction,0.28,0.769765862863889,,28,0,0,72,28,1.0
V14_noise_0.1,noise_0.1,independent_continuous,weighted,top_fraction,0.4,0.769765862863889,,28,12,0,60,40,0.8235294117647058
V14_noise_0.2,noise_0.2,independent_categorical,weighted,direct_optimized_labels,,0.5547445908585943,0.5461577715105588,28,0,0,72,28,1.0
V14_noise_0.2,noise_0.2,independent_categorical,binary_adaptive,direct_optimized_labels,,0.4956649209632557,0.4884469359642753,28,0,0,72,28,1.0
V14_noise_0.2,noise_0.2,independent_continuous,weighted,max_normalized_score_cutoff,0.3,0.576965665926082,,28,72,0,0,100,0.4375
V14_noise_0.2,noise_0.2,independent_continuous,weighted,max_normalized_score_cutoff,0.4,0.576965665926082,,28,72,0,0,100,0.4375
V14_noise_0.2,noise_0.2,independent_continuous,weighted,max_normalized_score_cutoff,0.5,0.576965665926082,,28,72,0,0,100,0.4375
V14_noise_0.2,noise_0.2,independent_continuous,weighted,max_normalized_score_cutoff,0.6,0.576965665926082,,28,72,0,0,100,0.4375
V14_noise_0.2,noise_0.2,independent_continuous,weighted,max_normalized_score_cutoff,0.7,0.576965665926082,,28,72,0,0,100,0.4375
V14_noise_0.2,noise_0.2,independent_continuous,weighted,max_normalized_score_cutoff,0.8,0.576965665926082,,28,72,0,0,100,0.4375
V14_noise_0.2,noise_0.2,independent_continuous,weighted,max_normalized_score_cutoff,0.9,0.576965665926082,,28,72,0,0,100,0.4375
V14_noise_0.2,noise_0.2,independent_continuous,weighted,top_fraction,0.1,0.576965665926082,,10,0,18,72,10,0.5263157894736842
V14_noise_0.2,noise_0.2,independent_continuous,weighted,top_fraction,0.2,0.576965665926082,,20,0,8,72,20,0.8333333333333334
V14_noise_0.2,noise_0.2,independent_continuous,weighted,top_fraction,0.28,0.576965665926082,,28,0,0,72,28,1.0
V14_noise_0.2,noise_0.2,independent_continuous,weighted,top_fraction,0.4,0.576965665926082,,28,12,0,60,40,0.8235294117647058
V14_overlap_0.75,overlap_0.75,independent_categorical,weighted,direct_optimized_labels,,0.21855057140838746,0.21852026848148007,26,9,2,63,35,0.8253968253968254
V14_overlap_0.75,overlap_0.75,independent_categorical,binary_adaptive,direct_optimized_labels,,0.15793765356601572,0.15777232940808236,24,17,4,55,41,0.6956521739130435
V14_overlap_0.75,overlap_0.75,independent_continuous,weighted,max_normalized_score_cutoff,0.3,0.2579585824826337,,28,72,0,0,100,0.4375
V14_overlap_0.75,overlap_0.75,independent_continuous,weighted,max_normalized_score_cutoff,0.4,0.2579585824826337,,28,72,0,0,100,0.4375
V14_overlap_0.75,overlap_0.75,independent_continuous,weighted,max_normalized_score_cutoff,0.5,0.2579585824826337,,28,72,0,0,100,0.4375
V14_overlap_0.75,overlap_0.75,independent_continuous,weighted,max_normalized_score_cutoff,0.6,0.2579585824826337,,28,72,0,0,100,0.4375
V14_overlap_0.75,overlap_0.75,independent_continuous,weighted,max_normalized_score_cutoff,0.7,0.2579585824826337,,28,72,0,0,100,0.4375
V14_overlap_0.75,overlap_0.75,independent_continuous,weighted,max_normalized_score_cutoff,0.8,0.2579585824826337,,28,72,0,0,100,0.4375
V14_overlap_0.75,overlap_0.75,independent_continuous,weighted,max_normalized_score_cutoff,0.9,0.2579585824826337,,28,72,0,0,100,0.4375
V14_overlap_0.75,overlap_0.75,independent_continuous,weighted,top_fraction,0.1,0.2579585824826337,,10,0,18,72,10,0.5263157894736842
V14_overlap_0.75,overlap_0.75,independent_continuous,weighted,top_fraction,0.2,0.2579585824826337,,20,0,8,72,20,0.8333333333333334
V14_overlap_0.75,overlap_0.75,independent_continuous,weighted,top_fraction,0.28,0.2579585824826337,,26,2,2,70,28,0.9285714285714286
V14_overlap_0.75,overlap_0.75,independent_continuous,weighted,top_fraction,0.4,0.2579585824826337,,28,12,0,60,40,0.8235294117647058
V15_baseline,baseline,independent_categorical,weighted,direct_optimized_labels,,0.8427266251340871,0.8244746723544519,24,0,0,76,24,1.0
V15_baseline,baseline,independent_categorical,binary_adaptive,direct_optimized_labels,,0.8977961558635134,0.8746134906234233,24,0,0,76,24,1.0
V15_baseline,baseline,independent_continuous,weighted,max_normalized_score_cutoff,0.3,0.8872128700248997,,24,76,0,0,100,0.3870967741935484
V15_baseline,baseline,independent_continuous,weighted,max_normalized_score_cutoff,0.4,0.8872128700248997,,24,76,0,0,100,0.3870967741935484
V15_baseline,baseline,independent_continuous,weighted,max_normalized_score_cutoff,0.5,0.8872128700248997,,24,76,0,0,100,0.3870967741935484
V15_baseline,baseline,independent_continuous,weighted,max_normalized_score_cutoff,0.6,0.8872128700248997,,24,76,0,0,100,0.3870967741935484
V15_baseline,baseline,independent_continuous,weighted,max_normalized_score_cutoff,0.7,0.8872128700248997,,24,76,0,0,100,0.3870967741935484
V15_baseline,baseline,independent_continuous,weighted,max_normalized_score_cutoff,0.8,0.8872128700248997,,24,76,0,0,100,0.3870967741935484
V15_baseline,baseline,independent_continuous,weighted,max_normalized_score_cutoff,0.9,0.8872128700248997,,24,76,0,0,100,0.3870967741935484
V15_baseline,baseline,independent_continuous,weighted,top_fraction,0.1,0.8872128700248997,,10,0,14,76,10,0.5882352941176471
V15_baseline,baseline,independent_continuous,weighted,top_fraction,0.2,0.8872128700248997,,20,0,4,76,20,0.9090909090909091
V15_baseline,baseline,independent_continuous,weighted,top_fraction,0.28,0.8872128700248997,,24,4,0,72,28,0.9230769230769231
V15_baseline,baseline,independent_continuous,weighted,top_fraction,0.4,0.8872128700248997,,24,16,0,60,40,0.75
V15_noise_0.1,noise_0.1,independent_categorical,weighted,direct_optimized_labels,,0.7251057052387032,0.7103634349402276,24,0,0,76,24,1.0
V15_noise_0.1,noise_0.1,independent_categorical,binary_adaptive,direct_optimized_labels,,0.699215447446266,0.6855776410589458,24,0,0,76,24,1.0
V15_noise_0.1,noise_0.1,independent_continuous,weighted,max_normalized_score_cutoff,0.3,0.7640745232736098,,24,76,0,0,100,0.3870967741935484
V15_noise_0.1,noise_0.1,independent_continuous,weighted,max_normalized_score_cutoff,0.4,0.7640745232736098,,24,76,0,0,100,0.3870967741935484
V15_noise_0.1,noise_0.1,independent_continuous,weighted,max_normalized_score_cutoff,0.5,0.7640745232736098,,24,76,0,0,100,0.3870967741935484
V15_noise_0.1,noise_0.1,independent_continuous,weighted,max_normalized_score_cutoff,0.6,0.7640745232736098,,24,76,0,0,100,0.3870967741935484
V15_noise_0.1,noise_0.1,independent_continuous,weighted,max_normalized_score_cutoff,0.7,0.7640745232736098,,24,76,0,0,100,0.3870967741935484
V15_noise_0.1,noise_0.1,independent_continuous,weighted,max_normalized_score_cutoff,0.8,0.7640745232736098,,24,76,0,0,100,0.3870967741935484
V15_noise_0.1,noise_0.1,independent_continuous,weighted,max_normalized_score_cutoff,0.9,0.7640745232736098,,24,76,0,0,100,0.3870967741935484
V15_noise_0.1,noise_0.1,independent_continuous,weighted,top_fraction,0.1,0.7640745232736098,,10,0,14,76,10,0.5882352941176471
V15_noise_0.1,noise_0.1,independent_continuous,weighted,top_fraction,0.2,0.7640745232736098,,20,0,4,76,20,0.9090909090909091
V15_noise_0.1,noise_0.1,independent_continuous,weighted,top_fraction,0.28,0.7640745232736098,,24,4,0,72,28,0.9230769230769231
V15_noise_0.1,noise_0.1,independent_continuous,weighted,top_fraction,0.4,0.7640745232736098,,24,16,0,60,40,0.75
V15_noise_0.2,noise_0.2,independent_categorical,weighted,direct_optimized_labels,,0.543736697564164,0.5354750534579642,24,0,0,76,24,1.0
V15_noise_0.2,noise_0.2,independent_categorical,binary_adaptive,direct_optimized_labels,,0.4717627567552792,0.4643545060433741,24,0,0,76,24,1.0
V15_noise_0.2,noise_0.2,independent_continuous,weighted,max_normalized_score_cutoff,0.3,0.575806287736941,,24,76,0,0,100,0.3870967741935484
V15_noise_0.2,noise_0.2,independent_continuous,weighted,max_normalized_score_cutoff,0.4,0.575806287736941,,24,76,0,0,100,0.3870967741935484
V15_noise_0.2,noise_0.2,independent_continuous,weighted,max_normalized_score_cutoff,0.5,0.575806287736941,,24,76,0,0,100,0.3870967741935484
V15_noise_0.2,noise_0.2,independent_continuous,weighted,max_normalized_score_cutoff,0.6,0.575806287736941,,24,76,0,0,100,0.3870967741935484
V15_noise_0.2,noise_0.2,independent_continuous,weighted,max_normalized_score_cutoff,0.7,0.575806287736941,,24,76,0,0,100,0.3870967741935484
V15_noise_0.2,noise_0.2,independent_continuous,weighted,max_normalized_score_cutoff,0.8,0.575806287736941,,24,76,0,0,100,0.3870967741935484
V15_noise_0.2,noise_0.2,independent_continuous,weighted,max_normalized_score_cutoff,0.9,0.575806287736941,,24,76,0,0,100,0.3870967741935484
V15_noise_0.2,noise_0.2,independent_continuous,weighted,top_fraction,0.1,0.575806287736941,,10,0,14,76,10,0.5882352941176471
V15_noise_0.2,noise_0.2,independent_continuous,weighted,top_fraction,0.2,0.575806287736941,,20,0,4,76,20,0.9090909090909091
V15_noise_0.2,noise_0.2,independent_continuous,weighted,top_fraction,0.28,0.575806287736941,,24,4,0,72,28,0.9230769230769231
V15_noise_0.2,noise_0.2,independent_continuous,weighted,top_fraction,0.4,0.575806287736941,,24,16,0,60,40,0.75
V15_overlap_0.75,overlap_0.75,independent_categorical,weighted,direct_optimized_labels,,0.22148018881709056,0.22114164914250628,23,5,1,71,28,0.8846153846153846
V15_overlap_0.75,overlap_0.75,independent_categorical,binary_adaptive,direct_optimized_labels,,0.16022372275353228,0.1601713970171925,21,26,3,50,47,0.5915492957746479
V15_overlap_0.75,overlap_0.75,independent_continuous,weighted,max_normalized_score_cutoff,0.3,0.2769119662091499,,24,76,0,0,100,0.3870967741935484
V15_overlap_0.75,overlap_0.75,independent_continuous,weighted,max_normalized_score_cutoff,0.4,0.2769119662091499,,24,76,0,0,100,0.3870967741935484
V15_overlap_0.75,overlap_0.75,independent_continuous,weighted,max_normalized_score_cutoff,0.5,0.2769119662091499,,24,76,0,0,100,0.3870967741935484
V15_overlap_0.75,overlap_0.75,independent_continuous,weighted,max_normalized_score_cutoff,0.6,0.2769119662091499,,24,76,0,0,100,0.3870967741935484
V15_overlap_0.75,overlap_0.75,independent_continuous,weighted,max_normalized_score_cutoff,0.7,0.2769119662091499,,24,76,0,0,100,0.3870967741935484
V15_overlap_0.75,overlap_0.75,independent_continuous,weighted,max_normalized_score_cutoff,0.8,0.2769119662091499,,24,76,0,0,100,0.3870967741935484
V15_overlap_0.75,overlap_0.75,independent_continuous,weighted,max_normalized_score_cutoff,0.9,0.2769119662091499,,24,76,0,0,100,0.3870967741935484
V15_overlap_0.75,overlap_0.75,independent_continuous,weighted,top_fraction,0.1,0.2769119662091499,,10,0,14,76,10,0.5882352941176471
V15_overlap_0.75,overlap_0.75,independent_continuous,weighted,top_fraction,0.2,0.2769119662091499,,20,0,4,76,20,0.9090909090909091
V15_overlap_0.75,overlap_0.75,independent_continuous,weighted,top_fraction,0.28,0.2769119662091499,,24,4,0,72,28,0.9230769230769231
V15_overlap_0.75,overlap_0.75,independent_continuous,weighted,top_fraction,0.4,0.2769119662091499,,24,16,0,60,40,0.75
V16_baseline,baseline,independent_categorical,weighted,direct_optimized_labels,,0.8462773009316634,0.8280386927404133,25,0,0,75,25,1.0
V16_baseline,baseline,independent_categorical,binary_adaptive,direct_optimized_labels,,0.9282046401145955,0.9047127112797155,25,0,0,75,25,1.0
V16_baseline,baseline,independent_continuous,weighted,max_normalized_score_cutoff,0.3,0.8892834295463432,,25,75,0,0,100,0.4
V16_baseline,baseline,independent_continuous,weighted,max_normalized_score_cutoff,0.4,0.8892834295463432,,25,75,0,0,100,0.4
V16_baseline,baseline,independent_continuous,weighted,max_normalized_score_cutoff,0.5,0.8892834295463432,,25,75,0,0,100,0.4
V16_baseline,baseline,independent_continuous,weighted,max_normalized_score_cutoff,0.6,0.8892834295463432,,25,75,0,0,100,0.4
V16_baseline,baseline,independent_continuous,weighted,max_normalized_score_cutoff,0.7,0.8892834295463432,,25,75,0,0,100,0.4
V16_baseline,baseline,independent_continuous,weighted,max_normalized_score_cutoff,0.8,0.8892834295463432,,25,75,0,0,100,0.4
V16_baseline,baseline,independent_continuous,weighted,max_normalized_score_cutoff,0.9,0.8892834295463432,,25,75,0,0,100,0.4
V16_baseline,baseline,independent_continuous,weighted,top_fraction,0.1,0.8892834295463432,,10,0,15,75,10,0.5714285714285714
V16_baseline,baseline,independent_continuous,weighted,top_fraction,0.2,0.8892834295463432,,20,0,5,75,20,0.8888888888888888
V16_baseline,baseline,independent_continuous,weighted,top_fraction,0.28,0.8892834295463432,,25,3,0,72,28,0.9433962264150944
V16_baseline,baseline,independent_continuous,weighted,top_fraction,0.4,0.8892834295463432,,25,15,0,60,40,0.7692307692307693
V16_noise_0.1,noise_0.1,independent_categorical,weighted,direct_optimized_labels,,0.7229766559240944,0.7089291551910331,25,0,0,75,25,1.0
V16_noise_0.1,noise_0.1,independent_categorical,binary_adaptive,direct_optimized_labels,,0.6918508064054456,0.6779061271121777,25,0,0,75,25,1.0
V16_noise_0.1,noise_0.1,independent_continuous,weighted,max_normalized_score_cutoff,0.3,0.7584440000245356,,25,75,0,0,100,0.4
V16_noise_0.1,noise_0.1,independent_continuous,weighted,max_normalized_score_cutoff,0.4,0.7584440000245356,,25,75,0,0,100,0.4
V16_noise_0.1,noise_0.1,independent_continuous,weighted,max_normalized_score_cutoff,0.5,0.7584440000245356,,25,75,0,0,100,0.4
V16_noise_0.1,noise_0.1,independent_continuous,weighted,max_normalized_score_cutoff,0.6,0.7584440000245356,,25,75,0,0,100,0.4
V16_noise_0.1,noise_0.1,independent_continuous,weighted,max_normalized_score_cutoff,0.7,0.7584440000245356,,25,75,0,0,100,0.4
V16_noise_0.1,noise_0.1,independent_continuous,weighted,max_normalized_score_cutoff,0.8,0.7584440000245356,,25,75,0,0,100,0.4
V16_noise_0.1,noise_0.1,independent_continuous,weighted,max_normalized_score_cutoff,0.9,0.7584440000245356,,25,75,0,0,100,0.4
V16_noise_0.1,noise_0.1,independent_continuous,weighted,top_fraction,0.1,0.7584440000245356,,10,0,15,75,10,0.5714285714285714
V16_noise_0.1,noise_0.1,independent_continuous,weighted,top_fraction,0.2,0.7584440000245356,,20,0,5,75,20,0.8888888888888888
V16_noise_0.1,noise_0.1,independent_continuous,weighted,top_fraction,0.28,0.7584440000245356,,25,3,0,72,28,0.9433962264150944
V16_noise_0.1,noise_0.1,independent_continuous,weighted,top_fraction,0.4,0.7584440000245356,,25,15,0,60,40,0.7692307692307693
V16_noise_0.2,noise_0.2,independent_categorical,weighted,direct_optimized_labels,,0.5346169141338611,0.5260838754906301,25,0,0,75,25,1.0
V16_noise_0.2,noise_0.2,independent_categorical,binary_adaptive,direct_optimized_labels,,0.4557070122095771,0.44971512148107556,25,0,0,75,25,1.0
V16_noise_0.2,noise_0.2,independent_continuous,weighted,max_normalized_score_cutoff,0.3,0.5623038572867213,,25,75,0,0,100,0.4
V16_noise_0.2,noise_0.2,independent_continuous,weighted,max_normalized_score_cutoff,0.4,0.5623038572867213,,25,75,0,0,100,0.4
V16_noise_0.2,noise_0.2,independent_continuous,weighted,max_normalized_score_cutoff,0.5,0.5623038572867213,,25,75,0,0,100,0.4
V16_noise_0.2,noise_0.2,independent_continuous,weighted,max_normalized_score_cutoff,0.6,0.5623038572867213,,25,75,0,0,100,0.4
V16_noise_0.2,noise_0.2,independent_continuous,weighted,max_normalized_score_cutoff,0.7,0.5623038572867213,,25,75,0,0,100,0.4
V16_noise_0.2,noise_0.2,independent_continuous,weighted,max_normalized_score_cutoff,0.8,0.5623038572867213,,25,75,0,0,100,0.4
V16_noise_0.2,noise_0.2,independent_continuous,weighted,max_normalized_score_cutoff,0.9,0.5623038572867213,,25,75,0,0,100,0.4
V16_noise_0.2,noise_0.2,independent_continuous,weighted,top_fraction,0.1,0.5623038572867213,,10,0,15,75,10,0.5714285714285714
V16_noise_0.2,noise_0.2,independent_continuous,weighted,top_fraction,0.2,0.5623038572867213,,20,0,5,75,20,0.8888888888888888
V16_noise_0.2,noise_0.2,independent_continuous,weighted,top_fraction,0.28,0.5623038572867213,,25,3,0,72,28,0.9433962264150944
V16_noise_0.2,noise_0.2,independent_continuous,weighted,top_fraction,0.4,0.5623038572867213,,25,15,0,60,40,0.7692307692307693
V16_overlap_0.75,overlap_0.75,independent_categorical,weighted,direct_optimized_labels,,0.22087884513004638,0.22043919805670076,22,2,3,73,24,0.8979591836734694
V16_overlap_0.75,overlap_0.75,independent_categorical,binary_adaptive,direct_optimized_labels,,0.16264687972064065,0.16258882861246804,19,14,6,61,33,0.6551724137931034
V16_overlap_0.75,overlap_0.75,independent_continuous,weighted,max_normalized_score_cutoff,0.3,0.26587005603952923,,25,75,0,0,100,0.4
V16_overlap_0.75,overlap_0.75,independent_continuous,weighted,max_normalized_score_cutoff,0.4,0.26587005603952923,,25,75,0,0,100,0.4
V16_overlap_0.75,overlap_0.75,independent_continuous,weighted,max_normalized_score_cutoff,0.5,0.26587005603952923,,25,75,0,0,100,0.4
V16_overlap_0.75,overlap_0.75,independent_continuous,weighted,max_normalized_score_cutoff,0.6,0.26587005603952923,,25,75,0,0,100,0.4
V16_overlap_0.75,overlap_0.75,independent_continuous,weighted,max_normalized_score_cutoff,0.7,0.26587005603952923,,25,75,0,0,100,0.4
V16_overlap_0.75,overlap_0.75,independent_continuous,weighted,max_normalized_score_cutoff,0.8,0.26587005603952923,,25,75,0,0,100,0.4
V16_overlap_0.75,overlap_0.75,independent_continuous,weighted,max_normalized_score_cutoff,0.9,0.26587005603952923,,25,75,0,0,100,0.4
V16_overlap_0.75,overlap_0.75,independent_continuous,weighted,top_fraction,0.1,0.26587005603952923,,10,0,15,75,10,0.5714285714285714
V16_overlap_0.75,overlap_0.75,independent_continuous,weighted,top_fraction,0.2,0.26587005603952923,,20,0,5,75,20,0.8888888888888888
V16_overlap_0.75,overlap_0.75,independent_continuous,weighted,top_fraction,0.28,0.26587005603952923,,25,3,0,72,28,0.9433962264150944
V16_overlap_0.75,overlap_0.75,independent_continuous,weighted,top_fraction,0.4,0.26587005603952923,,25,15,0,60,40,0.7692307692307693
V17_baseline,baseline,independent_categorical,weighted,direct_optimized_labels,,0.8458103722673159,0.8270566018699937,25,0,0,75,25,1.0
V17_baseline,baseline,independent_categorical,binary_adaptive,direct_optimized_labels,,0.9181161565398688,0.8951502264397212,25,0,0,75,25,1.0
V17_baseline,baseline,independent_continuous,weighted,max_normalized_score_cutoff,0.3,0.889172425304104,,25,75,0,0,100,0.4
V17_baseline,baseline,independent_continuous,weighted,max_normalized_score_cutoff,0.4,0.889172425304104,,25,75,0,0,100,0.4
V17_baseline,baseline,independent_continuous,weighted,max_normalized_score_cutoff,0.5,0.889172425304104,,25,75,0,0,100,0.4
V17_baseline,baseline,independent_continuous,weighted,max_normalized_score_cutoff,0.6,0.889172425304104,,25,75,0,0,100,0.4
V17_baseline,baseline,independent_continuous,weighted,max_normalized_score_cutoff,0.7,0.889172425304104,,25,75,0,0,100,0.4
V17_baseline,baseline,independent_continuous,weighted,max_normalized_score_cutoff,0.8,0.889172425304104,,25,75,0,0,100,0.4
V17_baseline,baseline,independent_continuous,weighted,max_normalized_score_cutoff,0.9,0.889172425304104,,25,75,0,0,100,0.4
V17_baseline,baseline,independent_continuous,weighted,top_fraction,0.1,0.889172425304104,,10,0,15,75,10,0.5714285714285714
V17_baseline,baseline,independent_continuous,weighted,top_fraction,0.2,0.889172425304104,,20,0,5,75,20,0.8888888888888888
V17_baseline,baseline,independent_continuous,weighted,top_fraction,0.28,0.889172425304104,,25,3,0,72,28,0.9433962264150944
V17_baseline,baseline,independent_continuous,weighted,top_fraction,0.4,0.889172425304104,,25,15,0,60,40,0.7692307692307693
V17_noise_0.1,noise_0.1,independent_categorical,weighted,direct_optimized_labels,,0.7231278212257913,0.710091827438122,25,0,0,75,25,1.0
V17_noise_0.1,noise_0.1,independent_categorical,binary_adaptive,direct_optimized_labels,,0.6920628367681197,0.6791714812811526,25,0,0,75,25,1.0
V17_noise_0.1,noise_0.1,independent_continuous,weighted,max_normalized_score_cutoff,0.3,0.759564628695528,,25,75,0,0,100,0.4
V17_noise_0.1,noise_0.1,independent_continuous,weighted,max_normalized_score_cutoff,0.4,0.759564628695528,,25,75,0,0,100,0.4
V17_noise_0.1,noise_0.1,independent_continuous,weighted,max_normalized_score_cutoff,0.5,0.759564628695528,,25,75,0,0,100,0.4
V17_noise_0.1,noise_0.1,independent_continuous,weighted,max_normalized_score_cutoff,0.6,0.759564628695528,,25,75,0,0,100,0.4
V17_noise_0.1,noise_0.1,independent_continuous,weighted,max_normalized_score_cutoff,0.7,0.759564628695528,,25,75,0,0,100,0.4
V17_noise_0.1,noise_0.1,independent_continuous,weighted,max_normalized_score_cutoff,0.8,0.759564628695528,,25,75,0,0,100,0.4
V17_noise_0.1,noise_0.1,independent_continuous,weighted,max_normalized_score_cutoff,0.9,0.759564628695528,,25,75,0,0,100,0.4
V17_noise_0.1,noise_0.1,independent_continuous,weighted,top_fraction,0.1,0.759564628695528,,10,0,15,75,10,0.5714285714285714
V17_noise_0.1,noise_0.1,independent_continuous,weighted,top_fraction,0.2,0.759564628695528,,20,0,5,75,20,0.8888888888888888
V17_noise_0.1,noise_0.1,independent_continuous,weighted,top_fraction,0.28,0.759564628695528,,25,3,0,72,28,0.9433962264150944
V17_noise_0.1,noise_0.1,independent_continuous,weighted,top_fraction,0.4,0.759564628695528,,25,15,0,60,40,0.7692307692307693
V17_noise_0.2,noise_0.2,independent_categorical,weighted,direct_optimized_labels,,0.5354829394509383,0.5290236858945273,25,0,0,75,25,1.0
V17_noise_0.2,noise_0.2,independent_categorical,binary_adaptive,direct_optimized_labels,,0.47009296089216784,0.4639629135020611,25,0,0,75,25,1.0
V17_noise_0.2,noise_0.2,independent_continuous,weighted,max_normalized_score_cutoff,0.3,0.5658015169290618,,25,75,0,0,100,0.4
V17_noise_0.2,noise_0.2,independent_continuous,weighted,max_normalized_score_cutoff,0.4,0.5658015169290618,,25,75,0,0,100,0.4
V17_noise_0.2,noise_0.2,independent_continuous,weighted,max_normalized_score_cutoff,0.5,0.5658015169290618,,25,75,0,0,100,0.4
V17_noise_0.2,noise_0.2,independent_continuous,weighted,max_normalized_score_cutoff,0.6,0.5658015169290618,,25,75,0,0,100,0.4
V17_noise_0.2,noise_0.2,independent_continuous,weighted,max_normalized_score_cutoff,0.7,0.5658015169290618,,25,75,0,0,100,0.4
V17_noise_0.2,noise_0.2,independent_continuous,weighted,max_normalized_score_cutoff,0.8,0.5658015169290618,,25,75,0,0,100,0.4
V17_noise_0.2,noise_0.2,independent_continuous,weighted,max_normalized_score_cutoff,0.9,0.5658015169290618,,25,75,0,0,100,0.4
V17_noise_0.2,noise_0.2,independent_continuous,weighted,top_fraction,0.1,0.5658015169290618,,10,0,15,75,10,0.5714285714285714
V17_noise_0.2,noise_0.2,independent_continuous,weighted,top_fraction,0.2,0.5658015169290618,,20,0,5,75,20,0.8888888888888888
V17_noise_0.2,noise_0.2,independent_continuous,weighted,top_fraction,0.28,0.5658015169290618,,25,3,0,72,28,0.9433962264150944
V17_noise_0.2,noise_0.2,independent_continuous,weighted,top_fraction,0.4,0.5658015169290618,,25,15,0,60,40,0.7692307692307693
V17_overlap_0.75,overlap_0.75,independent_categorical,weighted,direct_optimized_labels,,0.23375824257396752,0.23289648374573088,23,1,2,74,24,0.9387755102040817
V17_overlap_0.75,overlap_0.75,independent_categorical,binary_adaptive,direct_optimized_labels,,0.1678134143834125,0.16741634932287228,22,17,3,58,39,0.6875
V17_overlap_0.75,overlap_0.75,independent_continuous,weighted,max_normalized_score_cutoff,0.3,0.27543462178723715,,25,75,0,0,100,0.4
V17_overlap_0.75,overlap_0.75,independent_continuous,weighted,max_normalized_score_cutoff,0.4,0.27543462178723715,,25,75,0,0,100,0.4
V17_overlap_0.75,overlap_0.75,independent_continuous,weighted,max_normalized_score_cutoff,0.5,0.27543462178723715,,25,75,0,0,100,0.4
V17_overlap_0.75,overlap_0.75,independent_continuous,weighted,max_normalized_score_cutoff,0.6,0.27543462178723715,,25,75,0,0,100,0.4
V17_overlap_0.75,overlap_0.75,independent_continuous,weighted,max_normalized_score_cutoff,0.7,0.27543462178723715,,25,75,0,0,100,0.4
V17_overlap_0.75,overlap_0.75,independent_continuous,weighted,max_normalized_score_cutoff,0.8,0.27543462178723715,,25,75,0,0,100,0.4
V17_overlap_0.75,overlap_0.75,independent_continuous,weighted,max_normalized_score_cutoff,0.9,0.27543462178723715,,25,75,0,0,100,0.4
V17_overlap_0.75,overlap_0.75,independent_continuous,weighted,top_fraction,0.1,0.27543462178723715,,10,0,15,75,10,0.5714285714285714
V17_overlap_0.75,overlap_0.75,independent_continuous,weighted,top_fraction,0.2,0.27543462178723715,,20,0,5,75,20,0.8888888888888888
V17_overlap_0.75,overlap_0.75,independent_continuous,weighted,top_fraction,0.28,0.27543462178723715,,25,3,0,72,28,0.9433962264150944
V17_overlap_0.75,overlap_0.75,independent_continuous,weighted,top_fraction,0.4,0.27543462178723715,,25,15,0,60,40,0.7692307692307693
V18_baseline,baseline,independent_categorical,weighted,direct_optimized_labels,,0.8420720415582009,0.8233128240720522,24,0,0,76,24,1.0
V18_baseline,baseline,independent_categorical,binary_adaptive,direct_optimized_labels,,0.9132060711785555,0.8904600627672603,24,0,0,76,24,1.0
V18_baseline,baseline,independent_continuous,weighted,max_normalized_score_cutoff,0.3,0.8867615150142445,,24,76,0,0,100,0.3870967741935484
V18_baseline,baseline,independent_continuous,weighted,max_normalized_score_cutoff,0.4,0.8867615150142445,,24,76,0,0,100,0.3870967741935484
V18_baseline,baseline,independent_continuous,weighted,max_normalized_score_cutoff,0.5,0.8867615150142445,,24,76,0,0,100,0.3870967741935484
V18_baseline,baseline,independent_continuous,weighted,max_normalized_score_cutoff,0.6,0.8867615150142445,,24,76,0,0,100,0.3870967741935484
V18_baseline,baseline,independent_continuous,weighted,max_normalized_score_cutoff,0.7,0.8867615150142445,,24,76,0,0,100,0.3870967741935484
V18_baseline,baseline,independent_continuous,weighted,max_normalized_score_cutoff,0.8,0.8867615150142445,,24,76,0,0,100,0.3870967741935484
V18_baseline,baseline,independent_continuous,weighted,max_normalized_score_cutoff,0.9,0.8867615150142445,,24,76,0,0,100,0.3870967741935484
V18_baseline,baseline,independent_continuous,weighted,top_fraction,0.1,0.8867615150142445,,10,0,14,76,10,0.5882352941176471
V18_baseline,baseline,independent_continuous,weighted,top_fraction,0.2,0.8867615150142445,,20,0,4,76,20,0.9090909090909091
V18_baseline,baseline,independent_continuous,weighted,top_fraction,0.28,0.8867615150142445,,24,4,0,72,28,0.9230769230769231
V18_baseline,baseline,independent_continuous,weighted,top_fraction,0.4,0.8867615150142445,,24,16,0,60,40,0.75
V18_noise_0.1,noise_0.1,independent_categorical,weighted,direct_optimized_labels,,0.7147153226224168,0.7021082411392308,24,0,0,76,24,1.0
V18_noise_0.1,noise_0.1,independent_categorical,binary_adaptive,direct_optimized_labels,,0.683948818672461,0.6714072034536378,24,0,0,76,24,1.0
V18_noise_0.1,noise_0.1,independent_continuous,weighted,max_normalized_score_cutoff,0.3,0.7504429508362874,,24,76,0,0,100,0.3870967741935484
V18_noise_0.1,noise_0.1,independent_continuous,weighted,max_normalized_score_cutoff,0.4,0.7504429508362874,,24,76,0,0,100,0.3870967741935484
V18_noise_0.1,noise_0.1,independent_continuous,weighted,max_normalized_score_cutoff,0.5,0.7504429508362874,,24,76,0,0,100,0.3870967741935484
V18_noise_0.1,noise_0.1,independent_continuous,weighted,max_normalized_score_cutoff,0.6,0.7504429508362874,,24,76,0,0,100,0.3870967741935484
V18_noise_0.1,noise_0.1,independent_continuous,weighted,max_normalized_score_cutoff,0.7,0.7504429508362874,,24,76,0,0,100,0.3870967741935484
V18_noise_0.1,noise_0.1,independent_continuous,weighted,max_normalized_score_cutoff,0.8,0.7504429508362874,,24,76,0,0,100,0.3870967741935484
V18_noise_0.1,noise_0.1,independent_continuous,weighted,max_normalized_score_cutoff,0.9,0.7504429508362874,,24,76,0,0,100,0.3870967741935484
V18_noise_0.1,noise_0.1,independent_continuous,weighted,top_fraction,0.1,0.7504429508362874,,10,0,14,76,10,0.5882352941176471
V18_noise_0.1,noise_0.1,independent_continuous,weighted,top_fraction,0.2,0.7504429508362874,,20,0,4,76,20,0.9090909090909091
V18_noise_0.1,noise_0.1,independent_continuous,weighted,top_fraction,0.28,0.7504429508362874,,24,4,0,72,28,0.9230769230769231
V18_noise_0.1,noise_0.1,independent_continuous,weighted,top_fraction,0.4,0.7504429508362874,,24,16,0,60,40,0.75
V18_noise_0.2,noise_0.2,independent_categorical,weighted,direct_optimized_labels,,0.5262695576655567,0.5190677094150635,24,0,0,76,24,1.0
V18_noise_0.2,noise_0.2,independent_categorical,binary_adaptive,direct_optimized_labels,,0.4636621061737711,0.4590693465268136,24,0,0,76,24,1.0
V18_noise_0.2,noise_0.2,independent_continuous,weighted,max_normalized_score_cutoff,0.3,0.5557641982698208,,24,76,0,0,100,0.3870967741935484
V18_noise_0.2,noise_0.2,independent_continuous,weighted,max_normalized_score_cutoff,0.4,0.5557641982698208,,24,76,0,0,100,0.3870967741935484
V18_noise_0.2,noise_0.2,independent_continuous,weighted,max_normalized_score_cutoff,0.5,0.5557641982698208,,24,76,0,0,100,0.3870967741935484
V18_noise_0.2,noise_0.2,independent_continuous,weighted,max_normalized_score_cutoff,0.6,0.5557641982698208,,24,76,0,0,100,0.3870967741935484
V18_noise_0.2,noise_0.2,independent_continuous,weighted,max_normalized_score_cutoff,0.7,0.5557641982698208,,24,76,0,0,100,0.3870967741935484
V18_noise_0.2,noise_0.2,independent_continuous,weighted,max_normalized_score_cutoff,0.8,0.5557641982698208,,24,76,0,0,100,0.3870967741935484
V18_noise_0.2,noise_0.2,independent_continuous,weighted,max_normalized_score_cutoff,0.9,0.5557641982698208,,24,76,0,0,100,0.3870967741935484
V18_noise_0.2,noise_0.2,independent_continuous,weighted,top_fraction,0.1,0.5557641982698208,,10,0,14,76,10,0.5882352941176471
V18_noise_0.2,noise_0.2,independent_continuous,weighted,top_fraction,0.2,0.5557641982698208,,20,0,4,76,20,0.9090909090909091
V18_noise_0.2,noise_0.2,independent_continuous,weighted,top_fraction,0.28,0.5557641982698208,,24,4,0,72,28,0.9230769230769231
V18_noise_0.2,noise_0.2,independent_continuous,weighted,top_fraction,0.4,0.5557641982698208,,24,16,0,60,40,0.75
V18_overlap_0.75,overlap_0.75,independent_categorical,weighted,direct_optimized_labels,,0.22018440950578333,0.21935124093548988,23,3,1,73,26,0.92
V18_overlap_0.75,overlap_0.75,independent_categorical,binary_adaptive,direct_optimized_labels,,0.15916885952963988,0.1591253159100198,22,30,2,46,52,0.5789473684210527
V18_overlap_0.75,overlap_0.75,independent_continuous,weighted,max_normalized_score_cutoff,0.3,0.2686380398693242,,24,76,0,0,100,0.3870967741935484
V18_overlap_0.75,overlap_0.75,independent_continuous,weighted,max_normalized_score_cutoff,0.4,0.2686380398693242,,24,76,0,0,100,0.3870967741935484
V18_overlap_0.75,overlap_0.75,independent_continuous,weighted,max_normalized_score_cutoff,0.5,0.2686380398693242,,24,76,0,0,100,0.3870967741935484
V18_overlap_0.75,overlap_0.75,independent_continuous,weighted,max_normalized_score_cutoff,0.6,0.2686380398693242,,24,76,0,0,100,0.3870967741935484
V18_overlap_0.75,overlap_0.75,independent_continuous,weighted,max_normalized_score_cutoff,0.7,0.2686380398693242,,24,76,0,0,100,0.3870967741935484
V18_overlap_0.75,overlap_0.75,independent_continuous,weighted,max_normalized_score_cutoff,0.8,0.2686380398693242,,24,76,0,0,100,0.3870967741935484
V18_overlap_0.75,overlap_0.75,independent_continuous,weighted,max_normalized_score_cutoff,0.9,0.2686380398693242,,24,76,0,0,100,0.3870967741935484
V18_overlap_0.75,overlap_0.75,independent_continuous,weighted,top_fraction,0.1,0.2686380398693242,,10,0,14,76,10,0.5882352941176471
V18_overlap_0.75,overlap_0.75,independent_continuous,weighted,top_fraction,0.2,0.2686380398693242,,20,0,4,76,20,0.9090909090909091
V18_overlap_0.75,overlap_0.75,independent_continuous,weighted,top_fraction,0.28,0.2686380398693242,,24,4,0,72,28,0.9230769230769231
V18_overlap_0.75,overlap_0.75,independent_continuous,weighted,top_fraction,0.4,0.2686380398693242,,24,16,0,60,40,0.75
V19_baseline,baseline,independent_categorical,weighted,direct_optimized_labels,,0.8412994047284383,0.8240780143597238,28,0,0,72,28,1.0
V19_baseline,baseline,independent_categorical,binary_adaptive,direct_optimized_labels,,0.9249436916732902,0.9025289080945066,28,0,0,72,28,1.0
V19_baseline,baseline,independent_continuous,weighted,max_normalized_score_cutoff,0.3,0.8946402854949054,,28,72,0,0,100,0.4375
V19_baseline,baseline,independent_continuous,weighted,max_normalized_score_cutoff,0.4,0.8946402854949054,,28,72,0,0,100,0.4375
V19_baseline,baseline,independent_continuous,weighted,max_normalized_score_cutoff,0.5,0.8946402854949054,,28,72,0,0,100,0.4375
V19_baseline,baseline,independent_continuous,weighted,max_normalized_score_cutoff,0.6,0.8946402854949054,,28,72,0,0,100,0.4375
V19_baseline,baseline,independent_continuous,weighted,max_normalized_score_cutoff,0.7,0.8946402854949054,,28,72,0,0,100,0.4375
V19_baseline,baseline,independent_continuous,weighted,max_normalized_score_cutoff,0.8,0.8946402854949054,,28,72,0,0,100,0.4375
V19_baseline,baseline,independent_continuous,weighted,max_normalized_score_cutoff,0.9,0.8946402854949054,,28,72,0,0,100,0.4375
V19_baseline,baseline,independent_continuous,weighted,top_fraction,0.1,0.8946402854949054,,10,0,18,72,10,0.5263157894736842
V19_baseline,baseline,independent_continuous,weighted,top_fraction,0.2,0.8946402854949054,,20,0,8,72,20,0.8333333333333334
V19_baseline,baseline,independent_continuous,weighted,top_fraction,0.28,0.8946402854949054,,28,0,0,72,28,1.0
V19_baseline,baseline,independent_continuous,weighted,top_fraction,0.4,0.8946402854949054,,28,12,0,60,40,0.8235294117647058
V19_noise_0.1,noise_0.1,independent_categorical,weighted,direct_optimized_labels,,0.7231432500350822,0.7131347522319142,28,0,0,72,28,1.0
V19_noise_0.1,noise_0.1,independent_categorical,binary_adaptive,direct_optimized_labels,,0.6999587724798331,0.689629842889026,28,0,0,72,28,1.0
V19_noise_0.1,noise_0.1,independent_continuous,weighted,max_normalized_score_cutoff,0.3,0.7697916647718457,,28,72,0,0,100,0.4375
V19_noise_0.1,noise_0.1,independent_continuous,weighted,max_normalized_score_cutoff,0.4,0.7697916647718457,,28,72,0,0,100,0.4375
V19_noise_0.1,noise_0.1,independent_continuous,weighted,max_normalized_score_cutoff,0.5,0.7697916647718457,,28,72,0,0,100,0.4375
V19_noise_0.1,noise_0.1,independent_continuous,weighted,max_normalized_score_cutoff,0.6,0.7697916647718457,,28,72,0,0,100,0.4375
V19_noise_0.1,noise_0.1,independent_continuous,weighted,max_normalized_score_cutoff,0.7,0.7697916647718457,,28,72,0,0,100,0.4375
V19_noise_0.1,noise_0.1,independent_continuous,weighted,max_normalized_score_cutoff,0.8,0.7697916647718457,,28,72,0,0,100,0.4375
V19_noise_0.1,noise_0.1,independent_continuous,weighted,max_normalized_score_cutoff,0.9,0.7697916647718457,,28,72,0,0,100,0.4375
V19_noise_0.1,noise_0.1,independent_continuous,weighted,top_fraction,0.1,0.7697916647718457,,10,0,18,72,10,0.5263157894736842
V19_noise_0.1,noise_0.1,independent_continuous,weighted,top_fraction,0.2,0.7697916647718457,,20,0,8,72,20,0.8333333333333334
V19_noise_0.1,noise_0.1,independent_continuous,weighted,top_fraction,0.28,0.7697916647718457,,28,0,0,72,28,1.0
V19_noise_0.1,noise_0.1,independent_continuous,weighted,top_fraction,0.4,0.7697916647718457,,28,12,0,60,40,0.8235294117647058
V19_noise_0.2,noise_0.2,independent_categorical,weighted,direct_optimized_labels,,0.540299178757579,0.5363470133650674,28,0,0,72,28,1.0
V19_noise_0.2,noise_0.2,independent_categorical,binary_adaptive,direct_optimized_labels,,0.46242418138472996,0.4582522911733957,28,0,0,72,28,1.0
V19_noise_0.2,noise_0.2,independent_continuous,weighted,max_normalized_score_cutoff,0.3,0.5785091985986988,,28,72,0,0,100,0.4375
V19_noise_0.2,noise_0.2,independent_continuous,weighted,max_normalized_score_cutoff,0.4,0.5785091985986988,,28,72,0,0,100,0.4375
V19_noise_0.2,noise_0.2,independent_continuous,weighted,max_normalized_score_cutoff,0.5,0.5785091985986988,,28,72,0,0,100,0.4375
V19_noise_0.2,noise_0.2,independent_continuous,weighted,max_normalized_score_cutoff,0.6,0.5785091985986988,,28,72,0,0,100,0.4375
V19_noise_0.2,noise_0.2,independent_continuous,weighted,max_normalized_score_cutoff,0.7,0.5785091985986988,,28,72,0,0,100,0.4375
V19_noise_0.2,noise_0.2,independent_continuous,weighted,max_normalized_score_cutoff,0.8,0.5785091985986988,,28,72,0,0,100,0.4375
V19_noise_0.2,noise_0.2,independent_continuous,weighted,max_normalized_score_cutoff,0.9,0.5785091985986988,,28,72,0,0,100,0.4375
V19_noise_0.2,noise_0.2,independent_continuous,weighted,top_fraction,0.1,0.5785091985986988,,10,0,18,72,10,0.5263157894736842
V19_noise_0.2,noise_0.2,independent_continuous,weighted,top_fraction,0.2,0.5785091985986988,,20,0,8,72,20,0.8333333333333334
V19_noise_0.2,noise_0.2,independent_continuous,weighted,top_fraction,0.28,0.5785091985986988,,28,0,0,72,28,1.0
V19_noise_0.2,noise_0.2,independent_continuous,weighted,top_fraction,0.4,0.5785091985986988,,28,12,0,60,40,0.8235294117647058
V19_overlap_0.75,overlap_0.75,independent_categorical,weighted,direct_optimized_labels,,0.24065881683264168,0.24047886213237715,25,3,3,69,28,0.8928571428571429
V19_overlap_0.75,overlap_0.75,independent_categorical,binary_adaptive,direct_optimized_labels,,0.16793908204046343,0.1678682324649069,23,8,5,64,31,0.7796610169491526
V19_overlap_0.75,overlap_0.75,independent_continuous,weighted,max_normalized_score_cutoff,0.3,0.29020839675348425,,28,72,0,0,100,0.4375
V19_overlap_0.75,overlap_0.75,independent_continuous,weighted,max_normalized_score_cutoff,0.4,0.29020839675348425,,28,72,0,0,100,0.4375
V19_overlap_0.75,overlap_0.75,independent_continuous,weighted,max_normalized_score_cutoff,0.5,0.29020839675348425,,28,72,0,0,100,0.4375
V19_overlap_0.75,overlap_0.75,independent_continuous,weighted,max_normalized_score_cutoff,0.6,0.29020839675348425,,28,72,0,0,100,0.4375
V19_overlap_0.75,overlap_0.75,independent_continuous,weighted,max_normalized_score_cutoff,0.7,0.29020839675348425,,28,72,0,0,100,0.4375
V19_overlap_0.75,overlap_0.75,independent_continuous,weighted,max_normalized_score_cutoff,0.8,0.29020839675348425,,28,72,0,0,100,0.4375
V19_overlap_0.75,overlap_0.75,independent_continuous,weighted,max_normalized_score_cutoff,0.9,0.29020839675348425,,28,72,0,0,100,0.4375
V19_overlap_0.75,overlap_0.75,independent_continuous,weighted,top_fraction,0.1,0.29020839675348425,,10,0,18,72,10,0.5263157894736842
V19_overlap_0.75,overlap_0.75,independent_continuous,weighted,top_fraction,0.2,0.29020839675348425,,20,0,8,72,20,0.8333333333333334
V19_overlap_0.75,overlap_0.75,independent_continuous,weighted,top_fraction,0.28,0.29020839675348425,,26,2,2,70,28,0.9285714285714286
V19_overlap_0.75,overlap_0.75,independent_continuous,weighted,top_fraction,0.4,0.29020839675348425,,28,12,0,60,40,0.8235294117647058
V20_baseline,baseline,independent_categorical,weighted,direct_optimized_labels,,0.8413427078002347,0.8245312502348199,28,0,0,72,28,1.0
V20_baseline,baseline,independent_categorical,binary_adaptive,direct_optimized_labels,,0.9415567763985356,0.9188492122416795,28,0,0,72,28,1.0
V20_baseline,baseline,independent_continuous,weighted,max_normalized_score_cutoff,0.3,0.8960925688481013,,28,72,0,0,100,0.4375
V20_baseline,baseline,independent_continuous,weighted,max_normalized_score_cutoff,0.4,0.8960925688481013,,28,72,0,0,100,0.4375
V20_baseline,baseline,independent_continuous,weighted,max_normalized_score_cutoff,0.5,0.8960925688481013,,28,72,0,0,100,0.4375
V20_baseline,baseline,independent_continuous,weighted,max_normalized_score_cutoff,0.6,0.8960925688481013,,28,72,0,0,100,0.4375
V20_baseline,baseline,independent_continuous,weighted,max_normalized_score_cutoff,0.7,0.8960925688481013,,28,72,0,0,100,0.4375
V20_baseline,baseline,independent_continuous,weighted,max_normalized_score_cutoff,0.8,0.8960925688481013,,28,72,0,0,100,0.4375
V20_baseline,baseline,independent_continuous,weighted,max_normalized_score_cutoff,0.9,0.8960925688481013,,28,72,0,0,100,0.4375
V20_baseline,baseline,independent_continuous,weighted,top_fraction,0.1,0.8960925688481013,,10,0,18,72,10,0.5263157894736842
V20_baseline,baseline,independent_continuous,weighted,top_fraction,0.2,0.8960925688481013,,20,0,8,72,20,0.8333333333333334
V20_baseline,baseline,independent_continuous,weighted,top_fraction,0.28,0.8960925688481013,,28,0,0,72,28,1.0
V20_baseline,baseline,independent_continuous,weighted,top_fraction,0.4,0.8960925688481013,,28,12,0,60,40,0.8235294117647058
V20_noise_0.1,noise_0.1,independent_categorical,weighted,direct_optimized_labels,,0.7287489146840824,0.7162554917234422,28,0,0,72,28,1.0
V20_noise_0.1,noise_0.1,independent_categorical,binary_adaptive,direct_optimized_labels,,0.6967449167045744,0.6855659556769591,28,0,0,72,28,1.0
V20_noise_0.1,noise_0.1,independent_continuous,weighted,max_normalized_score_cutoff,0.3,0.7691016613035654,,28,72,0,0,100,0.4375
V20_noise_0.1,noise_0.1,independent_continuous,weighted,max_normalized_score_cutoff,0.4,0.7691016613035654,,28,72,0,0,100,0.4375
V20_noise_0.1,noise_0.1,independent_continuous,weighted,max_normalized_score_cutoff,0.5,0.7691016613035654,,28,72,0,0,100,0.4375
V20_noise_0.1,noise_0.1,independent_continuous,weighted,max_normalized_score_cutoff,0.6,0.7691016613035654,,28,72,0,0,100,0.4375
V20_noise_0.1,noise_0.1,independent_continuous,weighted,max_normalized_score_cutoff,0.7,0.7691016613035654,,28,72,0,0,100,0.4375
V20_noise_0.1,noise_0.1,independent_continuous,weighted,max_normalized_score_cutoff,0.8,0.7691016613035654,,28,72,0,0,100,0.4375
V20_noise_0.1,noise_0.1,independent_continuous,weighted,max_normalized_score_cutoff,0.9,0.7691016613035654,,28,72,0,0,100,0.4375
V20_noise_0.1,noise_0.1,independent_continuous,weighted,top_fraction,0.1,0.7691016613035654,,10,0,18,72,10,0.5263157894736842
V20_noise_0.1,noise_0.1,independent_continuous,weighted,top_fraction,0.2,0.7691016613035654,,20,0,8,72,20,0.8333333333333334
V20_noise_0.1,noise_0.1,independent_continuous,weighted,top_fraction,0.28,0.7691016613035654,,28,0,0,72,28,1.0
V20_noise_0.1,noise_0.1,independent_continuous,weighted,top_fraction,0.4,0.7691016613035654,,28,12,0,60,40,0.8235294117647058
V20_noise_0.2,noise_0.2,independent_categorical,weighted,direct_optimized_labels,,0.5450580609082224,0.5380860188857939,28,0,0,72,28,1.0
V20_noise_0.2,noise_0.2,independent_categorical,binary_adaptive,direct_optimized_labels,,0.4679614277970498,0.46364224415949584,28,0,0,72,28,1.0
V20_noise_0.2,noise_0.2,independent_continuous,weighted,max_normalized_score_cutoff,0.3,0.5727441104518894,,28,72,0,0,100,0.4375
V20_noise_0.2,noise_0.2,independent_continuous,weighted,max_normalized_score_cutoff,0.4,0.5727441104518894,,28,72,0,0,100,0.4375
V20_noise_0.2,noise_0.2,independent_continuous,weighted,max_normalized_score_cutoff,0.5,0.5727441104518894,,28,72,0,0,100,0.4375
V20_noise_0.2,noise_0.2,independent_continuous,weighted,max_normalized_score_cutoff,0.6,0.5727441104518894,,28,72,0,0,100,0.4375
V20_noise_0.2,noise_0.2,independent_continuous,weighted,max_normalized_score_cutoff,0.7,0.5727441104518894,,28,72,0,0,100,0.4375
V20_noise_0.2,noise_0.2,independent_continuous,weighted,max_normalized_score_cutoff,0.8,0.5727441104518894,,28,72,0,0,100,0.4375
V20_noise_0.2,noise_0.2,independent_continuous,weighted,max_normalized_score_cutoff,0.9,0.5727441104518894,,28,72,0,0,100,0.4375
V20_noise_0.2,noise_0.2,independent_continuous,weighted,top_fraction,0.1,0.5727441104518894,,10,0,18,72,10,0.5263157894736842
V20_noise_0.2,noise_0.2,independent_continuous,weighted,top_fraction,0.2,0.5727441104518894,,20,0,8,72,20,0.8333333333333334
V20_noise_0.2,noise_0.2,independent_continuous,weighted,top_fraction,0.28,0.5727441104518894,,28,0,0,72,28,1.0
V20_noise_0.2,noise_0.2,independent_continuous,weighted,top_fraction,0.4,0.5727441104518894,,28,12,0,60,40,0.8235294117647058
V20_overlap_0.75,overlap_0.75,independent_categorical,weighted,direct_optimized_labels,,0.23858583245755596,0.2384101387518133,27,2,1,70,29,0.9473684210526315
V20_overlap_0.75,overlap_0.75,independent_categorical,binary_adaptive,direct_optimized_labels,,0.18040070246051726,0.1798236940011357,24,16,4,56,40,0.7058823529411765
V20_overlap_0.75,overlap_0.75,independent_continuous,weighted,max_normalized_score_cutoff,0.3,0.2877376720290784,,28,72,0,0,100,0.4375
V20_overlap_0.75,overlap_0.75,independent_continuous,weighted,max_normalized_score_cutoff,0.4,0.2877376720290784,,28,72,0,0,100,0.4375
V20_overlap_0.75,overlap_0.75,independent_continuous,weighted,max_normalized_score_cutoff,0.5,0.2877376720290784,,28,72,0,0,100,0.4375
V20_overlap_0.75,overlap_0.75,independent_continuous,weighted,max_normalized_score_cutoff,0.6,0.2877376720290784,,28,72,0,0,100,0.4375
V20_overlap_0.75,overlap_0.75,independent_continuous,weighted,max_normalized_score_cutoff,0.7,0.2877376720290784,,28,72,0,0,100,0.4375
V20_overlap_0.75,overlap_0.75,independent_continuous,weighted,max_normalized_score_cutoff,0.8,0.2877376720290784,,28,72,0,0,100,0.4375
V20_overlap_0.75,overlap_0.75,independent_continuous,weighted,max_normalized_score_cutoff,0.9,0.2877376720290784,,28,72,0,0,100,0.4375
V20_overlap_0.75,overlap_0.75,independent_continuous,weighted,top_fraction,0.1,0.2877376720290784,,10,0,18,72,10,0.5263157894736842
V20_overlap_0.75,overlap_0.75,independent_continuous,weighted,top_fraction,0.2,0.2877376720290784,,20,0,8,72,20,0.8333333333333334
V20_overlap_0.75,overlap_0.75,independent_continuous,weighted,top_fraction,0.28,0.2877376720290784,,27,1,1,71,28,0.9642857142857143
V20_overlap_0.75,overlap_0.75,independent_continuous,weighted,top_fraction,0.4,0.2877376720290784,,28,12,0,60,40,0.8235294117647058
